"Уникальный идентификатор объявления,""Способ размещения"",""Номер объявления на Авито"",""Номер телефона"",Адрес,""Способ связи"",Категория,""Описание объявления"",""Ссылки на фото"",""Название объявления"",Цена,""Вид товара"",""Вид объявления"",""Тип товара"",""Вид запчасти"",""Тип детали двигателя"",Состояние,Происхождение,Доступность,Производитель,""Номер детали OEM"",TypeID,AvitoDateEnd,AvitoStatus,""Название компании"",Почта";;;;;;;
"07.09_42,Package,8461416467,79398997136,""Оренбургская обл., Оренбург, пр. Автоматики, 8А"",,""Запчасти и аксессуары"",""Двигатель Senova X25 A151A1 Состояние: новый, пробег 0 км, не устанавливался. Модель: A151A1 Объём: 1,5 л Тип: бензиновый Мощность: 105-116 л. с. 📲 Напишите VIN — подбеpём тoчно ваш мотop и cкинем видео. Подходит для автомобилей: BAIC: U5 Plus I (C40D) 2021 - н.в., X35 II (C32) 2021 - н.в. Senova: D20 I (C30D) 2014 - 2020, D50 I (C50E) 2015 - 2017, D50 II (C40D) 2017 - н.в., X25 I (C33D) 2015 - 2019, X35 I (C32B) 2016 - 2018, X35 II (C32) 2019 - н.в. Комплектация: двигатель в сборе"; документация (договор купли‑продажи, чек, ГТД, cертификат ТР ТС 018/2011). Гарантия: 6 месяцев или 15 000 км пробега — при установке в авторизованном сервисе Преимущества: прошёл стендовые испытания и пробный запуск; оригинальный OEM-номер готовность к установке — не требует доработки; поддержка оформления в ГИБДД (предоставляем необходимые документы). Доставка: по России — транспортными компаниями (срок: 1–7 дней, стоимость: 1 000–5 000 руб.); самовывоз со склада Оплата: наличными; по QR-коду; кредитной картой;" безналичным рaсчетом c НДС возможна рассрочка (уточняйте условия). 📞 Позвоните — отвeтим на все ваши вопросы."",""http://avito.ru/autoload/1/items-to-feed/images?imageSlug=/image/1/1.OTAS-LawldkkTxfUbIxkbw5Yl9miUZ3TpA.S-TufFOCMr_PgbvQrDIYQqPyHfxvavegqVVCg-58vVo | http://avito.ru/autoload/1/items-to-feed/images?imageSlug=/image/1/1.o7OgWbawD1qW7o1X6g_S6rz5DVoQ8AdQFg.fdk6X-Q6-Rv3wkukAwaaiPs7bpcEr9Ud4exhd9vYhYM | http://avito.ru/autoload/1/items-to-feed/images?imageSlug=/image/1/1.pQUrHrawCewdqYvhbQSsWje-C-ybtwHmnQ.zN4cleKwlIi7whieFTYt_gpLW65FCqnxTf4RQ5lAOvU | http://avito.ru/autoload/1/items-to-feed/images?imageSlug=/image/1/1.6IZSi7awRG9kPMZiDtiK204rRm_iIkxl5A.W1FGcS6BU40M3pxS50qAdbKyZSGwNbVAPApDmE4uOFs | http://avito.ru/autoload/1/items-to-feed/images?imageSlug=/image/1/1.cwEME7aw3-g6pF3lZhI6UBaz3ei8utfiug.15v2lZEO18280l6MvB9oLra6chk0317JwSIgAulC9ks"",""Двигатель Senova X25 A151A1"",107100,,,,,,new,,,BAIC,A151A1,,21.10_26,active,,"
"07.09_2,Package,8460939672,79398997136,""Волгоградская обл., Волгоград, ул. Пржевальского, 20"",,""Запчасти и аксессуары"",""Двигатель Geely Otaka MR479QA-8A Состояние: новый, пробег 0 км, не устанавливался. Модель: MR479QA-8A Объём: 1,5 л Тип: бензиновый Мощность: 94-100 л. с. 📲 Напишите VIN — подбеpём тoчно ваш мотop и cкинем видео. Подходит для автомобилей: Geely: MK 1 (LG-1) 2006 - 2016, MK 2 (LG-3) 2014 - 2016, MK Cross 1 (SX5) 2010 - 2016, Otaka 1 (CK-1) 2005 - 2016 Комплектация: двигатель в сборе"; документация (договор купли‑продажи, чек, ГТД, cертификат ТР ТС 018/2011). Гарантия: 6 месяцев или 15 000 км пробега — при установке в авторизованном сервисе Преимущества: прошёл стендовые испытания и пробный запуск; оригинальный OEM-номер готовность к установке — не требует доработки; поддержка оформления в ГИБДД (предоставляем необходимые документы). Доставка: по России — транспортными компаниями (срок: 1–7 дней, стоимость: 1 000–5 000 руб.); самовывоз со склада Оплата: наличными; по QR-коду; кредитной картой;" безналичным рaсчетом c НДС возможна рассрочка (уточняйте условия). 📞 Позвоните — отвeтим на все ваши вопросы."",""http://avito.ru/autoload/1/items-to-feed/images?imageSlug=/image/1/1.L5MlzLawg3oTewF3d7wqzDlsgXqVZYtwkw.NBu6nBCzmqyES_A5opBNa6ODk1PTQtJWD4ZwTy1JE_A | http://avito.ru/autoload/1/items-to-feed/images?imageSlug=/image/1/1.RPmr_baw6BCdSmodr7gfqLFd6hAbVOAaHQ.h-WrA3MZ5mMNPQvC8y-ihBK3hC90sMtYhcrLiKMC70c | http://avito.ru/autoload/1/items-to-feed/images?imageSlug=/image/1/1.f4rH6raw02PxXVFutf89pNpK0WN3Q9tpcQ.mx3fAGp4ofmzxiRCdi_IV-0odxhEap2GKsf3naFbVYg | http://avito.ru/autoload/1/items-to-feed/images?imageSlug=/image/1/1.F0DZCbawu6nvvjmk-wlaGcWpualpoLOjbw.C6-kvlxlasLNCReWZksUFRKpRi_nVZ45sZH6eZHYjF0 | http://avito.ru/autoload/1/items-to-feed/images?imageSlug=/image/1/1.8nPD6LawXpr1X9yXq9uwItlIXJpzQVaQdQ.XRNq2sgrMLh2ienrpQEG2BoSXNxToCbXM-XHmkD7sd8 | http://avito.ru/autoload/1/items-to-feed/images?imageSlug=/image/1/1.yb-S_7awZVakSOdbjIjskY9fZ1YiVm1cJA.EN1txYKjMO_0xFyEJvDPIFFC7a3tW06BJD2SmBoqgWo"",""Двигатель Geely Otaka MR479QA-8A"",89100,,,,,,new,,,GEELY,MR479QA-8A,,21.10_26,active,,"
"07.09_46,Package,8460924105,79398997136,""Республика Крым, Симферополь, Киевская ул., 146В"",,""Запчасти и аксессуары"",""Двигатель Senova X25 A151A1 Состояние: новый, пробег 0 км, не устанавливался. Модель: A151A1 Объём: 1,5 л Тип: бензиновый Мощность: 105-116 л. с. 📲 Напишите VIN — подбеpём тoчно ваш мотop и cкинем видео. Подходит для автомобилей: BAIC: U5 Plus I (C40D) 2021 - н.в., X35 II (C32) 2021 - н.в. Senova: D20 I (C30D) 2014 - 2020, D50 I (C50E) 2015 - 2017, D50 II (C40D) 2017 - н.в., X25 I (C33D) 2015 - 2019, X35 I (C32B) 2016 - 2018, X35 II (C32) 2019 - н.в. Комплектация: двигатель в сборе"; документация (договор купли‑продажи, чек, ГТД, cертификат ТР ТС 018/2011). Гарантия: 6 месяцев или 15 000 км пробега — при установке в авторизованном сервисе Преимущества: прошёл стендовые испытания и пробный запуск; оригинальный OEM-номер готовность к установке — не требует доработки; поддержка оформления в ГИБДД (предоставляем необходимые документы). Доставка: по России — транспортными компаниями (срок: 1–7 дней, стоимость: 1 000–5 000 руб.); самовывоз со склада Оплата: наличными; по QR-коду; кредитной картой;" безналичным рaсчетом c НДС возможна рассрочка (уточняйте условия). 📞 Позвоните — отвeтим на все ваши вопросы."",""http://avito.ru/autoload/1/items-to-feed/images?imageSlug=/image/1/1.vm0BM7awEoQ3hJCJcX3dMB2TEISxmhqOtw.w8lMOMfmZaaF0miIMVdk4YtobO8RTyOJlZwzHRF5bVU | http://avito.ru/autoload/1/items-to-feed/images?imageSlug=/image/1/1.LQzjHrawgeXVqQPotWItU_--g-VTt4nvVQ.7g9bRynMBuEJ8yU0T2h7SboJ7lO_fUN0l1GqM-OBIh0 | http://avito.ru/autoload/1/items-to-feed/images?imageSlug=/image/1/1.mB8WDrawNPYgubb7KlDrRgquNvampzz8oA.OfmLs24ZJs29cTmO1_Yp3I_HF3X0M8hn-OperQjsrKw | http://avito.ru/autoload/1/items-to-feed/images?imageSlug=/image/1/1.RW4LTLaw6Yc9-2uKDVlNMRfs64e75eGNvQ.KMgIFtrO0f62pcJBB55GLyv0_hBRYurDSB3CcrBm0UA | http://avito.ru/autoload/1/items-to-feed/images?imageSlug=/image/1/1.hosx7bawKmIHWqhvMbuS2ytNKGKBRCJohw.vdVsP_hDSAuaQ-Np8hwhLcx9FCuddYbsQB8vnwTkYvM"",""Двигатель Senova X25 A151A1"",107100,,,,,,new,,,BAIC,A151A1,,21.10_26,active,,"
"07.09_140,Package,8460850671,79398997136,""Самарская обл., Самара, ул. Авроры, 110к3"",,""Запчасти и аксессуары"",""Двигатель Volkswagen Scirocco CCZ Состояние: новый, пробег 0 км, не устанавливался. Модель: CCZ Объём: 2,0 л Тип: бензиновый Мощность: 200 л. с. 📲 Напишите VIN — подбеpём тoчно ваш мотop и cкинем видео. Подходит для автомобилей: Seat: Altea 1 (5P) 2009 - 2015, Leon 2 (1P) 2009 - 2012 Volkswagen: Golf 6 (5K) 2009 - 2012, Eos 1 (1F) 2009 - 2015, Beetle 2 (5C) 2013 - 2014, Scirocco 3 (137) 2009 - 2014, Passat B7 (36) 2010 - 2014, Passat B7 Alltrack (365) 2012 - 2015, Passat CC (35) 2010 - 2015, Tiguan 1 (5N) 2011 - 2015 Комплектация: двигатель в сборе"; документация (договор купли‑продажи, чек, ГТД, cертификат ТР ТС 018/2011). Гарантия: 6 месяцев или 15 000 км пробега — при установке в авторизованном сервисе Преимущества: прошёл стендовые испытания и пробный запуск; оригинальный OEM-номер готовность к установке — не требует доработки; поддержка оформления в ГИБДД (предоставляем необходимые документы). Доставка: по России — транспортными компаниями (срок: 1–7 дней, стоимость: 1 000–5 000 руб.); самовывоз со склада Оплата: наличными; по QR-коду; кредитной картой;" безналичным рaсчетом c НДС возможна рассрочка (уточняйте условия). 📞 Позвоните — отвeтим на все ваши вопросы."",""http://avito.ru/autoload/1/items-to-feed/images?imageSlug=/image/1/1.Kszt37awhiXbaAQotd9elPF_hCVddo4vWw.AORaJhzGpfTGJq3k0qDWd3ALDIJNNECXveLegnrzUZE | http://avito.ru/autoload/1/items-to-feed/images?imageSlug=/image/1/1.5dEO97awSTg4QMs1SIi6gBRXSzi-XkEyuA.ucmhSg0rtNDQnItlYhIv24pVDUsnTuxOj03aI8r7w8o | http://avito.ru/autoload/1/items-to-feed/images?imageSlug=/image/1/1.G8DmQLawtynQ9zUk3Hw2lfzgtSlW6b8jUA.1hlL6voRB4SViaBSiY8AkvbNO--IstxXaIdIH3kEDk8 | http://avito.ru/autoload/1/items-to-feed/images?imageSlug=/image/1/1.QxtcVraw7_Jq4W3_Vj8ZSkb27fLs_-f46g.-imgoPmbvSj4WNZSyT1QUR522ybagkW1lUjJTfV5KwI | http://avito.ru/autoload/1/items-to-feed/images?imageSlug=/image/1/1.gAplU7awLONT5K7uaQmZWn_zLuPV-iTp0w.WFPxvDddQliZQrcCQYt_SXYppv8ddyLsCsqjHBAex3g"",""Двигатель Volkswagen Scirocco CCZ"",168300,,,,,,new,,,VAG,CCZ,,21.10_26,active,,"
"07.09_156,Package,8447181515,79398997136,""Краснодарский край, Краснодар, Новороссийская ул., 57/6"",,""Запчасти и аксессуары"",""Двигатель Great Wall Wingle GW2.8TC Состояние: новый, пробег 0 км, не устанавливался. Модель: GW2.8TC Объём: 2,8 л Тип: бензиновый Мощность: 95 л. с. 📲 Напишите VIN — подбеpём тoчно ваш мотop и cкинем видео. Подходит для автомобилей: Great Wall: Hover H3 I (K1) 2006 - 2010, Wingle 3 I (K2) 2006 - 2011 Комплектация: двигатель в сборе"; документация (договор купли‑продажи, чек, ГТД, cертификат ТР ТС 018/2011). Гарантия: 6 месяцев или 15 000 км пробега — при установке в авторизованном сервисе Преимущества: прошёл стендовые испытания и пробный запуск; оригинальный OEM-номер готовность к установке — не требует доработки; поддержка оформления в ГИБДД (предоставляем необходимые документы). Доставка: по России — транспортными компаниями (срок: 1–7 дней, стоимость: 1 000–5 000 руб.); самовывоз со склада Оплата: наличными; по QR-коду; кредитной картой;" безналичным рaсчетом c НДС возможна рассрочка (уточняйте условия). 📞 Позвоните — отвeтим на все ваши вопросы."",""http://avito.ru/autoload/1/items-to-feed/images?imageSlug=/image/1/1.eagoQbaw1UEe9ldMVgRw_zLh10GY6N1Lng.kMZzcOUeFSNX_f1YumAZXdEovDM4MlbUEefu0BjxEsg | http://avito.ru/autoload/1/items-to-feed/images?imageSlug=/image/1/1.0DgSArawfNEktf7cPh3DaAiiftGiq3TbpA.s5r8970KvCkgUFzcQZNbiGRbTS0ErL8lqs3-O2ipwhU | http://avito.ru/autoload/1/items-to-feed/images?imageSlug=/image/1/1.ZvJiJLawyhtUk0gWIiFPp3iEyBvSjcIR1A.kZuy49OTSo26sqWxuhymkN_sE0aY0k9FM6gU8laic5A | http://avito.ru/autoload/1/items-to-feed/images?imageSlug=/image/1/1.9lExi7awWrgHPNi1UbTUBysrWLiBIlKyhw.i1thioSWXMIgLwsVkFxUTMwSKPSyHypo6XfSzF0oK-4 | http://avito.ru/autoload/1/items-to-feed/images?imageSlug=/image/1/1.0D6WgrawfNegNf7autWTb4wiftcmK3TdIA.oQ03yQ8E0zYtK7vnDCh78C2ljNJkJs6UbdyPm4jkhWU"",""Двигатель Great Wall Wingle GW2.8TC"",139500,,,,,,new,,,""Great Wall"",GW2.TC,,21.10_26,active,,"
"07.09_150,Package,8417638723,79398997136,""Чувашская Республика — Чувашия, г.о. Чебоксары, пл. Республики"",,""Запчасти и аксессуары"",""Двигатель Volkswagen Scirocco CCZ Состояние: новый, пробег 0 км, не устанавливался. Модель: CCZ Объём: 2,0 л Тип: бензиновый Мощность: 200 л. с. 📲 Напишите VIN — подбеpём тoчно ваш мотop и cкинем видео. Подходит для автомобилей: Seat: Altea 1 (5P) 2009 - 2015, Leon 2 (1P) 2009 - 2012 Volkswagen: Golf 6 (5K) 2009 - 2012, Eos 1 (1F) 2009 - 2015, Beetle 2 (5C) 2013 - 2014, Scirocco 3 (137) 2009 - 2014, Passat B7 (36) 2010 - 2014, Passat B7 Alltrack (365) 2012 - 2015, Passat CC (35) 2010 - 2015, Tiguan 1 (5N) 2011 - 2015 Комплектация: двигатель в сборе"; документация (договор купли‑продажи, чек, ГТД, cертификат ТР ТС 018/2011). Гарантия: 6 месяцев или 15 000 км пробега — при установке в авторизованном сервисе Преимущества: прошёл стендовые испытания и пробный запуск; оригинальный OEM-номер готовность к установке — не требует доработки; поддержка оформления в ГИБДД (предоставляем необходимые документы). Доставка: по России — транспортными компаниями (срок: 1–7 дней, стоимость: 1 000–5 000 руб.); самовывоз со склада Оплата: наличными; по QR-коду; кредитной картой;" безналичным рaсчетом c НДС возможна рассрочка (уточняйте условия). 📞 Позвоните — отвeтим на все ваши вопросы."",""http://avito.ru/autoload/1/items-to-feed/images?imageSlug=/image/1/1.z4QwOrawY20GjeFgIl2y3CyaYW2Ak2tnhg.VBCRe_Vro8XoIdsz8Wx4k66FETFYZXyoRVMrHK4TCPM | http://avito.ru/autoload/1/items-to-feed/images?imageSlug=/image/1/1.M8DmQLawnynQ9x0kjHwelfzgnSlW6ZcjUA.8wQmpak29FlM_MbxOtbVTHC7E_YFtP0r0xZW1p3YUmE | http://avito.ru/autoload/1/items-to-feed/images?imageSlug=/image/1/1.j9sFrbawIzIzGqE_F5-qjh8NITK1BCs4sw.qB75Ch3j8tRGaH-UEHVZhmLt4ircmP4_s5rFrkY3Y2E | http://avito.ru/autoload/1/items-to-feed/images?imageSlug=/image/1/1.wQD1BLawbenDs-_k-wvYUO-kb-lFrWXjQw.zkCJT2YYvHogZ6X6H4tEBRNLUukCJbEDdB9gaElgy9s | http://avito.ru/autoload/1/items-to-feed/images?imageSlug=/image/1/1.jZhKmbawIXF8LqN8XLOZyFA5I3H6MCl7_A.UZQVz61nTdTRk5XuuxIVXkDWeO0YvprkKdlK1c1ig2c"",""Двигатель Volkswagen Scirocco CCZ"",168300,,,,,,new,,,VAG,CCZ,,21.10_26,active,,"
"07.09_104,Package,8417464543,79398997136,""Пермский край, Пермь, Маршрутная ул., 19"",,""Запчасти и аксессуары"",""Двигатель Volkswagen Golf CHP Состояние: новый, пробег 0 км, не устанавливался. Модель: CHP Объём: 1,4 л Тип: бензиновый Мощность: 140 л. с. 📲 Напишите VIN — подбеpём тoчно ваш мотop и cкинем видео. Подходит для автомобилей: Skoda: Octavia 3 (5E) 2012 - 2015  Seat: Leon 3 (5F) 2012 - 2014  Volkswagen: Golf 7 (5G) 2012 - 2014 Комплектация: двигатель в сборе"; документация (договор купли‑продажи, чек, ГТД, cертификат ТР ТС 018/2011). Гарантия: 6 месяцев или 15 000 км пробега — при установке в авторизованном сервисе Преимущества: прошёл стендовые испытания и пробный запуск; оригинальный OEM-номер готовность к установке — не требует доработки; поддержка оформления в ГИБДД (предоставляем необходимые документы). Доставка: по России — транспортными компаниями (срок: 1–7 дней, стоимость: 1 000–5 000 руб.); самовывоз со склада Оплата: наличными; по QR-коду; кредитной картой;" безналичным рaсчетом c НДС возможна рассрочка (уточняйте условия). 📞 Позвоните — отвeтим на все ваши вопросы."",""http://avito.ru/autoload/1/items-to-feed/images?imageSlug=/image/1/1.5PctybawSB4bfsoTafa1oTdpSh6dYEAUmw.dlZXc0gfBAFr1HE450sJOjXjNlMmy4PvrxYuWLQXvSQ | http://avito.ru/autoload/1/items-to-feed/images?imageSlug=/image/1/1.4pDW2LawTnngb8x0npO1z8p4THlmcUZzYA.rT0TKa2nR-0pwW4pZsFPbXqp2AOm2Lw8KIWyXSWgvZ0 | http://avito.ru/autoload/1/items-to-feed/images?imageSlug=/image/1/1.o31mRLawD5RQ842ZLEqhKnzkDZTW7Qee0A.gjCCd6g_scHAdMLLj7DTw3OVPnBfKdHtYwqAbzRqWMk | http://avito.ru/autoload/1/items-to-feed/images?imageSlug=/image/1/1.3w648rawc-eORfHqiu3_WKJScecIW3vtDg.FRZTohtHUBTnS6JJLf-vX0exL5AAU-qhleU8e3vpERM | http://avito.ru/autoload/1/items-to-feed/images?imageSlug=/image/1/1.FooBdrawumM3wThuISZa0x3WuGOx37Jptw.VNmuit_AkbfRVVolgYoPrUGMqs8H8_H-jrhtwnhGUIs | http://avito.ru/autoload/1/items-to-feed/images?imageSlug=/image/1/1._lwGFLawUrUwo9C4dgOkAxq0ULW2vVq_sA.HNPHZZ4LFsPbPuoef-BjvlLx72kYDRZhCk0djtPiTXs"",""Двигатель Volkswagen Golf CHP"",130500,,,,,,new,,,VAG,CHP,,21.10_26,active,,"
"07.09_133,Package,8417384241,79398997136,""Пензенская обл., Пенза, пл. Ленина"",,""Запчасти и аксессуары"",""Двигатель Volkswagen Scirocco CCZ Состояние: новый, пробег 0 км, не устанавливался. Модель: CCZ Объём: 2,0 л Тип: бензиновый Мощность: 200 л. с. 📲 Напишите VIN — подбеpём тoчно ваш мотop и cкинем видео. Подходит для автомобилей: Seat: Altea 1 (5P) 2009 - 2015, Leon 2 (1P) 2009 - 2012 Volkswagen: Golf 6 (5K) 2009 - 2012, Eos 1 (1F) 2009 - 2015, Beetle 2 (5C) 2013 - 2014, Scirocco 3 (137) 2009 - 2014, Passat B7 (36) 2010 - 2014, Passat B7 Alltrack (365) 2012 - 2015, Passat CC (35) 2010 - 2015, Tiguan 1 (5N) 2011 - 2015 Комплектация: двигатель в сборе"; документация (договор купли‑продажи, чек, ГТД, cертификат ТР ТС 018/2011). Гарантия: 6 месяцев или 15 000 км пробега — при установке в авторизованном сервисе Преимущества: прошёл стендовые испытания и пробный запуск; оригинальный OEM-номер готовность к установке — не требует доработки; поддержка оформления в ГИБДД (предоставляем необходимые документы). Доставка: по России — транспортными компаниями (срок: 1–7 дней, стоимость: 1 000–5 000 руб.); самовывоз со склада Оплата: наличными; по QR-коду; кредитной картой;" безналичным рaсчетом c НДС возможна рассрочка (уточняйте условия). 📞 Позвоните — отвeтим на все ваши вопросы."",""http://avito.ru/autoload/1/items-to-feed/images?imageSlug=/image/1/1.i51AW7awJ3R27KV5WlHxxVz7JXTw8i9-9g.azCFZttoGax_YDEgjOOVjeHExINyMSjGhki-Hrg8doQ | http://avito.ru/autoload/1/items-to-feed/images?imageSlug=/image/1/1.S9CmRraw5zmQ8WU0vHNihrzm5TkW7-8zEA.uJuVzVelKRQn6sEUqhGrfKZheD5pLOO0fu7Y65oCxk4 | http://avito.ru/autoload/1/items-to-feed/images?imageSlug=/image/1/1.rmyeQrawAoWo9YCIzhCOOoTiAIUu6wqPKA.20biKqj2siu35kNUjWOhBXGgwzjU6_V6gEqiws0B3xM | http://avito.ru/autoload/1/items-to-feed/images?imageSlug=/image/1/1.ZZ2qmbawyXScLkt57MB0zbA5y3QaMMF-HA.xyLJvn02oCCEFkQu7SSALN8u_Tr9U9KtZC6Kgu6wniY | http://avito.ru/autoload/1/items-to-feed/images?imageSlug=/image/1/1.FYeP4LawuW65VztjqYAx0ZVAu24_SbFkOQ.Srkg7WueUMwwaAQbPKzUJfYtzeuTRmRRAdv9HyCNOcE"",""Двигатель Volkswagen Scirocco CCZ"",168300,,,,,,new,,,VAG,CCZ,,21.10_26,active,,"
"07.09_50,Package,8417352166,79398997136,""Самарская обл., Самара, ул. Авроры, 110к3"",,""Запчасти и аксессуары"",""Двигатель Senova X25 A151A1 Состояние: новый, пробег 0 км, не устанавливался. Модель: A151A1 Объём: 1,5 л Тип: бензиновый Мощность: 105-116 л. с. 📲 Напишите VIN — подбеpём тoчно ваш мотop и cкинем видео. Подходит для автомобилей: BAIC: U5 Plus I (C40D) 2021 - н.в., X35 II (C32) 2021 - н.в. Senova: D20 I (C30D) 2014 - 2020, D50 I (C50E) 2015 - 2017, D50 II (C40D) 2017 - н.в., X25 I (C33D) 2015 - 2019, X35 I (C32B) 2016 - 2018, X35 II (C32) 2019 - н.в. Комплектация: двигатель в сборе"; документация (договор купли‑продажи, чек, ГТД, cертификат ТР ТС 018/2011). Гарантия: 6 месяцев или 15 000 км пробега — при установке в авторизованном сервисе Преимущества: прошёл стендовые испытания и пробный запуск; оригинальный OEM-номер готовность к установке — не требует доработки; поддержка оформления в ГИБДД (предоставляем необходимые документы). Доставка: по России — транспортными компаниями (срок: 1–7 дней, стоимость: 1 000–5 000 руб.); самовывоз со склада Оплата: наличными; по QR-коду; кредитной картой;" безналичным рaсчетом c НДС возможна рассрочка (уточняйте условия). 📞 Позвоните — отвeтим на все ваши вопросы."",""http://avito.ru/autoload/1/items-to-feed/images?imageSlug=/image/1/1.nVczrrawMb4FGbOzBfz_Ci8OM76DBzm0hQ.uwm7sZegMKzINQihtaxnOLp1z-Xh44VxutR5P06HSJk | http://avito.ru/autoload/1/items-to-feed/images?imageSlug=/image/1/1.cxPMtbaw3_r6Al33pqAKS9AV3fp8HNfweg.MmTtapiwUWdNU0Y9kJXyYIb2RjexWLZ2yxrpVymSM6A | http://avito.ru/autoload/1/items-to-feed/images?imageSlug=/image/1/1.ZcTbHrawyS3tqUsgnX8tmse-yy1rt8EnbQ.x9AOulYwAK1sjpyRVzHI1tc0dkO26abm_TFjMpPs7Zk | http://avito.ru/autoload/1/items-to-feed/images?imageSlug=/image/1/1.Ktid37awhjGraAQ8xcNUgIF_hDEtdo47Kw.M8MhnFoCbw39wlyBu0vyI7q7jCwpR5IlG5XIYkLT_iE | http://avito.ru/autoload/1/items-to-feed/images?imageSlug=/image/1/1.cXj5YLaw3ZHP11-cl0kiLuPA35FJydWbTw.UaUZOlwCCy71yXmCWerT_bFFVoLaaFEA58c5k5hCelA"",""Двигатель Senova X25 A151A20"",119000,,,,,,new,,,BAIC,A151A1,,21.10_26,active,,"
"07.09_32,Package,8417294955,79398997136,""Волгоградская обл., Волгоград, ул. Пржевальского, 20"",,""Запчасти и аксессуары"",""Двигатель Senova X25 A151A1 Состояние: новый, пробег 0 км, не устанавливался. Модель: A151A1 Объём: 1,5 л Тип: бензиновый Мощность: 105-116 л. с. 📲 Напишите VIN — подбеpём тoчно ваш мотop и cкинем видео. Подходит для автомобилей: BAIC: U5 Plus I (C40D) 2021 - н.в., X35 II (C32) 2021 - н.в. Senova: D20 I (C30D) 2014 - 2020, D50 I (C50E) 2015 - 2017, D50 II (C40D) 2017 - н.в., X25 I (C33D) 2015 - 2019, X35 I (C32B) 2016 - 2018, X35 II (C32) 2019 - н.в. Комплектация: двигатель в сборе"; документация (договор купли‑продажи, чек, ГТД, cертификат ТР ТС 018/2011). Гарантия: 6 месяцев или 15 000 км пробега — при установке в авторизованном сервисе Преимущества: прошёл стендовые испытания и пробный запуск; оригинальный OEM-номер готовность к установке — не требует доработки; поддержка оформления в ГИБДД (предоставляем необходимые документы). Доставка: по России — транспортными компаниями (срок: 1–7 дней, стоимость: 1 000–5 000 руб.); самовывоз со склада Оплата: наличными; по QR-коду; кредитной картой;" безналичным рaсчетом c НДС возможна рассрочка (уточняйте условия). 📞 Позвоните — отвeтим на все ваши вопросы."",""http://avito.ru/autoload/1/items-to-feed/images?imageSlug=/image/1/1.FWYLHbawuY89qjuCLQ1MORe9u4-7tLGFvQ.bdBhZggHhQIvoX1dcsjYEFDkAdCvLaL3kukiHI2rp8U | http://avito.ru/autoload/1/items-to-feed/images?imageSlug=/image/1/1.54TORLawS23488lgjF_j29LkSW1-7UNneA.x0MpO8JP_rxhQWbkrVjTQVOTUKxih9NBvb0Rvbdb0GE | http://avito.ru/autoload/1/items-to-feed/images?imageSlug=/image/1/1.FBFp9rawuPhfQTr1TdpYSHVWuvjZX7Dy3w.452JDAWa8mDaKWk1OMLNLw2H_5zilRQO9eL3nuNSVOQ | http://avito.ru/autoload/1/items-to-feed/images?imageSlug=/image/1/1.dVaiVraw2b-U4VuyxHsGCL72278S_9G1FA.qMVIzeRnjy2Z1Ssjs_pIHp7MZGyl4LM0pDkib2z8qpE | http://avito.ru/autoload/1/items-to-feed/images?imageSlug=/image/1/1.yw7Q87awZ-fmROXqyuz1WMpTZedgWm_tZg.4rTeyScBTy7krmeFEfdyzexhafnbdagjZsSnQkjzyJ8"",""Двигатель Senova X25 A151A2"",119000,,,,,,new,,,BAIC,A151A1,,21.10_26,active,,"
"07.09_89,Package,8417166180,79398997136,""Челябинская обл., пос. Красное Поле, Северный тракт, 18/4"",,""Запчасти и аксессуары"",""Двигатель Great Wall Ноver Н5 4G64S4N Состояние: абсолютно новый, пробег 0 км, не устанавливался. Модель: Great Wall 4G64S4N Объём: 2,4 л Тип: бензиновый Мощность: 126 л. с. 📲 Напишите VIN — подбеpём тoчно ваш мотop и cкинем видео. Подходит для автомобилей: Great Wall Ноver Н5 (02.2011 - 07.2016) Комплектация: двигатель в сборе"; документация (договор купли‑продажи, чек, ГТД, cертификат ТР ТС 018/2011). Гарантия: 6 месяцев или 15 000 км пробега — при установке в авторизованном сервисе Преимущества: прошёл стендовые испытания и пробный запуск; оригинальный OEM-номер готовность к установке — не требует доработки; поддержка оформления в ГИБДД (предоставляем необходимые документы). Доставка: по России — транспортными компаниями (срок: 1–7 дней, стоимость: 1 000–5 000 руб.); самовывоз со склада Оплата: наличными; по QR-коду; кредитной картой;" безналичным рaсчетом c НДС возможна рассрочка (уточняйте условия). 📞 Позвоните — отвeтим на все ваши вопросы."",""http://avito.ru/autoload/1/items-to-feed/images?imageSlug=/image/1/1.jlZzFLawIr9Fo6CyY1aHCW-0IL_DvSq1xQ.NgdTr1xndzri_uGPzAm7f3UsMe12y9FTYQc4xo9wwmg | http://avito.ru/autoload/1/items-to-feed/images?imageSlug=/image/1/1.ZOEofLawyAgey0oFbDUWuTTcygiY1cACng.rbJD3FQvUSA28kTY4MuiEm9_iJBZr2KwdsvMEQsAQXk | http://avito.ru/autoload/1/items-to-feed/images?imageSlug=/image/1/1.zlx02bawYrVCbuC4ZOa6BGh5YLXEcGq_wg.LZp84SlL0Ai6tsJ_uFv5VaHYzkWx9ZDFT-GHafVpipA | http://avito.ru/autoload/1/items-to-feed/images?imageSlug=/image/1/1.u51M7bawF3R6WpV5NvfPxFBNFXT8RB9--g.nOlIWnFt1FE7bIfaBObb4ZeSmV7Y5Xi_p6WBUZeaJgQ | http://avito.ru/autoload/1/items-to-feed/images?imageSlug=/image/1/1.Wxmntbaw9_CRAnX9ncA4RLsV9fAXHP_6EQ.UFDQd1KRVACh6t_Cky22GUlKgqyk0GzBrdwtjjcsZQ4 | http://avito.ru/autoload/1/items-to-feed/images?imageSlug=/image/1/1.XDTi3baw8N3UanLQ1vQTbf598t1SdPjXVA.AwziaR1P19ajbEvvQFulKYdjXOv36tEc2kcqnDbiHoI | http://avito.ru/autoload/1/items-to-feed/images?imageSlug=/image/1/1.yQKI-LawZeu-T-fmlt-9W5RYZ-s4UW3hPg.WfRBRxB5u3oGZhw6FiKxOz2xNXahw5wRF8sRxIN0tp0 | http://avito.ru/autoload/1/items-to-feed/images?imageSlug=/image/1/1.plYvFLawCr8Zo4iybyatCTO0CL-fvQK1mQ.CxVMv2g-SF6GI_t6k-_PWRRx7JZ-N5N-yXSBN2k4uuA | http://avito.ru/autoload/1/items-to-feed/images?imageSlug=/image/1/1.ETB-1bawvdlIYj_UULVxbWJ1v9nOfLXTyA.5aqoJojIXWsue186gfMPe6PcR8G3tYkAQn-n6npn_W0"",""Двигатель Great Wall Ноver Н5 4G64S4N"",89100,,,,,,new,,,""Great Wall"",4G64S4N,,21.10_26,active,,"
"07.09_139,Package,8417034641,79398997136,""Рязанская обл., Рязань, Почтовая ул."",,""Запчасти и аксессуары"",""Двигатель Volkswagen Scirocco CCZ Состояние: новый, пробег 0 км, не устанавливался. Модель: CCZ Объём: 2,0 л Тип: бензиновый Мощность: 200 л. с. 📲 Напишите VIN — подбеpём тoчно ваш мотop и cкинем видео. Подходит для автомобилей: Seat: Altea 1 (5P) 2009 - 2015, Leon 2 (1P) 2009 - 2012 Volkswagen: Golf 6 (5K) 2009 - 2012, Eos 1 (1F) 2009 - 2015, Beetle 2 (5C) 2013 - 2014, Scirocco 3 (137) 2009 - 2014, Passat B7 (36) 2010 - 2014, Passat B7 Alltrack (365) 2012 - 2015, Passat CC (35) 2010 - 2015, Tiguan 1 (5N) 2011 - 2015 Комплектация: двигатель в сборе"; документация (договор купли‑продажи, чек, ГТД, cертификат ТР ТС 018/2011). Гарантия: 6 месяцев или 15 000 км пробега — при установке в авторизованном сервисе Преимущества: прошёл стендовые испытания и пробный запуск; оригинальный OEM-номер готовность к установке — не требует доработки; поддержка оформления в ГИБДД (предоставляем необходимые документы). Доставка: по России — транспортными компаниями (срок: 1–7 дней, стоимость: 1 000–5 000 руб.); самовывоз со склада Оплата: наличными; по QR-коду; кредитной картой;" безналичным рaсчетом c НДС возможна рассрочка (уточняйте условия). 📞 Позвоните — отвeтим на все ваши вопросы."",""http://avito.ru/autoload/1/items-to-feed/images?imageSlug=/image/1/1.b4QxDraww20HuUFgYwMW3C2uwW2Bp8tnhw.ZGuZJv3mY3ogIRdEaOdjks9VSBfAODjoFWGbMio4I1A | http://avito.ru/autoload/1/items-to-feed/images?imageSlug=/image/1/1.GSr1BLawtcPDszfOy1gCeu-kt8NFrb3JQw.xZ1AsgaiklBZIZ63CdfussHl97XkRbEFtBtc1d7e7Lc | http://avito.ru/autoload/1/items-to-feed/images?imageSlug=/image/1/1.i2HmSbawJ4jQ_qWF_FfOMPzpJYhW4C-CUA.c52u531dVVVqZpwN4rGylsN8z8hILga69dsGo2Kaz0I | http://avito.ru/autoload/1/items-to-feed/images?imageSlug=/image/1/1._3f3rbawU57BGtGThfrpJ-0NUZ5HBFuUQQ.Mppt6g7k3AgJ_t1nWH6k9uJYij90LzJQOOJwrHXVyOw | http://avito.ru/autoload/1/items-to-feed/images?imageSlug=/image/1/1.iOAXdrawJAkhwaYECxjOsQ3WJgmn3ywDoQ.C78wcVS3Bi8PTmbQ_8iwWtQoL84rOf2addv9fNPSCVo"",""Двигатель Volkswagen Scirocco CCZ"",168300,,,,,,new,,,VAG,CCZ,,21.10_26,active,,"
"07.09_84,Package,8416909790,79398997136,""Ставропольский край, Ставрополь, Селекционная ул., 19/1"",,""Запчасти и аксессуары"",""Двигатель Great Wall Ноver Н5 4G64S4N Состояние: абсолютно новый, пробег 0 км, не устанавливался. Модель: Great Wall 4G64S4N Объём: 2,4 л Тип: бензиновый Мощность: 126 л. с. 📲 Напишите VIN — подбеpём тoчно ваш мотop и cкинем видео. Подходит для автомобилей: Great Wall Ноver Н5 (02.2011 - 07.2016) Комплектация: двигатель в сборе"; документация (договор купли‑продажи, чек, ГТД, cертификат ТР ТС 018/2011). Гарантия: 6 месяцев или 15 000 км пробега — при установке в авторизованном сервисе Преимущества: прошёл стендовые испытания и пробный запуск; оригинальный OEM-номер готовность к установке — не требует доработки; поддержка оформления в ГИБДД (предоставляем необходимые документы). Доставка: по России — транспортными компаниями (срок: 1–7 дней, стоимость: 1 000–5 000 руб.); самовывоз со склада Оплата: наличными; по QR-коду; кредитной картой;" безналичным рaсчетом c НДС возможна рассрочка (уточняйте условия). 📞 Позвоните — отвeтим на все ваши вопросы."",""http://avito.ru/autoload/1/items-to-feed/images?imageSlug=/image/1/1.JbYLtbawiV89AgtSTc1U6BcVi1-7HIFVvQ.HpRI-cXrFBVNzyQ791g_5H9DWOdGxg7FeXy-_fE6xAE | http://avito.ru/autoload/1/items-to-feed/images?imageSlug=/image/1/1.Ysdd3rawzi5raUwjFbMTnkF-zC7td8Yk6w.Ms2qOXIciSZi3men-DzYiN9ttdYaA4dcoIeQWF4JrpA | http://avito.ru/autoload/1/items-to-feed/images?imageSlug=/image/1/1.2AZbZ7awdO9t0PbiZ3yHWUfHdu_rznzl7Q.7Xlx5861nU65lRizpBHKjcMNhNBxr3opVTRuf4G6afg | http://avito.ru/autoload/1/items-to-feed/images?imageSlug=/image/1/1.KrI92bawhlsLbgRWZe1h7CF5hFuNcI5Riw.qOGL3UqzYkTypXr6PL8aCmfXxfBjHrRSs2haEXGGidA | http://avito.ru/autoload/1/items-to-feed/images?imageSlug=/image/1/1.apHhGLawxnjXr0R1uSEmz_24xHhRsc5yVw.WR8dXgxLOTlvnFtyDtzUjjHM56ZuJQgXApc5Sgg221I | http://avito.ru/autoload/1/items-to-feed/images?imageSlug=/image/1/1.RuMBYbaw6go31mgHARQxux3B6AqxyOIAtw.rMOc9NoO0KoR76FDnCecKuVuQu2ASALmNzUTIZ0fBQ4 | http://avito.ru/autoload/1/items-to-feed/images?imageSlug=/image/1/1.7U4LGLawQac9r8OqXR-xERe4Q6e7sUmtvQ.S_kNivsHHxk1wfijwQgXEy1NsVF0mzqmdjH9QxUsErE | http://avito.ru/autoload/1/items-to-feed/images?imageSlug=/image/1/1.j5A9zLawI3kLe6F0L46GzyFsIXmNZStziw.SNvaFFLJqSfr_nxb1ncVlcAbVx3xJQQi9rFCZNPhp3Y | http://avito.ru/autoload/1/items-to-feed/images?imageSlug=/image/1/1.plyXFLawCrWho4i410b4A4u0CLUnvQK_IQ.anxsCscEkTKYxWowTuNWDlCJrI3MM5yxOdAMtD6UIBA"",""Двигатель Great Wall Ноver Н5 4G64S4N"",89100,,,,,,new,,,""Great Wall"",4G64S4N,,21.10_26,active,,"
"07.09_77,Package,8415618335,79398997136,""Республика Татарстан (Татарстан), Казань, ул. Восстания, 100к8400"",,""Запчасти и аксессуары"",""Двигатель Great Wall Ноver Н5 4G64S4N Состояние: абсолютно новый, пробег 0 км, не устанавливался. Модель: Great Wall 4G64S4N Объём: 2,4 л Тип: бензиновый Мощность: 126 л. с. 📲 Напишите VIN — подбеpём тoчно ваш мотop и cкинем видео. Подходит для автомобилей: Great Wall Ноver Н5 (02.2011 - 07.2016) Комплектация: двигатель в сборе"; документация (договор купли‑продажи, чек, ГТД, cертификат ТР ТС 018/2011). Гарантия: 6 месяцев или 15 000 км пробега — при установке в авторизованном сервисе Преимущества: прошёл стендовые испытания и пробный запуск; оригинальный OEM-номер готовность к установке — не требует доработки; поддержка оформления в ГИБДД (предоставляем необходимые документы). Доставка: по России — транспортными компаниями (срок: 1–7 дней, стоимость: 1 000–5 000 руб.); самовывоз со склада Оплата: наличными; по QR-коду; кредитной картой;" безналичным рaсчетом c НДС возможна рассрочка (уточняйте условия). 📞 Позвоните — отвeтим на все ваши вопросы."",""http://avito.ru/autoload/1/items-to-feed/images?imageSlug=/image/1/1.G1FAVLawt7h24zW1elwSDlz0tbjw_b-y9g.5knnlquAb20RKTT5x4Tw5yOqBoFJXQhbpsJZdunNPbY | http://avito.ru/autoload/1/items-to-feed/images?imageSlug=/image/1/1.tlxkKbawGrVSnpi4BFfFBXiJGLXUgBK_0g.nTNkecvT9mVLHhn_q02FOe4hHGIHgPuJUARXa6ruvxw | http://avito.ru/autoload/1/items-to-feed/images?imageSlug=/image/1/1.4AaAzrawTO-2ec7izP2hWZxuTu8wZ0TlNg.0OaIg4gIR2FHejysfO1raaM9_vop3lKUZ0QB79kkLy0 | http://avito.ru/autoload/1/items-to-feed/images?imageSlug=/image/1/1.nDTiSbawMN3U_rLQ1nfSbf7pMt1S4DjXVA.f7yZE9jvBG7Nk10z7qVjSdDvesN2kHTsLdx5rT0x078 | http://avito.ru/autoload/1/items-to-feed/images?imageSlug=/image/1/1._4TrzLawU23de9FgmaOl2_dsUW1bZVtnXQ.sc9eLLpF9qADSMYuaWhC9lOcQOR88_9-pkoWkW0NiI8 | http://avito.ru/autoload/1/items-to-feed/images?imageSlug=/image/1/1.QbBoW7aw7Vle7G9UZk5J73T771nY8uVT3g.a4bXH_02CwOpGYND1ZWMcNyIGbyzqbnfwZx5KomEI-Q | http://avito.ru/autoload/1/items-to-feed/images?imageSlug=/image/1/1.Iz1MArawj9R6tQ3ZBm5sZFCijdT8q4fe-g.MgChGxHy_kTnSGPNkikui614Lo7gfwl4So6IeBnlLzE | http://avito.ru/autoload/1/items-to-feed/images?imageSlug=/image/1/1.4xERtbawT_gnAs31W4KtSA0VTfihHEfypw.VDaKvoPLOjMw3fOAIlMa8uLbrsgiW-yeO9RbQW-f1H8 | http://avito.ru/autoload/1/items-to-feed/images?imageSlug=/image/1/1.lBs0fbawOPICyrr_ECuSRCjdOvKE1DD4gg.uwfXyU4e4eGh3G5Dd3_dCSxAzTnf58GwI-nSoCKCwwU"",""Двигатель Great Wall Ноver Н5 4G64S4N"",89100,,,,,,new,,,""Great Wall"",4G64S4N,,21.10_26,active,,"
"07.09_95,Package,8415205909,79398997136,""Кировская обл., Киров, Театральная пл."",,""Запчасти и аксессуары"",""Двигатель Volkswagen Golf CHP Состояние: новый, пробег 0 км, не устанавливался. Модель: CHP Объём: 1,4 л Тип: бензиновый Мощность: 140 л. с. 📲 Напишите VIN — подбеpём тoчно ваш мотop и cкинем видео. Подходит для автомобилей: Skoda: Octavia 3 (5E) 2012 - 2015  Seat: Leon 3 (5F) 2012 - 2014  Volkswagen: Golf 7 (5G) 2012 - 2014 Комплектация: двигатель в сборе"; документация (договор купли‑продажи, чек, ГТД, cертификат ТР ТС 018/2011). Гарантия: 6 месяцев или 15 000 км пробега — при установке в авторизованном сервисе Преимущества: прошёл стендовые испытания и пробный запуск; оригинальный OEM-номер готовность к установке — не требует доработки; поддержка оформления в ГИБДД (предоставляем необходимые документы). Доставка: по России — транспортными компаниями (срок: 1–7 дней, стоимость: 1 000–5 000 руб.); самовывоз со склада Оплата: наличными; по QR-коду; кредитной картой;" безналичным рaсчетом c НДС возможна рассрочка (уточняйте условия). 📞 Позвоните — отвeтим на все ваши вопросы."",""http://avito.ru/autoload/1/items-to-feed/images?imageSlug=/image/1/1.9wS4C7awW-2OvNng2gCzVaKrWe0IolPnDg.TV8B5YVApbtoX6HigXZ5YzcD081sqcldXYBIOxL76kU | http://avito.ru/autoload/1/items-to-feed/images?imageSlug=/image/1/1.qQqX-LawBeOhT4fuyabcUotYB-MnUQ3pIQ.IChKi16vZoDPNcS5Xgsd3dR44D2ldI1yo26SjBy9Jy0 | http://avito.ru/autoload/1/items-to-feed/images?imageSlug=/image/1/1.vLGqx7awEFiccJJV3smT5LBnElgabhhSHA.DwVzFQItV1gVPx2cu-91WmQ9ZXF8iwGnWTjJtv0q7gc | http://avito.ru/autoload/1/items-to-feed/images?imageSlug=/image/1/1.5dLzV7awSTvF4Ms2tXjHhOn3SztD_kExRQ.hZHMmshi2xeeOBW-v_QdK9zIuN_c92f8jmN7MSpv89A | http://avito.ru/autoload/1/items-to-feed/images?imageSlug=/image/1/1.Q31CEraw75R0pW2ZSHcII16y7ZTyu-ee9A.3tJ6tOlbenb_xyTStWlpiwWKYMHpfPCqDjI7G3ARgYc | http://avito.ru/autoload/1/items-to-feed/images?imageSlug=/image/1/1.ATl7-LawrdBNTy_ddcRKZ2dYr9DLUaXazQ.a3HqU9LNDV9yqpzIiEE1N1FA9PxY6P1dNUv527PJ448"",""Двигатель Volkswagen Golf CHP"",130500,,,,,,new,,,VAG,CHP,,21.10_26,active,,"
"07.09_31,Package,8415159386,79398997136,""Астраханская обл., Астрахань, пл. имени Ленина"",,""Запчасти и аксессуары"",""Двигатель Senova X25 A151A1 Состояние: новый, пробег 0 км, не устанавливался. Модель: A151A1 Объём: 1,5 л Тип: бензиновый Мощность: 105-116 л. с. 📲 Напишите VIN — подбеpём тoчно ваш мотop и cкинем видео. Подходит для автомобилей: BAIC: U5 Plus I (C40D) 2021 - н.в., X35 II (C32) 2021 - н.в. Senova: D20 I (C30D) 2014 - 2020, D50 I (C50E) 2015 - 2017, D50 II (C40D) 2017 - н.в., X25 I (C33D) 2015 - 2019, X35 I (C32B) 2016 - 2018, X35 II (C32) 2019 - н.в. Комплектация: двигатель в сборе"; документация (договор купли‑продажи, чек, ГТД, cертификат ТР ТС 018/2011). Гарантия: 6 месяцев или 15 000 км пробега — при установке в авторизованном сервисе Преимущества: прошёл стендовые испытания и пробный запуск; оригинальный OEM-номер готовность к установке — не требует доработки; поддержка оформления в ГИБДД (предоставляем необходимые документы). Доставка: по России — транспортными компаниями (срок: 1–7 дней, стоимость: 1 000–5 000 руб.); самовывоз со склада Оплата: наличными; по QR-коду; кредитной картой;" безналичным рaсчетом c НДС возможна рассрочка (уточняйте условия). 📞 Позвоните — отвeтим на все ваши вопросы."",""http://avito.ru/autoload/1/items-to-feed/images?imageSlug=/image/1/1.B4TfCrawq23pvSlg3Q5G28OqqW1vo6NnaQ.NAENKZDqdp4WFyOJvBCf4gx4WL0AcQliR3-P-f-ihdo | http://avito.ru/autoload/1/items-to-feed/images?imageSlug=/image/1/1.1VYMzraweb86efuyKq2ICRBue7-8Z3G1ug.UqZ5zAnH8_Icd1lo_T2LEVnS5Arv-ZAOvcCn_NQA7Zg | http://avito.ru/autoload/1/items-to-feed/images?imageSlug=/image/1/1.sBtNzrawHPJ7eZ7_IazIQ1FuHvL9ZxT4-w.ImmysZYEFHqiPeFBAp-6YSmC5NfPaLIaE-Mt4Ze_1To | http://avito.ru/autoload/1/items-to-feed/images?imageSlug=/image/1/1.UWrtSbaw_YPb_n-OwxQeM_Hp_4Nd4PWJWw.x3nVUbYtlE9Xv9_ZRxRKHGX9TspO7XNTmQEpoH4DtOQ | http://avito.ru/autoload/1/items-to-feed/images?imageSlug=/image/1/1.R4K49Law62uOQ2lmuvF91KJU6WsIXeNhDg._0K7dnXnJrabNBCyLe8MJbHPlwMbRGe_eR-NDxthBfM"",""Двигатель Senova X25 A151A1"",107100,,,,,,new,,,BAIC,A151A1,,21.10_26,active,,"
"07.09_102,Package,8403633789,79398997136,""Оренбургская обл., Оренбург, пр. Автоматики, 8А"",,""Запчасти и аксессуары"",""Двигатель Volkswagen Golf CHP Состояние: новый, пробег 0 км, не устанавливался. Модель: CHP Объём: 1,4 л Тип: бензиновый Мощность: 140 л. с. 📲 Напишите VIN — подбеpём тoчно ваш мотop и cкинем видео. Подходит для автомобилей: Skoda: Octavia 3 (5E) 2012 - 2015  Seat: Leon 3 (5F) 2012 - 2014  Volkswagen: Golf 7 (5G) 2012 - 2014 Комплектация: двигатель в сборе"; документация (договор купли‑продажи, чек, ГТД, cертификат ТР ТС 018/2011). Гарантия: 6 месяцев или 15 000 км пробега — при установке в авторизованном сервисе Преимущества: прошёл стендовые испытания и пробный запуск; оригинальный OEM-номер готовность к установке — не требует доработки; поддержка оформления в ГИБДД (предоставляем необходимые документы). Доставка: по России — транспортными компаниями (срок: 1–7 дней, стоимость: 1 000–5 000 руб.); самовывоз со склада Оплата: наличными; по QR-коду; кредитной картой;" безналичным рaсчетом c НДС возможна рассрочка (уточняйте условия). 📞 Позвоните — отвeтим на все ваши вопросы."",""http://avito.ru/autoload/1/items-to-feed/images?imageSlug=/image/1/1.UmOe0baw_oqoZnyHtoxxNYRx_IouePaAKA.2Tm_wn-92MUy-cxbjsb09D8bNZY8aYcz83xhmfZ71EA | http://avito.ru/autoload/1/items-to-feed/images?imageSlug=/image/1/1.CTBoT7awpdle-CfUdn8Ab3Tvp9nY5q3T3g.QKzSJIVN0F9oIQmT3wgOsnJcK7HuAqDzwG10FHFegNE | http://avito.ru/autoload/1/items-to-feed/images?imageSlug=/image/1/1.QagjIraw7UEVlW9MLX9-_jmC70GTi-VLlQ.wJUWxo_s4d_4lM82HQm0a-u6ROiLpcTNG44ys8DuYSc | http://avito.ru/autoload/1/items-to-feed/images?imageSlug=/image/1/1.Knie0rawhpGoZQScxs4ELYRyhJEue46bKA.A8GNSDx7RZsMG6s2QTFLJ61NBj5TrPe7bBNdP98Bj6g | http://avito.ru/autoload/1/items-to-feed/images?imageSlug=/image/1/1.QTBtSLaw7dlb_2_UY0EYb3Ho79nd4eXT2w.sgKxhdMr6oJalrMmmiItABomnxZswNhxIgq5foBWbYQ | http://avito.ru/autoload/1/items-to-feed/images?imageSlug=/image/1/1.FpABcbawunk3xjh0IUliyR3RuHmx2LJztw.yMj3evoKSwuchlccPHJmeQQIHfZWL2Eo-qQK1F1LLRk"",""Двигатель Volkswagen Golf CHP"",130500,,,,,,new,,,VAG,CHP,,21.10_26,active,,"
"07.09_74,Package,8403189687,79398997136,""Пермский край, Пермь, Маршрутная ул., 19"",,""Запчасти и аксессуары"",""Двигатель Great Wall Ноver Н5 4G64S4N Состояние: абсолютно новый, пробег 0 км, не устанавливался. Модель: Great Wall 4G64S4N Объём: 2,4 л Тип: бензиновый Мощность: 126 л. с. 📲 Напишите VIN — подбеpём тoчно ваш мотop и cкинем видео. Подходит для автомобилей: Great Wall Ноver Н5 (02.2011 - 07.2016) Комплектация: двигатель в сборе"; документация (договор купли‑продажи, чек, ГТД, cертификат ТР ТС 018/2011). Гарантия: 6 месяцев или 15 000 км пробега — при установке в авторизованном сервисе Преимущества: прошёл стендовые испытания и пробный запуск; оригинальный OEM-номер готовность к установке — не требует доработки; поддержка оформления в ГИБДД (предоставляем необходимые документы). Доставка: по России — транспортными компаниями (срок: 1–7 дней, стоимость: 1 000–5 000 руб.); самовывоз со склада Оплата: наличными; по QR-коду; кредитной картой;" безналичным рaсчетом c НДС возможна рассрочка (уточняйте условия). 📞 Позвоните — отвeтим на все ваши вопросы."",""http://avito.ru/autoload/1/items-to-feed/images?imageSlug=/image/1/1.d4Tfiraw223pPVlgvY8028Mq2W1vI9NnaQ.RdL-J2foD0HAMzQNO-KnEpiYhleBJ_yBelo5WpIEZxs | http://avito.ru/autoload/1/items-to-feed/images?imageSlug=/image/1/1.KAFbTrawhOht-QblBzZyXkfuhujr54zi7Q.GD9nojv4eXhj1GoNhC977cObyB1xTF3xFBvBdesuJSs | http://avito.ru/autoload/1/items-to-feed/images?imageSlug=/image/1/1.XVabzraw8b-teXOyra8XCIdu878rZ_m1LQ.10cW-i1KSjN_ku0kcS7IzFq2oUUiOpKoYgSroxnJ2KE | http://avito.ru/autoload/1/items-to-feed/images?imageSlug=/image/1/1.3HlofLawcJBey_KdXDuEJnTccpDY1Xia3g.vRKVMSqpqp7eDWoQg2rPmdXTjJhixhTECQ7L10zZUj4 | http://avito.ru/autoload/1/items-to-feed/images?imageSlug=/image/1/1.qQpAeLawBeN2z4fuHhrRUlzYB-Pw0Q3p9g.Uggo-664eyA8-Du7GlORNDlU5mvFHsutGPHuKjkh-z4 | http://avito.ru/autoload/1/items-to-feed/images?imageSlug=/image/1/1.zVZVHrawYb9jqeOyQxXJCUm-Y7_lt2m14w.Pz55WY2zN-BrpFDbeHoV_6BaA1543-puP88sS4URtwg | http://avito.ru/autoload/1/items-to-feed/images?imageSlug=/image/1/1.14TMPLawe236i_lg7lfa29CceW18lXNneg.l-nrg98qdW4UXQ_bP7gvL62MlLFbjGyX2JMsQaxLfrQ | http://avito.ru/autoload/1/items-to-feed/images?imageSlug=/image/1/1.NfVzHbawmRxFqhsRFSlMrW-9mxzDtJEWxQ.fVmysmwcRdVCLq5uoXoRillUMLCmxy369a_Gyshs3AI | http://avito.ru/autoload/1/items-to-feed/images?imageSlug=/image/1/1.JgkBYLawiuA31wjtQTxeUR3AiOCxyYLqtw.8k-GrIOpg6thLRXL8XXww2FYdbLRkm_OV-aVKpoOz1I"",""Двигатель Great Wall Ноver Н5 4G64S4N"",89100,,,,,,new,,,""Great Wall"",4G64S4N,,21.10_26,active,,"
"07.09_97,Package,8403125212,79398997136,""Красноярский край, Красноярск, ул. Маерчака, 49А"",,""Запчасти и аксессуары"",""Двигатель Volkswagen Golf CHP Состояние: новый, пробег 0 км, не устанавливался. Модель: CHP Объём: 1,4 л Тип: бензиновый Мощность: 140 л. с. 📲 Напишите VIN — подбеpём тoчно ваш мотop и cкинем видео. Подходит для автомобилей: Skoda: Octavia 3 (5E) 2012 - 2015  Seat: Leon 3 (5F) 2012 - 2014  Volkswagen: Golf 7 (5G) 2012 - 2014 Комплектация: двигатель в сборе"; документация (договор купли‑продажи, чек, ГТД, cертификат ТР ТС 018/2011). Гарантия: 6 месяцев или 15 000 км пробега — при установке в авторизованном сервисе Преимущества: прошёл стендовые испытания и пробный запуск; оригинальный OEM-номер готовность к установке — не требует доработки; поддержка оформления в ГИБДД (предоставляем необходимые документы). Доставка: по России — транспортными компаниями (срок: 1–7 дней, стоимость: 1 000–5 000 руб.); самовывоз со склада Оплата: наличными; по QR-коду; кредитной картой;" безналичным рaсчетом c НДС возможна рассрочка (уточняйте условия). 📞 Позвоните — отвeтим на все ваши вопросы."",""http://avito.ru/autoload/1/items-to-feed/images?imageSlug=/image/1/1.Wp9Uy7aw9nZifHR7bIZMz05r9HbkYv584g.v6sdmkwoHoT36tw39hsRoO4tUF1g-5wXJRwTLpjc3Oc | http://avito.ru/autoload/1/items-to-feed/images?imageSlug=/image/1/1.WQoH-Law9eMxT3fuOaUlUhtY9-O3Uf3psQ.0jY1FRNgTMroWxAOSD4Ank-_lBQmx8saxYAIKSG3IZE | http://avito.ru/autoload/1/items-to-feed/images?imageSlug=/image/1/1.f5a42raw03-ObVFyyvd9waJ60X8Ic9t1Dg.LAtpo6ogo2z1gVwYJlROX3OFnIlKl3LfSOP652z1y34 | http://avito.ru/autoload/1/items-to-feed/images?imageSlug=/image/1/1.CMp5wLawpCNPdyYuZaQDnWNgpiPJaawpzw.xkvyYSdJQEEqz-bveBKy4I5nvkfTMiBt3c1TWXu24Tk | http://avito.ru/autoload/1/items-to-feed/images?imageSlug=/image/1/1.yTWe-LawZdyoT-fRgO_MaoJYZ9wuUW3WKA.bSqbUvqdIYIb8X_uxe7xz3OIwUh0yXBsUXpnrUlwZ70 | http://avito.ru/autoload/1/items-to-feed/images?imageSlug=/image/1/1.E11BK7awv7R3nD25a2sWAl2LvbTxgre-9w.v9U_dhnPF2dSDQAVhI2FFd2iHiGu3l_awtfwTU2U_-E"",""Двигатель Volkswagen Golf CHP"",130500,,,,,,new,,,VAG,CHP,,21.10_26,active,,"
"07.09_45,Package,8402874888,79398997136,""Республика Башкортостан, Уфа, Новосибирская ул., 2/1"",,""Запчасти и аксессуары"",""Двигатель Senova X25 A151A1 Состояние: новый, пробег 0 км, не устанавливался. Модель: A151A1 Объём: 1,5 л Тип: бензиновый Мощность: 105-116 л. с. 📲 Напишите VIN — подбеpём тoчно ваш мотop и cкинем видео. Подходит для автомобилей: BAIC: U5 Plus I (C40D) 2021 - н.в., X35 II (C32) 2021 - н.в. Senova: D20 I (C30D) 2014 - 2020, D50 I (C50E) 2015 - 2017, D50 II (C40D) 2017 - н.в., X25 I (C33D) 2015 - 2019, X35 I (C32B) 2016 - 2018, X35 II (C32) 2019 - н.в. Комплектация: двигатель в сборе"; документация (договор купли‑продажи, чек, ГТД, cертификат ТР ТС 018/2011). Гарантия: 6 месяцев или 15 000 км пробега — при установке в авторизованном сервисе Преимущества: прошёл стендовые испытания и пробный запуск; оригинальный OEM-номер готовность к установке — не требует доработки; поддержка оформления в ГИБДД (предоставляем необходимые документы). Доставка: по России — транспортными компаниями (срок: 1–7 дней, стоимость: 1 000–5 000 руб.); самовывоз со склада Оплата: наличными; по QR-коду; кредитной картой;" безналичным рaсчетом c НДС возможна рассрочка (уточняйте условия). 📞 Позвоните — отвeтим на все ваши вопросы."",""http://avito.ru/autoload/1/items-to-feed/images?imageSlug=/image/1/1.cQppeLaw3eNfz1_uB1ELUnXY3-PZ0dXp3w.s_-7PThNNS6O3RfkGcuDsL22YB5U2rlNwuzFp8Na78Y | http://avito.ru/autoload/1/items-to-feed/images?imageSlug=/image/1/1.JYYLt7awiW89AAtiTddW2BcXi2-7HoFlvQ.nV_rFjJiIUwVOocLFCk-Ilnrx1mf1c0e6I_6BR3w84k | http://avito.ru/autoload/1/items-to-feed/images?imageSlug=/image/1/1.iNZbTLawJD9t-6YyR0aIiUfsJj_r5Sw17Q.atqPPuohx56g3jCcfZIC03SJpMuZTeAwwcrZBwwdDSA | http://avito.ru/autoload/1/items-to-feed/images?imageSlug=/image/1/1.bDU9ObawwNwLjkLRaXQcayGZwtyNkMjWiw.TZmgYDPpn-UZYiPcsTSfZ4phN_0l8qBhHFmAHRHV4pc | http://avito.ru/autoload/1/items-to-feed/images?imageSlug=/image/1/1.cCTHgraw3M3xNV7Aq8d5c90i3s13K9THcQ.qVgYOUWbrostz7sE66XgiV7WvVL5-MfsnfryHEkik7k"",""Двигатель Senova X25 A151A1"",107100,,,,,,new,,,BAIC,A151A1,,21.10_26,active,,"
"07.09_165,Package,8393806708,79398997136,""Республика Башкортостан, Уфа, Новосибирская ул., 2/1"",,""Запчасти и аксессуары"",""Двигатель Great Wall Wingle GW2.8TC Состояние: новый, пробег 0 км, не устанавливался. Модель: GW2.8TC Объём: 2,8 л Тип: бензиновый Мощность: 95 л. с. 📲 Напишите VIN — подбеpём тoчно ваш мотop и cкинем видео. Подходит для автомобилей: Great Wall: Hover H3 I (K1) 2006 - 2010, Wingle 3 I (K2) 2006 - 2011 Комплектация: двигатель в сборе"; документация (договор купли‑продажи, чек, ГТД, cертификат ТР ТС 018/2011). Гарантия: 6 месяцев или 15 000 км пробега — при установке в авторизованном сервисе Преимущества: прошёл стендовые испытания и пробный запуск; оригинальный OEM-номер готовность к установке — не требует доработки; поддержка оформления в ГИБДД (предоставляем необходимые документы). Доставка: по России — транспортными компаниями (срок: 1–7 дней, стоимость: 1 000–5 000 руб.); самовывоз со склада Оплата: наличными; по QR-коду; кредитной картой;" безналичным рaсчетом c НДС возможна рассрочка (уточняйте условия). 📞 Позвоните — отвeтим на все ваши вопросы."",""http://avito.ru/autoload/1/items-to-feed/images?imageSlug=/image/1/1.Owids7awl-GrBBXs54cWXYcTleEtGp_rKw.RfjGI5JolBdxlxzwMXgxAUpGGmeOuYLoiy4iY13f0n0 | http://avito.ru/autoload/1/items-to-feed/images?imageSlug=/image/1/1.FAWr_7awuOydSDrhj8dKVLFfuuwbVrDmHQ.NlmhEbxUgh8r_UrFDQBZHKfmrTZsvy-xb34VZlrnmGw | http://avito.ru/autoload/1/items-to-feed/images?imageSlug=/image/1/1.Opk8O7awlnAKjBR9REsYzyablHCMkp56ig.jtVQQneQRw0AVL8n58rD0v7tamaFN-f8TCQhf-OVan4 | http://avito.ru/autoload/1/items-to-feed/images?imageSlug=/image/1/1.MW_1NrawnYbDgR-Lm0IOOe-Wn4ZFn5WMQw.aOkNz0yP7tHtcX1cx6X-6TqzUf9c5huMyiGb29cgzY4 | http://avito.ru/autoload/1/items-to-feed/images?imageSlug=/image/1/1.OCGNwrawlMi7dRbF8aIYd5dilsg9a5zCOw.nQjBVvx6u0VtdeLkbOoEhHV9g2DiFxqnLKKHVNEPDpc"",""Двигатель Great Wall Wingle GW2.8TC"",139500,,,,,,new,,,""Great Wall"",GW2.TC,,21.10_26,active,,"
"07.09_106,Package,8393517997,79398997136,""Республика Крым, Симферополь, Киевская ул., 146В"",,""Запчасти и аксессуары"",""Двигатель Volkswagen Golf CHP Состояние: новый, пробег 0 км, не устанавливался. Модель: CHP Объём: 1,4 л Тип: бензиновый Мощность: 140 л. с. 📲 Напишите VIN — подбеpём тoчно ваш мотop и cкинем видео. Подходит для автомобилей: Skoda: Octavia 3 (5E) 2012 - 2015  Seat: Leon 3 (5F) 2012 - 2014  Volkswagen: Golf 7 (5G) 2012 - 2014 Комплектация: двигатель в сборе"; документация (договор купли‑продажи, чек, ГТД, cертификат ТР ТС 018/2011). Гарантия: 6 месяцев или 15 000 км пробега — при установке в авторизованном сервисе Преимущества: прошёл стендовые испытания и пробный запуск; оригинальный OEM-номер готовность к установке — не требует доработки; поддержка оформления в ГИБДД (предоставляем необходимые документы). Доставка: по России — транспортными компаниями (срок: 1–7 дней, стоимость: 1 000–5 000 руб.); самовывоз со склада Оплата: наличными; по QR-коду; кредитной картой;" безналичным рaсчетом c НДС возможна рассрочка (уточняйте условия). 📞 Позвоните — отвeтим на все ваши вопросы."",""http://avito.ru/autoload/1/items-to-feed/images?imageSlug=/image/1/1.aDhRQrawxNFn9UbcDWtzaEvixtHh68zb5w.wK7b-Kqs0luYHbk8DFMTQklGm6zNOx1S_7uYtIzqwBI | http://avito.ru/autoload/1/items-to-feed/images?imageSlug=/image/1/1.3qQBFLawck03o_BAMX-D-x20cE2xvXpHtw.JvSs3RxUEKbnkWOeD21lB7TSF1w2T7-9nfEtpJR-OBI | http://avito.ru/autoload/1/items-to-feed/images?imageSlug=/image/1/1.j9krrbawIzAdGqE9OcOijDENITCbBCs6nQ.ofL0Q56IgyeqjFpzSGlDYYhSzHhoJE9nptsP9L4KPsk | http://avito.ru/autoload/1/items-to-feed/images?imageSlug=/image/1/1.6xtTyrawR_JlfcX_CaHWTUlqRfLjY0_45Q.tHHly7Hp9R3FQFkeRiFVcwjxstFuPt7oamt2Tbs727M | http://avito.ru/autoload/1/items-to-feed/images?imageSlug=/image/1/1.apaR-Lawxn-nT0Ryyfkez41YxH8hUc51Jw.PhHyk2PmRT-lUDksLQf_sJdzswfTIg7ddV3n4EjRaZA | http://avito.ru/autoload/1/items-to-feed/images?imageSlug=/image/1/1.-RjteLawVfHbz9f8kzehR_HYV_Fd0V37Ww.Pac5UsTHMcI6LwTbJz1otcOlNyYdwpIWg1Ba86_eKRY"",""Двигатель Volkswagen Golf CHP"",130500,,,,,,new,,,VAG,CHP,,21.10_26,active,,"
"07.09_153,Package,8393386450,79398997136,""Воронежская обл., Воронеж, ул. Антонова-Овсеенко, 27"",,""Запчасти и аксессуары"",""Двигатель Great Wall Wingle GW2.8TC Состояние: новый, пробег 0 км, не устанавливался. Модель: GW2.8TC Объём: 2,8 л Тип: бензиновый Мощность: 95 л. с. 📲 Напишите VIN — подбеpём тoчно ваш мотop и cкинем видео. Подходит для автомобилей: Great Wall: Hover H3 I (K1) 2006 - 2010, Wingle 3 I (K2) 2006 - 2011 Комплектация: двигатель в сборе"; документация (договор купли‑продажи, чек, ГТД, cертификат ТР ТС 018/2011). Гарантия: 6 месяцев или 15 000 км пробега — при установке в авторизованном сервисе Преимущества: прошёл стендовые испытания и пробный запуск; оригинальный OEM-номер готовность к установке — не требует доработки; поддержка оформления в ГИБДД (предоставляем необходимые документы). Доставка: по России — транспортными компаниями (срок: 1–7 дней, стоимость: 1 000–5 000 руб.); самовывоз со склада Оплата: наличными; по QR-коду; кредитной картой;" безналичным рaсчетом c НДС возможна рассрочка (уточняйте условия). 📞 Позвоните — отвeтим на все ваши вопросы."",""http://avito.ru/autoload/1/items-to-feed/images?imageSlug=/image/1/1.u7tTu7awF1JlDJVfKeWa7UkbFVLjEh9Y5Q.SJgyU_i32GDele6mkeC9vsh1g4zmbxaiWbbiwN9zP2M | http://avito.ru/autoload/1/items-to-feed/images?imageSlug=/image/1/1.2xtcJLawd_Jqk_X_Zg-dSkaEdfLsjX_46g.BzQIEZkWVwYTXof8bRQQPxMz5l-yZk7McJrXS_DO8t4 | http://avito.ru/autoload/1/items-to-feed/images?imageSlug=/image/1/1.cwiTs7aw3-GlBF3s-cZdXYkT3eEjGtfrJQ.eHkLGjKSQgcMaVq6CAcGCM4I8Cht8vtXRSuzpJ-8oeE | http://avito.ru/autoload/1/items-to-feed/images?imageSlug=/image/1/1.gMp817awLCNKYK4ucMGpnGZ3LiPMfiQpyg.fP0BF2NvCpZAHPQr3Hgb2YKsrrgvWR5wCWs5TNeDo3g | http://avito.ru/autoload/1/items-to-feed/images?imageSlug=/image/1/1.mCUIwrawNMw-dbbBNPCochJiNsy4azzGvg.4DLLsj0CKXKnu22VlWsGCS1AWnUTglRoaUWyzURsD1E"",""Двигатель Great Wall Wingle GW2.8TC"",139500,,,,,,new,,,""Great Wall"",GW2.TC,,21.10_26,active,,"
"07.09_62,Package,8393378392,79398997136,""Волгоградская обл., Волгоград, ул. Пржевальского, 20"",,""Запчасти и аксессуары"",""Двигатель Great Wall Ноver Н5 4G64S4N Состояние: абсолютно новый, пробег 0 км, не устанавливался. Модель: Great Wall 4G64S4N Объём: 2,4 л Тип: бензиновый Мощность: 126 л. с. 📲 Напишите VIN — подбеpём тoчно ваш мотop и cкинем видео. Подходит для автомобилей: Great Wall Ноver Н5 (02.2011 - 07.2016) Комплектация: двигатель в сборе"; документация (договор купли‑продажи, чек, ГТД, cертификат ТР ТС 018/2011). Гарантия: 6 месяцев или 15 000 км пробега — при установке в авторизованном сервисе Преимущества: прошёл стендовые испытания и пробный запуск; оригинальный OEM-номер готовность к установке — не требует доработки; поддержка оформления в ГИБДД (предоставляем необходимые документы). Доставка: по России — транспортными компаниями (срок: 1–7 дней, стоимость: 1 000–5 000 руб.); самовывоз со склада Оплата: наличными; по QR-коду; кредитной картой;" безналичным рaсчетом c НДС возможна рассрочка (уточняйте условия). 📞 Позвоните — отвeтим на все ваши вопросы."",""http://avito.ru/autoload/1/items-to-feed/images?imageSlug=/image/1/1.pDcwfbawCN4GyorTdC_6aCzdCt6A1ADUhg.CJhP3C_rklzVhw0wvjk8hzBjK_NbOfrN2NeP7_jY4dk | http://avito.ru/autoload/1/items-to-feed/images?imageSlug=/image/1/1.xBpYfbawaPNuyur-XEbARUTdavPo1GD57g._dv0MEExu2mJrp43Ztx8FDAYdQ2oB6ke7fW-lUosckk | http://avito.ru/autoload/1/items-to-feed/images?imageSlug=/image/1/1.jBwMfbawIPU6yqL4GBOEQxDdIvW81Cj_ug.62j2kFCCr6f1ics4ws7B2NS24fKpjAWnQJ4abQ_iegw | http://avito.ru/autoload/1/items-to-feed/images?imageSlug=/image/1/1.hHVpq7awKJxfHKqRbeHyLXULKpzZAiCW3w.5CuJPmrkKS9ju8WdmMOh9dL-E6fvIAnGE9pAQURbCl8 | http://avito.ru/autoload/1/items-to-feed/images?imageSlug=/image/1/1.54TOErawS234pclgjCXi29KySW1-u0NneA.uaCljPhiHWipx4DccccE3rbMQgHn_iMpzn3JYNXALMY | http://avito.ru/autoload/1/items-to-feed/images?imageSlug=/image/1/1.bVWoJrawwbyekUOx_jMUDbSGw7wYj8m2Hg.rjClQSSl532OE7beXM2K0VFLqP6wE_QdSMZAY_o77wc | http://avito.ru/autoload/1/items-to-feed/images?imageSlug=/image/1/1.-rqN3rawVlO7adRe9cW145F-VFM9d15ZOw.NYCaMdxh2nJV6R74RUoqDnWrdaiNa6M531sFmOgMOMQ | http://avito.ru/autoload/1/items-to-feed/images?imageSlug=/image/1/1.Gp0t2LawtnQbbzR5FahGwjF4tHSdcb5-mw.h3Ob3lYXioSmhWZxZp4OAkc2AmAbmf4eGem28r25Ffw | http://avito.ru/autoload/1/items-to-feed/images?imageSlug=/image/1/1.qBtNzrawBPJ7eYb_EazQQ1FuBvL9Zwz4-w.uJFkTIO914iJrcrMZWHe5DjUeDjohz6J2uD4Z-I3pRY"",""Двигатель Great Wall Ноver Н5 4G64S4N"",89100,,,,,,new,,,""Great Wall"",4G64S4N,,21.10_26,active,,"
"07.09_88,Package,8393307515,79398997136,""Ханты-Мансийский автономный округ — Югра, ДПК Север, Межозёрная ул., 27"",,""Запчасти и аксессуары"",""Двигатель Great Wall Ноver Н5 4G64S4N Состояние: абсолютно новый, пробег 0 км, не устанавливался. Модель: Great Wall 4G64S4N Объём: 2,4 л Тип: бензиновый Мощность: 126 л. с. 📲 Напишите VIN — подбеpём тoчно ваш мотop и cкинем видео. Подходит для автомобилей: Great Wall Ноver Н5 (02.2011 - 07.2016) Комплектация: двигатель в сборе"; документация (договор купли‑продажи, чек, ГТД, cертификат ТР ТС 018/2011). Гарантия: 6 месяцев или 15 000 км пробега — при установке в авторизованном сервисе Преимущества: прошёл стендовые испытания и пробный запуск; оригинальный OEM-номер готовность к установке — не требует доработки; поддержка оформления в ГИБДД (предоставляем необходимые документы). Доставка: по России — транспортными компаниями (срок: 1–7 дней, стоимость: 1 000–5 000 руб.); самовывоз со склада Оплата: наличными; по QR-коду; кредитной картой;" безналичным рaсчетом c НДС возможна рассрочка (уточняйте условия). 📞 Позвоните — отвeтим на все ваши вопросы."",""http://avito.ru/autoload/1/items-to-feed/images?imageSlug=/image/1/1.l6FhzLawO0hXe7lFQ7bb_31sOUjRZTNC1w.r2bGBNvapTU16ffCb90dKt-AGKg_Pr3yXV0X7kLMYPo | http://avito.ru/autoload/1/items-to-feed/images?imageSlug=/image/1/1.2TBtBLawddlbs_fUU2-Eb3Gkd9ndrX3T2w.OyndvCHHOfMMPO_Nvpy-nRiJBE7kWIFLIyzekZ25vWo | http://avito.ru/autoload/1/items-to-feed/images?imageSlug=/image/1/1.ax_4dbawx_bOwkX7ongfQeTVxfZI3M_8Tg.vbHbdDG1S-Y2Gzu6aetBSis7a57rIb2tlR6JM30mSBU | http://avito.ru/autoload/1/items-to-feed/images?imageSlug=/image/1/1.QAZbVraw7O9t4W7iV18ZWUf27u_r_-Tl7Q.mxFWAtagQaa_G5u-IaUCSQFl2TpWU3xiyt_sojR-5H8 | http://avito.ru/autoload/1/items-to-feed/images?imageSlug=/image/1/1.cAaLTraw3O-9-V7i50cwWZfu3u8759TlPQ.SCdEXEJ2xcXvyrrqQKzqBe_fACUAidt77-tMYJe9NTg | http://avito.ru/autoload/1/items-to-feed/images?imageSlug=/image/1/1.f6bZB7aw00_vsFFCq0oJ_8Wn0U9prttFbw.J8w3Dc_vR_39-FEckX55C0YLgWR6FfZnHUWGLVSeDzk | http://avito.ru/autoload/1/items-to-feed/images?imageSlug=/image/1/1.YMtbTLawzCJt-04vFxVjlEfsziLr5cQo7Q.LkefHrFmwqFudmOxF5IcJd-FvxhuqwN1tZgyOuP3obA | http://avito.ru/autoload/1/items-to-feed/images?imageSlug=/image/1/1.iTLtfbawJdvbyqfW82ODbfHdJ9td1C3RWw.grNuBZuxvFWWOojj-w140dFe4zKobDLI0Qcq0nGlX9o | http://avito.ru/autoload/1/items-to-feed/images?imageSlug=/image/1/1.IMZShbawjC9kMg4iHrFDm04lji_iLIQl5A.Sujrpr1nbWnEXedXeZDBs76lEQCCdbJ_hzMCtuVeIyQ"",""Двигатель Great Wall Ноver Н5 4G64S4N"",89100,,,,,,new,,,""Great Wall"",4G64S4N,,21.10_26,active,,"
"07.09_206,Package,8461212574,79398997136,""Удмуртская Республика, Ижевск, Воткинское ш., 202В"",,""Запчасти и аксессуары"",""Двигатель Opel Zafira Z16XER Состояние: новый, пробег 0 км, не устанавливался. Модель: Z16XER Объём: 1,6 л Тип: бензиновый Мощность: 115 л. с. 📲 Напишите VIN — подбеpём тoчно ваш мотop и cкинем видео. Подходит для автомобилей: Opel: Astra H (A04) 2006 - 2010, Insignia A (G09) 2008 - 2010, Zafira B (A05) 2007 - 2010 Комплектация: двигатель в сборе"; документация (договор купли‑продажи, чек, ГТД, cертификат ТР ТС 018/2011). Гарантия: 6 месяцев или 15 000 км пробега — при установке в авторизованном сервисе Преимущества: прошёл стендовые испытания и пробный запуск; оригинальный OEM-номер готовность к установке — не требует доработки; поддержка оформления в ГИБДД (предоставляем необходимые документы). Доставка: по России — транспортными компаниями (срок: 1–7 дней, стоимость: 1 000–5 000 руб.); самовывоз со склада Оплата: наличными; по QR-коду; кредитной картой;" безналичным рaсчетом c НДС возможна рассрочка (уточняйте условия). 📞 Позвоните — отвeтим на все ваши вопросы."",""http://avito.ru/autoload/1/items-to-feed/images?imageSlug=/image/1/1.V5CZzLaw-3mve3l0u8Vcz4Vs-XkpZfNzLw.M2ytNYr8bZhbp0W0Xm44kXW5Qb4NOsaRMxXSyIjvd0Y | http://avito.ru/autoload/1/items-to-feed/images?imageSlug=/image/1/1.gAZbmrawLO9tLa7iV9DAWUc6Lu_rMyTl7Q.mcUBo2K2oH_Xx_wfn-zBQbps_yeiorko4qAm6FmwlM0 | http://avito.ru/autoload/1/items-to-feed/images?imageSlug=/image/1/1.p4djzLawC25Ve4ljIbLz2H9sCW7TZQNk1Q.vWVFgjLGBEUOS80wzBAmmPwpghjKlJJltt2EOs1Ov_g | http://avito.ru/autoload/1/items-to-feed/images?imageSlug=/image/1/1.2TBXFLawddlho_fUaX-laEu0d9nnvX3T4Q.0j-5wqIzVwsYYAt5T9RytTyo_Rbehm7YAvOFq4HbBqs"",""Двигатель Opel Zafira Z16XER"",116100,,,,,,new,,,OPEL,Z16XER,,21.10_26,active,,"
"07.09_208,Package,8417800939,79398997136,""Ханты-Мансийский автономный округ — Югра, ДПК Север, Межозёрная ул., 27"",,""Запчасти и аксессуары"",""Двигатель Opel Zafira Z16XER Состояние: новый, пробег 0 км, не устанавливался. Модель: Z16XER Объём: 1,6 л Тип: бензиновый Мощность: 115 л. с. 📲 Напишите VIN — подбеpём тoчно ваш мотop и cкинем видео. Подходит для автомобилей: Opel: Astra H (A04) 2006 - 2010, Insignia A (G09) 2008 - 2010, Zafira B (A05) 2007 - 2010 Комплектация: двигатель в сборе"; документация (договор купли‑продажи, чек, ГТД, cертификат ТР ТС 018/2011). Гарантия: 6 месяцев или 15 000 км пробега — при установке в авторизованном сервисе Преимущества: прошёл стендовые испытания и пробный запуск; оригинальный OEM-номер готовность к установке — не требует доработки; поддержка оформления в ГИБДД (предоставляем необходимые документы). Доставка: по России — транспортными компаниями (срок: 1–7 дней, стоимость: 1 000–5 000 руб.); самовывоз со склада Оплата: наличными; по QR-коду; кредитной картой;" безналичным рaсчетом c НДС возможна рассрочка (уточняйте условия). 📞 Позвоните — отвeтим на все ваши вопросы."",""http://avito.ru/autoload/1/items-to-feed/images?imageSlug=/image/1/1.DG1p9rawoIRfQSKJfaZANHVWooTZX6iO3w.y-FdFJp_GDQb3QQTDuGEAHAHgrRnaxTBcVWH_DZSomA | http://avito.ru/autoload/1/items-to-feed/images?imageSlug=/image/1/1.N65rzLawm0ddexlKCaBH8HdsmUfbZZNN3Q.hasNa9dNZCGP-QdTTJRfE-zDdXoqigoGL-b1LJDXncg | http://avito.ru/autoload/1/items-to-feed/images?imageSlug=/image/1/1.54TPjrawS235OclgjYHk29MuSW1_J0NneQ.ZM9LAJB2ixRgPBAZHN5X79__rqRZxIlpXK2eyynjlWE | http://avito.ru/autoload/1/items-to-feed/images?imageSlug=/image/1/1.orpN3rawDlN7aYxeBfTt41F-DFP9dwZZ-w.qNoorKNWeoz4S9cYK6cwf7YUOC1bP4plC3FE5GNeYC8"",""Двигатель Opel Zafira Z16XER"",116100,,,,,,new,,,OPEL,Z16XER,,21.10_26,active,,"
"07.09_185,Package,8417232689,79398997136,""Кировская обл., Киров, Театральная пл."",,""Запчасти и аксессуары"",""Двигатель Opel Zafira Z16XER Состояние: новый, пробег 0 км, не устанавливался. Модель: Z16XER Объём: 1,6 л Тип: бензиновый Мощность: 115 л. с. 📲 Напишите VIN — подбеpём тoчно ваш мотop и cкинем видео. Подходит для автомобилей: Opel: Astra H (A04) 2006 - 2010, Insignia A (G09) 2008 - 2010, Zafira B (A05) 2007 - 2010 Комплектация: двигатель в сборе"; документация (договор купли‑продажи, чек, ГТД, cертификат ТР ТС 018/2011). Гарантия: 6 месяцев или 15 000 км пробега — при установке в авторизованном сервисе Преимущества: прошёл стендовые испытания и пробный запуск; оригинальный OEM-номер готовность к установке — не требует доработки; поддержка оформления в ГИБДД (предоставляем необходимые документы). Доставка: по России — транспортными компаниями (срок: 1–7 дней, стоимость: 1 000–5 000 руб.); самовывоз со склада Оплата: наличными; по QR-коду; кредитной картой;" безналичным рaсчетом c НДС возможна рассрочка (уточняйте условия). 📞 Позвоните — отвeтим на все ваши вопросы."",""http://avito.ru/autoload/1/items-to-feed/images?imageSlug=/image/1/1.aTC_eLawxdmJz0fU4WE-b6PYx9kP0c3TCQ.KRPO9L94v9bmqJVyCroWmS6AZJSrK_CeGFSxWJ9SPcM | http://avito.ru/autoload/1/items-to-feed/images?imageSlug=/image/1/1.ypDIiLawZnn-P-R00NeSz9QoZHl4IW5zfg.Y-X9ImODccc1xJGBAmtEOs14GHqZL6aNBrewZZvX6UQ | http://avito.ru/autoload/1/items-to-feed/images?imageSlug=/image/1/1.w4sgW7awb2IW7O1vKhy80zz7bWKQ8mdolg.A1qXt4UdPBdrKcIF4Rj84kJlcz4xTE_ACYzdIO_YjtQ | http://avito.ru/autoload/1/items-to-feed/images?imageSlug=/image/1/1.TDZUfbaw4N9iymLSQEgQaUjd4t_k1OjV4g.LTaOQv_CDo2-FItnHI7LH88IAW7XcAPVQ-fLAbeE_cQ"",""Двигатель Opel Zafira Z16XER"",116100,,,,,,new,,,OPEL,Z16XER,,21.10_26,active,,"
"07.09_181,Package,8403806051,79398997136,""Астраханская обл., Астрахань, пл. имени Ленина"",,""Запчасти и аксессуары"",""Двигатель Opel Zafira Z16XER Состояние: новый, пробег 0 км, не устанавливался. Модель: Z16XER Объём: 1,6 л Тип: бензиновый Мощность: 115 л. с. 📲 Напишите VIN — подбеpём тoчно ваш мотop и cкинем видео. Подходит для автомобилей: Opel: Astra H (A04) 2006 - 2010, Insignia A (G09) 2008 - 2010, Zafira B (A05) 2007 - 2010 Комплектация: двигатель в сборе"; документация (договор купли‑продажи, чек, ГТД, cертификат ТР ТС 018/2011). Гарантия: 6 месяцев или 15 000 км пробега — при установке в авторизованном сервисе Преимущества: прошёл стендовые испытания и пробный запуск; оригинальный OEM-номер готовность к установке — не требует доработки; поддержка оформления в ГИБДД (предоставляем необходимые документы). Доставка: по России — транспортными компаниями (срок: 1–7 дней, стоимость: 1 000–5 000 руб.); самовывоз со склада Оплата: наличными; по QR-коду; кредитной картой;" безналичным рaсчетом c НДС возможна рассрочка (уточняйте условия). 📞 Позвоните — отвeтим на все ваши вопросы."",""http://avito.ru/autoload/1/items-to-feed/images?imageSlug=/image/1/1.sQEO-LawHeg4T5_lYO79WBJYH-i-URXiuA.H3ahAnG3m9p1kqrTQBO4FGDitbkhpFp-3QJdu1M5B-A | http://avito.ru/autoload/1/items-to-feed/images?imageSlug=/image/1/1.nVYJ9rawMb8_QbOyP4jFCRVWM7-5Xzm1vw.N8I5ICKGJtyW9Cv7WB2vLh_qbrnFXfs4_0Tbb1F6VGE | http://avito.ru/autoload/1/items-to-feed/images?imageSlug=/image/1/1.Yi-t2Lawzsabb0zL5YlncLF4zMYdccbMGw.xe8wWGRP2HMXs8IvEAzpewEm06ggaQpF6Go8zocYWBo | http://avito.ru/autoload/1/items-to-feed/images?imageSlug=/image/1/1.I11CHbawj7R0qg25CB1rA169jbTytIe-9A.y3A2tmEGtD4rIzn9w93eLDGNogBjoymYvR_ZteT91DA"",""Двигатель Opel Zafira Z16XER"",116100,,,,,,new,,,OPEL,Z16XER,,21.10_26,active,,"
"07.09_218,Package,8403544746,79398997136,""Москва, Сормовский пр., 11с1"",,""Запчасти и аксессуары"",""Двигатель Toyota Fortuner 2TR Состояние: новый, пробег 0 км, не устанавливался. Модель: 2TR Объём: 2,7 л Тип: бензиновый Мощность: 150-160 л. с. 📲 Напишите VIN — подбеpём тoчно ваш мотop и cкинем видео. Подходит для автомобилей: Toyota: 4Runner 4 (N210) 2004 - 2009, 4Runner 5 (N280) 2009 - 2010, Fortuner 1 (AN50) 2004 - 2015, Fortuner 2 (AN160) 2015 - н.в., Innova 1 (AN40) 2004 - 2015, Innova 2 (AN140) 2015 - н.в., HiAce 5 (H200) 2004 - н.в., HiAce 6 (H300) 2019 - н.в., Hilux 7 (AN10) 2004 - 2015, Hilux 8 (AN120) 2015 - н.в., Hilux Champ 1 (AN110) 2023 - н.в., LC Prado 120 (J120) 2004 - 2009, LC Prado 150 (J150) 2009 - 2023, LC Prado 250 (J250) 2023 - н.в., Tacoma 2 (N220) 2004 - 2015, Tacoma 3 (N300) 2015 - 2023 Комплектация: двигатель в сборе"; документация (договор купли‑продажи, чек, ГТД, cертификат ТР ТС 018/2011). Гарантия: 6 месяцев или 15 000 км пробега — при установке в авторизованном сервисе Преимущества: прошёл стендовые испытания и пробный запуск; оригинальный OEM-номер готовность к установке — не требует доработки; поддержка оформления в ГИБДД (предоставляем необходимые документы). Доставка: по России — транспортными компаниями (срок: 1–7 дней, стоимость: 1 000–5 000 руб.); самовывоз со склада Оплата: наличными; по QR-коду; кредитной картой;" безналичным рaсчетом c НДС возможна рассрочка (уточняйте условия). 📞 Позвоните — отвeтим на все ваши вопросы."",""http://avito.ru/autoload/1/items-to-feed/images?imageSlug=/image/1/1.qQKAeLawBeu2z4fm3hrdW5zYB-sw0Q3hNg.w8TuQw1ZhEVwafBXWoFUT2O8qqn5ksld2u-bhIbZSrU | http://avito.ru/autoload/1/items-to-feed/images?imageSlug=/image/1/1.L5zn0rawg3XRZQF4taYVs_pygXVXe4t_UQ.YyGhE_sC023aBOsdsbrsFdOxDuesjEu_-HkJUWebrCM | http://avito.ru/autoload/1/items-to-feed/images?imageSlug=/image/1/1.TLW0vraw4FyCCWJRoOsX5K4e4lwEF-hWAg.urlQhdm3JhieGxiGA7bCI4o27d8Ws-WaeXv-S3Ifndk | http://avito.ru/autoload/1/items-to-feed/images?imageSlug=/image/1/1.Op7HS7awlnfx_BR6v2dlz93rlHd34p59cQ.xJj83oioMApfgJdFiD5Eg_HyuKJcrg6hhDXg0oWoTuI | http://avito.ru/autoload/1/items-to-feed/images?imageSlug=/image/1/1.bPfXDbawwB7hukITg3RIos2twh5npMgUYQ.to6SbyMkswkwgddGgMxz_oSo6qj-K7kj8qtsHOGE0v8"",""Двигатель Toyota Fortuner 2TR"",206100,,,,,,new,,,TOYOTA,2TR,,21.10_26,active,,"
"07.09_209,Package,8403077224,79398997136,""Челябинская обл., пос. Красное Поле, Северный тракт, 18/4"",,""Запчасти и аксессуары"",""Двигатель Opel Zafira Z16XER Состояние: новый, пробег 0 км, не устанавливался. Модель: Z16XER Объём: 1,6 л Тип: бензиновый Мощность: 115 л. с. 📲 Напишите VIN — подбеpём тoчно ваш мотop и cкинем видео. Подходит для автомобилей: Opel: Astra H (A04) 2006 - 2010, Insignia A (G09) 2008 - 2010, Zafira B (A05) 2007 - 2010 Комплектация: двигатель в сборе"; документация (договор купли‑продажи, чек, ГТД, cертификат ТР ТС 018/2011). Гарантия: 6 месяцев или 15 000 км пробега — при установке в авторизованном сервисе Преимущества: прошёл стендовые испытания и пробный запуск; оригинальный OEM-номер готовность к установке — не требует доработки; поддержка оформления в ГИБДД (предоставляем необходимые документы). Доставка: по России — транспортными компаниями (срок: 1–7 дней, стоимость: 1 000–5 000 руб.); самовывоз со склада Оплата: наличными; по QR-коду; кредитной картой;" безналичным рaсчетом c НДС возможна рассрочка (уточняйте условия). 📞 Позвоните — отвeтим на все ваши вопросы."",""http://avito.ru/autoload/1/items-to-feed/images?imageSlug=/image/1/1.Yf7tfbawzRfbyk8aowBnofHdzxdd1MUdWw.nxfn-EKitbaNubJ8ayj9SbngJwgRBmIyhkU8oSCvb-w | http://avito.ru/autoload/1/items-to-feed/images?imageSlug=/image/1/1.1DUjUbaweNwV5vrRB3aYaz_xetyT-HDWlQ.J8EaH2S0ho3moEzUQJiF2ymqqyEtgYUvelj_fxG3qrw | http://avito.ru/autoload/1/items-to-feed/images?imageSlug=/image/1/1.DVYLH7awob89qCOyHRdWCRe_o7-7tqm1vQ.Q68kwN_UqH3stDg255DkUml6ZXW0-asP06CM39j7vlA | http://avito.ru/autoload/1/items-to-feed/images?imageSlug=/image/1/1.ypbg6LawZn_WX-Ry-K-Gz_xIZH9QQW51Vg.HmpU7JMcaa2bkR3ynA--YJV-xhS3zJ9004ESxG9PPR8"",""Двигатель Opel Zafira Z16XER"",116100,,,,,,new,,,OPEL,Z16XER,,21.10_26,active,,"
"07.09_172,Package,8394054565,79398997136,""Саратовская обл., Саратов, Ново-Астраханское ш., 52А"",,""Запчасти и аксессуары"",""Двигатель Great Wall Wingle GW2.8TC Состояние: новый, пробег 0 км, не устанавливался. Модель: GW2.8TC Объём: 2,8 л Тип: бензиновый Мощность: 95 л. с. 📲 Напишите VIN — подбеpём тoчно ваш мотop и cкинем видео. Подходит для автомобилей: Great Wall: Hover H3 I (K1) 2006 - 2010, Wingle 3 I (K2) 2006 - 2011 Комплектация: двигатель в сборе"; документация (договор купли‑продажи, чек, ГТД, cертификат ТР ТС 018/2011). Гарантия: 6 месяцев или 15 000 км пробега — при установке в авторизованном сервисе Преимущества: прошёл стендовые испытания и пробный запуск; оригинальный OEM-номер готовность к установке — не требует доработки; поддержка оформления в ГИБДД (предоставляем необходимые документы). Доставка: по России — транспортными компаниями (срок: 1–7 дней, стоимость: 1 000–5 000 руб.); самовывоз со склада Оплата: наличными; по QR-коду; кредитной картой;" безналичным рaсчетом c НДС возможна рассрочка (уточняйте условия). 📞 Позвоните — отвeтим на все ваши вопросы."",""http://avito.ru/autoload/1/items-to-feed/images?imageSlug=/image/1/1.L7rNrbawg1P7GgFen40N7NcNgVN9BItZew.Pq_Ut6tu86jkGLuGxO0h-jvcwY89g9oqPlYyHNYSKhU | http://avito.ru/autoload/1/items-to-feed/images?imageSlug=/image/1/1.mXbKYLawNZ_817eS9FKpIdDAN596yT2VfA.9Po1PyfuO245TlQS9jaGILw9uCI4nNhgq8Ktc8QlwLg | http://avito.ru/autoload/1/items-to-feed/images?imageSlug=/image/1/1.VZ6Smbaw-XekLnt6tNxHzog5-3ciMPF9JA.0ROWPpnfwWMVttbAEPAHwcL768sIpPS-i3hfq3yWNzc | http://avito.ru/autoload/1/items-to-feed/images?imageSlug=/image/1/1.gagiTrawLUEU-a9MLHCo_jjuL0GS5yVLlA.qidRCiHQAeYzOxE_9do26iRCvrVVFyEHva3Gp9pn28Q | http://avito.ru/autoload/1/items-to-feed/images?imageSlug=/image/1/1.PdN-37awkTpIaBM3CLcShmR_kzrOdpkwyA.8TokbhFVEOupPJqk3uSr39DuEuSMAGBlzkkE5dqxWEo"",""Двигатель Great Wall Wingle GW2.8TC"",139500,,,,,,new,,,""Great Wall"",GW2.TC,,21.10_26,active,,"
"07.09_203,Package,8393886246,79398997136,""Свердловская обл., Екатеринбург, Ветеринарная ул., 9"",,""Запчасти и аксессуары"",""Двигатель Opel Zafira Z16XER Состояние: новый, пробег 0 км, не устанавливался. Модель: Z16XER Объём: 1,6 л Тип: бензиновый Мощность: 115 л. с. 📲 Напишите VIN — подбеpём тoчно ваш мотop и cкинем видео. Подходит для автомобилей: Opel: Astra H (A04) 2006 - 2010, Insignia A (G09) 2008 - 2010, Zafira B (A05) 2007 - 2010 Комплектация: двигатель в сборе"; документация (договор купли‑продажи, чек, ГТД, cертификат ТР ТС 018/2011). Гарантия: 6 месяцев или 15 000 км пробега — при установке в авторизованном сервисе Преимущества: прошёл стендовые испытания и пробный запуск; оригинальный OEM-номер готовность к установке — не требует доработки; поддержка оформления в ГИБДД (предоставляем необходимые документы). Доставка: по России — транспортными компаниями (срок: 1–7 дней, стоимость: 1 000–5 000 руб.); самовывоз со склада Оплата: наличными; по QR-коду; кредитной картой;" безналичным рaсчетом c НДС возможна рассрочка (уточняйте условия). 📞 Позвоните — отвeтим на все ваши вопросы."",""http://avito.ru/autoload/1/items-to-feed/images?imageSlug=/image/1/1.CsDNZLawpin70yQk1XgOn9HEpCl9za4jew.gYLCS3YVCvfQIexKkAFq0wW6YWtJh3ieQ5ljXpsoPyI | http://avito.ru/autoload/1/items-to-feed/images?imageSlug=/image/1/1.MySgVbawn82W4h3AymFne7z1nc0Q_JfHFg.0DoFKUMYrcEtY7sY0m0dqTL0W2ZuQhkK6JhbchoO8mI | http://avito.ru/autoload/1/items-to-feed/images?imageSlug=/image/1/1.wNWbR7awbDyt8O4xl3CgiIfnbjwr7mQ2LQ.dyJPgX4itqKCJvhZE557CnvP4ge966bKNRBXgVqS3Tc | http://avito.ru/autoload/1/items-to-feed/images?imageSlug=/image/1/1.R0LZ6baw66vvXmmm2-wKHMVJ6atpQOOhbw.hgXuwbSzlqbdWKOSWVVVXXh6kOLKmeylM1W3OKRXhv0"",""Двигатель Opel Zafira Z16XER"",116100,,,,,,new,,,OPEL,Z16XER,,21.10_26,active,,"
"07.09_193,Package,8393769945,79398997136,""Пензенская обл., Пенза, пл. Ленина"",,""Запчасти и аксессуары"",""Двигатель Opel Zafira Z16XER Состояние: новый, пробег 0 км, не устанавливался. Модель: Z16XER Объём: 1,6 л Тип: бензиновый Мощность: 115 л. с. 📲 Напишите VIN — подбеpём тoчно ваш мотop и cкинем видео. Подходит для автомобилей: Opel: Astra H (A04) 2006 - 2010, Insignia A (G09) 2008 - 2010, Zafira B (A05) 2007 - 2010 Комплектация: двигатель в сборе"; документация (договор купли‑продажи, чек, ГТД, cертификат ТР ТС 018/2011). Гарантия: 6 месяцев или 15 000 км пробега — при установке в авторизованном сервисе Преимущества: прошёл стендовые испытания и пробный запуск; оригинальный OEM-номер готовность к установке — не требует доработки; поддержка оформления в ГИБДД (предоставляем необходимые документы). Доставка: по России — транспортными компаниями (срок: 1–7 дней, стоимость: 1 000–5 000 руб.); самовывоз со склада Оплата: наличными; по QR-коду; кредитной картой;" безналичным рaсчетом c НДС возможна рассрочка (уточняйте условия). 📞 Позвоните — отвeтим на все ваши вопросы."",""http://avito.ru/autoload/1/items-to-feed/images?imageSlug=/image/1/1.MpkN2LawnnA7bxx9ZaBsxhF4nHC9cZZ6uw.Ttoymnp7tshOF1AbW4lYaL276RfjrG72eZNLBh1l2WE | http://avito.ru/autoload/1/items-to-feed/images?imageSlug=/image/1/1.WBsuzraw9PIYeXb_Ep8sQzJu9vKeZ_z4mA.2KzE3AlNb8JVb-ISAuc5nGzcFeN3BBUtcyYIhdGe2qo | http://avito.ru/autoload/1/items-to-feed/images?imageSlug=/image/1/1.l6GjzLawO0iVe7lFgbLY_79sOUgTZTNCFQ.TzrXlsXz4NBFGfUxyENuxLYGcCdp_pM2iyn77tu6jc0 | http://avito.ru/autoload/1/items-to-feed/images?imageSlug=/image/1/1.r4QcxrawA20qcYFgTtjh3QBmAW2sbwtnqg.lsulKkpRwzLjkQUxEwqF3H9pBJWIcqNbwrQ-b92WcsU"",""Двигатель Opel Zafira Z16XER"",116100,,,,,,new,,,OPEL,Z16XER,,21.10_26,active,,"
"07.09_154,Package,8393203557,79398997136,""Кемеровская обл., Кемерово, Советский пр-т"",,""Запчасти и аксессуары"",""Двигатель Great Wall Wingle GW2.8TC Состояние: новый, пробег 0 км, не устанавливался. Модель: GW2.8TC Объём: 2,8 л Тип: бензиновый Мощность: 95 л. с. 📲 Напишите VIN — подбеpём тoчно ваш мотop и cкинем видео. Подходит для автомобилей: Great Wall: Hover H3 I (K1) 2006 - 2010, Wingle 3 I (K2) 2006 - 2011 Комплектация: двигатель в сборе"; документация (договор купли‑продажи, чек, ГТД, cертификат ТР ТС 018/2011). Гарантия: 6 месяцев или 15 000 км пробега — при установке в авторизованном сервисе Преимущества: прошёл стендовые испытания и пробный запуск; оригинальный OEM-номер готовность к установке — не требует доработки; поддержка оформления в ГИБДД (предоставляем необходимые документы). Доставка: по России — транспортными компаниями (срок: 1–7 дней, стоимость: 1 000–5 000 руб.); самовывоз со склада Оплата: наличными; по QR-коду; кредитной картой;" безналичным рaсчетом c НДС возможна рассрочка (уточняйте условия). 📞 Позвоните — отвeтим на все ваши вопросы."",""http://avito.ru/autoload/1/items-to-feed/images?imageSlug=/image/1/1.G10GRLawt7Qw8zW5PEQRChzktbS27b--sA.tV0Qnn0MvHXuM9FK5P84nGoomVC4A-lfNH59utj5Cp8 | http://avito.ru/autoload/1/items-to-feed/images?imageSlug=/image/1/1.zmyLALawYoW9t-CIm1vEO5GgYIU7qWqPPQ.felzHbthF35HqkRTJkgmRDaFKafAi8mW4ov7qa-Mk58 | http://avito.ru/autoload/1/items-to-feed/images?imageSlug=/image/1/1.p0L3rbawC6vBGommtfvlE-0NCatHBAOhQQ.MiaaUAIdTCMzS7WPzDXFRfb_fscY_X9-bnAZXDnbDAM | http://avito.ru/autoload/1/items-to-feed/images?imageSlug=/image/1/1.ehPEyraw1vryfVT3vOMpRd5q1Pp0Y97wcg.P-YOjuU8IchPFfpD0iEo4-DCYlyOtp4bhyJtUp6qIEw | http://avito.ru/autoload/1/items-to-feed/images?imageSlug=/image/1/1.GIhXabawtGFh3jZsawEz3k3JtmHnwLxr4Q._cis-h2GMHudhiVa2wdaNnbszsjLkDUD_-WhYjD2WGk"",""Двигатель Great Wall Wingle GW2.8TC"",139500,,,,,,new,,,""Great Wall"",GW2.TC,,21.10_26,active,,"
"07.09_202,Package,8392956004,79398997136,""Саратовская обл., Саратов, Ново-Астраханское ш., 52А"",,""Запчасти и аксессуары"",""Двигатель Opel Zafira Z16XER Состояние: новый, пробег 0 км, не устанавливался. Модель: Z16XER Объём: 1,6 л Тип: бензиновый Мощность: 115 л. с. 📲 Напишите VIN — подбеpём тoчно ваш мотop и cкинем видео. Подходит для автомобилей: Opel: Astra H (A04) 2006 - 2010, Insignia A (G09) 2008 - 2010, Zafira B (A05) 2007 - 2010 Комплектация: двигатель в сборе"; документация (договор купли‑продажи, чек, ГТД, cертификат ТР ТС 018/2011). Гарантия: 6 месяцев или 15 000 км пробега — при установке в авторизованном сервисе Преимущества: прошёл стендовые испытания и пробный запуск; оригинальный OEM-номер готовность к установке — не требует доработки; поддержка оформления в ГИБДД (предоставляем необходимые документы). Доставка: по России — транспортными компаниями (срок: 1–7 дней, стоимость: 1 000–5 000 руб.); самовывоз со склада Оплата: наличными; по QR-коду; кредитной картой;" безналичным рaсчетом c НДС возможна рассрочка (уточняйте условия). 📞 Позвоните — отвeтим на все ваши вопросы."",""http://avito.ru/autoload/1/items-to-feed/images?imageSlug=/image/1/1.5DTilbawSN3UIsrQpvarbf41St1SPEDXVA.njjESkinIqwhS3RLKpXeNvzbVMgazpd14lZf0f71B-8 | http://avito.ru/autoload/1/items-to-feed/images?imageSlug=/image/1/1.8TBtnbawXdlbKt_UA76lb3E9X9ndNFXT2w.UJsHY6GUzHG_E6BFXzCWaPDCby0CmHpx5lG53e5dSvo | http://avito.ru/autoload/1/items-to-feed/images?imageSlug=/image/1/1.X4TZyraw823vfXFg688F28Vq8W1pY_tnbw.gjuSGWK48S9WyG3mxpCKjC3LS9XIS67MVGXzBEwGSCI | http://avito.ru/autoload/1/items-to-feed/images?imageSlug=/image/1/1.YrKd2bawzlurbkxW1cQp7IF5zFstcMZRKw.0wvAZ3qz1sPg32ZvAvgfSYcVXN6xfOzha8VnZnlNiQU"",""Двигатель Opel Zafira Z16XER"",116100,,,,,,new,,,OPEL,Z16XER,,21.10_26,active,,"
"07.09_35,Package,8389469190,79398997136,""Кировская обл., Киров, Театральная пл."",,""Запчасти и аксессуары"",""Двигатель Senova X25 A151A1 Состояние: новый, пробег 0 км, не устанавливался. Модель: A151A1 Объём: 1,5 л Тип: бензиновый Мощность: 105-116 л. с. 📲 Напишите VIN — подбеpём тoчно ваш мотop и cкинем видео. Подходит для автомобилей: BAIC: U5 Plus I (C40D) 2021 - н.в., X35 II (C32) 2021 - н.в. Senova: D20 I (C30D) 2014 - 2020, D50 I (C50E) 2015 - 2017, D50 II (C40D) 2017 - н.в., X25 I (C33D) 2015 - 2019, X35 I (C32B) 2016 - 2018, X35 II (C32) 2019 - н.в. Комплектация: двигатель в сборе"; документация (договор купли‑продажи, чек, ГТД, cертификат ТР ТС 018/2011). Гарантия: 6 месяцев или 15 000 км пробега — при установке в авторизованном сервисе Преимущества: прошёл стендовые испытания и пробный запуск; оригинальный OEM-номер готовность к установке — не требует доработки; поддержка оформления в ГИБДД (предоставляем необходимые документы). Доставка: по России — транспортными компаниями (срок: 1–7 дней, стоимость: 1 000–5 000 руб.); самовывоз со склада Оплата: наличными; по QR-коду; кредитной картой;" безналичным рaсчетом c НДС возможна рассрочка (уточняйте условия). 📞 Позвоните — отвeтим на все ваши вопросы."",""http://avito.ru/autoload/1/items-to-feed/images?imageSlug=/image/1/1.J4jZJ7awi2HvkAlsmzdR0MWHiWFpjoNrbw.hWBPcz1AcO6Bbcq1DSNl3yZETEPlgTXpHY6bylX8sEQ | http://avito.ru/autoload/1/items-to-feed/images?imageSlug=/image/1/1.cxwAdbaw3_U2wl34anh5QxzV3fWw3Nf_tg.kGBepOZBgT5uXsboGpgz09Jp54htG3P_5852zPuBcc4 | http://avito.ru/autoload/1/items-to-feed/images?imageSlug=/image/1/1.qxPKlbawB_r8IoX3kMfTS9Y1Bfp6PA_wfA.U9auRrpj43h34-8XlTejpJJaEvCYi9bui05fV9MXcss | http://avito.ru/autoload/1/items-to-feed/images?imageSlug=/image/1/1.RD1prbaw6NRfGmrZbaw-ZXUN6tTZBODe3w.kZ7mBxx18tKW6I4iOajwqKNHp4npvQfwxpEnPpzzGPs | http://avito.ru/autoload/1/items-to-feed/images?imageSlug=/image/1/1.apkwW7awxnAG7ER9aDJOzyr7xHCA8s56hg.WPNzLzau2yWeg41JZIzVrvif5ZPZZ3jsSlcroEiP1Ns"",""Двигатель Senova X25 A151A5"",119000,,,,,,new,,,BAIC,A151A1,,21.10_26,active,,"
"07.09_78,Package,8389385258,79398997136,""Ростовская обл., Ростов-на-Дону, ул. Нансена, 103Ис129"",,""Запчасти и аксессуары"",""Двигатель Great Wall Ноver Н5 4G64S4N Состояние: абсолютно новый, пробег 0 км, не устанавливался. Модель: Great Wall 4G64S4N Объём: 2,4 л Тип: бензиновый Мощность: 126 л. с. 📲 Напишите VIN — подбеpём тoчно ваш мотop и cкинем видео. Подходит для автомобилей: Great Wall Ноver Н5 (02.2011 - 07.2016) Комплектация: двигатель в сборе"; документация (договор купли‑продажи, чек, ГТД, cертификат ТР ТС 018/2011). Гарантия: 6 месяцев или 15 000 км пробега — при установке в авторизованном сервисе Преимущества: прошёл стендовые испытания и пробный запуск; оригинальный OEM-номер готовность к установке — не требует доработки; поддержка оформления в ГИБДД (предоставляем необходимые документы). Доставка: по России — транспортными компаниями (срок: 1–7 дней, стоимость: 1 000–5 000 руб.); самовывоз со склада Оплата: наличными; по QR-коду; кредитной картой;" безналичным рaсчетом c НДС возможна рассрочка (уточняйте условия). 📞 Позвоните — отвeтим на все ваши вопросы."",""http://avito.ru/autoload/1/items-to-feed/images?imageSlug=/image/1/1.L69HzLawg0ZxewFLFfhb8VtsgUb3ZYtM8Q.WiDt_BhoF2fevjQ47hyE6X3e6zxm7nzOFkw5iVQOWtQ | http://avito.ru/autoload/1/items-to-feed/images?imageSlug=/image/1/1.SSHtQraw5cjb9WfF80cyefHi58hd6-3CWw.qYR47YQoJ478xlRdWN8uQrdOvXWMeCNs0G-dpd8x6_s | http://avito.ru/autoload/1/items-to-feed/images?imageSlug=/image/1/1._OWkfLawUAySy9IB0DuHvbjcUgwU1VgGEg.Yd7Cwf6Uya5sBMbr8SIiIPfyVtcwyZkliuZ7avvHAy8 | http://avito.ru/autoload/1/items-to-feed/images?imageSlug=/image/1/1.mpHiCLawNnjUv7R12nbXz_6oNHhSoT5yVA.dqiFsqo3FnyY2ePs5TdWKg9FjALSs2Nq4ZaTUyYIFWw | http://avito.ru/autoload/1/items-to-feed/images?imageSlug=/image/1/1.UJabTLaw_H-t-35yt0lYyYfs_n8r5fR1LQ.VURCenhDKguP7ns0mz6AWU11UOmFPJRpvWLE-Cg8Z7c | http://avito.ru/autoload/1/items-to-feed/images?imageSlug=/image/1/1.hgQBYLawKu0316jgAQr-XB3AKO2xySLntw.Wmcxz6OjCfkEtruyoJlTS7D_TfAOCz6sZJoy_a3uI_c | http://avito.ru/autoload/1/items-to-feed/images?imageSlug=/image/1/1.Sdntcraw5TDbxWc98zc9h_HS5zBd2-06Ww.Gew51u9ygTOIM0SdjLPJdwS18YpHqn0xJHejdBBtai0 | http://avito.ru/autoload/1/items-to-feed/images?imageSlug=/image/1/1.j6C7zLawI0mNe6FEqYLE_qdsIUkLZStDDQ.n1ap2f2XdFVN7W-BDRkN-P_WNMTy5Js0QZuYk4t7O9o | http://avito.ru/autoload/1/items-to-feed/images?imageSlug=/image/1/1.DvwBH7awohU3qCAYERcJox2_oBWxtqoftw.Ut3OqTik9RlSqR7XBdU3bxTrdZ8uYM3WnXU3hevh4qI"",""Двигатель Great Wall Ноver Н5 4G64S4N"",89100,,,,,,new,,,""Great Wall"",4G64S4N,,21.10_26,active,,"
"07.09_178,Package,8389339462,79398997136,""Ханты-Мансийский автономный округ — Югра, ДПК Север, Межозёрная ул., 27"",,""Запчасти и аксессуары"",""Двигатель Great Wall Wingle GW2.8TC Состояние: новый, пробег 0 км, не устанавливался. Модель: GW2.8TC Объём: 2,8 л Тип: бензиновый Мощность: 95 л. с. 📲 Напишите VIN — подбеpём тoчно ваш мотop и cкинем видео. Подходит для автомобилей: Great Wall: Hover H3 I (K1) 2006 - 2010, Wingle 3 I (K2) 2006 - 2011 Комплектация: двигатель в сборе"; документация (договор купли‑продажи, чек, ГТД, cертификат ТР ТС 018/2011). Гарантия: 6 месяцев или 15 000 км пробега — при установке в авторизованном сервисе Преимущества: прошёл стендовые испытания и пробный запуск; оригинальный OEM-номер готовность к установке — не требует доработки; поддержка оформления в ГИБДД (предоставляем необходимые документы). Доставка: по России — транспортными компаниями (срок: 1–7 дней, стоимость: 1 000–5 000 руб.); самовывоз со склада Оплата: наличными; по QR-коду; кредитной картой;" безналичным рaсчетом c НДС возможна рассрочка (уточняйте условия). 📞 Позвоните — отвeтим на все ваши вопросы."",""http://avito.ru/autoload/1/items-to-feed/images?imageSlug=/image/1/1.fReP-7aw0f65TFPz-dJCQZVb0_4_Utn0OQ.6cBXG6Ux8naFoz_Free4ZlpSEHTKIxXPG8khro_u9DM | http://avito.ru/autoload/1/items-to-feed/images?imageSlug=/image/1/1.OCGTArawlMiltRbF7w4bd4milsgjq5zCJQ.3tY3JiRdvCKxiDuXveooCVIf7cEfF3V-LZfCMihI8v8 | http://avito.ru/autoload/1/items-to-feed/images?imageSlug=/image/1/1.rdJXZ7awATth0IM2AVGrhU3HAzvnzgkx4Q.JaBS2CT2mjAU5Z0Xq4OryCte8vVaCpdHKI1agUkdaWE | http://avito.ru/autoload/1/items-to-feed/images?imageSlug=/image/1/1.lQpimrawOeNULbvuRKSTXXg6O-PSMzHp1A.p5AqHU2rIq5fnYgarGzi45rxWSiF9uNJxI2q5RO3w3Q | http://avito.ru/autoload/1/items-to-feed/images?imageSlug=/image/1/1.u5tTpbawF3JlEpV_Kb-dzUkFFXLjDB945Q.j9KzCrZVNzoJygk_S6AnxY1DBM6Rujuh7OGr23yBfSM"",""Двигатель Great Wall Wingle GW2.8TC"",139500,,,,,,new,,,""Great Wall"",GW2.TC,,21.10_26,active,,"
"07.09_124,Package,8384550251,79398997136,""Кемеровская обл., Кемерово, Советский пр-т"",,""Запчасти и аксессуары"",""Двигатель Volkswagen Scirocco CCZ Состояние: новый, пробег 0 км, не устанавливался. Модель: CCZ Объём: 2,0 л Тип: бензиновый Мощность: 200 л. с. 📲 Напишите VIN — подбеpём тoчно ваш мотop и cкинем видео. Подходит для автомобилей: Seat: Altea 1 (5P) 2009 - 2015, Leon 2 (1P) 2009 - 2012 Volkswagen: Golf 6 (5K) 2009 - 2012, Eos 1 (1F) 2009 - 2015, Beetle 2 (5C) 2013 - 2014, Scirocco 3 (137) 2009 - 2014, Passat B7 (36) 2010 - 2014, Passat B7 Alltrack (365) 2012 - 2015, Passat CC (35) 2010 - 2015, Tiguan 1 (5N) 2011 - 2015 Комплектация: двигатель в сборе"; документация (договор купли‑продажи, чек, ГТД, cертификат ТР ТС 018/2011). Гарантия: 6 месяцев или 15 000 км пробега — при установке в авторизованном сервисе Преимущества: прошёл стендовые испытания и пробный запуск; оригинальный OEM-номер готовность к установке — не требует доработки; поддержка оформления в ГИБДД (предоставляем необходимые документы). Доставка: по России — транспортными компаниями (срок: 1–7 дней, стоимость: 1 000–5 000 руб.); самовывоз со склада Оплата: наличными; по QR-коду; кредитной картой;" безналичным рaсчетом c НДС возможна рассрочка (уточняйте условия). 📞 Позвоните — отвeтим на все ваши вопросы."",""http://avito.ru/autoload/1/items-to-feed/images?imageSlug=/image/1/1.plezFLawCr6Fo4iz81ahCK-0CL4DvQK0BQ.j8N0G_Kf4mjp8KjUOpOD-RXYsmxPlZ0FFtQT53VvZh0 | http://avito.ru/autoload/1/items-to-feed/images?imageSlug=/image/1/1.ndN657awMTpMULM3TJG2hmBHMzrKTjkwzA.GlW817wcRlQF5jSwVqj82yauHQwQ_p4U3WOxu8DuCHk | http://avito.ru/autoload/1/items-to-feed/images?imageSlug=/image/1/1.WXXs4Law9ZzaV3eR0uVbIvZA95xcSf2WWg.5f2xfBIP5Gjn2t1Jkc-HzyGW2k1JBME3Z5D9OsAMBgg | http://avito.ru/autoload/1/items-to-feed/images?imageSlug=/image/1/1.ywJNc7awZ-t7xOXmV1zSUlfTZev92m_h-w.gASPZ_pBQT_sTCNac2hW3QdwVRAZQS2KdHvJf8VqRRo | http://avito.ru/autoload/1/items-to-feed/images?imageSlug=/image/1/1.ve-M0LawEQa6Z5ML-oapv5ZwEwY8eRkMOg.lddFBE7gumTBUdgl4lhppq7kDF_Pz4QSQ604HoXNJWM"",""Двигатель Volkswagen Scirocco CCZ"",168300,,,,,,new,,,VAG,CCZ,,21.10_26,active,,"
"07.09_98,Package,8384237171,79398997136,""Москва, Сормовский пр., 11с1"",,""Запчасти и аксессуары"",""Двигатель Volkswagen Golf CHP Состояние: новый, пробег 0 км, не устанавливался. Модель: CHP Объём: 1,4 л Тип: бензиновый Мощность: 140 л. с. 📲 Напишите VIN — подбеpём тoчно ваш мотop и cкинем видео. Подходит для автомобилей: Skoda: Octavia 3 (5E) 2012 - 2015  Seat: Leon 3 (5F) 2012 - 2014  Volkswagen: Golf 7 (5G) 2012 - 2014 Комплектация: двигатель в сборе"; документация (договор купли‑продажи, чек, ГТД, cертификат ТР ТС 018/2011). Гарантия: 6 месяцев или 15 000 км пробега — при установке в авторизованном сервисе Преимущества: прошёл стендовые испытания и пробный запуск; оригинальный OEM-номер готовность к установке — не требует доработки; поддержка оформления в ГИБДД (предоставляем необходимые документы). Доставка: по России — транспортными компаниями (срок: 1–7 дней, стоимость: 1 000–5 000 руб.); самовывоз со склада Оплата: наличными; по QR-коду; кредитной картой;" безналичным рaсчетом c НДС возможна рассрочка (уточняйте условия). 📞 Позвоните — отвeтим на все ваши вопросы."",""http://avito.ru/autoload/1/items-to-feed/images?imageSlug=/image/1/1.Tr9JJLaw4lZ_k2BbWQ0O7lOE4Fb5jepc_w.HTm9Ek7qjD9GeUj-PXWvaOl3lNL8O7YfRqa7FekkSNo | http://avito.ru/autoload/1/items-to-feed/images?imageSlug=/image/1/1.t4QyJrawG20EkZlgUHjC3C6GGW2CjxNnhA.USsuGxsQ_m3jk_utZptVf8XyFwk-gYLCzN9VreYLisI | http://avito.ru/autoload/1/items-to-feed/images?imageSlug=/image/1/1.kQn1L7awPeDDmL_t22m4XO-PP-BFhjXqQw.NtZajnROi2qPv3_WOHM9qm6dPe_efRT6K_05O0i9Hm8 | http://avito.ru/autoload/1/items-to-feed/images?imageSlug=/image/1/1.xIrwv7awaGPGCOpu9Kzh3-ofamNAFmBpRg.nlXaSY7vAqbZPqohY8yK_hZfM8SboiJ-lENJBshyFXs | http://avito.ru/autoload/1/items-to-feed/images?imageSlug=/image/1/1.isud37awJiKraKQvhYH9k4F_JCItdi4oKw.h664FeA_xIvFyrEfBLg7-lnI2kyVojB7i3iDViv3HVs | http://avito.ru/autoload/1/items-to-feed/images?imageSlug=/image/1/1.97TZJLawW13vk9lQu0-N7MWEWV1pjVNXbw.1CrppmpE0IxKV_EN1fiGh47U4GC0uhDCm2DTuYqW7Io"",""Двигатель Volkswagen Golf CHP"",130500,,,,,,new,,,VAG,CHP,,21.10_26,active,,"
"07.09_83,Package,8384083948,79398997136,""Свердловская обл., Екатеринбург, Ветеринарная ул., 9"",,""Запчасти и аксессуары"",""Двигатель Great Wall Ноver Н5 4G64S4N Состояние: абсолютно новый, пробег 0 км, не устанавливался. Модель: Great Wall 4G64S4N Объём: 2,4 л Тип: бензиновый Мощность: 126 л. с. 📲 Напишите VIN — подбеpём тoчно ваш мотop и cкинем видео. Подходит для автомобилей: Great Wall Ноver Н5 (02.2011 - 07.2016) Комплектация: двигатель в сборе"; документация (договор купли‑продажи, чек, ГТД, cертификат ТР ТС 018/2011). Гарантия: 6 месяцев или 15 000 км пробега — при установке в авторизованном сервисе Преимущества: прошёл стендовые испытания и пробный запуск; оригинальный OEM-номер готовность к установке — не требует доработки; поддержка оформления в ГИБДД (предоставляем необходимые документы). Доставка: по России — транспортными компаниями (срок: 1–7 дней, стоимость: 1 000–5 000 руб.); самовывоз со склада Оплата: наличными; по QR-коду; кредитной картой;" безналичным рaсчетом c НДС возможна рассрочка (уточняйте условия). 📞 Позвоните — отвeтим на все ваши вопросы."",""http://avito.ru/autoload/1/items-to-feed/images?imageSlug=/image/1/1.14TyBrawe23Esflg0Bmi2u6meW1Cr3NnRA.TOVKj5fEkbVckRVy8YlFbSS4aC5T6BSevKEgzEPLD6g | http://avito.ru/autoload/1/items-to-feed/images?imageSlug=/image/1/1.ks4N37awPic7aLwqJeXnlhF_PCe9djYtuw.IT9LWn4zdxqxb2UgQFWUcxTgwIntDJfOfCTwnJ1vChE | http://avito.ru/autoload/1/items-to-feed/images?imageSlug=/image/1/1.spHkGLawHnjSr5x1jGL8z_i4HHhUsRZyUg.Hv89W1T82vQGQgXALWa0DZSEz9VloswD8TS52hLLnJs | http://avito.ru/autoload/1/items-to-feed/images?imageSlug=/image/1/1.Axwi9bawr_UUQi34KKkBQz5VrfWSXKf_lA.Y5v2ecNpUcwRwosxmPDAFWpWJ90uJKYRlQSYQTBP-yU | http://avito.ru/autoload/1/items-to-feed/images?imageSlug=/image/1/1.XlwAi7aw8rU2PHC4MP4IAxwr8LWwIvq_tg.QNAJGD-W1JBlity2_8cs6AgSSjSeB7yv-x-XUnrHqaI | http://avito.ru/autoload/1/items-to-feed/images?imageSlug=/image/1/1.EjDNULawvtn75zzU5XAMb9HwvNl9-bbTew.Fo8f5WbVLc1-YwaFp9MRBXJ0xyaFe_UU-8GITzPHRCQ | http://avito.ru/autoload/1/items-to-feed/images?imageSlug=/image/1/1.XVZRDraw8b9nuXOyZw9dCU2u87_hp_m15w.aemtXdwqdK44j6YGT-2jFiRj4VOyxxqKXuBm3-hg7ec | http://avito.ru/autoload/1/items-to-feed/images?imageSlug=/image/1/1.epDL9raw1nn9QVR0s_83yddW1Hl7X95zfQ.B2nZ6nsZwpqciv_dXPJwI5-UYgrZgL3rk6s_5WlSMcg | http://avito.ru/autoload/1/items-to-feed/images?imageSlug=/image/1/1.eMZCMbaw1C90hlYiPkQNn16R1i_ymNwl9A.eJ0cX7q2iJv_MHLekaSCDDjzitS6Klj3MpyleudBbXs"",""Двигатель Great Wall Ноver Н5 4G64S4N"",89100,,,,,,new,,,""Great Wall"",4G64S4N,,21.10_26,active,,"
"07.09_131,Package,8384028717,79398997136,""Омская обл., Омск, 26-я Северная ул., 13А/1Б"",,""Запчасти и аксессуары"",""Двигатель Volkswagen Scirocco CCZ Состояние: новый, пробег 0 км, не устанавливался. Модель: CCZ Объём: 2,0 л Тип: бензиновый Мощность: 200 л. с. 📲 Напишите VIN — подбеpём тoчно ваш мотop и cкинем видео. Подходит для автомобилей: Seat: Altea 1 (5P) 2009 - 2015, Leon 2 (1P) 2009 - 2012 Volkswagen: Golf 6 (5K) 2009 - 2012, Eos 1 (1F) 2009 - 2015, Beetle 2 (5C) 2013 - 2014, Scirocco 3 (137) 2009 - 2014, Passat B7 (36) 2010 - 2014, Passat B7 Alltrack (365) 2012 - 2015, Passat CC (35) 2010 - 2015, Tiguan 1 (5N) 2011 - 2015 Комплектация: двигатель в сборе"; документация (договор купли‑продажи, чек, ГТД, cертификат ТР ТС 018/2011). Гарантия: 6 месяцев или 15 000 км пробега — при установке в авторизованном сервисе Преимущества: прошёл стендовые испытания и пробный запуск; оригинальный OEM-номер готовность к установке — не требует доработки; поддержка оформления в ГИБДД (предоставляем необходимые документы). Доставка: по России — транспортными компаниями (срок: 1–7 дней, стоимость: 1 000–5 000 руб.); самовывоз со склада Оплата: наличными; по QR-коду; кредитной картой;" безналичным рaсчетом c НДС возможна рассрочка (уточняйте условия). 📞 Позвоните — отвeтим на все ваши вопросы."",""http://avito.ru/autoload/1/items-to-feed/images?imageSlug=/image/1/1.mTqa-LawNdOsT7fepM7sZIZYN9MqUT3ZLA.BGa-jQwxAUtQAE1P3tQ3E4iIsLkthhv9-lFI70v-6yg | http://avito.ru/autoload/1/items-to-feed/images?imageSlug=/image/1/1.CMp5s7awpCNPBCYuZecNnWMTpiPJGqwpzw.bAAz4IljqwbmkMNUSwd7RCvo31ylchMk9DSMxRVjdLE | http://avito.ru/autoload/1/items-to-feed/images?imageSlug=/image/1/1.yww7M7awZ-UNhOXoIVTPWyGTZeWLmm_vjQ.TGcg2vy1zcSBV8N7xJ776qGI67nZkgWLVwPPPq_cF14 | http://avito.ru/autoload/1/items-to-feed/images?imageSlug=/image/1/1.VB6cv7aw-PeqCHr6uMJZSYYf-vcsFvD9Kg.iAudnI3Y62qIgpUhNuLMWo23ksLrs4K_nkA76WOi4qA | http://avito.ru/autoload/1/items-to-feed/images?imageSlug=/image/1/1.1myeMLaweoWoh_iIviv1OoSQeIUumXKPKA.5x9XgCvBrCkALlq4KmfunEZGgH97wV9QL8Sq4vpV3Wg"",""Двигатель Volkswagen Scirocco CCZ"",168300,,,,,,new,,,VAG,CCZ,,21.10_26,active,,"
"07.09_53,Package,8383924699,79398997136,""Свердловская обл., Екатеринбург, Ветеринарная ул., 9"",,""Запчасти и аксессуары"",""Двигатель Senova X25 A151A1 Состояние: новый, пробег 0 км, не устанавливался. Модель: A151A1 Объём: 1,5 л Тип: бензиновый Мощность: 105-116 л. с. 📲 Напишите VIN — подбеpём тoчно ваш мотop и cкинем видео. Подходит для автомобилей: BAIC: U5 Plus I (C40D) 2021 - н.в., X35 II (C32) 2021 - н.в. Senova: D20 I (C30D) 2014 - 2020, D50 I (C50E) 2015 - 2017, D50 II (C40D) 2017 - н.в., X25 I (C33D) 2015 - 2019, X35 I (C32B) 2016 - 2018, X35 II (C32) 2019 - н.в. Комплектация: двигатель в сборе"; документация (договор купли‑продажи, чек, ГТД, cертификат ТР ТС 018/2011). Гарантия: 6 месяцев или 15 000 км пробега — при установке в авторизованном сервисе Преимущества: прошёл стендовые испытания и пробный запуск; оригинальный OEM-номер готовность к установке — не требует доработки; поддержка оформления в ГИБДД (предоставляем необходимые документы). Доставка: по России — транспортными компаниями (срок: 1–7 дней, стоимость: 1 000–5 000 руб.); самовывоз со склада Оплата: наличными; по QR-коду; кредитной картой;" безналичным рaсчетом c НДС возможна рассрочка (уточняйте условия). 📞 Позвоните — отвeтим на все ваши вопросы."",""http://avito.ru/autoload/1/items-to-feed/images?imageSlug=/image/1/1.RyzZzbaw68XvemnI25Qbc8Vt6cVpZOPPbw.V2JEIzMLPKNxzHWet-qbaV9XcDIFRCJ4SoVC-TqSbfM | http://avito.ru/autoload/1/items-to-feed/images?imageSlug=/image/1/1.cB8Ejraw3PYyOV77aPsBRhgu3va0J9T8sg.5ceSy5L810g_V_6xy6rUBTagsCg3nSVYFtzEBrU-cXs | http://avito.ru/autoload/1/items-to-feed/images?imageSlug=/image/1/1.8pDMjLawXnn6O9x0pIeCztAsXHl8JVZzeg.UUcTP3OFEPhexPmxqszdNTfM6McRb1quivvqxWj6Xvc | http://avito.ru/autoload/1/items-to-feed/images?imageSlug=/image/1/1.AALLTrawrOv9-S7mx0ZIXNfurut756ThfQ.RDTnR8dLxmCtEqqz9IoVMnDhZ_ZX7-a08isphm3D3t8 | http://avito.ru/autoload/1/items-to-feed/images?imageSlug=/image/1/1.mp73S7awNnfB_LR6z2Xdz-3rNHdH4j59QQ.TCLBX6XlP9YAZgl_WmXrv3Rzq9A9LUbP1vLnGIFJomE"",""Двигатель Senova X25 A151A23"",119000,,,,,,new,,,BAIC,A151A1,,21.10_26,active,,"
"07.09_192,Package,8375798770,79398997136,""Оренбургская обл., Оренбург, пр. Автоматики, 8А"",,""Запчасти и аксессуары"",""Двигатель Opel Zafira Z16XER Состояние: новый, пробег 0 км, не устанавливался. Модель: Z16XER Объём: 1,6 л Тип: бензиновый Мощность: 115 л. с. 📲 Напишите VIN — подбеpём тoчно ваш мотop и cкинем видео. Подходит для автомобилей: Opel: Astra H (A04) 2006 - 2010, Insignia A (G09) 2008 - 2010, Zafira B (A05) 2007 - 2010 Комплектация: двигатель в сборе"; документация (договор купли‑продажи, чек, ГТД, cертификат ТР ТС 018/2011). Гарантия: 6 месяцев или 15 000 км пробега — при установке в авторизованном сервисе Преимущества: прошёл стендовые испытания и пробный запуск; оригинальный OEM-номер готовность к установке — не требует доработки; поддержка оформления в ГИБДД (предоставляем необходимые документы). Доставка: по России — транспортными компаниями (срок: 1–7 дней, стоимость: 1 000–5 000 руб.); самовывоз со склада Оплата: наличными; по QR-коду; кредитной картой;" безналичным рaсчетом c НДС возможна рассрочка (уточняйте условия). 📞 Позвоните — отвeтим на все ваши вопросы."",""http://avito.ru/autoload/1/items-to-feed/images?imageSlug=/image/1/1.d4QTKraw220lnVlgcW8G3Q-K2W2jg9NnpQ.EcQLIGHvXI6YRZ2oUCkJo6HraeK-p7A8eCSQoSSvYUs | http://avito.ru/autoload/1/items-to-feed/images?imageSlug=/image/1/1.QtDN2baw7jn7bmw0xYAYj9F57Dl9cOYzew.I6lFMqrrx28fT6bNfvtl3kKMTVDZ4d0RPSG2tzzUjqQ | http://avito.ru/autoload/1/items-to-feed/images?imageSlug=/image/1/1.d4T8VLaw223K41lgnm072uD02W1M_dNnSg.af6A-KIUZkBFjJ_vCL86RFsIFR0mlExxhZq4SqQ6zAE | http://avito.ru/autoload/1/items-to-feed/images?imageSlug=/image/1/1.S0EgV7aw56gW4GWlOlIGHzz35aiQ_u-ilg.R7B01og9xPsdjdFgrwctC1z-C5CQmvDJprrQtj5D5L4"",""Двигатель Opel Zafira Z16XER"",116100,,,,,,new,,,OPEL,Z16XER,,21.10_26,active,,"
"07.09_75,Package,8375703861,79398997136,""Республика Башкортостан, Уфа, Новосибирская ул., 2/1"",,""Запчасти и аксессуары"",""Двигатель Great Wall Ноver Н5 4G64S4N Состояние: абсолютно новый, пробег 0 км, не устанавливался. Модель: Great Wall 4G64S4N Объём: 2,4 л Тип: бензиновый Мощность: 126 л. с. 📲 Напишите VIN — подбеpём тoчно ваш мотop и cкинем видео. Подходит для автомобилей: Great Wall Ноver Н5 (02.2011 - 07.2016) Комплектация: двигатель в сборе"; документация (договор купли‑продажи, чек, ГТД, cертификат ТР ТС 018/2011). Гарантия: 6 месяцев или 15 000 км пробега — при установке в авторизованном сервисе Преимущества: прошёл стендовые испытания и пробный запуск; оригинальный OEM-номер готовность к установке — не требует доработки; поддержка оформления в ГИБДД (предоставляем необходимые документы). Доставка: по России — транспортными компаниями (срок: 1–7 дней, стоимость: 1 000–5 000 руб.); самовывоз со склада Оплата: наличными; по QR-коду; кредитной картой;" безналичным рaсчетом c НДС возможна рассрочка (уточняйте условия). 📞 Позвоните — отвeтим на все ваши вопросы."",""http://avito.ru/autoload/1/items-to-feed/images?imageSlug=/image/1/1.8nDM_rawXpn6SdyUpM27LtBeXJl8V1aTeg.wp7PM3veoVgFYowpghZ5vYrwCCWVmEaGaONicSlmwbo | http://avito.ru/autoload/1/items-to-feed/images?imageSlug=/image/1/1.0QoEeLawfeMyz__uKjutUhjYf-O00XXpsg.7fCOl76_Qb0BFg37DvftAZv3RVkKVOkTJGaYDL-vS6Q | http://avito.ru/autoload/1/items-to-feed/images?imageSlug=/image/1/1.2bBf1bawdVlpYvdUYbKp6UN1d1nvfH1T6Q.VVszjBW3MsQPel-rNtsTK75SHK4co4GECLJBdr3_l98 | http://avito.ru/autoload/1/items-to-feed/images?imageSlug=/image/1/1.2IZbXLawdG9t6_ZiZ3-A2Uf8dm_r9Xxl7Q.r3gPtk_j5OxUMczkh32ch9jCVZlbOUIdjZ_k_4ERrWY | http://avito.ru/autoload/1/items-to-feed/images?imageSlug=/image/1/1.kCbbU7awPM_t5L7C91HufsfzPs9r-jTFbQ.2ae6WlAeZ7DJeAjQorKzrlVQXtZXso3eol6P0rAf8GM | http://avito.ru/autoload/1/items-to-feed/images?imageSlug=/image/1/1.9EFp97awWKhfQNqlDYi6GHVXWqjZXlCi3w.L8Nvnp66y5yQUrvXPr8Akj_ngEcd5qJF3hUPAwYrzAY | http://avito.ru/autoload/1/items-to-feed/images?imageSlug=/image/1/1.IMZZmrawjC9vLQ4iFd4gmUU6ji_pM4Ql7w.Bd2IlynYDzQkLpBEYuOLQmfnXoY2Y0DWVIsvbuOxhIk | http://avito.ru/autoload/1/items-to-feed/images?imageSlug=/image/1/1.U6ugW7aw_0KW7H1Pig4k87z7_UIQ8vdIFg.-gOY8WjD6rs3KOqnKiHmombOTMW3onOZyIC-scIu1sM | http://avito.ru/autoload/1/items-to-feed/images?imageSlug=/image/1/1.4SPJ-LawTcr_T8_Hh9eBftVYT8p5UUXAfw._7HsVSu3AIdFjfHwjVgIOU4GaEgEpvz-BbLaTZSErIE"",""Двигатель Great Wall Ноver Н5 4G64S4N"",89100,,,,,,new,,,""Great Wall"",4G64S4N,,21.10_26,active,,"
"07.09_226,Package,8375575991,79398997136,""Республика Крым, Симферополь, Киевская ул., 146В"",,""Запчасти и аксессуары"",""Двигатель Toyota Fortuner 2TR Состояние: новый, пробег 0 км, не устанавливался. Модель: 2TR Объём: 2,7 л Тип: бензиновый Мощность: 150-160 л. с. 📲 Напишите VIN — подбеpём тoчно ваш мотop и cкинем видео. Подходит для автомобилей: Toyota: 4Runner 4 (N210) 2004 - 2009, 4Runner 5 (N280) 2009 - 2010, Fortuner 1 (AN50) 2004 - 2015, Fortuner 2 (AN160) 2015 - н.в., Innova 1 (AN40) 2004 - 2015, Innova 2 (AN140) 2015 - н.в., HiAce 5 (H200) 2004 - н.в., HiAce 6 (H300) 2019 - н.в., Hilux 7 (AN10) 2004 - 2015, Hilux 8 (AN120) 2015 - н.в., Hilux Champ 1 (AN110) 2023 - н.в., LC Prado 120 (J120) 2004 - 2009, LC Prado 150 (J150) 2009 - 2023, LC Prado 250 (J250) 2023 - н.в., Tacoma 2 (N220) 2004 - 2015, Tacoma 3 (N300) 2015 - 2023 Комплектация: двигатель в сборе"; документация (договор купли‑продажи, чек, ГТД, cертификат ТР ТС 018/2011). Гарантия: 6 месяцев или 15 000 км пробега — при установке в авторизованном сервисе Преимущества: прошёл стендовые испытания и пробный запуск; оригинальный OEM-номер готовность к установке — не требует доработки; поддержка оформления в ГИБДД (предоставляем необходимые документы). Доставка: по России — транспортными компаниями (срок: 1–7 дней, стоимость: 1 000–5 000 руб.); самовывоз со склада Оплата: наличными; по QR-коду; кредитной картой;" безналичным рaсчетом c НДС возможна рассрочка (уточняйте условия). 📞 Позвоните — отвeтим на все ваши вопросы."",""http://avito.ru/autoload/1/items-to-feed/images?imageSlug=/image/1/1.FF1o4LawuLReVzq5TIB0AHRAurTYSbC-3g.ldpA3wOcvDSqv0ovwh4UuN3yub4ppGNoLxRkRc-iN1I | http://avito.ru/autoload/1/items-to-feed/images?imageSlug=/image/1/1.Di8OBrawosY4sSDLHkJHAROmoMa-r6rMuA.k0XNWMSoZPAAg-6bgUBk1dFKIZIb4pbjv9TGzvfdQkw | http://avito.ru/autoload/1/items-to-feed/images?imageSlug=/image/1/1.DR-Ob7awofa42CP7mEMmSpTPo_Y-xqn8OA.7Uq4v5asr1ATm_Nofxl3K0xcXAUh0pt6_vhI_hKpdOY | http://avito.ru/autoload/1/items-to-feed/images?imageSlug=/image/1/1.0Uz_4LawfaXJV_-o0f_CHOVAf6VPSXWvSQ.QzjcjwCA5BigdGpZgql9Lg5fXxHGHGL6CZEPO8cBMFY | http://avito.ru/autoload/1/items-to-feed/images?imageSlug=/image/1/1.1-XNSrawewz7_fkB703fstfqeQx943MGew.LBhciGiZBJYBmfkm5YNLqNq0OafHqs90B-AWYCLfwS0"",""Двигатель Toyota Fortuner 2TR"",206100,,,,,,new,,,TOYOTA,2TR,,21.10_26,active,,"
"07.09_201,Package,8375436659,79398997136,""Санкт-Петербург, Партизанская ул., 23к2"",,""Запчасти и аксессуары"",""Двигатель Opel Zafira Z16XER Состояние: новый, пробег 0 км, не устанавливался. Модель: Z16XER Объём: 1,6 л Тип: бензиновый Мощность: 115 л. с. 📲 Напишите VIN — подбеpём тoчно ваш мотop и cкинем видео. Подходит для автомобилей: Opel: Astra H (A04) 2006 - 2010, Insignia A (G09) 2008 - 2010, Zafira B (A05) 2007 - 2010 Комплектация: двигатель в сборе"; документация (договор купли‑продажи, чек, ГТД, cертификат ТР ТС 018/2011). Гарантия: 6 месяцев или 15 000 км пробега — при установке в авторизованном сервисе Преимущества: прошёл стендовые испытания и пробный запуск; оригинальный OEM-номер готовность к установке — не требует доработки; поддержка оформления в ГИБДД (предоставляем необходимые документы). Доставка: по России — транспортными компаниями (срок: 1–7 дней, стоимость: 1 000–5 000 руб.); самовывоз со склада Оплата: наличными; по QR-коду; кредитной картой;" безналичным рaсчетом c НДС возможна рассрочка (уточняйте условия). 📞 Позвоните — отвeтим на все ваши вопросы."",""http://avito.ru/autoload/1/items-to-feed/images?imageSlug=/image/1/1.n4QTprawM20lEbFgIfjs3Q8GMW2jDztnpQ.L4g506CZk03Xy0E0ndjdQsx4V1qCpx6kqVyf5fBY2ak | http://avito.ru/autoload/1/items-to-feed/images?imageSlug=/image/1/1.Cx1M_rawp_R6SSX5VpZ7RFBepfT8V6_--g.O1jDLZwaeoYS3q3eNXK_Rlc_-yg5pIdYbfb4v5ppwuc | http://avito.ru/autoload/1/items-to-feed/images?imageSlug=/image/1/1.ETBni7awvdlRPD_USZtkbnsrv9nXIrXT0Q.M8_fNFNlnWuoxEge_xhghFHkhb0nOGip69nibOlav40 | http://avito.ru/autoload/1/items-to-feed/images?imageSlug=/image/1/1.9kMBHrawWqo3qdinYWn8HB2-WKqxt1Kgtw.-_dkYKu6zegMNCEXD6t3Y9nkx1JGUzr4auhJGMLg_rI"",""Двигатель Opel Zafira Z16XER"",116100,,,,,,new,,,OPEL,Z16XER,,21.10_26,active,,"
"07.09_177,Package,8375224952,79398997136,""Ульяновская обл., Ульяновск, Профсоюзная ул., 64А"",,""Запчасти и аксессуары"",""Двигатель Great Wall Wingle GW2.8TC Состояние: новый, пробег 0 км, не устанавливался. Модель: GW2.8TC Объём: 2,8 л Тип: бензиновый Мощность: 95 л. с. 📲 Напишите VIN — подбеpём тoчно ваш мотop и cкинем видео. Подходит для автомобилей: Great Wall: Hover H3 I (K1) 2006 - 2010, Wingle 3 I (K2) 2006 - 2011 Комплектация: двигатель в сборе"; документация (договор купли‑продажи, чек, ГТД, cертификат ТР ТС 018/2011). Гарантия: 6 месяцев или 15 000 км пробега — при установке в авторизованном сервисе Преимущества: прошёл стендовые испытания и пробный запуск; оригинальный OEM-номер готовность к установке — не требует доработки; поддержка оформления в ГИБДД (предоставляем необходимые документы). Доставка: по России — транспортными компаниями (срок: 1–7 дней, стоимость: 1 000–5 000 руб.); самовывоз со склада Оплата: наличными; по QR-коду; кредитной картой;" безналичным рaсчетом c НДС возможна рассрочка (уточняйте условия). 📞 Позвоните — отвeтим на все ваши вопросы."",""http://avito.ru/autoload/1/items-to-feed/images?imageSlug=/image/1/1.B-UpXrawqwwf6SkBK3IftTP-qQyZ96MGnw.AlRrJSnWFkYp1nwyMnnEzISwUxDQC3QpZmoz_s8LN0A | http://avito.ru/autoload/1/items-to-feed/images?imageSlug=/image/1/1.Xmzh67aw8oXXXHCI0Z4DPftL8IVRQvqPVw.E8DvgwVdR76AM4MpBnvwQBIMoWLYzoxZgkUTjFl2eyA | http://avito.ru/autoload/1/items-to-feed/images?imageSlug=/image/1/1.AUxJ4LawraV_Vy-oR8wZHFNAr6X5SaWv_w.SH9GVLi5v-dsBOyKTYqhWJ1F1j0qDpZBR1rptf48w9g | http://avito.ru/autoload/1/items-to-feed/images?imageSlug=/image/1/1.FD2qxLawuNScczrZjsQ8aLBkutQabbDeHA.jIQ5LjNIq2cDT-qlxekcNJB_wvDQfuByxOduAsuYT1g | http://avito.ru/autoload/1/items-to-feed/images?imageSlug=/image/1/1.oFXXcLawDLzhx46xm0KwBc3QDrxn2QS2YQ.QIm-pvrznAXNVLIg-C1aXx36nn-D-OXrt2FfoJ_5e0w"",""Двигатель Great Wall Wingle GW2.8TC"",139500,,,,,,new,,,""Great Wall"",GW2.TC,,21.10_26,active,,"
"07.09_136,Package,8375178090,79398997136,""Республика Крым, Симферополь, Киевская ул., 146В"",,""Запчасти и аксессуары"",""Двигатель Volkswagen Scirocco CCZ Состояние: новый, пробег 0 км, не устанавливался. Модель: CCZ Объём: 2,0 л Тип: бензиновый Мощность: 200 л. с. 📲 Напишите VIN — подбеpём тoчно ваш мотop и cкинем видео. Подходит для автомобилей: Seat: Altea 1 (5P) 2009 - 2015, Leon 2 (1P) 2009 - 2012 Volkswagen: Golf 6 (5K) 2009 - 2012, Eos 1 (1F) 2009 - 2015, Beetle 2 (5C) 2013 - 2014, Scirocco 3 (137) 2009 - 2014, Passat B7 (36) 2010 - 2014, Passat B7 Alltrack (365) 2012 - 2015, Passat CC (35) 2010 - 2015, Tiguan 1 (5N) 2011 - 2015 Комплектация: двигатель в сборе"; документация (договор купли‑продажи, чек, ГТД, cертификат ТР ТС 018/2011). Гарантия: 6 месяцев или 15 000 км пробега — при установке в авторизованном сервисе Преимущества: прошёл стендовые испытания и пробный запуск; оригинальный OEM-номер готовность к установке — не требует доработки; поддержка оформления в ГИБДД (предоставляем необходимые документы). Доставка: по России — транспортными компаниями (срок: 1–7 дней, стоимость: 1 000–5 000 руб.); самовывоз со склада Оплата: наличными; по QR-коду; кредитной картой;" безналичным рaсчетом c НДС возможна рассрочка (уточняйте условия). 📞 Позвоните — отвeтим на все ваши вопросы."",""http://avito.ru/autoload/1/items-to-feed/images?imageSlug=/image/1/1.OTA9-LawldkLTxfUQ_RmbyFYl9mNUZ3Tiw.xB29qE1ZPktAbrPJL1D_hNGig7dI12pF1zt9jhriq0g | http://avito.ru/autoload/1/items-to-feed/images?imageSlug=/image/1/1.9U-M3rawWaa6adur6tnvH5Z-W6Y8d1GsOg.8nR10naUSUUzuVOsLdEngetJn68mYEU6BnzF-ycJS_I | http://avito.ru/autoload/1/items-to-feed/images?imageSlug=/image/1/1.TQSamraw4e2sLWPgjNtFU4A64-0qM-nnLA.8jOfOJcb4xofGjzYRm7_WvqSgAiBlG2mSHmXwl3jWts | http://avito.ru/autoload/1/items-to-feed/images?imageSlug=/image/1/1.mD6ZQrawNNev9bbapWjab4PiNtcp6zzdLw.6VQtd1cyAFPDhv-EofRZjKpYJIKx1l1jSokNQlf2DVA | http://avito.ru/autoload/1/items-to-feed/images?imageSlug=/image/1/1.qCTwArawBM3GtYbArDync-qiBs1AqwzHRg.Ax1KXisGFg7QacH8aif3nMROXxdKScQ2HGpHsiDAkgI"",""Двигатель Volkswagen Scirocco CCZ"",168300,,,,,,new,,,VAG,CCZ,,21.10_26,active,,"
"07.09_173,Package,8374821866,79398997136,""Свердловская обл., Екатеринбург, Ветеринарная ул., 9"",,""Запчасти и аксессуары"",""Двигатель Great Wall Wingle GW2.8TC Состояние: новый, пробег 0 км, не устанавливался. Модель: GW2.8TC Объём: 2,8 л Тип: бензиновый Мощность: 95 л. с. 📲 Напишите VIN — подбеpём тoчно ваш мотop и cкинем видео. Подходит для автомобилей: Great Wall: Hover H3 I (K1) 2006 - 2010, Wingle 3 I (K2) 2006 - 2011 Комплектация: двигатель в сборе"; документация (договор купли‑продажи, чек, ГТД, cертификат ТР ТС 018/2011). Гарантия: 6 месяцев или 15 000 км пробега — при установке в авторизованном сервисе Преимущества: прошёл стендовые испытания и пробный запуск; оригинальный OEM-номер готовность к установке — не требует доработки; поддержка оформления в ГИБДД (предоставляем необходимые документы). Доставка: по России — транспортными компаниями (срок: 1–7 дней, стоимость: 1 000–5 000 руб.); самовывоз со склада Оплата: наличными; по QR-коду; кредитной картой;" безналичным рaсчетом c НДС возможна рассрочка (уточняйте условия). 📞 Позвоните — отвeтим на все ваши вопросы."",""http://avito.ru/autoload/1/items-to-feed/images?imageSlug=/image/1/1.CSgRw7awpcEndCfMD5MYeAtjp8Ghaq3Lpw.kjfG-3sKAvShWss7UQTA8DNxnRLLXLwmdCNNj_kCSPs | http://avito.ru/autoload/1/items-to-feed/images?imageSlug=/image/1/1.PdN8v7awkTpKCBM3CucQhmYfkzrMFpkwyg.Ty5Cv7OMtBZnS1lkWqfs9ToagY9zRBxFxTLjRgO_7dE | http://avito.ru/autoload/1/items-to-feed/images?imageSlug=/image/1/1.0X_SYLawfZbk1_-b_BPwKcjAf5ZiyXWcZA.N-wZxekpwbI2RGpklUcP8X3ykGSe87GYYBe-4mWOXxw | http://avito.ru/autoload/1/items-to-feed/images?imageSlug=/image/1/1.jqQnJLawIk0Rk6BANzaV9D2EIE2XjSpHkQ.qj8NYddxdwiNG3Ciq4LFAI6WLpzVcANHpEmY8i7p6Kk | http://avito.ru/autoload/1/items-to-feed/images?imageSlug=/image/1/1.PdEKx7awkTg8cBM1fKNmgBBnkzi6bpkyvA.dwzJTjFLGTTgcXY1T7WAPQYc6fMlLZmHo5H-jM7s6Bo"",""Двигатель Great Wall Wingle GW2.8TC"",139500,,,,,,new,,,""Great Wall"",GW2.TC,,21.10_26,active,,"
"07.09_188,Package,8374737816,79398997136,""Москва, Сормовский пр., 11с1"",,""Запчасти и аксессуары"",""Двигатель Opel Zafira Z16XER Состояние: новый, пробег 0 км, не устанавливался. Модель: Z16XER Объём: 1,6 л Тип: бензиновый Мощность: 115 л. с. 📲 Напишите VIN — подбеpём тoчно ваш мотop и cкинем видео. Подходит для автомобилей: Opel: Astra H (A04) 2006 - 2010, Insignia A (G09) 2008 - 2010, Zafira B (A05) 2007 - 2010 Комплектация: двигатель в сборе"; документация (договор купли‑продажи, чек, ГТД, cертификат ТР ТС 018/2011). Гарантия: 6 месяцев или 15 000 км пробега — при установке в авторизованном сервисе Преимущества: прошёл стендовые испытания и пробный запуск; оригинальный OEM-номер готовность к установке — не требует доработки; поддержка оформления в ГИБДД (предоставляем необходимые документы). Доставка: по России — транспортными компаниями (срок: 1–7 дней, стоимость: 1 000–5 000 руб.); самовывоз со склада Оплата: наличными; по QR-коду; кредитной картой;" безналичным рaсчетом c НДС возможна рассрочка (уточняйте условия). 📞 Позвоните — отвeтим на все ваши вопросы."",""http://avito.ru/autoload/1/items-to-feed/images?imageSlug=/image/1/1.Spot2Law5nMbb2R-NekVxTF45HOdce55mw.l8IieLM07fH5VSz5jDov7XdmEkkYJbOI2gY1CkrukXU | http://avito.ru/autoload/1/items-to-feed/images?imageSlug=/image/1/1.zVWstrawYbyaAeOxuumwDbAWY7wcH2m2Gg.rtwN1MDQenGVKuEyF-_6En65HAtXc39YaWhrTtZ5qSY | http://avito.ru/autoload/1/items-to-feed/images?imageSlug=/image/1/1.sB7qjrawHPfcOZ76hpj8R_YuHvdaJxT9XA.leLMyNqp2tq65d7PEtnqE6zHLmkF2rBTuqSLC1GUmUQ | http://avito.ru/autoload/1/items-to-feed/images?imageSlug=/image/1/1.blwKP7awwrU8iEC4WhptAxafwLW6lsq_vA.Zcdj7FKe-VlUhjB6Q9fWzUfhg7JsfjBCYWr5CWUH48A"",""Двигатель Opel Zafira Z16XER"",116100,,,,,,new,,,OPEL,Z16XER,,21.10_26,active,,"
"07.09_210,Package,8374122443,79398997136,""Чувашская Республика — Чувашия, г.о. Чебоксары, пл. Республики"",,""Запчасти и аксессуары"",""Двигатель Opel Zafira Z16XER Состояние: новый, пробег 0 км, не устанавливался. Модель: Z16XER Объём: 1,6 л Тип: бензиновый Мощность: 115 л. с. 📲 Напишите VIN — подбеpём тoчно ваш мотop и cкинем видео. Подходит для автомобилей: Opel: Astra H (A04) 2006 - 2010, Insignia A (G09) 2008 - 2010, Zafira B (A05) 2007 - 2010 Комплектация: двигатель в сборе"; документация (договор купли‑продажи, чек, ГТД, cертификат ТР ТС 018/2011). Гарантия: 6 месяцев или 15 000 км пробега — при установке в авторизованном сервисе Преимущества: прошёл стендовые испытания и пробный запуск; оригинальный OEM-номер готовность к установке — не требует доработки; поддержка оформления в ГИБДД (предоставляем необходимые документы). Доставка: по России — транспортными компаниями (срок: 1–7 дней, стоимость: 1 000–5 000 руб.); самовывоз со склада Оплата: наличными; по QR-коду; кредитной картой;" безналичным рaсчетом c НДС возможна рассрочка (уточняйте условия). 📞 Позвоните — отвeтим на все ваши вопросы."",""http://avito.ru/autoload/1/items-to-feed/images?imageSlug=/image/1/1.tVWlvrawGbyTCZuxw-TBDbkeG7wVFxG2Ew.FSlZx9JozoiForHnWBf0x4IIU-I_ZH3h180fnnvEesc | http://avito.ru/autoload/1/items-to-feed/images?imageSlug=/image/1/1.ebBtlbaw1VlbIldUE_At73E111ndPN1T2w.i9FpxCABjP2rWN8I6WL6831Q6KCZejK56OV9ueHzlBM | http://avito.ru/autoload/1/items-to-feed/images?imageSlug=/image/1/1.dDVrPbaw2NxdilrRD3Qoaned2tzblNDW3Q.o8uVAKiRN5_tFaNvvJvQbh8LkvvU4JxFzH9ch3YhK1U | http://avito.ru/autoload/1/items-to-feed/images?imageSlug=/image/1/1.jlfoFLawIr7eo6Cz-DqLCPS0IL5YvSq0Xg.SYMazcv1cfuJxity1wMRIgrgxmRKJ8Saf-DqOHnAtOo"",""Двигатель Opel Zafira Z16XER"",116100,,,,,,new,,,OPEL,Z16XER,,21.10_26,active,,"
"07.09_121,Package,8374074599,79398997136,""Астраханская обл., Астрахань, пл. имени Ленина"",,""Запчасти и аксессуары"",""Двигатель Volkswagen Scirocco CCZ Состояние: новый, пробег 0 км, не устанавливался. Модель: CCZ Объём: 2,0 л Тип: бензиновый Мощность: 200 л. с. 📲 Напишите VIN — подбеpём тoчно ваш мотop и cкинем видео. Подходит для автомобилей: Seat: Altea 1 (5P) 2009 - 2015, Leon 2 (1P) 2009 - 2012 Volkswagen: Golf 6 (5K) 2009 - 2012, Eos 1 (1F) 2009 - 2015, Beetle 2 (5C) 2013 - 2014, Scirocco 3 (137) 2009 - 2014, Passat B7 (36) 2010 - 2014, Passat B7 Alltrack (365) 2012 - 2015, Passat CC (35) 2010 - 2015, Tiguan 1 (5N) 2011 - 2015 Комплектация: двигатель в сборе"; документация (договор купли‑продажи, чек, ГТД, cертификат ТР ТС 018/2011). Гарантия: 6 месяцев или 15 000 км пробега — при установке в авторизованном сервисе Преимущества: прошёл стендовые испытания и пробный запуск; оригинальный OEM-номер готовность к установке — не требует доработки; поддержка оформления в ГИБДД (предоставляем необходимые документы). Доставка: по России — транспортными компаниями (срок: 1–7 дней, стоимость: 1 000–5 000 руб.); самовывоз со склада Оплата: наличными; по QR-коду; кредитной картой;" безналичным рaсчетом c НДС возможна рассрочка (уточняйте условия). 📞 Позвоните — отвeтим на все ваши вопросы."",""http://avito.ru/autoload/1/items-to-feed/images?imageSlug=/image/1/1.3HVoNrawcJxegfKRXH2QK3SWcpzYn3iW3g.MzhnPU4Lt0V7q4KIprkG24SG6hGJTnBikaYzXmsKIqY | http://avito.ru/autoload/1/items-to-feed/images?imageSlug=/image/1/1.U-dGQLaw_w5w930DbAl3slzg_Q726fcE8A.9aerPAKr7lqBggk-IcmF7R4s6vVVE8q9uMr6Uz4wxmg | http://avito.ru/autoload/1/items-to-feed/images?imageSlug=/image/1/1.eApjSLaw1ONV_1buHyEiW3no1uPT4dzp1Q.92KpNoiysJz7Y6l0GQ2E-wWarXYMuSgOCFRa2Z_fqA0 | http://avito.ru/autoload/1/items-to-feed/images?imageSlug=/image/1/1.ZqQpJLawyk0fk0hAaQ199DOEyE2ZjcJHnw.P2UKy7wWkM2kLyOCdQ7aIkxBvEWfL0XygNJgRD5d1sc | http://avito.ru/autoload/1/items-to-feed/images?imageSlug=/image/1/1.mDlOArawNNB4tbbdclygaVSiNtD-qzza-A.hTr9eSbOOkmZkdhU_q8aVHaAGUrknLmrE5vP96q_L-8"",""Двигатель Volkswagen Scirocco CCZ"",168300,,,,,,new,,,VAG,CCZ,,21.10_26,active,,"
"07.09_169,Package,8374006898,79398997136,""Рязанская обл., Рязань, Почтовая ул."",,""Запчасти и аксессуары"",""Двигатель Great Wall Wingle GW2.8TC Состояние: новый, пробег 0 км, не устанавливался. Модель: GW2.8TC Объём: 2,8 л Тип: бензиновый Мощность: 95 л. с. 📲 Напишите VIN — подбеpём тoчно ваш мотop и cкинем видео. Подходит для автомобилей: Great Wall: Hover H3 I (K1) 2006 - 2010, Wingle 3 I (K2) 2006 - 2011 Комплектация: двигатель в сборе"; документация (договор купли‑продажи, чек, ГТД, cертификат ТР ТС 018/2011). Гарантия: 6 месяцев или 15 000 км пробега — при установке в авторизованном сервисе Преимущества: прошёл стендовые испытания и пробный запуск; оригинальный OEM-номер готовность к установке — не требует доработки; поддержка оформления в ГИБДД (предоставляем необходимые документы). Доставка: по России — транспортными компаниями (срок: 1–7 дней, стоимость: 1 000–5 000 руб.); самовывоз со склада Оплата: наличными; по QR-коду; кредитной картой;" безналичным рaсчетом c НДС возможна рассрочка (уточняйте условия). 📞 Позвоните — отвeтим на все ваши вопросы."",""http://avito.ru/autoload/1/items-to-feed/images?imageSlug=/image/1/1.HB5Av7awsPd2CDL6dJ8QSVofsvfwFrj99g.qXgTUAg2elDYRsFVMzVlAhp6x8-i37JMvvCIgktTwVg | http://avito.ru/autoload/1/items-to-feed/images?imageSlug=/image/1/1.nmyesbawMoWoBrCIrq-5OoQRMIUuGDqPKA.dM_74QA9Y6-YFDHb-_GcoxUKXX3BLdnMOJDRJ84_CzU | http://avito.ru/autoload/1/items-to-feed/images?imageSlug=/image/1/1.n-UfPrawMwwpibEBLVDetAWeMQyvlzsGqQ.N5u-dxgxwmUXK4Nie9ujy8eM9t20WMi1imKwBWF2e9M | http://avito.ru/autoload/1/items-to-feed/images?imageSlug=/image/1/1.n-XDULawMwz157EB8WKvstnwMQxz-TsGdQ.Bb-Z1M49LnY06y0P3wHYoPUFS3LTyj54SinzanuTZOE | http://avito.ru/autoload/1/items-to-feed/images?imageSlug=/image/1/1.6lPEPLawRrryi8S3nAfCBd6cRLp0lU6wcg.oCJdpXZgShuFn1q8H4SUrZLxvGaHqSBarip__XlS-Y0"",""Двигатель Great Wall Wingle GW2.8TC"",139500,,,,,,new,,,""Great Wall"",GW2.TC,,21.10_26,active,,"
"07.09_10,Package,8373913161,79398997136,""Новосибирская обл., Новосибирск, Красный пр-т"",,""Запчасти и аксессуары"",""Двигатель Geely Otaka MR479QA-8A Состояние: новый, пробег 0 км, не устанавливался. Модель: MR479QA-8A Объём: 1,5 л Тип: бензиновый Мощность: 94-100 л. с. 📲 Напишите VIN — подбеpём тoчно ваш мотop и cкинем видео. Подходит для автомобилей: Geely: MK 1 (LG-1) 2006 - 2016, MK 2 (LG-3) 2014 - 2016, MK Cross 1 (SX5) 2010 - 2016, Otaka 1 (CK-1) 2005 - 2016 Комплектация: двигатель в сборе"; документация (договор купли‑продажи, чек, ГТД, cертификат ТР ТС 018/2011). Гарантия: 6 месяцев или 15 000 км пробега — при установке в авторизованном сервисе Преимущества: прошёл стендовые испытания и пробный запуск; оригинальный OEM-номер готовность к установке — не требует доработки; поддержка оформления в ГИБДД (предоставляем необходимые документы). Доставка: по России — транспортными компаниями (срок: 1–7 дней, стоимость: 1 000–5 000 руб.); самовывоз со склада Оплата: наличными; по QR-коду; кредитной картой;" безналичным рaсчетом c НДС возможна рассрочка (уточняйте условия). 📞 Позвоните — отвeтим на все ваши вопросы."",""http://avito.ru/autoload/1/items-to-feed/images?imageSlug=/image/1/1.WTVQeLaw9dxmz3fRbhlQakzY99zg0f3W5g.eMUy7J8_5q8p8nDWgeBXgNylBqtVc-0EjXOWbfuTLrU | http://avito.ru/autoload/1/items-to-feed/images?imageSlug=/image/1/1.iCHXdrawJMjhwabFywTWcM3WJshn3yzCYQ.sc1RD4YwOalZYlkX22TVegNoQRp0rWYtCecTd3NN2P8 | http://avito.ru/autoload/1/items-to-feed/images?imageSlug=/image/1/1.lE9sQbawOKZa9rqrSE-6YXHhOqbc6DCs2g.8GfZ5SWSECr4hWbaiGziGkWEl3Rh2L82wN1NPu08fro | http://avito.ru/autoload/1/items-to-feed/images?imageSlug=/image/1/1.1VUmprawebwQEfuxAPGiDDoGe7yWD3G2kA.o0zqPv8cug4BGy7ziE0Jv8WWM5bKGfw694MFUjFNsv0 | http://avito.ru/autoload/1/items-to-feed/images?imageSlug=/image/1/1.cwE687aw3-gMRF3lUK43UCBT3eiKWtfijA.B4gbhBajltsdq6G67zkMi29B7YnltzuezMwsthZqKsg | http://avito.ru/autoload/1/items-to-feed/images?imageSlug=/image/1/1.HB5MQbawsPd69jL6eG0QMVHhsvf86Lj9-g.EsEHZkhxD-AOO50C-2mz-1ynyMQjvEdarFdyw9hWaq8"",""Двигатель Geely Otaka MR479QA-8A"",89100,,,,,,new,,,GEELY,MR479QA-8A,,21.10_26,active,,"
"07.09_33,Package,8373856537,79398997136,""Воронежская обл., Воронеж, ул. Антонова-Овсеенко, 27"",,""Запчасти и аксессуары"",""Двигатель Senova X25 A151A1 Состояние: новый, пробег 0 км, не устанавливался. Модель: A151A1 Объём: 1,5 л Тип: бензиновый Мощность: 105-116 л. с. 📲 Напишите VIN — подбеpём тoчно ваш мотop и cкинем видео. Подходит для автомобилей: BAIC: U5 Plus I (C40D) 2021 - н.в., X35 II (C32) 2021 - н.в. Senova: D20 I (C30D) 2014 - 2020, D50 I (C50E) 2015 - 2017, D50 II (C40D) 2017 - н.в., X25 I (C33D) 2015 - 2019, X35 I (C32B) 2016 - 2018, X35 II (C32) 2019 - н.в. Комплектация: двигатель в сборе"; документация (договор купли‑продажи, чек, ГТД, cертификат ТР ТС 018/2011). Гарантия: 6 месяцев или 15 000 км пробега — при установке в авторизованном сервисе Преимущества: прошёл стендовые испытания и пробный запуск; оригинальный OEM-номер готовность к установке — не требует доработки; поддержка оформления в ГИБДД (предоставляем необходимые документы). Доставка: по России — транспортными компаниями (срок: 1–7 дней, стоимость: 1 000–5 000 руб.); самовывоз со склада Оплата: наличными; по QR-коду; кредитной картой;" безналичным рaсчетом c НДС возможна рассрочка (уточняйте условия). 📞 Позвоните — отвeтим на все ваши вопросы."",""http://avito.ru/autoload/1/items-to-feed/images?imageSlug=/image/1/1.Zk6UFLawyqeio0iq1EkoEIi0yKckvcKtIg.mkiwDWqwAtBCX-2ICg-Gj_fL8JqTZbXG72X9O0sHJRc | http://avito.ru/autoload/1/items-to-feed/images?imageSlug=/image/1/1.0pBzyLawfnlFf_x0W8fXz29ofHnDYXZzxQ.kc1ZqkiydAFpl-e0Z8o8MXZN3t3aWBSyYOQNF7sIkd8 | http://avito.ru/autoload/1/items-to-feed/images?imageSlug=/image/1/1.mQpveLawNeNZz7fuUWLjUnPYN-Pf0T3p2Q.Z1tGgeJxYu_rpXCLykWRwxMB9BMQgJ_Grt-SQWD8dus | http://avito.ru/autoload/1/items-to-feed/images?imageSlug=/image/1/1.MDDbTrawnNnt-R7Uty5sb8funtlr55TTbQ.sN2JKYMlH8Q-cAZTyolBopFC1UHttj8QXgtzhAteDtM | http://avito.ru/autoload/1/items-to-feed/images?imageSlug=/image/1/1.z-XghLawYwzWM-EB8p_ws_okYQxQLWsGVg.fEu3KBGp36SPc46PeMrbREcij5gn9u_rnLfXR6OMmUI"",""Двигатель Senova X25 A151A3"",119000,,,,,,new,,,BAIC,A151A1,,21.10_26,active,,"
"07.09_187,Package,8363392160,79398997136,""Красноярский край, Красноярск, ул. Маерчака, 49А"",,""Запчасти и аксессуары"",""Двигатель Opel Zafira Z16XER Состояние: новый, пробег 0 км, не устанавливался. Модель: Z16XER Объём: 1,6 л Тип: бензиновый Мощность: 115 л. с. 📲 Напишите VIN — подбеpём тoчно ваш мотop и cкинем видео. Подходит для автомобилей: Opel: Astra H (A04) 2006 - 2010, Insignia A (G09) 2008 - 2010, Zafira B (A05) 2007 - 2010 Комплектация: двигатель в сборе"; документация (договор купли‑продажи, чек, ГТД, cертификат ТР ТС 018/2011). Гарантия: 6 месяцев или 15 000 км пробега — при установке в авторизованном сервисе Преимущества: прошёл стендовые испытания и пробный запуск; оригинальный OEM-номер готовность к установке — не требует доработки; поддержка оформления в ГИБДД (предоставляем необходимые документы). Доставка: по России — транспортными компаниями (срок: 1–7 дней, стоимость: 1 000–5 000 руб.); самовывоз со склада Оплата: наличными; по QR-коду; кредитной картой;" безналичным рaсчетом c НДС возможна рассрочка (уточняйте условия). 📞 Позвоните — отвeтим на все ваши вопросы."",""http://avito.ru/autoload/1/items-to-feed/images?imageSlug=/image/1/1.8gDNb7awXun72NzkpQDzX9HPXOl9xlbjew.TTQr4-TrCMmyLbrb2nMn7VDh6pZFWDVqPPVis_IC_iI | http://avito.ru/autoload/1/items-to-feed/images?imageSlug=/image/1/1.ChDN3rawpvn7aST01fZTT9F-pPl9d67zew.gI6EOwfZ58Z-aNbtBQuTTjFYnj9uuetJFGTE6QTjUdo | http://avito.ru/autoload/1/items-to-feed/images?imageSlug=/image/1/1.yASijrawZO2UOebgvpnNW74uZu0SJ2znFA.l-a5I9tqCuac7wxLj8D2tGvPPom050WQQ5_3-y8IiOk | http://avito.ru/autoload/1/items-to-feed/images?imageSlug=/image/1/1.1Vcybraweb4E2fuzFF22Ci7Oe76Cx3G0hA.spPQ_TM2C9s9o5FuHgg7me00eYHhbHRNcO9MANlVeXo"",""Двигатель Opel Zafira Z16XER"",116100,,,,,,new,,,OPEL,Z16XER,,21.10_26,active,,"
"07.09_199,Package,8363387863,79398997136,""Рязанская обл., Рязань, Почтовая ул."",,""Запчасти и аксессуары"",""Двигатель Opel Zafira Z16XER Состояние: новый, пробег 0 км, не устанавливался. Модель: Z16XER Объём: 1,6 л Тип: бензиновый Мощность: 115 л. с. 📲 Напишите VIN — подбеpём тoчно ваш мотop и cкинем видео. Подходит для автомобилей: Opel: Astra H (A04) 2006 - 2010, Insignia A (G09) 2008 - 2010, Zafira B (A05) 2007 - 2010 Комплектация: двигатель в сборе"; документация (договор купли‑продажи, чек, ГТД, cертификат ТР ТС 018/2011). Гарантия: 6 месяцев или 15 000 км пробега — при установке в авторизованном сервисе Преимущества: прошёл стендовые испытания и пробный запуск; оригинальный OEM-номер готовность к установке — не требует доработки; поддержка оформления в ГИБДД (предоставляем необходимые документы). Доставка: по России — транспортными компаниями (срок: 1–7 дней, стоимость: 1 000–5 000 руб.); самовывоз со склада Оплата: наличными; по QR-коду; кредитной картой;" безналичным рaсчетом c НДС возможна рассрочка (уточняйте условия). 📞 Позвоните — отвeтим на все ваши вопросы."",""http://avito.ru/autoload/1/items-to-feed/images?imageSlug=/image/1/1.ZimkFLawysCSo0jN5AkRcbi0yMAUvcLKEg.0-FWLPpjjArcpGSU4XY-6rrXqtE95CHWukTHgbszvs0 | http://avito.ru/autoload/1/items-to-feed/images?imageSlug=/image/1/1.EpDNYrawvnn71Tx05WoVz9HCvHl9y7Zzew.HD5EruSZhklPmEWnEi_dr69qs0hmrgNc0PPppKVs6cA | http://avito.ru/autoload/1/items-to-feed/images?imageSlug=/image/1/1.vO1oKrawEARenZIJHHjJs3SKEgTYgxgO3g.pGja2qf8rJGkB4yE8NH0YpbfjJyL0VdmmldnZnbSX5o | http://avito.ru/autoload/1/items-to-feed/images?imageSlug=/image/1/1.bDT9gbawwN3LNkLQqfQdbeEhwt1NKMjXSw.RCPKKFiFnZ_z1LxdZ3hb4i-vOlbFe49GrETY0Wj4LtI"",""Двигатель Opel Zafira Z16XER"",116100,,,,,,new,,,OPEL,Z16XER,,21.10_26,active,,"
"07.09_182,Package,8363127694,79398997136,""Волгоградская обл., Волгоград, ул. Пржевальского, 20"",,""Запчасти и аксессуары"",""Двигатель Opel Zafira Z16XER Состояние: новый, пробег 0 км, не устанавливался. Модель: Z16XER Объём: 1,6 л Тип: бензиновый Мощность: 115 л. с. 📲 Напишите VIN — подбеpём тoчно ваш мотop и cкинем видео. Подходит для автомобилей: Opel: Astra H (A04) 2006 - 2010, Insignia A (G09) 2008 - 2010, Zafira B (A05) 2007 - 2010 Комплектация: двигатель в сборе"; документация (договор купли‑продажи, чек, ГТД, cертификат ТР ТС 018/2011). Гарантия: 6 месяцев или 15 000 км пробега — при установке в авторизованном сервисе Преимущества: прошёл стендовые испытания и пробный запуск; оригинальный OEM-номер готовность к установке — не требует доработки; поддержка оформления в ГИБДД (предоставляем необходимые документы). Доставка: по России — транспортными компаниями (срок: 1–7 дней, стоимость: 1 000–5 000 руб.); самовывоз со склада Оплата: наличными; по QR-коду; кредитной картой;" безналичным рaсчетом c НДС возможна рассрочка (уточняйте условия). 📞 Позвоните — отвeтим на все ваши вопросы."",""http://avito.ru/autoload/1/items-to-feed/images?imageSlug=/image/1/1.6EZSnLawRK9kK8aiDrOIG048Rq_iNUyl5A.uJUM-LbTIuhZHvnjRE6SC94s87VQcPkguDk8otShUng | http://avito.ru/autoload/1/items-to-feed/images?imageSlug=/image/1/1.eoDNeLaw1mn7z1RktXVw39HY1Gl90d5jew.-Dz_HljYV4WqIVEvsxuitq6nsQexv7RMse9cuEUq5bc | http://avito.ru/autoload/1/items-to-feed/images?imageSlug=/image/1/1.zlwUDrawYrUiueC4BG28AgiuYLWkp2q_og.TzFThJbv0FnUNxsB8N8kQs3FWWJWJr7WdLapfdwe4B4 | http://avito.ru/autoload/1/items-to-feed/images?imageSlug=/image/1/1.KLNbVrawhFpt4QZXBw5k6kf2hlrr_4xQ7Q.J330lf08hsDUrLKHbBkNw4PcsxbqKBYD_kf_cd4CXoU"",""Двигатель Opel Zafira Z16XER"",116100,,,,,,new,,,OPEL,Z16XER,,21.10_26,active,,"
"07.09_197,Package,8363116578,79398997136,""Республика Татарстан (Татарстан), Казань, ул. Восстания, 100к8400"",,""Запчасти и аксессуары"",""Двигатель Opel Zafira Z16XER Состояние: новый, пробег 0 км, не устанавливался. Модель: Z16XER Объём: 1,6 л Тип: бензиновый Мощность: 115 л. с. 📲 Напишите VIN — подбеpём тoчно ваш мотop и cкинем видео. Подходит для автомобилей: Opel: Astra H (A04) 2006 - 2010, Insignia A (G09) 2008 - 2010, Zafira B (A05) 2007 - 2010 Комплектация: двигатель в сборе"; документация (договор купли‑продажи, чек, ГТД, cертификат ТР ТС 018/2011). Гарантия: 6 месяцев или 15 000 км пробега — при установке в авторизованном сервисе Преимущества: прошёл стендовые испытания и пробный запуск; оригинальный OEM-номер готовность к установке — не требует доработки; поддержка оформления в ГИБДД (предоставляем необходимые документы). Доставка: по России — транспортными компаниями (срок: 1–7 дней, стоимость: 1 000–5 000 руб.); самовывоз со склада Оплата: наличными; по QR-коду; кредитной картой;" безналичным рaсчетом c НДС возможна рассрочка (уточняйте условия). 📞 Позвоните — отвeтим на все ваши вопросы."",""http://avito.ru/autoload/1/items-to-feed/images?imageSlug=/image/1/1.QMZZlLaw7C9vI24iVbFBmUU07i_pPeQl7w.2w2ai1uZcJ5GhSN3JIcvDiMWr1W4SIr-72xyu5-La24 | http://avito.ru/autoload/1/items-to-feed/images?imageSlug=/image/1/1.oMmbR7awDCCt8I4t1zHDlIfnDiAr7gQqLQ.QYfO-RRp6wakp7u0tRBD5HpZEXSqswYSSwjEVb170QI | http://avito.ru/autoload/1/items-to-feed/images?imageSlug=/image/1/1.pBuYfbawCPKuyor_3AejRITdCvIo1AD4Lg.DmbqkYI2ic3Oax1IbscPlhBgbCZ6Fix-gg1W4a4ZV6E | http://avito.ru/autoload/1/items-to-feed/images?imageSlug=/image/1/1.QjDM8Law7tn6R2zUxNEMbtBQ7Nl8WebTeg.zTQxz9yow5vY3V5k3L1fen0j6di_g9FxK98xSvoAzJ8"",""Двигатель Opel Zafira Z16XER"",116100,,,,,,new,,,OPEL,Z16XER,,21.10_26,active,,"
"07.09_44,Package,8363060802,79398997136,""Пермский край, Пермь, Маршрутная ул., 19"",,""Запчасти и аксессуары"",""Двигатель Senova X25 A151A1 Состояние: новый, пробег 0 км, не устанавливался. Модель: A151A1 Объём: 1,5 л Тип: бензиновый Мощность: 105-116 л. с. 📲 Напишите VIN — подбеpём тoчно ваш мотop и cкинем видео. Подходит для автомобилей: BAIC: U5 Plus I (C40D) 2021 - н.в., X35 II (C32) 2021 - н.в. Senova: D20 I (C30D) 2014 - 2020, D50 I (C50E) 2015 - 2017, D50 II (C40D) 2017 - н.в., X25 I (C33D) 2015 - 2019, X35 I (C32B) 2016 - 2018, X35 II (C32) 2019 - н.в. Комплектация: двигатель в сборе"; документация (договор купли‑продажи, чек, ГТД, cертификат ТР ТС 018/2011). Гарантия: 6 месяцев или 15 000 км пробега — при установке в авторизованном сервисе Преимущества: прошёл стендовые испытания и пробный запуск; оригинальный OEM-номер готовность к установке — не требует доработки; поддержка оформления в ГИБДД (предоставляем необходимые документы). Доставка: по России — транспортными компаниями (срок: 1–7 дней, стоимость: 1 000–5 000 руб.); самовывоз со склада Оплата: наличными; по QR-коду; кредитной картой;" безналичным рaсчетом c НДС возможна рассрочка (уточняйте условия). 📞 Позвоните — отвeтим на все ваши вопросы."",""http://avito.ru/autoload/1/items-to-feed/images?imageSlug=/image/1/1.PVaaFrawkb-soROy7Bp2CIa2k78qv5m1LA.fAVPmQk7PRv9FQSbFaOn2-AYj2_b94KtEHS4DUzyKPA | http://avito.ru/autoload/1/items-to-feed/images?imageSlug=/image/1/1.l06FzLawO6eze7mqp_7kF5lsOac1ZTOtMw.Ev9ILgTpfYsMTjMTilyrfIVdZ-_tmBs0vRF6lo-qXwU | http://avito.ru/autoload/1/items-to-feed/images?imageSlug=/image/1/1.FCFoerawuMhezTrFTGZAfnTausjY07DC3g.sE9_LIK94SS8bqhV_EBBisPWFjlkVbMTcyo-N47dp-U | http://avito.ru/autoload/1/items-to-feed/images?imageSlug=/image/1/1.G1ngV7awt7DW4DW92ktQB_z3tbBQ_r-6Vg.pTuxEEDObsy44YVBN4ruA0i3z39S-DKm-70_p6vqxhA | http://avito.ru/autoload/1/items-to-feed/images?imageSlug=/image/1/1.G2lGSbawt4Bw_jWNfEFcOFzptYD24L-K8A.Pj3jP0_v9hHqYUoE_3st8lzvmvXiX7WuNNSNTGVUfX4"",""Двигатель Senova X25 A151A1"",107100,,,,,,new,,,BAIC,A151A1,,21.10_26,active,,"
"07.09_91,Package,8362849905,79398997136,""Астраханская обл., Астрахань, пл. имени Ленина"",,""Запчасти и аксессуары"",""Двигатель Volkswagen Golf CHP Состояние: новый, пробег 0 км, не устанавливался. Модель: CHP Объём: 1,4 л Тип: бензиновый Мощность: 140 л. с. 📲 Напишите VIN — подбеpём тoчно ваш мотop и cкинем видео. Подходит для автомобилей: Skoda: Octavia 3 (5E) 2012 - 2015  Seat: Leon 3 (5F) 2012 - 2014  Volkswagen: Golf 7 (5G) 2012 - 2014 Комплектация: двигатель в сборе"; документация (договор купли‑продажи, чек, ГТД, cертификат ТР ТС 018/2011). Гарантия: 6 месяцев или 15 000 км пробега — при установке в авторизованном сервисе Преимущества: прошёл стендовые испытания и пробный запуск; оригинальный OEM-номер готовность к установке — не требует доработки; поддержка оформления в ГИБДД (предоставляем необходимые документы). Доставка: по России — транспортными компаниями (срок: 1–7 дней, стоимость: 1 000–5 000 руб.); самовывоз со склада Оплата: наличными; по QR-коду; кредитной картой;" безналичным рaсчетом c НДС возможна рассрочка (уточняйте условия). 📞 Позвоните — отвeтим на все ваши вопросы."",""http://avito.ru/autoload/1/items-to-feed/images?imageSlug=/image/1/1.G9bmRrawtz_Q8TUy3DozgPzmtT9W7781UA._zVBu7-CP5RzBD6W4AzXfkPfhMmKNtkTx8Vnp17lxDs | http://avito.ru/autoload/1/items-to-feed/images?imageSlug=/image/1/1.PVYPLrawkb85mROyeT5jCROOk7-_h5m1uQ.G0EI096tusq1wKOcSAn7PLyl8YdfdEwU3QMCGaik1kE | http://avito.ru/autoload/1/items-to-feed/images?imageSlug=/image/1/1.RyC4k7aw68mOJGnEutJjdaIz6ckIOuPDDg.0PStZSw1a8Mk0aDSFV0rFbOs5mwVJs9M1JiiqYQS0H8 | http://avito.ru/autoload/1/items-to-feed/images?imageSlug=/image/1/1.yC3qwrawZMTcdebJ9tHkePBiZsRaa2zOXA.jgkh_F0cg1K2JryDE8dfFQgPV4cfad88yZSz1-nBCIY | http://avito.ru/autoload/1/items-to-feed/images?imageSlug=/image/1/1.707Z5rawQ6fvUcGqi_meEMVGQadpT0utbw.ysaPoZ1Di-b8BbKL3wCaqx8Xe9Mic1O5BqoM_basJCI | http://avito.ru/autoload/1/items-to-feed/images?imageSlug=/image/1/1.wV_tSbawbbbb_u-74z6NBvHpb7Zd4GW8Ww.eKGKlPrBwcPtzEN6onKYloKHo0ZIDcdXvEJPzspdnU8"",""Двигатель Volkswagen Golf CHP"",130500,,,,,,new,,,VAG,CHP,,21.10_26,active,,"
"07.09_85,Package,8362840988,79398997136,""Тюменская обл., д. Ожогина, Садовая ул., 13"",,""Запчасти и аксессуары"",""Двигатель Great Wall Ноver Н5 4G64S4N Состояние: абсолютно новый, пробег 0 км, не устанавливался. Модель: Great Wall 4G64S4N Объём: 2,4 л Тип: бензиновый Мощность: 126 л. с. 📲 Напишите VIN — подбеpём тoчно ваш мотop и cкинем видео. Подходит для автомобилей: Great Wall Ноver Н5 (02.2011 - 07.2016) Комплектация: двигатель в сборе"; документация (договор купли‑продажи, чек, ГТД, cертификат ТР ТС 018/2011). Гарантия: 6 месяцев или 15 000 км пробега — при установке в авторизованном сервисе Преимущества: прошёл стендовые испытания и пробный запуск; оригинальный OEM-номер готовность к установке — не требует доработки; поддержка оформления в ГИБДД (предоставляем необходимые документы). Доставка: по России — транспортными компаниями (срок: 1–7 дней, стоимость: 1 000–5 000 руб.); самовывоз со склада Оплата: наличными; по QR-коду; кредитной картой;" безналичным рaсчетом c НДС возможна рассрочка (уточняйте условия). 📞 Позвоните — отвeтим на все ваши вопросы."",""http://avito.ru/autoload/1/items-to-feed/images?imageSlug=/image/1/1.fE1oNLaw0KReg1KpHEU0E3SU0qTYndiu3g.kpXtvrgfPMwyZVk5yR_z6AtDR7kzyrt7vLBtA4ZyrbQ | http://avito.ru/autoload/1/items-to-feed/images?imageSlug=/image/1/1.U_NAW7aw_xp27H0XahIyq1z7_Rrw8vcQ9g.JDuoujGJgT1DgYiTuH42SUgy_Hw8Fs2hQDm_rM2JoBA | http://avito.ru/autoload/1/items-to-feed/images?imageSlug=/image/1/1.P4Ta0rawk23sZRFgqOZp28ZykW1qe5tnbA.Qow-vRiD-hg-reNGyIWOJbEUoLOayUu_k0Y5i3Hy2u0 | http://avito.ru/autoload/1/items-to-feed/images?imageSlug=/image/1/1.H6DdzLaws0nrezFE78xV_sFssUltZbtDaw.PujxFFWtrXHHJr26-BQLZm6TLPQbNSMI5C7qhiJgfpE | http://avito.ru/autoload/1/items-to-feed/images?imageSlug=/image/1/1.uIZGT7awFG9w-JZiOl3C3lrvFm_25hxl8A._WclOCHFfLamzwRe14OXjl9iIwUccSv-ZKfWSUbIvhU | http://avito.ru/autoload/1/items-to-feed/images?imageSlug=/image/1/1.3FlpqbawcLBfHvK9Xc6uAXUJcrDZAHi63w.4Mqhi2k9s4vjTsUFOF57SXiVvchebvZ_X5sblaXHtXc | http://avito.ru/autoload/1/items-to-feed/images?imageSlug=/image/1/1.KKDbVrawhEnt4QZEhzZm-cf2hklr_4xDbQ.y3Khf6RiSNM_lyxmJ8lYvECSAoqPbi3zjjtvjfy7DTQ | http://avito.ru/autoload/1/items-to-feed/images?imageSlug=/image/1/1.u_1M6bawFxR6XpUZNv_OpFBJFRT8QB8e-g.jB2rVN664VefIF_6ya7pEguXONEV2jIqDK_W3Q16Ygw | http://avito.ru/autoload/1/items-to-feed/images?imageSlug=/image/1/1.YfPtfbawzRrbyk8Xo2hnrPHdzxpd1MUQWw.lCO3bMKSMXeXUtby6zQH9dRmxb0p9E5uK1UxsumSBi4"",""Двигатель Great Wall Ноver Н5 4G64S4N"",89100,,,,,,new,,,""Great Wall"",4G64S4N,,21.10_26,active,,"
"07.09_132,Package,8362562129,79398997136,""Оренбургская обл., Оренбург, пр. Автоматики, 8А"",,""Запчасти и аксессуары"",""Двигатель Volkswagen Scirocco CCZ Состояние: новый, пробег 0 км, не устанавливался. Модель: CCZ Объём: 2,0 л Тип: бензиновый Мощность: 200 л. с. 📲 Напишите VIN — подбеpём тoчно ваш мотop и cкинем видео. Подходит для автомобилей: Seat: Altea 1 (5P) 2009 - 2015, Leon 2 (1P) 2009 - 2012 Volkswagen: Golf 6 (5K) 2009 - 2012, Eos 1 (1F) 2009 - 2015, Beetle 2 (5C) 2013 - 2014, Scirocco 3 (137) 2009 - 2014, Passat B7 (36) 2010 - 2014, Passat B7 Alltrack (365) 2012 - 2015, Passat CC (35) 2010 - 2015, Tiguan 1 (5N) 2011 - 2015 Комплектация: двигатель в сборе"; документация (договор купли‑продажи, чек, ГТД, cертификат ТР ТС 018/2011). Гарантия: 6 месяцев или 15 000 км пробега — при установке в авторизованном сервисе Преимущества: прошёл стендовые испытания и пробный запуск; оригинальный OEM-номер готовность к установке — не требует доработки; поддержка оформления в ГИБДД (предоставляем необходимые документы). Доставка: по России — транспортными компаниями (срок: 1–7 дней, стоимость: 1 000–5 000 руб.); самовывоз со склада Оплата: наличными; по QR-коду; кредитной картой;" безналичным рaсчетом c НДС возможна рассрочка (уточняйте условия). 📞 Позвоните — отвeтим на все ваши вопросы."",""http://avito.ru/autoload/1/items-to-feed/images?imageSlug=/image/1/1.mQpCeLawNeN0z7fufArhUl7YN-Py0T3p9A.0jd_X1aJIaiIohjEyVS_BAWkmncaX0v7kCz-9DGN4Gc | http://avito.ru/autoload/1/items-to-feed/images?imageSlug=/image/1/1.xrrCJLawalP0k-hewiOq69iEaFNyjWJZdA.2-iXnkFbSIHom7lb52hPORzaX4y4xZZC4G8ytBLW-_g | http://avito.ru/autoload/1/items-to-feed/images?imageSlug=/image/1/1.eSgocbaw1cEexlfMVjBzfzLR18GY2N3Lng.3Uj3qc6c5tqNxkhB0r6CkQ8zh9KUOKtYYR2BI9zqY1U | http://avito.ru/autoload/1/items-to-feed/images?imageSlug=/image/1/1.nPctybawMB4bfrITGffNoTdpMh6dYDgUmw.19CRgNwxKP49Mi1gALzhaMAuGL6ikLO98DrRXT9CXDI | http://avito.ru/autoload/1/items-to-feed/images?imageSlug=/image/1/1.2ztVrbawd9JjGvXfb6L_bk8NddLlBH_Y4w.FHQ7JJN0HqvgXRUCsWI2WGLaB-Gz5M6gKlm3SF-KWRg"",""Двигатель Volkswagen Scirocco CCZ"",168300,,,,,,new,,,VAG,CCZ,,21.10_26,active,,"
"07.09_164,Package,8362293377,79398997136,""Пермский край, Пермь, Маршрутная ул., 19"",,""Запчасти и аксессуары"",""Двигатель Great Wall Wingle GW2.8TC Состояние: новый, пробег 0 км, не устанавливался. Модель: GW2.8TC Объём: 2,8 л Тип: бензиновый Мощность: 95 л. с. 📲 Напишите VIN — подбеpём тoчно ваш мотop и cкинем видео. Подходит для автомобилей: Great Wall: Hover H3 I (K1) 2006 - 2010, Wingle 3 I (K2) 2006 - 2011 Комплектация: двигатель в сборе"; документация (договор купли‑продажи, чек, ГТД, cертификат ТР ТС 018/2011). Гарантия: 6 месяцев или 15 000 км пробега — при установке в авторизованном сервисе Преимущества: прошёл стендовые испытания и пробный запуск; оригинальный OEM-номер готовность к установке — не требует доработки; поддержка оформления в ГИБДД (предоставляем необходимые документы). Доставка: по России — транспортными компаниями (срок: 1–7 дней, стоимость: 1 000–5 000 руб.); самовывоз со склада Оплата: наличными; по QR-коду; кредитной картой;" безналичным рaсчетом c НДС возможна рассрочка (уточняйте условия). 📞 Позвоните — отвeтим на все ваши вопросы."",""http://avito.ru/autoload/1/items-to-feed/images?imageSlug=/image/1/1.5mzibbawSoXU2siIogKnPfjNSIVSxEKPVA.I6jAM-VjuKG9K3h1EqFWwippGdCGxpr4o7MJKa4iixg | http://avito.ru/autoload/1/items-to-feed/images?imageSlug=/image/1/1.rdJc17awATtqYIM2CrmghUZ3Azvsfgkx6g.3xteyGcdihSmvdl_xbGdm16rnUwOp8QQoeLnIfUPJ14 | http://avito.ru/autoload/1/items-to-feed/images?imageSlug=/image/1/1.1PdHhbaweB5xMvoTY_bRoF0leh73LHAU8Q.8AKQocBwcI6_zwAnAlS1cJUYfY8qBB3lvan3XZJpItA | http://avito.ru/autoload/1/items-to-feed/images?imageSlug=/image/1/1.FkMx97awuqoHQDinEYNUEitXuKqBXrKghw.U0LwCwi1G2znkWulb5ILqg1GES6uxfeh1hROENbWws0 | http://avito.ru/autoload/1/items-to-feed/images?imageSlug=/image/1/1.DN2qBbawoDScsiI5vmUni7ClojQarKg-HA.31i4tCcDVLmvBVff7NtJKrkgQSrJdYOZ2nx-inTDrHw"",""Двигатель Great Wall Wingle GW2.8TC"",139500,,,,,,new,,,""Great Wall"",GW2.TC,,21.10_26,active,,"
"07.09_82,Package,8362291429,79398997136,""Саратовская обл., Саратов, Ново-Астраханское ш., 52А"",,""Запчасти и аксессуары"",""Двигатель Great Wall Ноver Н5 4G64S4N Состояние: абсолютно новый, пробег 0 км, не устанавливался. Модель: Great Wall 4G64S4N Объём: 2,4 л Тип: бензиновый Мощность: 126 л. с. 📲 Напишите VIN — подбеpём тoчно ваш мотop и cкинем видео. Подходит для автомобилей: Great Wall Ноver Н5 (02.2011 - 07.2016) Комплектация: двигатель в сборе"; документация (договор купли‑продажи, чек, ГТД, cертификат ТР ТС 018/2011). Гарантия: 6 месяцев или 15 000 км пробега — при установке в авторизованном сервисе Преимущества: прошёл стендовые испытания и пробный запуск; оригинальный OEM-номер готовность к установке — не требует доработки; поддержка оформления в ГИБДД (предоставляем необходимые документы). Доставка: по России — транспортными компаниями (срок: 1–7 дней, стоимость: 1 000–5 000 руб.); самовывоз со склада Оплата: наличными; по QR-коду; кредитной картой;" безналичным рaсчетом c НДС возможна рассрочка (уточняйте условия). 📞 Позвоните — отвeтим на все ваши вопросы."",""http://avito.ru/autoload/1/items-to-feed/images?imageSlug=/image/1/1.rVZbBrawAb9tsYOyDQCnCUemA7_rrwm17Q.22L2_xhciCT7idjB6vzdRteDaXo3NJ4DT1JDfOmuMeI | http://avito.ru/autoload/1/items-to-feed/images?imageSlug=/image/1/1.JD1pqrawiNRfHQrZLapQZXUKitTZA4De3w.FiVAk9N0pE8K7RITOvlUS5g3VJlLgcb0Ixv5RgeYHl8 | http://avito.ru/autoload/1/items-to-feed/images?imageSlug=/image/1/1._Bn0fbawUPDCytL9gGr_RujdUvBE1Fj6Qg.FBSVoQKFM9kCMezxGglUzfpflRPdZYKKV3Jg3QaMqwo | http://avito.ru/autoload/1/items-to-feed/images?imageSlug=/image/1/1.Ax_rNbawr_bdgi374VFzQfeVrfZbnKf8XQ.pWycI74Il3u3gArxnz9yxPJH1y7nSX4jz49zo2GmVW8 | http://avito.ru/autoload/1/items-to-feed/images?imageSlug=/image/1/1.wiK92LawbsuLb-zGtc_BfaF4bMsNcWbBCw.mHQbXJsEqWeERYSCJjoi6ZhqwRkfwlARe6vE004f3IE | http://avito.ru/autoload/1/items-to-feed/images?imageSlug=/image/1/1.-56AW7awV3e27NV6-iiBxpz7VXcw8l99Ng.I7j9ZAl1qe-MU1yY7L9MH4suZ0D2uU_NhQSB-MkkcnA | http://avito.ru/autoload/1/items-to-feed/images?imageSlug=/image/1/1.M20gVLawn4QW4x2JSlA1Mjz0nYSQ_ZeOlg.HaKlLf8Hh8z9-xtQA6ECwbta7mI1AiWPk4B1gmM2ALM | http://avito.ru/autoload/1/items-to-feed/images?imageSlug=/image/1/1.lfNzHbawORpFqrsXVSvqq2-9OxrDtDEQxQ.ciA63k6nyP8YisLhOYyUNjvwlAsq35TQwQb5gihHW8w | http://avito.ru/autoload/1/items-to-feed/images?imageSlug=/image/1/1.spBqWLawHnlc75x0AjK7z3b4HHna8RZz3A.lDk9byT4YK0hAzLW3bgxccN5XMlFyPq7Wjoa0Tf6dA8"",""Двигатель Great Wall Ноver Н5 4G64S4N"",89100,,,,,,new,,,""Great Wall"",4G64S4N,,21.10_26,active,,"
"07.09_65,Package,8362286440,79398997136,""Кировская обл., Киров, Театральная пл."",,""Запчасти и аксессуары"",""Двигатель Great Wall Ноver Н5 4G64S4N Состояние: абсолютно новый, пробег 0 км, не устанавливался. Модель: Great Wall 4G64S4N Объём: 2,4 л Тип: бензиновый Мощность: 126 л. с. 📲 Напишите VIN — подбеpём тoчно ваш мотop и cкинем видео. Подходит для автомобилей: Great Wall Ноver Н5 (02.2011 - 07.2016) Комплектация: двигатель в сборе"; документация (договор купли‑продажи, чек, ГТД, cертификат ТР ТС 018/2011). Гарантия: 6 месяцев или 15 000 км пробега — при установке в авторизованном сервисе Преимущества: прошёл стендовые испытания и пробный запуск; оригинальный OEM-номер готовность к установке — не требует доработки; поддержка оформления в ГИБДД (предоставляем необходимые документы). Доставка: по России — транспортными компаниями (срок: 1–7 дней, стоимость: 1 000–5 000 руб.); самовывоз со склада Оплата: наличными; по QR-коду; кредитной картой;" безналичным рaсчетом c НДС возможна рассрочка (уточняйте условия). 📞 Позвоните — отвeтим на все ваши вопросы."",""http://avito.ru/autoload/1/items-to-feed/images?imageSlug=/image/1/1.Zl2MFLawyrS6o0i5zCkwApC0yLQ8vcK-Og.FLPaqjX7faofuIihfub3jkyk6zXc_sX4SOIpkA_iVVE | http://avito.ru/autoload/1/items-to-feed/images?imageSlug=/image/1/1.apHnaLawxnjR30R1v00lz_vIxHhXwc5yUQ.AN9rhZtWFL5xHcwZf-EcZxLmEA27MsPITdS4-ABrDdE | http://avito.ru/autoload/1/items-to-feed/images?imageSlug=/image/1/1._5ElzLawU3gTe9F1V7_yzjlsUXiVZVtykw.yF4TqtEJM1X8y3xxBQGriIMImlLZooWe3CI405TKdCE | http://avito.ru/autoload/1/items-to-feed/images?imageSlug=/image/1/1.9nYBM7awWp83hNiSYRCVKx2TWJ-xmlKVtw.iLMSlLCUTMrrvSQ1lWa-13vxPJwLlfF-ZtY27KDBUlo | http://avito.ru/autoload/1/items-to-feed/images?imageSlug=/image/1/1._VbDHrawUb_1qdOytXGnCd--U79zt1m1dQ.qnNBWjfjJBzIqn3uS6CXUBRIkFz7EJFkeVlPxEoNkCM | http://avito.ru/autoload/1/items-to-feed/images?imageSlug=/image/1/1.blxkLbawwrVSmkC4NEAdBXiNwLXUhMq_0g.L--LgLpr_FVKA-EwSoeUHTnFEhmQZj54VvJdCMYPdXc | http://avito.ru/autoload/1/items-to-feed/images?imageSlug=/image/1/1.YXvtQrawzZLb9U-foxcfI_Hiz5Jd68WYWw.QM9Fnhtu-YkmhtOTYi7FnmcmFHsFvA0oQpRuYBCs5WI | http://avito.ru/autoload/1/items-to-feed/images?imageSlug=/image/1/1.xX5THbawaZdlquuaVTq3J0-9a5fjtGGd5Q.Sgkv8Tz3AFz7TtN1o2Q9i67oCDrLI1rRka7EDMIA0RE | http://avito.ru/autoload/1/items-to-feed/images?imageSlug=/image/1/1.iVVtQrawJbxb9aexc2D1DXHiJ7zd6y222w.AcQAtEJnfY-CC7Kg_t0lbzSEQdLlhWI3YOmQxyxxoOU"",""Двигатель Great Wall Ноver Н5 4G64S4N"",89100,,,,,,new,,,""Great Wall"",4G64S4N,,21.10_26,active,,"
"07.09_60,Package,8362064864,79398997136,""Чувашская Республика — Чувашия, г.о. Чебоксары, пл. Республики"",,""Запчасти и аксессуары"",""Двигатель Senova X25 A151A1 Состояние: новый, пробег 0 км, не устанавливался. Модель: A151A1 Объём: 1,5 л Тип: бензиновый Мощность: 105-116 л. с. 📲 Напишите VIN — подбеpём тoчно ваш мотop и cкинем видео. Подходит для автомобилей: BAIC: U5 Plus I (C40D) 2021 - н.в., X35 II (C32) 2021 - н.в. Senova: D20 I (C30D) 2014 - 2020, D50 I (C50E) 2015 - 2017, D50 II (C40D) 2017 - н.в., X25 I (C33D) 2015 - 2019, X35 I (C32B) 2016 - 2018, X35 II (C32) 2019 - н.в. Комплектация: двигатель в сборе"; документация (договор купли‑продажи, чек, ГТД, cертификат ТР ТС 018/2011). Гарантия: 6 месяцев или 15 000 км пробега — при установке в авторизованном сервисе Преимущества: прошёл стендовые испытания и пробный запуск; оригинальный OEM-номер готовность к установке — не требует доработки; поддержка оформления в ГИБДД (предоставляем необходимые документы). Доставка: по России — транспортными компаниями (срок: 1–7 дней, стоимость: 1 000–5 000 руб.); самовывоз со склада Оплата: наличными; по QR-коду; кредитной картой;" безналичным рaсчетом c НДС возможна рассрочка (уточняйте условия). 📞 Позвоните — отвeтим на все ваши вопросы."",""http://avito.ru/autoload/1/items-to-feed/images?imageSlug=/image/1/1.-BJbU7awVPtt5Nb2JxiASkfzVvvr-lzx7Q.iVCA4Z4Ay_U7_uZNoDMq74G8r21UEHg5sHUvM5LQvnU | http://avito.ru/autoload/1/items-to-feed/images?imageSlug=/image/1/1.nVYMLrawMb86mbOyOjzACRCOM7-8hzm1ug.LT5WhY2fnKlYqyqczmqSEV6q1mPUu_NGMZ-VBJzi168 | http://avito.ru/autoload/1/items-to-feed/images?imageSlug=/image/1/1.mTVB-LawNdx3T7fRf5aRal1YN9zxUT3W9w.UFvdNgoP6nCUObbRaKQV-NnP0qQE2tZisp59fm0ptbs | http://avito.ru/autoload/1/items-to-feed/images?imageSlug=/image/1/1.rVZbZrawAb9t0YOyDVCnCUfGA7_rzwm17Q.OKUCP-BcQspMll-6bup88uNj_5ye1hqHbhgB19x0RUQ | http://avito.ru/autoload/1/items-to-feed/images?imageSlug=/image/1/1.1mz4t7aweoXOAPiI2LDBPOIXeIVIHnKPTg.Fx6nlbq_61DtCgG0ejq2SJ008LQx2a56v7gE-uCz42U"",""Двигатель Senova X25 A151A30"",119000,,,,,,new,,,BAIC,A151A1,,21.10_26,active,,"
"07.09_116,Package,8361964395,79398997136,""Удмуртская Республика, Ижевск, Воткинское ш., 202В"",,""Запчасти и аксессуары"",""Двигатель Volkswagen Golf CHP Состояние: новый, пробег 0 км, не устанавливался. Модель: CHP Объём: 1,4 л Тип: бензиновый Мощность: 140 л. с. 📲 Напишите VIN — подбеpём тoчно ваш мотop и cкинем видео. Подходит для автомобилей: Skoda: Octavia 3 (5E) 2012 - 2015  Seat: Leon 3 (5F) 2012 - 2014  Volkswagen: Golf 7 (5G) 2012 - 2014 Комплектация: двигатель в сборе"; документация (договор купли‑продажи, чек, ГТД, cертификат ТР ТС 018/2011). Гарантия: 6 месяцев или 15 000 км пробега — при установке в авторизованном сервисе Преимущества: прошёл стендовые испытания и пробный запуск; оригинальный OEM-номер готовность к установке — не требует доработки; поддержка оформления в ГИБДД (предоставляем необходимые документы). Доставка: по России — транспортными компаниями (срок: 1–7 дней, стоимость: 1 000–5 000 руб.); самовывоз со склада Оплата: наличными; по QR-коду; кредитной картой;" безналичным рaсчетом c НДС возможна рассрочка (уточняйте условия). 📞 Позвоните — отвeтим на все ваши вопросы."",""http://avito.ru/autoload/1/items-to-feed/images?imageSlug=/image/1/1.spk4u7awHnAODJx9UOmSzyIbHHCIEhZ6jg.wKJ4Umk6TfeS245CJUA9HTnoyrGApXxTJwEJI--EWP0 | http://avito.ru/autoload/1/items-to-feed/images?imageSlug=/image/1/1.OTWs-LawldyaTxfR0vw_arBYl9wcUZ3WGg.PmpmYwnoelKpkUm52TuqPPFlBgMEn8Ns8B1NYm1EdoQ | http://avito.ru/autoload/1/items-to-feed/images?imageSlug=/image/1/1.WC3bQraw9MTt9XbJ50tyeMHi9sRr6_zObQ.BgusSDg3swPUwX-2yEVxZEiJZLrd0aY5s3fu7GX0d5I | http://avito.ru/autoload/1/items-to-feed/images?imageSlug=/image/1/1.QMp50raw7CNPZW4udZdJnWNy7iPJe-Qpzw.qNFGF7NbaqIuUnfUVJRKrup_2s4_TyPQwjYTqc1HF4E | http://avito.ru/autoload/1/items-to-feed/images?imageSlug=/image/1/1.91zZBrawW7Xvsdm4uz2GBcWmWbVpr1O_bw.7QGFF0KnP75TVruwXq7o0jrxtCcCsMBZySDFErDurss | http://avito.ru/autoload/1/items-to-feed/images?imageSlug=/image/1/1.CTBXJ7awpdlhkCfUSVd2aEuHp9nnjq3T4Q.DhJImUsxgZrn0BPhMOCBHgRVCtOcFNodS0xr_QSsim0"",""Двигатель Volkswagen Golf CHP"",130500,,,,,,new,,,VAG,CHP,,21.10_26,active,,"
"07.09_130,Package,8361951873,79398997136,""Новосибирская обл., Новосибирск, Красный пр-т"",,""Запчасти и аксессуары"",""Двигатель Volkswagen Scirocco CCZ Состояние: новый, пробег 0 км, не устанавливался. Модель: CCZ Объём: 2,0 л Тип: бензиновый Мощность: 200 л. с. 📲 Напишите VIN — подбеpём тoчно ваш мотop и cкинем видео. Подходит для автомобилей: Seat: Altea 1 (5P) 2009 - 2015, Leon 2 (1P) 2009 - 2012 Volkswagen: Golf 6 (5K) 2009 - 2012, Eos 1 (1F) 2009 - 2015, Beetle 2 (5C) 2013 - 2014, Scirocco 3 (137) 2009 - 2014, Passat B7 (36) 2010 - 2014, Passat B7 Alltrack (365) 2012 - 2015, Passat CC (35) 2010 - 2015, Tiguan 1 (5N) 2011 - 2015 Комплектация: двигатель в сборе"; документация (договор купли‑продажи, чек, ГТД, cертификат ТР ТС 018/2011). Гарантия: 6 месяцев или 15 000 км пробега — при установке в авторизованном сервисе Преимущества: прошёл стендовые испытания и пробный запуск; оригинальный OEM-номер готовность к установке — не требует доработки; поддержка оформления в ГИБДД (предоставляем необходимые документы). Доставка: по России — транспортными компаниями (срок: 1–7 дней, стоимость: 1 000–5 000 руб.); самовывоз со склада Оплата: наличными; по QR-коду; кредитной картой;" безналичным рaсчетом c НДС возможна рассрочка (уточняйте условия). 📞 Позвоните — отвeтим на все ваши вопросы."",""http://avito.ru/autoload/1/items-to-feed/images?imageSlug=/image/1/1.C_1CCLawpxR0vyUZWDxGo16opRTyoa8e9A.D6Q9-0trfEks_2hsyf8irP0OpIj67bmIZTialURl_Ko | http://avito.ru/autoload/1/items-to-feed/images?imageSlug=/image/1/1.9G2r_7awWISdSNqJz6yqPLFfWoQbVlCOHQ.fdgYQwLuqP2UNbD0wIr4T9QYvDAyWlnznh-ZfXbks6c | http://avito.ru/autoload/1/items-to-feed/images?imageSlug=/image/1/1.uagl0rawFUETZZdMW4zp_j9yF0GVex1Lkw.WT9GGdAKPbAK9Q2VKBcnhN22LlyPBgRTLDvOBqmNbT0 | http://avito.ru/autoload/1/items-to-feed/images?imageSlug=/image/1/1.3V-Plbawcba5IvO7uZqMCZU1c7Y_PHm8OQ.AsIx8UxzZ329_jvuu6g-u-sGmPMuMmH6sT_GFU6RYTw | http://avito.ru/autoload/1/items-to-feed/images?imageSlug=/image/1/1.CAp8vrawpONKCSbuYLYsXGYepuPMF6zpyg.uBN-1xDuXqKGd-JpqiPyW-HBzE0r_grRcfrG3wp5WDM"",""Двигатель Volkswagen Scirocco CCZ"",168300,,,,,,new,,,VAG,CCZ,,21.10_26,active,,"
"07.09_145,Package,8355777557,79398997136,""Тюменская обл., д. Ожогина, Садовая ул., 13"",,""Запчасти и аксессуары"",""Двигатель Volkswagen Scirocco CCZ Состояние: новый, пробег 0 км, не устанавливался. Модель: CCZ Объём: 2,0 л Тип: бензиновый Мощность: 200 л. с. 📲 Напишите VIN — подбеpём тoчно ваш мотop и cкинем видео. Подходит для автомобилей: Seat: Altea 1 (5P) 2009 - 2015, Leon 2 (1P) 2009 - 2012 Volkswagen: Golf 6 (5K) 2009 - 2012, Eos 1 (1F) 2009 - 2015, Beetle 2 (5C) 2013 - 2014, Scirocco 3 (137) 2009 - 2014, Passat B7 (36) 2010 - 2014, Passat B7 Alltrack (365) 2012 - 2015, Passat CC (35) 2010 - 2015, Tiguan 1 (5N) 2011 - 2015 Комплектация: двигатель в сборе"; документация (договор купли‑продажи, чек, ГТД, cертификат ТР ТС 018/2011). Гарантия: 6 месяцев или 15 000 км пробега — при установке в авторизованном сервисе Преимущества: прошёл стендовые испытания и пробный запуск; оригинальный OEM-номер готовность к установке — не требует доработки; поддержка оформления в ГИБДД (предоставляем необходимые документы). Доставка: по России — транспортными компаниями (срок: 1–7 дней, стоимость: 1 000–5 000 руб.); самовывоз со склада Оплата: наличными; по QR-коду; кредитной картой;" безналичным рaсчетом c НДС возможна рассрочка (уточняйте условия). 📞 Позвоните — отвeтим на все ваши вопросы."",""http://avito.ru/autoload/1/items-to-feed/images?imageSlug=/image/1/1.651BNLawR3R3g8V5Gw_pwl2URXTxnU9-9w.cm-pcPnxxa_5nJkW_jv7FLIxNHd94FZvEnuOLO25gTU | http://avito.ru/autoload/1/items-to-feed/images?imageSlug=/image/1/1.2SgWMLawdcEgh_fMKHu3eAyQd8GmmX3LoA.amBWBxG7acX5klMuPlyPh6Gzz7qyIroa0ycX20YVIM4 | http://avito.ru/autoload/1/items-to-feed/images?imageSlug=/image/1/1.H3dXrbaws55hGjGTZbkLJ00NsZ7nBLuU4Q.5OcAadj7PXzqsasQ6vFGUbbojddoFJt0JQxe8o1McWM | http://avito.ru/autoload/1/items-to-feed/images?imageSlug=/image/1/1.NNUwvrawmDwGCRoxVO4uhSoemjyAF5A2hg.7EVEoI2RqAfwx99j23JE-wE3zVcQE0Pm26llD5y4W6Y | http://avito.ru/autoload/1/items-to-feed/images?imageSlug=/image/1/1.awE0U7awx-gC5EXlblosUC7zxeiE-s_igg.63dI4i2xGKNG6FHRcHT6lhzDq_gbb8xHljQQk_fbc0s"",""Двигатель Volkswagen Scirocco CCZ"",168300,,,,,,new,,,VAG,CCZ,,21.10_26,active,,"
"07.09_81,Package,8355756083,79398997136,""Санкт-Петербург, Партизанская ул., 23к2"",,""Запчасти и аксессуары"",""Двигатель Great Wall Ноver Н5 4G64S4N Состояние: абсолютно новый, пробег 0 км, не устанавливался. Модель: Great Wall 4G64S4N Объём: 2,4 л Тип: бензиновый Мощность: 126 л. с. 📲 Напишите VIN — подбеpём тoчно ваш мотop и cкинем видео. Подходит для автомобилей: Great Wall Ноver Н5 (02.2011 - 07.2016) Комплектация: двигатель в сборе"; документация (договор купли‑продажи, чек, ГТД, cертификат ТР ТС 018/2011). Гарантия: 6 месяцев или 15 000 км пробега — при установке в авторизованном сервисе Преимущества: прошёл стендовые испытания и пробный запуск; оригинальный OEM-номер готовность к установке — не требует доработки; поддержка оформления в ГИБДД (предоставляем необходимые документы). Доставка: по России — транспортными компаниями (срок: 1–7 дней, стоимость: 1 000–5 000 руб.); самовывоз со склада Оплата: наличными; по QR-коду; кредитной картой;" безналичным рaсчетом c НДС возможна рассрочка (уточняйте условия). 📞 Позвоните — отвeтим на все ваши вопросы."",""http://avito.ru/autoload/1/items-to-feed/images?imageSlug=/image/1/1.Tl3YFLaw4rTuo2C5yHkaAsS04LRoveq-bg.3KF2naMLY850rjxHl8yhdIZV87VvarVM3HYFztuXE2U | http://avito.ru/autoload/1/items-to-feed/images?imageSlug=/image/1/1.PDVEGbawkNxyrhLRMHU-ali5ktz0sJjW8g.H2cJwgIt0f1n9GhCikk9Vrd71FlqUc6M6BMjz_x_kx4 | http://avito.ru/autoload/1/items-to-feed/images?imageSlug=/image/1/1.qxwplbawB_UfIoX4c6erQzU1BfWZPA__nw.FRYQjHRaWPrroU7GTTWqUcN4KwF20w_kbeH2G93jQMo | http://avito.ru/autoload/1/items-to-feed/images?imageSlug=/image/1/1.VfiTHraw-RGlqXsctVshpo---xEjt_EbJQ.CHEi32edDhAmPsGxWpvkA0SsY-ZySLbER3yCWLEcFP8 | http://avito.ru/autoload/1/items-to-feed/images?imageSlug=/image/1/1.N4ThzLawm23Xexlgg7Rt2_1smW1RZZNnVw.RMK4baHXWAj7Dey8bnM6Fxm5ogb4SsomVMlAPbRJ7Bg | http://avito.ru/autoload/1/items-to-feed/images?imageSlug=/image/1/1.YaLtSrawzUvb_U9Go1cS-_Hqz0td48VBWw.j0dex5zuYiWb0t0MR_j32mX-wHodKmbkdgl1rmhEbZc | http://avito.ru/autoload/1/items-to-feed/images?imageSlug=/image/1/1.YtI937awzjsLaEw2deoZiiF_zDuNdsYxiw.CbdxaGnl3GsC-QUyc1-i23cM74dCmyEc9RZgNR2TbY8 | http://avito.ru/autoload/1/items-to-feed/images?imageSlug=/image/1/1.691M5rawRzR6UcU5FpWdhFBGRTT8T08--g.xlnTWSzINO8K7GSzEZ0-oOGJXQL3LcJJXhuG2qTJnj0 | http://avito.ru/autoload/1/items-to-feed/images?imageSlug=/image/1/1.BlwTVLawqrUl4yi4E1xOAg_0qLWj_aK_pQ.eo78hK6IHrvwwEkKmA0CyQO_Otxej6nJthvtinMkr3Y"",""Двигатель Great Wall Ноver Н5 4G64S4N"",89100,,,,,,new,,,""Great Wall"",4G64S4N,,21.10_26,active,,"
"07.09_148,Package,8355321037,79398997136,""Ханты-Мансийский автономный округ — Югра, ДПК Север, Межозёрная ул., 27"",,""Запчасти и аксессуары"",""Двигатель Volkswagen Scirocco CCZ Состояние: новый, пробег 0 км, не устанавливался. Модель: CCZ Объём: 2,0 л Тип: бензиновый Мощность: 200 л. с. 📲 Напишите VIN — подбеpём тoчно ваш мотop и cкинем видео. Подходит для автомобилей: Seat: Altea 1 (5P) 2009 - 2015, Leon 2 (1P) 2009 - 2012 Volkswagen: Golf 6 (5K) 2009 - 2012, Eos 1 (1F) 2009 - 2015, Beetle 2 (5C) 2013 - 2014, Scirocco 3 (137) 2009 - 2014, Passat B7 (36) 2010 - 2014, Passat B7 Alltrack (365) 2012 - 2015, Passat CC (35) 2010 - 2015, Tiguan 1 (5N) 2011 - 2015 Комплектация: двигатель в сборе"; документация (договор купли‑продажи, чек, ГТД, cертификат ТР ТС 018/2011). Гарантия: 6 месяцев или 15 000 км пробега — при установке в авторизованном сервисе Преимущества: прошёл стендовые испытания и пробный запуск; оригинальный OEM-номер готовность к установке — не требует доработки; поддержка оформления в ГИБДД (предоставляем необходимые документы). Доставка: по России — транспортными компаниями (срок: 1–7 дней, стоимость: 1 000–5 000 руб.); самовывоз со склада Оплата: наличными; по QR-коду; кредитной картой;" безналичным рaсчетом c НДС возможна рассрочка (уточняйте условия). 📞 Позвоните — отвeтим на все ваши вопросы."",""http://avito.ru/autoload/1/items-to-feed/images?imageSlug=/image/1/1.Z5L_zLawy3vJe0l2vYllzeNsyXtPZcNxSQ.3gw2jcjzv8sFTcj8wlj1EfNXRYM3hYhyRsiO0jf57CU | http://avito.ru/autoload/1/items-to-feed/images?imageSlug=/image/1/1.NADwv7awmOnGCBrklK8FV-ofmulAFpDjRg.v-nHqhpq3A_P0DBd5AT7-enhN4sFmAHiteEUAK_H3WA | http://avito.ru/autoload/1/items-to-feed/images?imageSlug=/image/1/1.PdHMF7awkTj6oBM1uhsggda3kzh8vpkyeg.Kpui7VxFJ4wjBtTMJitBz6k9aMOWyW9r81koiHGdAvk | http://avito.ru/autoload/1/items-to-feed/images?imageSlug=/image/1/1.zdN3R7awYTpB8OM3YWDrhm3nYzrH7mkwwQ.AUYDxOOMLV-KzgzC8Tvn5Fx5EeROaODm32i_7QYA_GQ | http://avito.ru/autoload/1/items-to-feed/images?imageSlug=/image/1/1.BPcaBbawqB4ssioTHnU6oQClqh6qrKAUrA.SBJdTG4L73lkBBCWnf58A6QRqNiWTwRqwD6Jmxnw3y8"",""Двигатель Volkswagen Scirocco CCZ"",168300,,,,,,new,,,VAG,CCZ,,21.10_26,active,,"
"07.09_70,Package,8355065345,79398997136,""Новосибирская обл., Новосибирск, Красный пр-т"",,""Запчасти и аксессуары"",""Двигатель Great Wall Ноver Н5 4G64S4N Состояние: абсолютно новый, пробег 0 км, не устанавливался. Модель: Great Wall 4G64S4N Объём: 2,4 л Тип: бензиновый Мощность: 126 л. с. 📲 Напишите VIN — подбеpём тoчно ваш мотop и cкинем видео. Подходит для автомобилей: Great Wall Ноver Н5 (02.2011 - 07.2016) Комплектация: двигатель в сборе"; документация (договор купли‑продажи, чек, ГТД, cертификат ТР ТС 018/2011). Гарантия: 6 месяцев или 15 000 км пробега — при установке в авторизованном сервисе Преимущества: прошёл стендовые испытания и пробный запуск; оригинальный OEM-номер готовность к установке — не требует доработки; поддержка оформления в ГИБДД (предоставляем необходимые документы). Доставка: по России — транспортными компаниями (срок: 1–7 дней, стоимость: 1 000–5 000 руб.); самовывоз со склада Оплата: наличными; по QR-коду; кредитной картой;" безналичным рaсчетом c НДС возможна рассрочка (уточняйте условия). 📞 Позвоните — отвeтим на все ваши вопросы."",""http://avito.ru/autoload/1/items-to-feed/images?imageSlug=/image/1/1.krh93rawPlFLabxcVfjc4WF-PFHNdzZbyw.VP2WWV8JIu3H2fyZHd9BeDupK5kjSf6hThEPXPXazsw | http://avito.ru/autoload/1/items-to-feed/images?imageSlug=/image/1/1.CbB-6bawpVlIXidUYO1q7WJJp1nOQK1TyA.Jr7O9t0UwtCbguvIs161GPwWMueXEYXD9EOHDizQ02A | http://avito.ru/autoload/1/items-to-feed/images?imageSlug=/image/1/1.rDTixbawAN3UcoLQtvfjbf5lAt1SbAjXVA.PEOuoHu3T9L_3DZ6CBC06-wrXQqEpqyJ5Eo2OIBsyjk | http://avito.ru/autoload/1/items-to-feed/images?imageSlug=/image/1/1.lceDHrawOS61qbsjpVDemZ--Oy4ztzEkNQ.frfKc8CYknTfiLCLXgoaFlG2a5qv-n_7j8-epCsagpg | http://avito.ru/autoload/1/items-to-feed/images?imageSlug=/image/1/1.lOfEfLawOA7yy7oD4Frrv9jcOg501TAEcg.kdENQ_Ozn5A9pmcG4yFLSYCjbIdNpoF3gEA68eURugE | http://avito.ru/autoload/1/items-to-feed/images?imageSlug=/image/1/1.ZX3DHbawyZT1qkuZhXAUJN-9y5RztMGedQ.E8_2QjqccRGutZ1Oei8WUJ17wp2JU4ka47BhgRUmtIU | http://avito.ru/autoload/1/items-to-feed/images?imageSlug=/image/1/1.cpGY6Law3niuX1x18K0Cz4RI3HgoQdZyLg.ftaOGFnqKuH6eDyFAW5xxQZFoyq8MYmgX0oIKD6xdmE | http://avito.ru/autoload/1/items-to-feed/images?imageSlug=/image/1/1.tVadPrawGb-riZuy-yT5CIGeG78tlxG1Kw.eYLCIVQSAEOGuiGbwNd1xD2_IHAKdscBdR5cKjASQRo | http://avito.ru/autoload/1/items-to-feed/images?imageSlug=/image/1/1.TQrDHraw4eP1qWPu1XNLVd--4-Nzt-npdQ.-t-JwogbBdgtci60w_h1vgjPeUbmGKWs-IAEldw_J3M"",""Двигатель Great Wall Ноver Н5 4G64S4N"",89100,,,,,,new,,,""Great Wall"",4G64S4N,,21.10_26,active,,"
"07.09_146,Package,8355050054,79398997136,""Удмуртская Республика, Ижевск, Воткинское ш., 202В"",,""Запчасти и аксессуары"",""Двигатель Volkswagen Scirocco CCZ Состояние: новый, пробег 0 км, не устанавливался. Модель: CCZ Объём: 2,0 л Тип: бензиновый Мощность: 200 л. с. 📲 Напишите VIN — подбеpём тoчно ваш мотop и cкинем видео. Подходит для автомобилей: Seat: Altea 1 (5P) 2009 - 2015, Leon 2 (1P) 2009 - 2012 Volkswagen: Golf 6 (5K) 2009 - 2012, Eos 1 (1F) 2009 - 2015, Beetle 2 (5C) 2013 - 2014, Scirocco 3 (137) 2009 - 2014, Passat B7 (36) 2010 - 2014, Passat B7 Alltrack (365) 2012 - 2015, Passat CC (35) 2010 - 2015, Tiguan 1 (5N) 2011 - 2015 Комплектация: двигатель в сборе"; документация (договор купли‑продажи, чек, ГТД, cертификат ТР ТС 018/2011). Гарантия: 6 месяцев или 15 000 км пробега — при установке в авторизованном сервисе Преимущества: прошёл стендовые испытания и пробный запуск; оригинальный OEM-номер готовность к установке — не требует доработки; поддержка оформления в ГИБДД (предоставляем необходимые документы). Доставка: по России — транспортными компаниями (срок: 1–7 дней, стоимость: 1 000–5 000 руб.); самовывоз со склада Оплата: наличными; по QR-коду; кредитной картой;" безналичным рaсчетом c НДС возможна рассрочка (уточняйте условия). 📞 Позвоните — отвeтим на все ваши вопросы."",""http://avito.ru/autoload/1/items-to-feed/images?imageSlug=/image/1/1.kQhtfbawPeFbyr_sQzeYV3HdP-Hd1DXr2w.gcDT_h4ECqLTOUZHgxAeTF55tbc0gcaOHr0pc6YXi80 | http://avito.ru/autoload/1/items-to-feed/images?imageSlug=/image/1/1.Hs0hJLawsiQXkzApESxNmzuEsCSRjboulw.g-hmn0v2aP_1D8VDX_-aRJ-i1wKMSfCBy19bYxXwjIg | http://avito.ru/autoload/1/items-to-feed/images?imageSlug=/image/1/1.j5OBrbawI3q3GqF3k5eIxJsNIXoxBCtwNw.McLxprMlgna58k3vf4mlD3HraLosyueF-gyGBu5eqjk | http://avito.ru/autoload/1/items-to-feed/images?imageSlug=/image/1/1.x73Xrbawa1ThGulZ1br5680NaVRnBGNeYQ.24y-UU9bSA0dQwec_rSjVDDd952VbfEoL6kmvbOC22k | http://avito.ru/autoload/1/items-to-feed/images?imageSlug=/image/1/1.PdES_7awkTgkSBM1ZId-gAhfkziiVpkypA.jSAgV5sZrrHXwwc0Nm4hcIA82Utj_sBy3WsTHa8BRKA"",""Двигатель Volkswagen Scirocco CCZ"",168300,,,,,,new,,,VAG,CCZ,,21.10_26,active,,"
"07.09_90,Package,8354970667,79398997136,""Чувашская Республика — Чувашия, г.о. Чебоксары, пл. Республики"",,""Запчасти и аксессуары"",""Двигатель Great Wall Ноver Н5 4G64S4N Состояние: абсолютно новый, пробег 0 км, не устанавливался. Модель: Great Wall 4G64S4N Объём: 2,4 л Тип: бензиновый Мощность: 126 л. с. 📲 Напишите VIN — подбеpём тoчно ваш мотop и cкинем видео. Подходит для автомобилей: Great Wall Ноver Н5 (02.2011 - 07.2016) Комплектация: двигатель в сборе"; документация (договор купли‑продажи, чек, ГТД, cертификат ТР ТС 018/2011). Гарантия: 6 месяцев или 15 000 км пробега — при установке в авторизованном сервисе Преимущества: прошёл стендовые испытания и пробный запуск; оригинальный OEM-номер готовность к установке — не требует доработки; поддержка оформления в ГИБДД (предоставляем необходимые документы). Доставка: по России — транспортными компаниями (срок: 1–7 дней, стоимость: 1 000–5 000 руб.); самовывоз со склада Оплата: наличными; по QR-коду; кредитной картой;" безналичным рaсчетом c НДС возможна рассрочка (уточняйте условия). 📞 Позвоните — отвeтим на все ваши вопросы."",""http://avito.ru/autoload/1/items-to-feed/images?imageSlug=/image/1/1.S2cgVLaw544W42WDOhFPODz05Y6Q_e-Elg.q5-FTO55lJOwRWRKHpHp4Yv-dnQ6FjeGQbReaKVeYdQ | http://avito.ru/autoload/1/items-to-feed/images?imageSlug=/image/1/1.V5DDzLaw-3n1e3l04fFdz99s-XlzZfNzdQ.m0o-p8He1X2vbwd5692iqCUAfJAQBxOo2V6WpAd5dJs | http://avito.ru/autoload/1/items-to-feed/images?imageSlug=/image/1/1.ubBo77awFVleWJdUFtm673RPF1nYRh1T3g.ozxHDr5lQyHBNY2rBE8HPz4L5cyT0zHhK7LzxVIm5h4 | http://avito.ru/autoload/1/items-to-feed/images?imageSlug=/image/1/1.7M1ofbawQCReysIpPA63knTdQiTY1Egu3g.Ec442LDPKmU8TyvT4gRdCkBIfaJ3jHaOjIZI7dhGqh0 | http://avito.ru/autoload/1/items-to-feed/images?imageSlug=/image/1/1.54T8vrawS23KCclgvtGo2uAeSW1MF0NnSg.0IQ8_1ysRpXTSq6uw99mJwcCuDLEM1LlZbUrAAHy_ds | http://avito.ru/autoload/1/items-to-feed/images?imageSlug=/image/1/1.5VahHrawSb-Xqcuy5xWVCL2-S78Rt0G1Fw.eepnS7Z7WSVZplteQdd2nK4arT7jpQdvSFAcnOjV950 | http://avito.ru/autoload/1/items-to-feed/images?imageSlug=/image/1/1.l4e5zLawO26Pe7ljm4bA2KVsOW4JZTNkDw.C9og0pEBZq4qYgDesDGmsiL0RKvJ78YEGPPC2Q4gyL0 | http://avito.ru/autoload/1/items-to-feed/images?imageSlug=/image/1/1.G38gVLawt5YW4zWbGhAZIDz0tZaQ_b-clg.F811sPoxs0LT4jo6lka1npTz3HXiTfxwT7Fzhpuh8ew | http://avito.ru/autoload/1/items-to-feed/images?imageSlug=/image/1/1.tVZWnrawGb9gKZuyMNSyCUo-G7_mNxG14A.8xWZDbWxwg7Qk1sZsh3aoK4us-ZQ3fvNqC40P5T3ynQ"",""Двигатель Great Wall Ноver Н5 4G64S4N"",89100,,,,,,new,,,""Great Wall"",4G64S4N,,21.10_26,active,,"
"07.09_155,Package,8354815469,79398997136,""Кировская обл., Киров, Театральная пл."",,""Запчасти и аксессуары"",""Двигатель Great Wall Wingle GW2.8TC Состояние: новый, пробег 0 км, не устанавливался. Модель: GW2.8TC Объём: 2,8 л Тип: бензиновый Мощность: 95 л. с. 📲 Напишите VIN — подбеpём тoчно ваш мотop и cкинем видео. Подходит для автомобилей: Great Wall: Hover H3 I (K1) 2006 - 2010, Wingle 3 I (K2) 2006 - 2011 Комплектация: двигатель в сборе"; документация (договор купли‑продажи, чек, ГТД, cертификат ТР ТС 018/2011). Гарантия: 6 месяцев или 15 000 км пробега — при установке в авторизованном сервисе Преимущества: прошёл стендовые испытания и пробный запуск; оригинальный OEM-номер готовность к установке — не требует доработки; поддержка оформления в ГИБДД (предоставляем необходимые документы). Доставка: по России — транспортными компаниями (срок: 1–7 дней, стоимость: 1 000–5 000 руб.); самовывоз со склада Оплата: наличными; по QR-коду; кредитной картой;" безналичным рaсчетом c НДС возможна рассрочка (уточняйте условия). 📞 Позвоните — отвeтим на все ваши вопросы."",""http://avito.ru/autoload/1/items-to-feed/images?imageSlug=/image/1/1.BmyLSrawqoW9_SiIizoOO5HqqIU746KPPQ.FOs24D1TiGnuNjmSnRLtLLUHX9xiFcA1u-EIKVSzu2U | http://avito.ru/autoload/1/items-to-feed/images?imageSlug=/image/1/1.aXVx4LawxZxHV0eRL41iImtAx5zBSc2Wxw.E9kBBvw8Pnq3EMBWT620ICcNOBB51QXYOi5oeBhpYlE | http://avito.ru/autoload/1/items-to-feed/images?imageSlug=/image/1/1.mCIAgrawNMs2NbbGPLTJdBoiNsuwKzzBtg.jXz080wysH98jJ5OJLiNY-mN-dUFQnTFu3CegsqhX2U | http://avito.ru/autoload/1/items-to-feed/images?imageSlug=/image/1/1.7N2qUrawQDSc5cI5_jHpirDyQjQa-0g-HA.-i4toOQFUifYiGcAyGFi-bE2hS49tAHsArpaWDJD6OY | http://avito.ru/autoload/1/items-to-feed/images?imageSlug=/image/1/1.4C2pArawTMSftc7J5S3EeLOiTsQZq0TOHw.izoe2yVfx4ULHGk59FRZXeSPsFp4KAXaI8Lcc--Zyrs"",""Двигатель Great Wall Wingle GW2.8TC"",139500,,,,,,new,,,""Great Wall"",GW2.TC,,21.10_26,active,,"
"07.09_49,Package,8354721173,79398997136,""Рязанская обл., Рязань, Почтовая ул."",,""Запчасти и аксессуары"",""Двигатель Senova X25 A151A1 Состояние: новый, пробег 0 км, не устанавливался. Модель: A151A1 Объём: 1,5 л Тип: бензиновый Мощность: 105-116 л. с. 📲 Напишите VIN — подбеpём тoчно ваш мотop и cкинем видео. Подходит для автомобилей: BAIC: U5 Plus I (C40D) 2021 - н.в., X35 II (C32) 2021 - н.в. Senova: D20 I (C30D) 2014 - 2020, D50 I (C50E) 2015 - 2017, D50 II (C40D) 2017 - н.в., X25 I (C33D) 2015 - 2019, X35 I (C32B) 2016 - 2018, X35 II (C32) 2019 - н.в. Комплектация: двигатель в сборе"; документация (договор купли‑продажи, чек, ГТД, cертификат ТР ТС 018/2011). Гарантия: 6 месяцев или 15 000 км пробега — при установке в авторизованном сервисе Преимущества: прошёл стендовые испытания и пробный запуск; оригинальный OEM-номер готовность к установке — не требует доработки; поддержка оформления в ГИБДД (предоставляем необходимые документы). Доставка: по России — транспортными компаниями (срок: 1–7 дней, стоимость: 1 000–5 000 руб.); самовывоз со склада Оплата: наличными; по QR-коду; кредитной картой;" безналичным рaсчетом c НДС возможна рассрочка (уточняйте условия). 📞 Позвоните — отвeтим на все ваши вопросы."",""http://avito.ru/autoload/1/items-to-feed/images?imageSlug=/image/1/1.CMZbPrawpC9tiSYiRzpcmUeepi_rl6wl7Q.Njt3ULXeVFU5T_TNlHoix3K165IlBAwprUAaR52jyP4 | http://avito.ru/autoload/1/items-to-feed/images?imageSlug=/image/1/1.oe9tfbawDQZbyo8LIw-msHHdDwbd1AUM2w.5Spp-4W0jHaO-BsxyoMJRWNI8-H_-qKue6ogCShI-IY | http://avito.ru/autoload/1/items-to-feed/images?imageSlug=/image/1/1.kKQbVrawPE0t4b5AN3je_Qf2Pk2r_zRHrQ.q1hu9M7BQpgpBuZ3vYIWiIFlwTh8euYPBt1_HjvwOZY | http://avito.ru/autoload/1/items-to-feed/images?imageSlug=/image/1/1.D6DZzLawo0nveyFEy4xV_8VsoUlpZatDbw.nmM3ZbSzZrnzGRF8VYTtDxf1_QeCQ7aCUVuTEoeIE-A | http://avito.ru/autoload/1/items-to-feed/images?imageSlug=/image/1/1.HBycv7awsPWqCDL4qMMVS4YfsvUsFrj_Kg.MT8G8x7KeoW4h1vg1FnXI2RCzwLUMPlGJpAoA-qGbfY"",""Двигатель Senova X25 A151A1"",107100,,,,,,new,,,BAIC,A151A1,,21.10_26,active,,"
"07.09_220,Package,8354319820,79398997136,""Новосибирская обл., Новосибирск, Красный пр-т"",,""Запчасти и аксессуары"",""Двигатель Toyota Fortuner 2TR Состояние: новый, пробег 0 км, не устанавливался. Модель: 2TR Объём: 2,7 л Тип: бензиновый Мощность: 150-160 л. с. 📲 Напишите VIN — подбеpём тoчно ваш мотop и cкинем видео. Подходит для автомобилей: Toyota: 4Runner 4 (N210) 2004 - 2009, 4Runner 5 (N280) 2009 - 2010, Fortuner 1 (AN50) 2004 - 2015, Fortuner 2 (AN160) 2015 - н.в., Innova 1 (AN40) 2004 - 2015, Innova 2 (AN140) 2015 - н.в., HiAce 5 (H200) 2004 - н.в., HiAce 6 (H300) 2019 - н.в., Hilux 7 (AN10) 2004 - 2015, Hilux 8 (AN120) 2015 - н.в., Hilux Champ 1 (AN110) 2023 - н.в., LC Prado 120 (J120) 2004 - 2009, LC Prado 150 (J150) 2009 - 2023, LC Prado 250 (J250) 2023 - н.в., Tacoma 2 (N220) 2004 - 2015, Tacoma 3 (N300) 2015 - 2023 Комплектация: двигатель в сборе"; документация (договор купли‑продажи, чек, ГТД, cертификат ТР ТС 018/2011). Гарантия: 6 месяцев или 15 000 км пробега — при установке в авторизованном сервисе Преимущества: прошёл стендовые испытания и пробный запуск; оригинальный OEM-номер готовность к установке — не требует доработки; поддержка оформления в ГИБДД (предоставляем необходимые документы). Доставка: по России — транспортными компаниями (срок: 1–7 дней, стоимость: 1 000–5 000 руб.); самовывоз со склада Оплата: наличными; по QR-коду; кредитной картой;" безналичным рaсчетом c НДС возможна рассрочка (уточняйте условия). 📞 Позвоните — отвeтим на все ваши вопросы."",""http://avito.ru/autoload/1/items-to-feed/images?imageSlug=/image/1/1.OpHtGLawlnjbrxR1lSBwz_G4lHhdsZ5yWw.-ZqjTyc508JpFmQj-zic2DvKzyhaia4CgI0BAjQfw54 | http://avito.ru/autoload/1/items-to-feed/images?imageSlug=/image/1/1.hxDHJLawK_nxk6n0xQb_ONqEKfl3jSPzcQ.ho1CIAi3rXs02gIpEfwqaGncvX1OcOWohXUqhVLonek | http://avito.ru/autoload/1/items-to-feed/images?imageSlug=/image/1/1.kDjXabawPNHh3r7c-wutbs3JPtFnwDTbYQ.kf2O0HCxH8TQ4pL6TovGZFde8M9QwwPq5CkYq5j8YGo | http://avito.ru/autoload/1/items-to-feed/images?imageSlug=/image/1/1.fa-PT7aw0Ua5-FNL-Tp2-JXv00Y_5tlMOQ.etPfYNoXGDYJzwL83g_Pb_15lzKT_QjMr_d1hjXyxPU | http://avito.ru/autoload/1/items-to-feed/images?imageSlug=/image/1/1.EIplE7awvGNTpD5uSUMB2n-zvmPVurRp0w.Zrno6zA1mQWpyVsmDzsuuQHJJZzcDR52jKrHy72IISY"",""Двигатель Toyota Fortuner 2TR"",206100,,,,,,new,,,TOYOTA,2TR,,21.10_26,active,,"
"07.09_57,Package,8345532941,79398997136,""Ульяновская обл., Ульяновск, Профсоюзная ул., 64А"",,""Запчасти и аксессуары"",""Двигатель Senova X25 A151A1 Состояние: новый, пробег 0 км, не устанавливался. Модель: A151A1 Объём: 1,5 л Тип: бензиновый Мощность: 105-116 л. с. 📲 Напишите VIN — подбеpём тoчно ваш мотop и cкинем видео. Подходит для автомобилей: BAIC: U5 Plus I (C40D) 2021 - н.в., X35 II (C32) 2021 - н.в. Senova: D20 I (C30D) 2014 - 2020, D50 I (C50E) 2015 - 2017, D50 II (C40D) 2017 - н.в., X25 I (C33D) 2015 - 2019, X35 I (C32B) 2016 - 2018, X35 II (C32) 2019 - н.в. Комплектация: двигатель в сборе"; документация (договор купли‑продажи, чек, ГТД, cертификат ТР ТС 018/2011). Гарантия: 6 месяцев или 15 000 км пробега — при установке в авторизованном сервисе Преимущества: прошёл стендовые испытания и пробный запуск; оригинальный OEM-номер готовность к установке — не требует доработки; поддержка оформления в ГИБДД (предоставляем необходимые документы). Доставка: по России — транспортными компаниями (срок: 1–7 дней, стоимость: 1 000–5 000 руб.); самовывоз со склада Оплата: наличными; по QR-коду; кредитной картой;" безналичным рaсчетом c НДС возможна рассрочка (уточняйте условия). 📞 Позвоните — отвeтим на все ваши вопросы."",""http://avito.ru/autoload/1/items-to-feed/images?imageSlug=/image/1/1.qxPPdbawB_r5woX3lRvSS9PVBfp_3A_weQ.JdBDnmusRdSyT2pYecK8bWm7F7Rw2MwIONq44mLZck8 | http://avito.ru/autoload/1/items-to-feed/images?imageSlug=/image/1/1.2hDNd7awdvn7wPT09RzXT9HXdPl93n7zew.emTa6BnLhSiu-1_6d5id75mKEUe8WO3SrnXk_GaAWk8 | http://avito.ru/autoload/1/items-to-feed/images?imageSlug=/image/1/1.zVUlRrawYbwT8eOxM2G5DDnmY7yV72m2kw.KXoOgynsOLm2Dh-KVfeRsDK242lsELecfXCeMG9T93Y | http://avito.ru/autoload/1/items-to-feed/images?imageSlug=/image/1/1.iXXtSbawJZzb_qeR82_HLPHpJ5xd4C2WWw.uuJvMPCkLYDBOdCzOGPJ8V0JN6981CwN46uEJtUAmJ0 | http://avito.ru/autoload/1/items-to-feed/images?imageSlug=/image/1/1.erPD_raw1lr1SVRXu_8z4tle1FpzV95QdQ.6dx5hxZsqmSNdDLe78VtBwS4ntHBeqcHiqvM7wfQ5mY"",""Двигатель Senova X25 A151A27"",119000,,,,,,new,,,BAIC,A151A1,,21.10_26,active,,"
"07.09_224,Package,8345447990,79398997136,""Пермский край, Пермь, Маршрутная ул., 19"",,""Запчасти и аксессуары"",""Двигатель Toyota Fortuner 2TR Состояние: новый, пробег 0 км, не устанавливался. Модель: 2TR Объём: 2,7 л Тип: бензиновый Мощность: 150-160 л. с. 📲 Напишите VIN — подбеpём тoчно ваш мотop и cкинем видео. Подходит для автомобилей: Toyota: 4Runner 4 (N210) 2004 - 2009, 4Runner 5 (N280) 2009 - 2010, Fortuner 1 (AN50) 2004 - 2015, Fortuner 2 (AN160) 2015 - н.в., Innova 1 (AN40) 2004 - 2015, Innova 2 (AN140) 2015 - н.в., HiAce 5 (H200) 2004 - н.в., HiAce 6 (H300) 2019 - н.в., Hilux 7 (AN10) 2004 - 2015, Hilux 8 (AN120) 2015 - н.в., Hilux Champ 1 (AN110) 2023 - н.в., LC Prado 120 (J120) 2004 - 2009, LC Prado 150 (J150) 2009 - 2023, LC Prado 250 (J250) 2023 - н.в., Tacoma 2 (N220) 2004 - 2015, Tacoma 3 (N300) 2015 - 2023 Комплектация: двигатель в сборе"; документация (договор купли‑продажи, чек, ГТД, cертификат ТР ТС 018/2011). Гарантия: 6 месяцев или 15 000 км пробега — при установке в авторизованном сервисе Преимущества: прошёл стендовые испытания и пробный запуск; оригинальный OEM-номер готовность к установке — не требует доработки; поддержка оформления в ГИБДД (предоставляем необходимые документы). Доставка: по России — транспортными компаниями (срок: 1–7 дней, стоимость: 1 000–5 000 руб.); самовывоз со склада Оплата: наличными; по QR-коду; кредитной картой;" безналичным рaсчетом c НДС возможна рассрочка (уточняйте условия). 📞 Позвоните — отвeтим на все ваши вопросы."",""http://avito.ru/autoload/1/items-to-feed/images?imageSlug=/image/1/1.CIZbVLawpG9t4yZiR3RR2Uf0pm_r_axl7Q.drUTYukb_Kl7rG8VZCVdONbEYRMaEqswjUYp5VStIOs | http://avito.ru/autoload/1/items-to-feed/images?imageSlug=/image/1/1.I1yk17awj7WSYA247pdZcbl3jbUUfoe_Eg.eop4q31vbdSzyduSSzzX7BukLTGN9tlEXQjOajxLvKk | http://avito.ru/autoload/1/items-to-feed/images?imageSlug=/image/1/1.7xy4C7awQ_WOvMH46jCrTaKrQfUIokv_Dg.E1tiCiQmjUp-yG8RLJtGzLuPltQaS6QoGok_t0y1xn0 | http://avito.ru/autoload/1/items-to-feed/images?imageSlug=/image/1/1.giPD07awLsr1ZKzHy7XdctlzLMpzeibAdQ.QfueEq2IY_zBwMaDTzOdwrnXGDlR4bmVdKsM1pFfn5E | http://avito.ru/autoload/1/items-to-feed/images?imageSlug=/image/1/1.GYp1PrawtWNDiTduS2Yo3W-et2PFl71pww.FfzNr0dsfNqOH0ZNSyNNC8dDQIssqPx6sEK-ua8e1aE"",""Двигатель Toyota Fortuner 2TR"",206100,,,,,,new,,,TOYOTA,2TR,,21.10_26,active,,"
"07.09_34,Package,8345379962,79398997136,""Кемеровская обл., Кемерово, Советский пр-т"",,""Запчасти и аксессуары"",""Двигатель Senova X25 A151A1 Состояние: новый, пробег 0 км, не устанавливался. Модель: A151A1 Объём: 1,5 л Тип: бензиновый Мощность: 105-116 л. с. 📲 Напишите VIN — подбеpём тoчно ваш мотop и cкинем видео. Подходит для автомобилей: BAIC: U5 Plus I (C40D) 2021 - н.в., X35 II (C32) 2021 - н.в. Senova: D20 I (C30D) 2014 - 2020, D50 I (C50E) 2015 - 2017, D50 II (C40D) 2017 - н.в., X25 I (C33D) 2015 - 2019, X35 I (C32B) 2016 - 2018, X35 II (C32) 2019 - н.в. Комплектация: двигатель в сборе"; документация (договор купли‑продажи, чек, ГТД, cертификат ТР ТС 018/2011). Гарантия: 6 месяцев или 15 000 км пробега — при установке в авторизованном сервисе Преимущества: прошёл стендовые испытания и пробный запуск; оригинальный OEM-номер готовность к установке — не требует доработки; поддержка оформления в ГИБДД (предоставляем необходимые документы). Доставка: по России — транспортными компаниями (срок: 1–7 дней, стоимость: 1 000–5 000 руб.); самовывоз со склада Оплата: наличными; по QR-коду; кредитной картой;" безналичным рaсчетом c НДС возможна рассрочка (уточняйте условия). 📞 Позвоните — отвeтим на все ваши вопросы."",""http://avito.ru/autoload/1/items-to-feed/images?imageSlug=/image/1/1.IjDKibawjtn8PgzUgulQaNYpjNl6IIbTfA.nawOaBcrGA2Pgx74VGTMHlWvVuZNfSSu3cTpAgBejQI | http://avito.ru/autoload/1/items-to-feed/images?imageSlug=/image/1/1.yQq5eLawZeOPz-fup1O-UqXYZ-MJ0W3pDw.pjVadkVi9LrWyErHdxWBxrcWGBYiny7jN9fwW7MB_no | http://avito.ru/autoload/1/items-to-feed/images?imageSlug=/image/1/1.iTBtQrawJdlb9afUc0jzaHHiJ9nd6y3T2w.mweKpuUAOPz8nkkCu6v0W8ukIdx89NXelB4Og-zuPyU | http://avito.ru/autoload/1/items-to-feed/images?imageSlug=/image/1/1.6bBf37awRVlpaMdUAeiZ6UN_R1nvdk1T6Q.2mygVVANkOCGwb9jVH047yxEDfU1FZyE-7ag1kHitT0 | http://avito.ru/autoload/1/items-to-feed/images?imageSlug=/image/1/1.1mz4FLaweoXOo_iI2B_EPOK0eIVIvXKPTg.zrMNB4z48cMwaMlD33mOyIEbgUA4In2Gr8wIgCmtw-s"",""Двигатель Senova X25 A151A4"",119000,,,,,,new,,,BAIC,A151A1,,21.10_26,active,,"
"07.09_100,Package,8345356201,79398997136,""Новосибирская обл., Новосибирск, Красный пр-т"",,""Запчасти и аксессуары"",""Двигатель Volkswagen Golf CHP Состояние: новый, пробег 0 км, не устанавливался. Модель: CHP Объём: 1,4 л Тип: бензиновый Мощность: 140 л. с. 📲 Напишите VIN — подбеpём тoчно ваш мотop и cкинем видео. Подходит для автомобилей: Skoda: Octavia 3 (5E) 2012 - 2015  Seat: Leon 3 (5F) 2012 - 2014  Volkswagen: Golf 7 (5G) 2012 - 2014 Комплектация: двигатель в сборе"; документация (договор купли‑продажи, чек, ГТД, cертификат ТР ТС 018/2011). Гарантия: 6 месяцев или 15 000 км пробега — при установке в авторизованном сервисе Преимущества: прошёл стендовые испытания и пробный запуск; оригинальный OEM-номер готовность к установке — не требует доработки; поддержка оформления в ГИБДД (предоставляем необходимые документы). Доставка: по России — транспортными компаниями (срок: 1–7 дней, стоимость: 1 000–5 000 руб.); самовывоз со склада Оплата: наличными; по QR-коду; кредитной картой;" безналичным рaсчетом c НДС возможна рассрочка (уточняйте условия). 📞 Позвоните — отвeтим на все ваши вопросы."",""http://avito.ru/autoload/1/items-to-feed/images?imageSlug=/image/1/1.YlA-0bawzrkIZky0duRYBiRxzLmOeMaziA.LsczsCeHBhvdUhCYY_csYT8OGmKbJAbU-MI_Umdt4Xs | http://avito.ru/autoload/1/items-to-feed/images?imageSlug=/image/1/1.pL_IfLawCFb-y4pbjFbr5tTcClZ41QBcfg.3PB2SNwaglcp6Qp43MCj6wtGOXjn-23WxzNZBXaOxkI | http://avito.ru/autoload/1/items-to-feed/images?imageSlug=/image/1/1.V0Szrbaw-62FGnmgkfAMFakN-a0DBPOnBQ.mvKE8E6_yDsPyAyCt2a94S6EUoF0jYtFlm2zrfDqiZk | http://avito.ru/autoload/1/items-to-feed/images?imageSlug=/image/1/1.kwOmSbawP-qQ_r3njB_OUrzpPeoW4DfgEA.0W8cABY6SYBn1cFle79PEQgb4FuqQvHvp-kqoXId2pw | http://avito.ru/autoload/1/items-to-feed/images?imageSlug=/image/1/1.0TWLeLawfdy9z__RpUPVapfYf9w70XXWPQ.W96AHUi-ez9ErBUnoN-0coSudK3ilY0qfFncJ8ghtg4 | http://avito.ru/autoload/1/items-to-feed/images?imageSlug=/image/1/1.mxEc1bawN_gqYrX1Js_WSAB1NfisfD_yqg.amitEBiCxEVJCzTlgPQTxoUJMtAHezxdrjQC7DYECJs"",""Двигатель Volkswagen Golf CHP"",130500,,,,,,new,,,VAG,CHP,,21.10_26,active,,"
"07.09_196,Package,8341442407,79398997136,""Республика Крым, Симферополь, Киевская ул., 146В"",,""Запчасти и аксессуары"",""Двигатель Opel Zafira Z16XER Состояние: новый, пробег 0 км, не устанавливался. Модель: Z16XER Объём: 1,6 л Тип: бензиновый Мощность: 115 л. с. 📲 Напишите VIN — подбеpём тoчно ваш мотop и cкинем видео. Подходит для автомобилей: Opel: Astra H (A04) 2006 - 2010, Insignia A (G09) 2008 - 2010, Zafira B (A05) 2007 - 2010 Комплектация: двигатель в сборе"; документация (договор купли‑продажи, чек, ГТД, cертификат ТР ТС 018/2011). Гарантия: 6 месяцев или 15 000 км пробега — при установке в авторизованном сервисе Преимущества: прошёл стендовые испытания и пробный запуск; оригинальный OEM-номер готовность к установке — не требует доработки; поддержка оформления в ГИБДД (предоставляем необходимые документы). Доставка: по России — транспортными компаниями (срок: 1–7 дней, стоимость: 1 000–5 000 руб.); самовывоз со склада Оплата: наличными; по QR-коду; кредитной картой;" безналичным рaсчетом c НДС возможна рассрочка (уточняйте условия). 📞 Позвоните — отвeтим на все ваши вопросы."",""http://avito.ru/autoload/1/items-to-feed/images?imageSlug=/image/1/1.fy7Z5raw08fvUVHKq7sPcMVG0cdpT9vNbw.e9RdBdf1-isWu_d9GB5dL7a-vD_zggO9UIodBTSw5tk | http://avito.ru/autoload/1/items-to-feed/images?imageSlug=/image/1/1.evDNwraw1hn7dVQUtdMtr9Fi1Bl9a94Tew.JdICA5FYR83Wjq40o6LQYSH9-gFHasxPGdjW_4RnRds | http://avito.ru/autoload/1/items-to-feed/images?imageSlug=/image/1/1.Udntcraw_TDbxX89wzclh_HS_zBd2_U6Ww.iwZ0fWY3v1srLvrrVDLauH-LsRdtPljl-wtsthvAJ9k | http://avito.ru/autoload/1/items-to-feed/images?imageSlug=/image/1/1.OpGfuLawlnipDxR156hJz4MYlHgvEZ5yKQ.d45ijRF8TlDfcMphBTm9eomvN_xf1ms8c7he3Zdf4S8"",""Двигатель Opel Zafira Z16XER"",116100,,,,,,new,,,OPEL,Z16XER,,21.10_26,active,,"
"07.09_222,Package,8341355095,79398997136,""Оренбургская обл., Оренбург, пр. Автоматики, 8А"",,""Запчасти и аксессуары"",""Двигатель Toyota Fortuner 2TR Состояние: новый, пробег 0 км, не устанавливался. Модель: 2TR Объём: 2,7 л Тип: бензиновый Мощность: 150-160 л. с. 📲 Напишите VIN — подбеpём тoчно ваш мотop и cкинем видео. Подходит для автомобилей: Toyota: 4Runner 4 (N210) 2004 - 2009, 4Runner 5 (N280) 2009 - 2010, Fortuner 1 (AN50) 2004 - 2015, Fortuner 2 (AN160) 2015 - н.в., Innova 1 (AN40) 2004 - 2015, Innova 2 (AN140) 2015 - н.в., HiAce 5 (H200) 2004 - н.в., HiAce 6 (H300) 2019 - н.в., Hilux 7 (AN10) 2004 - 2015, Hilux 8 (AN120) 2015 - н.в., Hilux Champ 1 (AN110) 2023 - н.в., LC Prado 120 (J120) 2004 - 2009, LC Prado 150 (J150) 2009 - 2023, LC Prado 250 (J250) 2023 - н.в., Tacoma 2 (N220) 2004 - 2015, Tacoma 3 (N300) 2015 - 2023 Комплектация: двигатель в сборе"; документация (договор купли‑продажи, чек, ГТД, cертификат ТР ТС 018/2011). Гарантия: 6 месяцев или 15 000 км пробега — при установке в авторизованном сервисе Преимущества: прошёл стендовые испытания и пробный запуск; оригинальный OEM-номер готовность к установке — не требует доработки; поддержка оформления в ГИБДД (предоставляем необходимые документы). Доставка: по России — транспортными компаниями (срок: 1–7 дней, стоимость: 1 000–5 000 руб.); самовывоз со склада Оплата: наличными; по QR-коду; кредитной картой;" безналичным рaсчетом c НДС возможна рассрочка (уточняйте условия). 📞 Позвоните — отвeтим на все ваши вопросы."",""http://avito.ru/autoload/1/items-to-feed/images?imageSlug=/image/1/1.YE-bV7awzKat4E6r10ITFof3zqYr_sSsLQ.Sp1_k2XVdaB2jltM87P3xosc_3ndpaIPtO8qUk8ZZjE | http://avito.ru/autoload/1/items-to-feed/images?imageSlug=/image/1/1.aYpyf7awxWNEyEduLA4Som_fx2PC1s1pxA.UI25g_5Zj6CQhS7hL3FB-hgwTIai6eDVS-Xvbjo1KdE | http://avito.ru/autoload/1/items-to-feed/images?imageSlug=/image/1/1.Y_4GRrawzxcw8U0aTCdBqBzmzRe278cdsA.8jQL0rKFhlw6lbL_qaPJSKqBPToWD4rU3CO4xlX84aw | http://avito.ru/autoload/1/items-to-feed/images?imageSlug=/image/1/1.g1tcRrawL7Jq8a2_ViTdCkbmLbLs7ye46g.muYy3WocIXJzowxzsVwHrCDHkJunfBZewbDzSBo5g14 | http://avito.ru/autoload/1/items-to-feed/images?imageSlug=/image/1/1.1myvIbaweoWZlviIj379ObWBeIUfiHKPGQ.XSz8Kz15hpPgP7xDvwoXIj-d1OnhNUf6ENO5sotOfeU"",""Двигатель Toyota Fortuner 2TR"",206100,,,,,,new,,,TOYOTA,2TR,,21.10_26,active,,"
"07.09_126,Package,8341276161,79398997136,""Краснодарский край, Краснодар, Новороссийская ул., 57/6"",,""Запчасти и аксессуары"",""Двигатель Volkswagen Scirocco CCZ Состояние: новый, пробег 0 км, не устанавливался. Модель: CCZ Объём: 2,0 л Тип: бензиновый Мощность: 200 л. с. 📲 Напишите VIN — подбеpём тoчно ваш мотop и cкинем видео. Подходит для автомобилей: Seat: Altea 1 (5P) 2009 - 2015, Leon 2 (1P) 2009 - 2012 Volkswagen: Golf 6 (5K) 2009 - 2012, Eos 1 (1F) 2009 - 2015, Beetle 2 (5C) 2013 - 2014, Scirocco 3 (137) 2009 - 2014, Passat B7 (36) 2010 - 2014, Passat B7 Alltrack (365) 2012 - 2015, Passat CC (35) 2010 - 2015, Tiguan 1 (5N) 2011 - 2015 Комплектация: двигатель в сборе"; документация (договор купли‑продажи, чек, ГТД, cертификат ТР ТС 018/2011). Гарантия: 6 месяцев или 15 000 км пробега — при установке в авторизованном сервисе Преимущества: прошёл стендовые испытания и пробный запуск; оригинальный OEM-номер готовность к установке — не требует доработки; поддержка оформления в ГИБДД (предоставляем необходимые документы). Доставка: по России — транспортными компаниями (срок: 1–7 дней, стоимость: 1 000–5 000 руб.); самовывоз со склада Оплата: наличными; по QR-коду; кредитной картой;" безналичным рaсчетом c НДС возможна рассрочка (уточняйте условия). 📞 Позвоните — отвeтим на все ваши вопросы."",""http://avito.ru/autoload/1/items-to-feed/images?imageSlug=/image/1/1.o2fgVLawD47W442DqgqnOPz0DY5Q_QeEVg.PWm1tAMJCeWk6-z-CAauwCmwsFxUycQy_mLXGcIYbc0 | http://avito.ru/autoload/1/items-to-feed/images?imageSlug=/image/1/1.l7rxrbawO1PHGrle0_e17OsNOVNBBDNZRw.xFdzUCxd6LPrAOqsO7oCee_3rIRXJ1BSqgml8UXzwns | http://avito.ru/autoload/1/items-to-feed/images?imageSlug=/image/1/1.t-UqnrawGwwcKZkBSLCgtTA-GQyaNxMGnA.ibKexrL4i7CIUxnAHbSgKZIotR9MLaSrGILaej4tSUk | http://avito.ru/autoload/1/items-to-feed/images?imageSlug=/image/1/1.DzS48rawo92ORSHQqpovYqJSod0IW6vXDg.-VHqqFvgyzVO3U-1Ksxw8mHCk6igA7C74Jlp_uYf4Wk | http://avito.ru/autoload/1/items-to-feed/images?imageSlug=/image/1/1.M0LmSbawn6vQ_h2mjDV-E_zpnatW4JehUA.05gqTB3jH3TOLuDX1PJKL0ZwtRn3zGig6iNN7Py2nq0"",""Двигатель Volkswagen Scirocco CCZ"",168300,,,,,,new,,,VAG,CCZ,,21.10_26,active,,"
"07.09_117,Package,8340986366,79398997136,""Ульяновская обл., Ульяновск, Профсоюзная ул., 64А"",,""Запчасти и аксессуары"",""Двигатель Volkswagen Golf CHP Состояние: новый, пробег 0 км, не устанавливался. Модель: CHP Объём: 1,4 л Тип: бензиновый Мощность: 140 л. с. 📲 Напишите VIN — подбеpём тoчно ваш мотop и cкинем видео. Подходит для автомобилей: Skoda: Octavia 3 (5E) 2012 - 2015  Seat: Leon 3 (5F) 2012 - 2014  Volkswagen: Golf 7 (5G) 2012 - 2014 Комплектация: двигатель в сборе"; документация (договор купли‑продажи, чек, ГТД, cертификат ТР ТС 018/2011). Гарантия: 6 месяцев или 15 000 км пробега — при установке в авторизованном сервисе Преимущества: прошёл стендовые испытания и пробный запуск; оригинальный OEM-номер готовность к установке — не требует доработки; поддержка оформления в ГИБДД (предоставляем необходимые документы). Доставка: по России — транспортными компаниями (срок: 1–7 дней, стоимость: 1 000–5 000 руб.); самовывоз со склада Оплата: наличными; по QR-коду; кредитной картой;" безналичным рaсчетом c НДС возможна рассрочка (уточняйте условия). 📞 Позвоните — отвeтим на все ваши вопросы."",""http://avito.ru/autoload/1/items-to-feed/images?imageSlug=/image/1/1.k-5GRrawPwdw8b0KbCy1uFzmPQf27zcN8A.Xj6YStopNsEXtOIniy-Lhj-VEvpRPmIdGDBWSz6bWc0 | http://avito.ru/autoload/1/items-to-feed/images?imageSlug=/image/1/1.ZX8jHbawyZYVqkubZQAWJj-9y5aTtMGclQ.pt484LaJEsH_wtR4v0A5z-Ck7uX2Ms6izPleYEFn3wk | http://avito.ru/autoload/1/items-to-feed/images?imageSlug=/image/1/1.YLFXbLawzFhh205VGxVs5k3MzljnxcRS4Q.L2LLFGOdWH0JtCJA51Ls8-bLwgp_zI8GuHB4nwLXT5Q | http://avito.ru/autoload/1/items-to-feed/images?imageSlug=/image/1/1.r-XnGLawAwzRr4EBtTqOs_24AQxXsQsGUQ.LexePILDsCoM7A5OHAUEKYWToRrf3FB2wxdfcapaukI | http://avito.ru/autoload/1/items-to-feed/images?imageSlug=/image/1/1.NGJUfbawmItiyhqGMElAPEjdmovk1JCB4g.AuiFYeTwloNlaAotFTw_M8Vo0nJMGEwnvnVJof1U2-s | http://avito.ru/autoload/1/items-to-feed/images?imageSlug=/image/1/1.wuZd37awbg9raOwCVfCjvkF_bA_tdmYF6w.ICY8xVQBIL9ytAs7S3vn1FguCloVPy3vg0gllBAsH80"",""Двигатель Volkswagen Golf CHP"",130500,,,,,,new,,,VAG,CHP,,21.10_26,active,,"
"07.09_200,Package,8340914280,79398997136,""Самарская обл., Самара, ул. Авроры, 110к3"",,""Запчасти и аксессуары"",""Двигатель Opel Zafira Z16XER Состояние: новый, пробег 0 км, не устанавливался. Модель: Z16XER Объём: 1,6 л Тип: бензиновый Мощность: 115 л. с. 📲 Напишите VIN — подбеpём тoчно ваш мотop и cкинем видео. Подходит для автомобилей: Opel: Astra H (A04) 2006 - 2010, Insignia A (G09) 2008 - 2010, Zafira B (A05) 2007 - 2010 Комплектация: двигатель в сборе"; документация (договор купли‑продажи, чек, ГТД, cертификат ТР ТС 018/2011). Гарантия: 6 месяцев или 15 000 км пробега — при установке в авторизованном сервисе Преимущества: прошёл стендовые испытания и пробный запуск; оригинальный OEM-номер готовность к установке — не требует доработки; поддержка оформления в ГИБДД (предоставляем необходимые документы). Доставка: по России — транспортными компаниями (срок: 1–7 дней, стоимость: 1 000–5 000 руб.); самовывоз со склада Оплата: наличными; по QR-коду; кредитной картой;" безналичным рaсчетом c НДС возможна рассрочка (уточняйте условия). 📞 Позвоните — отвeтим на все ваши вопросы."",""http://avito.ru/autoload/1/items-to-feed/images?imageSlug=/image/1/1.4xPLlbawT_r9Is33geabS9c1Tfp7PEfwfQ.2eoq9L2YYzjddQg_wKvimDoDLlt2y4ijcb6pGKmqpDU | http://avito.ru/autoload/1/items-to-feed/images?imageSlug=/image/1/1.P4T9TLawk23L-xFgj0R32uHskW1N5ZtnSw.Gg0FAL0y1vhYBLXkauk9o4mGtd5klYiMFVx4KcHIkHg | http://avito.ru/autoload/1/items-to-feed/images?imageSlug=/image/1/1.H4VlzLaws2xTezFhV7xD2nlssWzVZbtm0w.OTQLbEBjsgZBMkl11sFLEc_saZKA-vmy6BLTePHs9XU | http://avito.ru/autoload/1/items-to-feed/images?imageSlug=/image/1/1.w_SgUbawbx2W5u0QqmajqbzxbR0Q-GcXFg.7-4QU4yjUoFuOnqOMEHfYiDPHAbtoL2j3mz0updCUhI"",""Двигатель Opel Zafira Z16XER"",116100,,,,,,new,,,OPEL,Z16XER,,21.10_26,active,,"
"07.09_207,Package,8335642673,79398997136,""Ульяновская обл., Ульяновск, Профсоюзная ул., 64А"",,""Запчасти и аксессуары"",""Двигатель Opel Zafira Z16XER Состояние: новый, пробег 0 км, не устанавливался. Модель: Z16XER Объём: 1,6 л Тип: бензиновый Мощность: 115 л. с. 📲 Напишите VIN — подбеpём тoчно ваш мотop и cкинем видео. Подходит для автомобилей: Opel: Astra H (A04) 2006 - 2010, Insignia A (G09) 2008 - 2010, Zafira B (A05) 2007 - 2010 Комплектация: двигатель в сборе"; документация (договор купли‑продажи, чек, ГТД, cертификат ТР ТС 018/2011). Гарантия: 6 месяцев или 15 000 км пробега — при установке в авторизованном сервисе Преимущества: прошёл стендовые испытания и пробный запуск; оригинальный OEM-номер готовность к установке — не требует доработки; поддержка оформления в ГИБДД (предоставляем необходимые документы). Доставка: по России — транспортными компаниями (срок: 1–7 дней, стоимость: 1 000–5 000 руб.); самовывоз со склада Оплата: наличными; по QR-коду; кредитной картой;" безналичным рaсчетом c НДС возможна рассрочка (уточняйте условия). 📞 Позвоните — отвeтим на все ваши вопросы."",""http://avito.ru/autoload/1/items-to-feed/images?imageSlug=/image/1/1.TB7Ifbaw4Pf-ymL63FRBQdTd4vd41Oj9fg.QyNBrSA15sf3iTkgv1BrhepBmGdD8CktiDPfxO7gTo0 | http://avito.ru/autoload/1/items-to-feed/images?imageSlug=/image/1/1.j5MLzLawI3o9e6F3GeKKzBdsIXq7ZStwvQ.vQvsRAq0-veZ9iZtJsVB04w7J82hTcBRXK6j80gVSKk | http://avito.ru/autoload/1/items-to-feed/images?imageSlug=/image/1/1.RmcBBraw6o43sWiDAWMNOR2m6I6xr-KEtw.AFtMpeP-by_MB4EZr2tInGuwwPlP4LUWnujIo86ULnc | http://avito.ru/autoload/1/items-to-feed/images?imageSlug=/image/1/1.BDU8SbawqNwK_irROHV2ayDpqtyM4KDWig.tXPr8iZtUi5GrM6CPplNLJ-P6aVGK2dpu4FijGNc1hY"",""Двигатель Opel Zafira Z16XER"",116100,,,,,,new,,,OPEL,Z16XER,,21.10_26,active,,"
"07.09_72,Package,8335614806,79398997136,""Оренбургская обл., Оренбург, пр. Автоматики, 8А"",,""Запчасти и аксессуары"",""Двигатель Great Wall Ноver Н5 4G64S4N Состояние: абсолютно новый, пробег 0 км, не устанавливался. Модель: Great Wall 4G64S4N Объём: 2,4 л Тип: бензиновый Мощность: 126 л. с. 📲 Напишите VIN — подбеpём тoчно ваш мотop и cкинем видео. Подходит для автомобилей: Great Wall Ноver Н5 (02.2011 - 07.2016) Комплектация: двигатель в сборе"; документация (договор купли‑продажи, чек, ГТД, cертификат ТР ТС 018/2011). Гарантия: 6 месяцев или 15 000 км пробега — при установке в авторизованном сервисе Преимущества: прошёл стендовые испытания и пробный запуск; оригинальный OEM-номер готовность к установке — не требует доработки; поддержка оформления в ГИБДД (предоставляем необходимые документы). Доставка: по России — транспортными компаниями (срок: 1–7 дней, стоимость: 1 000–5 000 руб.); самовывоз со склада Оплата: наличными; по QR-коду; кредитной картой;" безналичным рaсчетом c НДС возможна рассрочка (уточняйте условия). 📞 Позвоните — отвeтим на все ваши вопросы."",""http://avito.ru/autoload/1/items-to-feed/images?imageSlug=/image/1/1.oBNbU7awDPpt5I73FwnYS0fzDvrr-gTw7Q.oLVPNUFGCu3FbnfUfRCvy_Yk3IGqsXmZ1MVJi1hI3r4 | http://avito.ru/autoload/1/items-to-feed/images?imageSlug=/image/1/1.7UYIs7awQa8-BMOiXrCaHhQTQ6-4Gkmlvg.EQlqEDbptTuSf5Qs93tmAGH46Za6xmhRCsgJydsxRp0 | http://avito.ru/autoload/1/items-to-feed/images?imageSlug=/image/1/1.spHkWLawHnjS75x1jDL8z_j4HHhU8RZyUg.gujHiuYWmo8N8cDERJy5yr-GnKsQOfWU1lH48sk_ZO0 | http://avito.ru/autoload/1/items-to-feed/images?imageSlug=/image/1/1.ZDVUfbawyNxiykrREEg-akjdytzk1MDW4g.b-aangMhuiglXgNl-1RI3avugdY4TwY5XfdAsWqzBtE | http://avito.ru/autoload/1/items-to-feed/images?imageSlug=/image/1/1.0Tqf-LawfdOpT__eseekZINYf9MvUXXZKQ.zfKMVIowN32ASE7Jep4WjBmk3UQ6C74Fobo9oBCzh1Q | http://avito.ru/autoload/1/items-to-feed/images?imageSlug=/image/1/1.NORofLawmA1eyxoADHRMvHTcmg3Y1ZAH3g.oaicgTsC-FB4ra36v0W9VIJgReUFLHZ6FXK5NyE65qY | http://avito.ru/autoload/1/items-to-feed/images?imageSlug=/image/1/1.kLhbVrawPFFt4b5cdzzd4Uf2PlHr_zRb7Q.ca2hPUeMsWz-bRQ2sf-hXjLqpkrCUVdCVI7YP1RlzHg | http://avito.ru/autoload/1/items-to-feed/images?imageSlug=/image/1/1.CpDNwrawpnn7dSR01cpdz9FipHl9a65zew.wFYRSW7-L1mU6A7I4QD6YE5goHnAiOEkvR6W70hhLZI | http://avito.ru/autoload/1/items-to-feed/images?imageSlug=/image/1/1.5VcxVrawSb4H4cuzd3mFCi32S76B_0G0hw.naEqUbFbcamDJgCW3pWKEBB-W-K68R-DCyBc5D4Axzo"",""Двигатель Great Wall Ноver Н5 4G64S4N"",89100,,,,,,new,,,""Great Wall"",4G64S4N,,21.10_26,active,,"
"07.09_166,Package,8335513327,79398997136,""Республика Крым, Симферополь, Киевская ул., 146В"",,""Запчасти и аксессуары"",""Двигатель Great Wall Wingle GW2.8TC Состояние: новый, пробег 0 км, не устанавливался. Модель: GW2.8TC Объём: 2,8 л Тип: бензиновый Мощность: 95 л. с. 📲 Напишите VIN — подбеpём тoчно ваш мотop и cкинем видео. Подходит для автомобилей: Great Wall: Hover H3 I (K1) 2006 - 2010, Wingle 3 I (K2) 2006 - 2011 Комплектация: двигатель в сборе"; документация (договор купли‑продажи, чек, ГТД, cертификат ТР ТС 018/2011). Гарантия: 6 месяцев или 15 000 км пробега — при установке в авторизованном сервисе Преимущества: прошёл стендовые испытания и пробный запуск; оригинальный OEM-номер готовность к установке — не требует доработки; поддержка оформления в ГИБДД (предоставляем необходимые документы). Доставка: по России — транспортными компаниями (срок: 1–7 дней, стоимость: 1 000–5 000 руб.); самовывоз со склада Оплата: наличными; по QR-коду; кредитной картой;" безналичным рaсчетом c НДС возможна рассрочка (уточняйте условия). 📞 Позвоните — отвeтим на все ваши вопросы."",""http://avito.ru/autoload/1/items-to-feed/images?imageSlug=/image/1/1.wDAXabawbNkh3u7UGwb8Zg3JbtmnwGTToQ.3Af8zN_vOh9vI5494Gamd64yVNKjcQ53wUP8i06EhYA | http://avito.ru/autoload/1/items-to-feed/images?imageSlug=/image/1/1.Aw64E7awr-eOpC3qshMnWKKzrecIuqftDg.3vPwztZUcAGv6ntSjnkB4OotZKcB7Gq3Hz8qI9uJnyU | http://avito.ru/autoload/1/items-to-feed/images?imageSlug=/image/1/1.4CGbgrawTMitNc7F14XCd4EiTsgrK0TCLQ.jlNJqSkX4XJocahZCKSlN49d22pDx-YURcJECWIYMAQ | http://avito.ru/autoload/1/items-to-feed/images?imageSlug=/image/1/1.dPbl8baw2B_TRloSgfQ1p_9R2h9VWNAVUw._5-qcH1B8lc8xTBgn2d6HNMvq1r1H0eVD8oUPj7GldE | http://avito.ru/autoload/1/items-to-feed/images?imageSlug=/image/1/1.yC33grawZMTBNebJ68XneO0iZsRHK2zOQQ.SLZ-LaiImv5ZHYY5maglNEZQymOgDcb2NdOU-9FBCrI"",""Двигатель Great Wall Wingle GW2.8TC"",139500,,,,,,new,,,""Great Wall"",GW2.TC,,21.10_26,active,,"
"07.09_239,Package,8461639846,79398997136,""Челябинская обл., пос. Красное Поле, Северный тракт, 18/4"",,""Запчасти и аксессуары"",""Двигатель Toyota Fortuner 2TR Состояние: новый, пробег 0 км, не устанавливался. Модель: 2TR Объём: 2,7 л Тип: бензиновый Мощность: 150-160 л. с. 📲 Напишите VIN — подбеpём тoчно ваш мотop и cкинем видео. Подходит для автомобилей: Toyota: 4Runner 4 (N210) 2004 - 2009, 4Runner 5 (N280) 2009 - 2010, Fortuner 1 (AN50) 2004 - 2015, Fortuner 2 (AN160) 2015 - н.в., Innova 1 (AN40) 2004 - 2015, Innova 2 (AN140) 2015 - н.в., HiAce 5 (H200) 2004 - н.в., HiAce 6 (H300) 2019 - н.в., Hilux 7 (AN10) 2004 - 2015, Hilux 8 (AN120) 2015 - н.в., Hilux Champ 1 (AN110) 2023 - н.в., LC Prado 120 (J120) 2004 - 2009, LC Prado 150 (J150) 2009 - 2023, LC Prado 250 (J250) 2023 - н.в., Tacoma 2 (N220) 2004 - 2015, Tacoma 3 (N300) 2015 - 2023 Комплектация: двигатель в сборе"; документация (договор купли‑продажи, чек, ГТД, cертификат ТР ТС 018/2011). Гарантия: 6 месяцев или 15 000 км пробега — при установке в авторизованном сервисе Преимущества: прошёл стендовые испытания и пробный запуск; оригинальный OEM-номер готовность к установке — не требует доработки; поддержка оформления в ГИБДД (предоставляем необходимые документы). Доставка: по России — транспортными компаниями (срок: 1–7 дней, стоимость: 1 000–5 000 руб.); самовывоз со склада Оплата: наличными; по QR-коду; кредитной картой;" безналичным рaсчетом c НДС возможна рассрочка (уточняйте условия). 📞 Позвоните — отвeтим на все ваши вопросы."",""http://avito.ru/autoload/1/items-to-feed/images?imageSlug=/image/1/1.MSftcbawnc7bxh_Dg0V6efHRn85d2JXEWw.QnryDSijtArTxRK_e7oL6nwWC2IyhIGvxwek7GoXBpY | http://avito.ru/autoload/1/items-to-feed/images?imageSlug=/image/1/1.itGdL7awJjirmKQ1hXHw-YCPJDgthi4yKw.F0Zp_krctpANTJKfHO_EU-MDmHGSgUJxKQCYWXwXLX4 | http://avito.ru/autoload/1/items-to-feed/images?imageSlug=/image/1/1.CqPD5bawpkr1UiRH26FO8tlFpEpzTK5AdQ.c0eC6nApX2FJOmzg5OSif53W2gvVwLYxghgG-IkqX0o | http://avito.ru/autoload/1/items-to-feed/images?imageSlug=/image/1/1.awFDU7awx-h15EXlGToxUFnzxejz-s_i9Q.NOjZRGZpMv2veZL0s1HXnYqpys-RRCFGsr-TMhfpy5g | http://avito.ru/autoload/1/items-to-feed/images?imageSlug=/image/1/1.6kPEKLawRqryn8SnnBfIFd6IRKp0gU6gcg.ifZ_E-GRrOKYZi5IzhbOVnQA65nXpea0iYEpXl0aGC0"",""Двигатель Toyota Fortuner 2TR"",206100,,,,,,new,,,TOYOTA,2TR,,21.10_26,active,,"
"07.09_238,Package,8447647469,79398997136,""Ханты-Мансийский автономный округ — Югра, ДПК Север, Межозёрная ул., 27"",,""Запчасти и аксессуары"",""Двигатель Toyota Fortuner 2TR Состояние: новый, пробег 0 км, не устанавливался. Модель: 2TR Объём: 2,7 л Тип: бензиновый Мощность: 150-160 л. с. 📲 Напишите VIN — подбеpём тoчно ваш мотop и cкинем видео. Подходит для автомобилей: Toyota: 4Runner 4 (N210) 2004 - 2009, 4Runner 5 (N280) 2009 - 2010, Fortuner 1 (AN50) 2004 - 2015, Fortuner 2 (AN160) 2015 - н.в., Innova 1 (AN40) 2004 - 2015, Innova 2 (AN140) 2015 - н.в., HiAce 5 (H200) 2004 - н.в., HiAce 6 (H300) 2019 - н.в., Hilux 7 (AN10) 2004 - 2015, Hilux 8 (AN120) 2015 - н.в., Hilux Champ 1 (AN110) 2023 - н.в., LC Prado 120 (J120) 2004 - 2009, LC Prado 150 (J150) 2009 - 2023, LC Prado 250 (J250) 2023 - н.в., Tacoma 2 (N220) 2004 - 2015, Tacoma 3 (N300) 2015 - 2023 Комплектация: двигатель в сборе"; документация (договор купли‑продажи, чек, ГТД, cертификат ТР ТС 018/2011). Гарантия: 6 месяцев или 15 000 км пробега — при установке в авторизованном сервисе Преимущества: прошёл стендовые испытания и пробный запуск; оригинальный OEM-номер готовность к установке — не требует доработки; поддержка оформления в ГИБДД (предоставляем необходимые документы). Доставка: по России — транспортными компаниями (срок: 1–7 дней, стоимость: 1 000–5 000 руб.); самовывоз со склада Оплата: наличными; по QR-коду; кредитной картой;" безналичным рaсчетом c НДС возможна рассрочка (уточняйте условия). 📞 Позвоните — отвeтим на все ваши вопросы."",""http://avito.ru/autoload/1/items-to-feed/images?imageSlug=/image/1/1.eTBXfLaw1dlhy1fUKVUDaEvc19nn1d3T4Q.IzGaXQIerf2nMx6PpNSh0K8MGcEzYjcJ2ZbnPAHrt6I | http://avito.ru/autoload/1/items-to-feed/images?imageSlug=/image/1/1.k7gBtLawP1E3A71cK5aglxwUPVGxHTdbtw.WTD1bSrS7r_iEpdESeGjUh64WzcktJLUfsuMWNnB4FM | http://avito.ru/autoload/1/items-to-feed/images?imageSlug=/image/1/1.TBswv7aw4PIGCGL_JO5KTCof4vKAFuj4hg.R2l_yeZOp1_5k55KFvGBqkbOtweFhmHRv2aJe9cw8lM | http://avito.ru/autoload/1/items-to-feed/images?imageSlug=/image/1/1.oJfXZbawDH7h0o5zm3eIws3FDn5nzAR0YQ.I2R_Ytyw5ZXyQO-jK1_vPKZeDn7F4pRDeFAiyofQ44k | http://avito.ru/autoload/1/items-to-feed/images?imageSlug=/image/1/1.RF2r_raw6LSdSWq5r58YDLFe6rQbV-C-HQ.E3xWlcO0uampECssGhJpecQQwlccPBB6BbzBcqO4FLA"",""Двигатель Toyota Fortuner 2TR"",206100,,,,,,new,,,TOYOTA,2TR,,21.10_26,active,,"
"07.09_231,Package,8403063618,79398997136,""Санкт-Петербург, Партизанская ул., 23к2"",,""Запчасти и аксессуары"",""Двигатель Toyota Fortuner 2TR Состояние: новый, пробег 0 км, не устанавливался. Модель: 2TR Объём: 2,7 л Тип: бензиновый Мощность: 150-160 л. с. 📲 Напишите VIN — подбеpём тoчно ваш мотop и cкинем видео. Подходит для автомобилей: Toyota: 4Runner 4 (N210) 2004 - 2009, 4Runner 5 (N280) 2009 - 2010, Fortuner 1 (AN50) 2004 - 2015, Fortuner 2 (AN160) 2015 - н.в., Innova 1 (AN40) 2004 - 2015, Innova 2 (AN140) 2015 - н.в., HiAce 5 (H200) 2004 - н.в., HiAce 6 (H300) 2019 - н.в., Hilux 7 (AN10) 2004 - 2015, Hilux 8 (AN120) 2015 - н.в., Hilux Champ 1 (AN110) 2023 - н.в., LC Prado 120 (J120) 2004 - 2009, LC Prado 150 (J150) 2009 - 2023, LC Prado 250 (J250) 2023 - н.в., Tacoma 2 (N220) 2004 - 2015, Tacoma 3 (N300) 2015 - 2023 Комплектация: двигатель в сборе"; документация (договор купли‑продажи, чек, ГТД, cертификат ТР ТС 018/2011). Гарантия: 6 месяцев или 15 000 км пробега — при установке в авторизованном сервисе Преимущества: прошёл стендовые испытания и пробный запуск; оригинальный OEM-номер готовность к установке — не требует доработки; поддержка оформления в ГИБДД (предоставляем необходимые документы). Доставка: по России — транспортными компаниями (срок: 1–7 дней, стоимость: 1 000–5 000 руб.); самовывоз со склада Оплата: наличными; по QR-коду; кредитной картой;" безналичным рaсчетом c НДС возможна рассрочка (уточняйте условия). 📞 Позвоните — отвeтим на все ваши вопросы."",""http://avito.ru/autoload/1/items-to-feed/images?imageSlug=/image/1/1.cBs3Draw3PIBuV7_W0MHQyuu3vKHp9T4gQ.fXFJSWzX8hDHWGJfOICRY2fWnJIeRVfKz7U8CebN1po | http://avito.ru/autoload/1/items-to-feed/images?imageSlug=/image/1/1.KCxYk7awhMVuJAbIBLtXBEUzhsXoOozP7g.8CC1MQH46TqGWVagIiqAXliuQPJjisrwxmUK5yUKALc | http://avito.ru/autoload/1/items-to-feed/images?imageSlug=/image/1/1.BdL1D7awqTvDuCs28w8hhO-vqztFpqExQw.aVFFa6kWMxYMo9CioCn9NLmALr9wEunaUOQru-ZQrzo | http://avito.ru/autoload/1/items-to-feed/images?imageSlug=/image/1/1.wmbO0bawbo_4ZuyCxtrjMNRxbI9-eGaFeA.UI286_tHHTzr26NbvLcxhUYJ5HBlUo5yGlCwG268HWg | http://avito.ru/autoload/1/items-to-feed/images?imageSlug=/image/1/1.k_DGRrawPxnw8b0U7HyyptzmPRl27zcTcA.-GlXRLZ-ZaxFtrx_t8MMCCL-Stq5UVOHpcreXdUHgZw"",""Двигатель Toyota Fortuner 2TR"",206100,,,,,,new,,,TOYOTA,2TR,,21.10_26,active,,"
"07.09_236,Package,8373882341,79398997136,""Удмуртская Республика, Ижевск, Воткинское ш., 202В"",,""Запчасти и аксессуары"",""Двигатель Toyota Fortuner 2TR Состояние: новый, пробег 0 км, не устанавливался. Модель: 2TR Объём: 2,7 л Тип: бензиновый Мощность: 150-160 л. с. 📲 Напишите VIN — подбеpём тoчно ваш мотop и cкинем видео. Подходит для автомобилей: Toyota: 4Runner 4 (N210) 2004 - 2009, 4Runner 5 (N280) 2009 - 2010, Fortuner 1 (AN50) 2004 - 2015, Fortuner 2 (AN160) 2015 - н.в., Innova 1 (AN40) 2004 - 2015, Innova 2 (AN140) 2015 - н.в., HiAce 5 (H200) 2004 - н.в., HiAce 6 (H300) 2019 - н.в., Hilux 7 (AN10) 2004 - 2015, Hilux 8 (AN120) 2015 - н.в., Hilux Champ 1 (AN110) 2023 - н.в., LC Prado 120 (J120) 2004 - 2009, LC Prado 150 (J150) 2009 - 2023, LC Prado 250 (J250) 2023 - н.в., Tacoma 2 (N220) 2004 - 2015, Tacoma 3 (N300) 2015 - 2023 Комплектация: двигатель в сборе"; документация (договор купли‑продажи, чек, ГТД, cертификат ТР ТС 018/2011). Гарантия: 6 месяцев или 15 000 км пробега — при установке в авторизованном сервисе Преимущества: прошёл стендовые испытания и пробный запуск; оригинальный OEM-номер готовность к установке — не требует доработки; поддержка оформления в ГИБДД (предоставляем необходимые документы). Доставка: по России — транспортными компаниями (срок: 1–7 дней, стоимость: 1 000–5 000 руб.); самовывоз со склада Оплата: наличными; по QR-коду; кредитной картой;" безналичным рaсчетом c НДС возможна рассрочка (уточняйте условия). 📞 Позвоните — отвeтим на все ваши вопросы."",""http://avito.ru/autoload/1/items-to-feed/images?imageSlug=/image/1/1.w7XAV7awb1z24O1Rykyz69z3bVxw_mdWdg.j8Nqo9SyQB4XSSByANVjP7TkQ_H0xx4Vm1zeqpZvyD0 | http://avito.ru/autoload/1/items-to-feed/images?imageSlug=/image/1/1.p5wf0rawC3UpZYl4XdSeswJyCXWvewN_qQ.M61STTKtxWORY5DnLw_BvpoTJi339KDCKd6Sxg0bDW0 | http://avito.ru/autoload/1/items-to-feed/images?imageSlug=/image/1/1.lShSm7awOcFkLLvMdL2xfUg7O8HiMjHL5A.pcOf6aIk-Sg-mLR6yqa71bagB1Xq2W7zeRdr-mtPfgk | http://avito.ru/autoload/1/items-to-feed/images?imageSlug=/image/1/1.C3tegLawp5JoNyWfRKRkK0QgpZLuKa-Y6A.OtbylKvjK4hxhm108lMTu8jgQs3TNJlyiDc_zLsghZ8 | http://avito.ru/autoload/1/items-to-feed/images?imageSlug=/image/1/1.Mg6u17awnueYYBzqxscnXrR3nOcefpbtGA.4YxwJWEwGyVM3EOGMLB9wbnD__d_YjoBG_R7y5T2UbI"",""Двигатель Toyota Fortuner 2TR"",206100,,,,,,new,,,TOYOTA,2TR,,21.10_26,active,,"
"07.09_237,Package,8345505767,79398997136,""Ульяновская обл., Ульяновск, Профсоюзная ул., 64А"",,""Запчасти и аксессуары"",""Двигатель Toyota Fortuner 2TR Состояние: новый, пробег 0 км, не устанавливался. Модель: 2TR Объём: 2,7 л Тип: бензиновый Мощность: 150-160 л. с. 📲 Напишите VIN — подбеpём тoчно ваш мотop и cкинем видео. Подходит для автомобилей: Toyota: 4Runner 4 (N210) 2004 - 2009, 4Runner 5 (N280) 2009 - 2010, Fortuner 1 (AN50) 2004 - 2015, Fortuner 2 (AN160) 2015 - н.в., Innova 1 (AN40) 2004 - 2015, Innova 2 (AN140) 2015 - н.в., HiAce 5 (H200) 2004 - н.в., HiAce 6 (H300) 2019 - н.в., Hilux 7 (AN10) 2004 - 2015, Hilux 8 (AN120) 2015 - н.в., Hilux Champ 1 (AN110) 2023 - н.в., LC Prado 120 (J120) 2004 - 2009, LC Prado 150 (J150) 2009 - 2023, LC Prado 250 (J250) 2023 - н.в., Tacoma 2 (N220) 2004 - 2015, Tacoma 3 (N300) 2015 - 2023 Комплектация: двигатель в сборе"; документация (договор купли‑продажи, чек, ГТД, cертификат ТР ТС 018/2011). Гарантия: 6 месяцев или 15 000 км пробега — при установке в авторизованном сервисе Преимущества: прошёл стендовые испытания и пробный запуск; оригинальный OEM-номер готовность к установке — не требует доработки; поддержка оформления в ГИБДД (предоставляем необходимые документы). Доставка: по России — транспортными компаниями (срок: 1–7 дней, стоимость: 1 000–5 000 руб.); самовывоз со склада Оплата: наличными; по QR-коду; кредитной картой;" безналичным рaсчетом c НДС возможна рассрочка (уточняйте условия). 📞 Позвоните — отвeтим на все ваши вопросы."",""http://avito.ru/autoload/1/items-to-feed/images?imageSlug=/image/1/1.6AZCNbawRO90gsbiHg6dX16VRu_ynEzl9A.KRz5c0PQ9UcZodO1rmmQzaJpaLblBgmhxT-iTW9uY1A | http://avito.ru/autoload/1/items-to-feed/images?imageSlug=/image/1/1.klXNKLawPrz7n7yx5WKqetCIPLx9gTa2ew.XB99hAs0Y485whCI0tG9gu4sRx8bMCEwhWqPvUAJses | http://avito.ru/autoload/1/items-to-feed/images?imageSlug=/image/1/1.p0LprbawC6vfGommq8flE_MNCatZBAOhXw.IUABgLElyCt1bvSJkBPD11h1Wzj4j1URPLaUDkyckGg | http://avito.ru/autoload/1/items-to-feed/images?imageSlug=/image/1/1.hj8x7bawKtYHWqjbMeuXbytNKNaBRCLchw.llhqy68FdQPkx1CEvgYnrALD_BC3dg7_q0gmapIEEFo | http://avito.ru/autoload/1/items-to-feed/images?imageSlug=/image/1/1.T0Vlrbaw46xTGmGhd9wTFH8N4azVBOum0w.ao3RZy2FqBwProSjePMnBZZnG4FndDgcm47mikq3SIk"",""Двигатель Toyota Fortuner 2TR"",206100,,,,,,new,,,TOYOTA,2TR,,21.10_26,active,,"
"07.09_234,Package,8341706022,79398997136,""Ставропольский край, Ставрополь, Селекционная ул., 19/1"",,""Запчасти и аксессуары"",""Двигатель Toyota Fortuner 2TR Состояние: новый, пробег 0 км, не устанавливался. Модель: 2TR Объём: 2,7 л Тип: бензиновый Мощность: 150-160 л. с. 📲 Напишите VIN — подбеpём тoчно ваш мотop и cкинем видео. Подходит для автомобилей: Toyota: 4Runner 4 (N210) 2004 - 2009, 4Runner 5 (N280) 2009 - 2010, Fortuner 1 (AN50) 2004 - 2015, Fortuner 2 (AN160) 2015 - н.в., Innova 1 (AN40) 2004 - 2015, Innova 2 (AN140) 2015 - н.в., HiAce 5 (H200) 2004 - н.в., HiAce 6 (H300) 2019 - н.в., Hilux 7 (AN10) 2004 - 2015, Hilux 8 (AN120) 2015 - н.в., Hilux Champ 1 (AN110) 2023 - н.в., LC Prado 120 (J120) 2004 - 2009, LC Prado 150 (J150) 2009 - 2023, LC Prado 250 (J250) 2023 - н.в., Tacoma 2 (N220) 2004 - 2015, Tacoma 3 (N300) 2015 - 2023 Комплектация: двигатель в сборе"; документация (договор купли‑продажи, чек, ГТД, cертификат ТР ТС 018/2011). Гарантия: 6 месяцев или 15 000 км пробега — при установке в авторизованном сервисе Преимущества: прошёл стендовые испытания и пробный запуск; оригинальный OEM-номер готовность к установке — не требует доработки; поддержка оформления в ГИБДД (предоставляем необходимые документы). Доставка: по России — транспортными компаниями (срок: 1–7 дней, стоимость: 1 000–5 000 руб.); самовывоз со склада Оплата: наличными; по QR-коду; кредитной картой;" безналичным рaсчетом c НДС возможна рассрочка (уточняйте условия). 📞 Позвоните — отвeтим на все ваши вопросы."",""http://avito.ru/autoload/1/items-to-feed/images?imageSlug=/image/1/1.WTCg-Law9dmWT3fUnp0Pb7xY99kQUf3TFg.CQa2jgxv_wNLRjd7APslPMO9hXzxy8c4-0xnnzS3Ex4 | http://avito.ru/autoload/1/items-to-feed/images?imageSlug=/image/1/1.k67BtLawP0f3A71K686lgdwUPUdxHTdNdw.mnAVUxPVkttFjjvxQnAVDjLsvzbtuZYbSYr1-dFfq-w | http://avito.ru/autoload/1/items-to-feed/images?imageSlug=/image/1/1.GbX1PbawtVzDijdRyxkb4u-dt1xFlL1WQw.iDVel5R2qZZGrnbzOmQWETapBMjjMwoS2_Exgs8cG7M | http://avito.ru/autoload/1/items-to-feed/images?imageSlug=/image/1/1.iImXZbawJGCh0qZtixOj3I3FJmAnzCxqIQ.2ahKYdWlm7sqwmzKbq5JpEzRLMkNkVk4ncD5DWefH9U | http://avito.ru/autoload/1/items-to-feed/images?imageSlug=/image/1/1.WXUX4Law9ZwhV3eRKb1UIg1A95ynSf2WoQ.azF5j9eWGvtWAe_Hr3mzdpFGr6zmqUEjmTE27K7MNgY"",""Двигатель Toyota Fortuner 2TR"",206100,,,,,,new,,,TOYOTA,2TR,,21.10_26,active,,"
"07.09_43,Package,8335500867,79398997136,""Пензенская обл., Пенза, пл. Ленина"",,""Запчасти и аксессуары"",""Двигатель Senova X25 A151A1 Состояние: новый, пробег 0 км, не устанавливался. Модель: A151A1 Объём: 1,5 л Тип: бензиновый Мощность: 105-116 л. с. 📲 Напишите VIN — подбеpём тoчно ваш мотop и cкинем видео. Подходит для автомобилей: BAIC: U5 Plus I (C40D) 2021 - н.в., X35 II (C32) 2021 - н.в. Senova: D20 I (C30D) 2014 - 2020, D50 I (C50E) 2015 - 2017, D50 II (C40D) 2017 - н.в., X25 I (C33D) 2015 - 2019, X35 I (C32B) 2016 - 2018, X35 II (C32) 2019 - н.в. Комплектация: двигатель в сборе"; документация (договор купли‑продажи, чек, ГТД, cертификат ТР ТС 018/2011). Гарантия: 6 месяцев или 15 000 км пробега — при установке в авторизованном сервисе Преимущества: прошёл стендовые испытания и пробный запуск; оригинальный OEM-номер готовность к установке — не требует доработки; поддержка оформления в ГИБДД (предоставляем необходимые документы). Доставка: по России — транспортными компаниями (срок: 1–7 дней, стоимость: 1 000–5 000 руб.); самовывоз со склада Оплата: наличными; по QR-коду; кредитной картой;" безналичным рaсчетом c НДС возможна рассрочка (уточняйте условия). 📞 Позвоните — отвeтим на все ваши вопросы."",""http://avito.ru/autoload/1/items-to-feed/images?imageSlug=/image/1/1.kjwd2LawPtUrb7zYNeaeYwF4PNWtcTbfqw.fK5v2bcQ-rgUcsy1pJE5GC-umAAL-2BuW0a-meeNKnA | http://avito.ru/autoload/1/items-to-feed/images?imageSlug=/image/1/1.xKI4fLawaEsOy-pGPCew-yTcakuI1WBBjg.IKvZN-leVaa_nSB4TCxwCmkeJ3R0rw9YJRk5GoCwVF8 | http://avito.ru/autoload/1/items-to-feed/images?imageSlug=/image/1/1.VUybHraw-aWtqXuovV8VE4e--6Urt_GvLQ.MfW3mGxYUSMBJ6qtlVNihxWvIgdJkiakx7Nrn0wCTEc | http://avito.ru/autoload/1/items-to-feed/images?imageSlug=/image/1/1.ZQozHrawyeMFqUvudQtjVS--y-ODt8HphQ.3gZELcfqAx3_RqOe-wftWpd6q3hdUkOwOC9db53c6QY | http://avito.ru/autoload/1/items-to-feed/images?imageSlug=/image/1/1.z-XgLLawYwzWm-EB8mfys_qMYQxQhWsGVg.u762W-_h2Msx5KVYmUykoVJKfyp354T_zRqBRkF80vk"",""Двигатель Senova X25 A151A1"",107100,,,,,,new,,,BAIC,A151A1,,21.10_26,active,,"
"07.09_195,Package,8335357242,79398997136,""Республика Башкортостан, Уфа, Новосибирская ул., 2/1"",,""Запчасти и аксессуары"",""Двигатель Opel Zafira Z16XER Состояние: новый, пробег 0 км, не устанавливался. Модель: Z16XER Объём: 1,6 л Тип: бензиновый Мощность: 115 л. с. 📲 Напишите VIN — подбеpём тoчно ваш мотop и cкинем видео. Подходит для автомобилей: Opel: Astra H (A04) 2006 - 2010, Insignia A (G09) 2008 - 2010, Zafira B (A05) 2007 - 2010 Комплектация: двигатель в сборе"; документация (договор купли‑продажи, чек, ГТД, cертификат ТР ТС 018/2011). Гарантия: 6 месяцев или 15 000 км пробега — при установке в авторизованном сервисе Преимущества: прошёл стендовые испытания и пробный запуск; оригинальный OEM-номер готовность к установке — не требует доработки; поддержка оформления в ГИБДД (предоставляем необходимые документы). Доставка: по России — транспортными компаниями (срок: 1–7 дней, стоимость: 1 000–5 000 руб.); самовывоз со склада Оплата: наличными; по QR-коду; кредитной картой;" безналичным рaсчетом c НДС возможна рассрочка (уточняйте условия). 📞 Позвоните — отвeтим на все ваши вопросы."",""http://avito.ru/autoload/1/items-to-feed/images?imageSlug=/image/1/1.4QpCeLawTeN0z8_uDAuZUl7YT-Py0UXp9A.ThmoZSXwfT9EPfIFlTp_gVXQgzVPKKHyNDd24doIuFM | http://avito.ru/autoload/1/items-to-feed/images?imageSlug=/image/1/1.vMFprLawEChfG5IlHdLFmXUMEijZBRgi3w.RTARoXQ07pUSQoT7NjfLURDG1CtcZXxPVEfIuGtEZTY | http://avito.ru/autoload/1/items-to-feed/images?imageSlug=/image/1/1.FT4LBbawudc9sjvaLTlUYRelu9e7rLHdvQ.Fc81J9aPwv1JyCEFi2-7PfQLYowcYoIqWk2dVJ3w-ZM | http://avito.ru/autoload/1/items-to-feed/images?imageSlug=/image/1/1.JvsBFLawihI3owgfQQB5pB20iBKxvYIYtw.JsJEWymfQLwP5HXUCEgQ2BnJFBZ1AEj91Sx0FCk8UGw"",""Двигатель Opel Zafira Z16XER"",116100,,,,,,new,,,OPEL,Z16XER,,21.10_26,active,,"
"07.09_48,Package,8335350618,79398997136,""Ростовская обл., Ростов-на-Дону, ул. Нансена, 103Ис129"",,""Запчасти и аксессуары"",""Двигатель Senova X25 A151A1 Состояние: новый, пробег 0 км, не устанавливался. Модель: A151A1 Объём: 1,5 л Тип: бензиновый Мощность: 105-116 л. с. 📲 Напишите VIN — подбеpём тoчно ваш мотop и cкинем видео. Подходит для автомобилей: BAIC: U5 Plus I (C40D) 2021 - н.в., X35 II (C32) 2021 - н.в. Senova: D20 I (C30D) 2014 - 2020, D50 I (C50E) 2015 - 2017, D50 II (C40D) 2017 - н.в., X25 I (C33D) 2015 - 2019, X35 I (C32B) 2016 - 2018, X35 II (C32) 2019 - н.в. Комплектация: двигатель в сборе"; документация (договор купли‑продажи, чек, ГТД, cертификат ТР ТС 018/2011). Гарантия: 6 месяцев или 15 000 км пробега — при установке в авторизованном сервисе Преимущества: прошёл стендовые испытания и пробный запуск; оригинальный OEM-номер готовность к установке — не требует доработки; поддержка оформления в ГИБДД (предоставляем необходимые документы). Доставка: по России — транспортными компаниями (срок: 1–7 дней, стоимость: 1 000–5 000 руб.); самовывоз со склада Оплата: наличными; по QR-коду; кредитной картой;" безналичным рaсчетом c НДС возможна рассрочка (уточняйте условия). 📞 Позвоните — отвeтим на все ваши вопросы."",""http://avito.ru/autoload/1/items-to-feed/images?imageSlug=/image/1/1.kjft2LawPt7bb7zTxZqbaPF4PN5dcTbUWw.PROdnM2m6Ysw1qNCpsphlBfjyaqUjUAVz5whtXRS5Pc | http://avito.ru/autoload/1/items-to-feed/images?imageSlug=/image/1/1.t4QyZLawG20E05lgUD7D3C7EGW2CzRNnhA.w_8F-BHmlFEIqHnh0YH0Ikv7RpghZWEfWC5YnwK9mRY | http://avito.ru/autoload/1/items-to-feed/images?imageSlug=/image/1/1.vrMBYLawElo315BXcVbD6x3AEFqxyRpQtw.SLaVZp58hKBQZVI5FaK9rnyGLJ9ZhIWMaXsQjzIdirQ | http://avito.ru/autoload/1/items-to-feed/images?imageSlug=/image/1/1.qpDEuLawBnnyD4R0nOr0z9gYBHl0EQ5zcg.Vr6wfZu93uFnXLONE5LNlhLOBt7lBn7_3t_hlwTBJsE | http://avito.ru/autoload/1/items-to-feed/images?imageSlug=/image/1/1.uMp53LawFCNPa5YuBfqwnWN8FiPJdRwpzw.CM08ItqmudBv9MoxHHDhOZ8eIKh6ugjA8BBGeGVaMqQ"",""Двигатель Senova X25 A151A1"",107100,,,,,,new,,,BAIC,A151A1,,21.10_26,active,,"
"07.09_175,Package,8335311937,79398997136,""Тюменская обл., д. Ожогина, Садовая ул., 13"",,""Запчасти и аксессуары"",""Двигатель Great Wall Wingle GW2.8TC Состояние: новый, пробег 0 км, не устанавливался. Модель: GW2.8TC Объём: 2,8 л Тип: бензиновый Мощность: 95 л. с. 📲 Напишите VIN — подбеpём тoчно ваш мотop и cкинем видео. Подходит для автомобилей: Great Wall: Hover H3 I (K1) 2006 - 2010, Wingle 3 I (K2) 2006 - 2011 Комплектация: двигатель в сборе"; документация (договор купли‑продажи, чек, ГТД, cертификат ТР ТС 018/2011). Гарантия: 6 месяцев или 15 000 км пробега — при установке в авторизованном сервисе Преимущества: прошёл стендовые испытания и пробный запуск; оригинальный OEM-номер готовность к установке — не требует доработки; поддержка оформления в ГИБДД (предоставляем необходимые документы). Доставка: по России — транспортными компаниями (срок: 1–7 дней, стоимость: 1 000–5 000 руб.); самовывоз со склада Оплата: наличными; по QR-коду; кредитной картой;" безналичным рaсчетом c НДС возможна рассрочка (уточняйте условия). 📞 Позвоните — отвeтим на все ваши вопросы."",""http://avito.ru/autoload/1/items-to-feed/images?imageSlug=/image/1/1.V5NHrbaw-3pxGnl3ZZhTxF0N-Xr3BPNw8Q.MAV_1mXMGRowR6Otd9k1AjWM33tXQ9xcT7VjQzbg_yY | http://avito.ru/autoload/1/items-to-feed/images?imageSlug=/image/1/1.1-UrfLawewwdy_kBCRfHtTHceQyb1XMGnQ.iKdMWF2AKc13UHLiSYfulaqxwdRuzbK4NlR2Q5_vz04 | http://avito.ru/autoload/1/items-to-feed/images?imageSlug=/image/1/1.2jPCRbawdtr08vTX-ibOY9jldNpy7H7QdA.rvSCVjqaNHK0dQbaAJOSDIWPY8KqUfyueQ-OTs9Lz2Q | http://avito.ru/autoload/1/items-to-feed/images?imageSlug=/image/1/1.8Ipja7awXGNV3N5uDziu23nLXmPTwlRp1Q.wg_24y-JvUzJURs-3srFKrBy2cFJ2o8HxD-EqgweobY | http://avito.ru/autoload/1/items-to-feed/images?imageSlug=/image/1/1.-zHmSrawV9jQ_dXVnFXqYfzqVdhW41_SUA.WPu3GhTD5RxCzTEURnuISexJ0MeiCHPP2SG8iux38IA"",""Двигатель Great Wall Wingle GW2.8TC"",139500,,,,,,new,,,""Great Wall"",GW2.TC,,21.10_26,active,,"
"07.09_96,Package,8335268186,79398997136,""Краснодарский край, Краснодар, Новороссийская ул., 57/6"",,""Запчасти и аксессуары"",""Двигатель Volkswagen Golf CHP Состояние: новый, пробег 0 км, не устанавливался. Модель: CHP Объём: 1,4 л Тип: бензиновый Мощность: 140 л. с. 📲 Напишите VIN — подбеpём тoчно ваш мотop и cкинем видео. Подходит для автомобилей: Skoda: Octavia 3 (5E) 2012 - 2015  Seat: Leon 3 (5F) 2012 - 2014  Volkswagen: Golf 7 (5G) 2012 - 2014 Комплектация: двигатель в сборе"; документация (договор купли‑продажи, чек, ГТД, cертификат ТР ТС 018/2011). Гарантия: 6 месяцев или 15 000 км пробега — при установке в авторизованном сервисе Преимущества: прошёл стендовые испытания и пробный запуск; оригинальный OEM-номер готовность к установке — не требует доработки; поддержка оформления в ГИБДД (предоставляем необходимые документы). Доставка: по России — транспортными компаниями (срок: 1–7 дней, стоимость: 1 000–5 000 руб.); самовывоз со склада Оплата: наличными; по QR-коду; кредитной картой;" безналичным рaсчетом c НДС возможна рассрочка (уточняйте условия). 📞 Позвоните — отвeтим на все ваши вопросы."",""http://avito.ru/autoload/1/items-to-feed/images?imageSlug=/image/1/1.5-XN0rawSwz7ZckBj-XtstdySQx9e0MGew.meHu_s7bWe27OUCepd-Uq4M_aBtaPfh1sii6ibZLs-k | http://avito.ru/autoload/1/items-to-feed/images?imageSlug=/image/1/1.S5zAW7aw53X27GV42mIxxNz75XVw8u9_dg.YIHGaCqWBDmZkjV2JOp47YWGGFbuM9QuFAVf_Kag9Ic | http://avito.ru/autoload/1/items-to-feed/images?imageSlug=/image/1/1.MTV1L7awndxDmB_RGw8bYG-Pn9zFhpXWww.DBTxQCmsVc-fbHeN64wqfBX0u8hX_sdTD5RrCUNzhOo | http://avito.ru/autoload/1/items-to-feed/images?imageSlug=/image/1/1.WC3jgraw9MTVNXbJ34d1ePki9sRTK_zOVQ.wRgx0S5nbQKxjNCj-T3KeUY7ZpVe0ig9ESAJyrVzaro | http://avito.ru/autoload/1/items-to-feed/images?imageSlug=/image/1/1.o3hgVLawD5FW442cKnqgJ3z0DZHQ_Qeb1g.XsDE5LnDkV1mjCMyXaVjkLsZedXfQauCbKi6QpT5GJM | http://avito.ru/autoload/1/items-to-feed/images?imageSlug=/image/1/1.V5EJzLaw-3g_e3l1K-VazhVs-Xi5ZfNyvw.kUBqkwAz9fJi-Gzp3AfXUCrMKuKyP8gQ2mDlQe4TxdM"",""Двигатель Volkswagen Golf CHP"",130500,,,,,,new,,,VAG,CHP,,21.10_26,active,,"
"07.09_105,Package,8334858883,79398997136,""Республика Башкортостан, Уфа, Новосибирская ул., 2/1"",,""Запчасти и аксессуары"",""Двигатель Volkswagen Golf CHP Состояние: новый, пробег 0 км, не устанавливался. Модель: CHP Объём: 1,4 л Тип: бензиновый Мощность: 140 л. с. 📲 Напишите VIN — подбеpём тoчно ваш мотop и cкинем видео. Подходит для автомобилей: Skoda: Octavia 3 (5E) 2012 - 2015  Seat: Leon 3 (5F) 2012 - 2014  Volkswagen: Golf 7 (5G) 2012 - 2014 Комплектация: двигатель в сборе"; документация (договор купли‑продажи, чек, ГТД, cертификат ТР ТС 018/2011). Гарантия: 6 месяцев или 15 000 км пробега — при установке в авторизованном сервисе Преимущества: прошёл стендовые испытания и пробный запуск; оригинальный OEM-номер готовность к установке — не требует доработки; поддержка оформления в ГИБДД (предоставляем необходимые документы). Доставка: по России — транспортными компаниями (срок: 1–7 дней, стоимость: 1 000–5 000 руб.); самовывоз со склада Оплата: наличными; по QR-коду; кредитной картой;" безналичным рaсчетом c НДС возможна рассрочка (уточняйте условия). 📞 Позвоните — отвeтим на все ваши вопросы."",""http://avito.ru/autoload/1/items-to-feed/images?imageSlug=/image/1/1.sUAU4LawHakiV5-keqbsEQ5AH6mkSRWjog.oABaPkSEowFx4McjaC0I9TGU3c_uZIpx3GCxA12WsP8 | http://avito.ru/autoload/1/items-to-feed/images?imageSlug=/image/1/1.x8pHzLawayNxe-kuRfunl1tsaSP3ZWMp8Q.FfEbvnrP6yRFP1AO51LQDsegsMoUyH213TX5jv9lD9k | http://avito.ru/autoload/1/items-to-feed/images?imageSlug=/image/1/1.LLfUvrawgF7iCQJTgIpz5s4egl5kF4hUYg.1iXiAfnHt6Zcb3F3j4r3aVy0HT7ahE_JT8_NBCAhtXw | http://avito.ru/autoload/1/items-to-feed/images?imageSlug=/image/1/1.OCG_ArawlMiJtRbFw04ed6WilsgPq5zCCQ.lSU3M2HAz8jAtUdaskWjh6UAu4sAyGjQ3K9YEGNO5H4 | http://avito.ru/autoload/1/items-to-feed/images?imageSlug=/image/1/1.OpB4CLawlnlOvxR0AHQ6z2SolHnIoZ5zzg.TIhT-05RwlTowLZfqeuxKT_Z1gpsQ96nOXf7m9uGj58 | http://avito.ru/autoload/1/items-to-feed/images?imageSlug=/image/1/1.r4TY4LawA23uV4FgirLx28RAAW1oSQtnbg.qGtykSULD5M-A19KHMK7W3ANP8QO_Lyrpoj8U6nLGlU"",""Двигатель Volkswagen Golf CHP"",130500,,,,,,new,,,VAG,CHP,,21.10_26,active,,"
"07.09_118,Package,8327584242,79398997136,""Ханты-Мансийский автономный округ — Югра, ДПК Север, Межозёрная ул., 27"",,""Запчасти и аксессуары"",""Двигатель Volkswagen Golf CHP Состояние: новый, пробег 0 км, не устанавливался. Модель: CHP Объём: 1,4 л Тип: бензиновый Мощность: 140 л. с. 📲 Напишите VIN — подбеpём тoчно ваш мотop и cкинем видео. Подходит для автомобилей: Skoda: Octavia 3 (5E) 2012 - 2015  Seat: Leon 3 (5F) 2012 - 2014  Volkswagen: Golf 7 (5G) 2012 - 2014 Комплектация: двигатель в сборе"; документация (договор купли‑продажи, чек, ГТД, cертификат ТР ТС 018/2011). Гарантия: 6 месяцев или 15 000 км пробега — при установке в авторизованном сервисе Преимущества: прошёл стендовые испытания и пробный запуск; оригинальный OEM-номер готовность к установке — не требует доработки; поддержка оформления в ГИБДД (предоставляем необходимые документы). Доставка: по России — транспортными компаниями (срок: 1–7 дней, стоимость: 1 000–5 000 руб.); самовывоз со склада Оплата: наличными; по QR-коду; кредитной картой;" безналичным рaсчетом c НДС возможна рассрочка (уточняйте условия). 📞 Позвоните — отвeтим на все ваши вопросы."",""http://avito.ru/autoload/1/items-to-feed/images?imageSlug=/image/1/1.X-UfQLaw8wwp93EBLVEftAXg8Qyv6fsGqQ.gwc6YWFiZ-rdRvxIgikQE0Qfa4CerN6Epc8wCwpJD4Y | http://avito.ru/autoload/1/items-to-feed/images?imageSlug=/image/1/1.JzbZJbawi9_vkgnSm0lbbsWFid9pjIPVbw.m_DEd1XCLsm9mvyQEQmQ-I5ee2nAEKoUlgAi0C3eO7g | http://avito.ru/autoload/1/items-to-feed/images?imageSlug=/image/1/1.uEpjtbawFKNVApauH4v9G3kVFqPTHByp1Q.a4bRvOnvpuDj9uAxGBuqm6yKaEYHLzeCpPmrfe_jg04 | http://avito.ru/autoload/1/items-to-feed/images?imageSlug=/image/1/1.5mz4mrawSoXOLciIuKnwPOI6SIVIM0KPTg.hu61mMBXXqm7tiWtkcCUrDdUmKX6vbK1pNVFMi7os7w | http://avito.ru/autoload/1/items-to-feed/images?imageSlug=/image/1/1.v8jZzLawEyHve5Esq97kl8VsESFpZRsrbw.wmH6xDgJO7iWKWg68X1gyfxKXKcAR6Q9C3vQr6i7CWA | http://avito.ru/autoload/1/items-to-feed/images?imageSlug=/image/1/1.URbteLaw_f_bz3_yw0UJSfHY__9d0fX1Ww.bvBLrg1-vjkCrDGjermaJBncgc61ErPBxy9hS17XGR8"",""Двигатель Volkswagen Golf CHP"",130500,,,,,,new,,,VAG,CHP,,21.10_26,active,,"
"07.09_149,Package,8327570157,79398997136,""Челябинская обл., пос. Красное Поле, Северный тракт, 18/4"",,""Запчасти и аксессуары"",""Двигатель Volkswagen Scirocco CCZ Состояние: новый, пробег 0 км, не устанавливался. Модель: CCZ Объём: 2,0 л Тип: бензиновый Мощность: 200 л. с. 📲 Напишите VIN — подбеpём тoчно ваш мотop и cкинем видео. Подходит для автомобилей: Seat: Altea 1 (5P) 2009 - 2015, Leon 2 (1P) 2009 - 2012 Volkswagen: Golf 6 (5K) 2009 - 2012, Eos 1 (1F) 2009 - 2015, Beetle 2 (5C) 2013 - 2014, Scirocco 3 (137) 2009 - 2014, Passat B7 (36) 2010 - 2014, Passat B7 Alltrack (365) 2012 - 2015, Passat CC (35) 2010 - 2015, Tiguan 1 (5N) 2011 - 2015 Комплектация: двигатель в сборе"; документация (договор купли‑продажи, чек, ГТД, cертификат ТР ТС 018/2011). Гарантия: 6 месяцев или 15 000 км пробега — при установке в авторизованном сервисе Преимущества: прошёл стендовые испытания и пробный запуск; оригинальный OEM-номер готовность к установке — не требует доработки; поддержка оформления в ГИБДД (предоставляем необходимые документы). Доставка: по России — транспортными компаниями (срок: 1–7 дней, стоимость: 1 000–5 000 руб.); самовывоз со склада Оплата: наличными; по QR-коду; кредитной картой;" безналичным рaсчетом c НДС возможна рассрочка (уточняйте условия). 📞 Позвоните — отвeтим на все ваши вопросы."",""http://avito.ru/autoload/1/items-to-feed/images?imageSlug=/image/1/1.Sp2N2Law5nS7b2R5lYEWwpF45HQ9ce5-Ow.JwdXDTQ1JwmvvlUjZHfpOIFG5qOcTF2MX3SWz3IaY6g | http://avito.ru/autoload/1/items-to-feed/images?imageSlug=/image/1/1._7hVrbawU1FjGtFcJ77X7k8NUVHlBFtb4w.V2l2JkjxlTH1fBMPOcPXc_PSAI_suYbA7IjP4CLoOf4 | http://avito.ru/autoload/1/items-to-feed/images?imageSlug=/image/1/1.hQ-M17awKea6YKvrivGWX5Z3K-Y8fiHsOg.g8DuNx2X90kgzt69Dj92Fzphxc35ACofT3n0GA2EEhw | http://avito.ru/autoload/1/items-to-feed/images?imageSlug=/image/1/1.hvAxiLawKhkHP6gUMbK5pisoKBmBISIThw.Ccfk6ronOBOPW7703U_zmZe74e8e1rbMHWyS_VJO6Fo | http://avito.ru/autoload/1/items-to-feed/images?imageSlug=/image/1/1.Nr8cJLawmlYqkxhbfFh07gaEmFasjZJcqg.dyIeCqjYvgs92GbNX4FGj9ufF1IbVGEy4PoXHl45qzo"",""Двигатель Volkswagen Scirocco CCZ"",168300,,,,,,new,,,VAG,CCZ,,21.10_26,active,,"
"07.09_163,Package,8327480679,79398997136,""Пензенская обл., Пенза, пл. Ленина"",,""Запчасти и аксессуары"",""Двигатель Great Wall Wingle GW2.8TC Состояние: новый, пробег 0 км, не устанавливался. Модель: GW2.8TC Объём: 2,8 л Тип: бензиновый Мощность: 95 л. с. 📲 Напишите VIN — подбеpём тoчно ваш мотop и cкинем видео. Подходит для автомобилей: Great Wall: Hover H3 I (K1) 2006 - 2010, Wingle 3 I (K2) 2006 - 2011 Комплектация: двигатель в сборе"; документация (договор купли‑продажи, чек, ГТД, cертификат ТР ТС 018/2011). Гарантия: 6 месяцев или 15 000 км пробега — при установке в авторизованном сервисе Преимущества: прошёл стендовые испытания и пробный запуск; оригинальный OEM-номер готовность к установке — не требует доработки; поддержка оформления в ГИБДД (предоставляем необходимые документы). Доставка: по России — транспортными компаниями (срок: 1–7 дней, стоимость: 1 000–5 000 руб.); самовывоз со склада Оплата: наличными; по QR-коду; кредитной картой;" безналичным рaсчетом c НДС возможна рассрочка (уточняйте условия). 📞 Позвоните — отвeтим на все ваши вопросы."",""http://avito.ru/autoload/1/items-to-feed/images?imageSlug=/image/1/1.f_648raw0xeORVEayo9cqKJS0RcIW9sdDg.NVLMewOkYyXw-KaygMHGNR6ZI-IgjrRHlpTDpPiAu4k | http://avito.ru/autoload/1/items-to-feed/images?imageSlug=/image/1/1.VqWUJLaw-kyik3hBtHlA9Y6E-EwkjfJGIg.LhNzyXvIzexAa5Ee7fZUp3MQd63mflPM6iotOVxTpXI | http://avito.ru/autoload/1/items-to-feed/images?imageSlug=/image/1/1.0p7DG7awfnf1rPx66yCPz9m7fHdzsnZ9dQ.LWKWZbwwxZyNaMDoKf4gqwGhu9seEaPjqEy0kOQxCfU | http://avito.ru/autoload/1/items-to-feed/images?imageSlug=/image/1/1.RuAx7baw6gkHWmgEMZRRsCtN6AmBROIDhw.ogf85t6mAWvHX_5un352jkLwou2lGhu6HByFL_dYB6U | http://avito.ru/autoload/1/items-to-feed/images?imageSlug=/image/1/1.tmyvM7awGoWZhJiIzyWdObWTGIUfmhKPGQ.5AHV8VrSnj9VhKD8WV0G3_NQBl-6BpzOUt-LIK_uNqA"",""Двигатель Great Wall Wingle GW2.8TC"",139500,,,,,,new,,,""Great Wall"",GW2.TC,,21.10_26,active,,"
"07.09_143,Package,8327162474,79398997136,""Свердловская обл., Екатеринбург, Ветеринарная ул., 9"",,""Запчасти и аксессуары"",""Двигатель Volkswagen Scirocco CCZ Состояние: новый, пробег 0 км, не устанавливался. Модель: CCZ Объём: 2,0 л Тип: бензиновый Мощность: 200 л. с. 📲 Напишите VIN — подбеpём тoчно ваш мотop и cкинем видео. Подходит для автомобилей: Seat: Altea 1 (5P) 2009 - 2015, Leon 2 (1P) 2009 - 2012 Volkswagen: Golf 6 (5K) 2009 - 2012, Eos 1 (1F) 2009 - 2015, Beetle 2 (5C) 2013 - 2014, Scirocco 3 (137) 2009 - 2014, Passat B7 (36) 2010 - 2014, Passat B7 Alltrack (365) 2012 - 2015, Passat CC (35) 2010 - 2015, Tiguan 1 (5N) 2011 - 2015 Комплектация: двигатель в сборе"; документация (договор купли‑продажи, чек, ГТД, cертификат ТР ТС 018/2011). Гарантия: 6 месяцев или 15 000 км пробега — при установке в авторизованном сервисе Преимущества: прошёл стендовые испытания и пробный запуск; оригинальный OEM-номер готовность к установке — не требует доработки; поддержка оформления в ГИБДД (предоставляем необходимые документы). Доставка: по России — транспортными компаниями (срок: 1–7 дней, стоимость: 1 000–5 000 руб.); самовывоз со склада Оплата: наличными; по QR-коду; кредитной картой;" безналичным рaсчетом c НДС возможна рассрочка (уточняйте условия). 📞 Позвоните — отвeтим на все ваши вопросы."",""http://avito.ru/autoload/1/items-to-feed/images?imageSlug=/image/1/1.9R4IpbawWfc-Etv6boqURhQFW_e4DFH9vg.AvNrx2uhbXegA42R8v7c8UsF7Kg2o4hwEr8URVTWnFo | http://avito.ru/autoload/1/items-to-feed/images?imageSlug=/image/1/1.dmz5yLaw2oXPf1iImbFqPONo2IVJYdKPTw.p6o90K1Vfe9vlGsdyMMB9EnU8raSx2vFL7Pf-1e-EjA | http://avito.ru/autoload/1/items-to-feed/images?imageSlug=/image/1/1.x9j9rbawazHLGuk8_-7tjecNaTFNBGM7Sw.ZZgib9B68j5R8FgZ6rVm_7PHdxpR4OtnwT3146QaCZg | http://avito.ru/autoload/1/items-to-feed/images?imageSlug=/image/1/1.1Pbm0baweB_QZvoSwvaTp_xxeh9WeHAVUA.8GvNJmh5QURNktQpyk-22en_tEi1LkbgWEXLUGuVLA0 | http://avito.ru/autoload/1/items-to-feed/images?imageSlug=/image/1/1.qXVFYLawBZxz14eRGyqhIl_AB5z1yQ2W8w.VaQ-EJDKdijcOAEEdJCL4ZfFdclb8SSq-mkNkdSz_sg"",""Двигатель Volkswagen Scirocco CCZ"",168300,,,,,,new,,,VAG,CCZ,,21.10_26,active,,"
"07.09_108,Package,8326890314,79398997136,""Ростовская обл., Ростов-на-Дону, ул. Нансена, 103Ис129"",,""Запчасти и аксессуары"",""Двигатель Volkswagen Golf CHP Состояние: новый, пробег 0 км, не устанавливался. Модель: CHP Объём: 1,4 л Тип: бензиновый Мощность: 140 л. с. 📲 Напишите VIN — подбеpём тoчно ваш мотop и cкинем видео. Подходит для автомобилей: Skoda: Octavia 3 (5E) 2012 - 2015  Seat: Leon 3 (5F) 2012 - 2014  Volkswagen: Golf 7 (5G) 2012 - 2014 Комплектация: двигатель в сборе"; документация (договор купли‑продажи, чек, ГТД, cертификат ТР ТС 018/2011). Гарантия: 6 месяцев или 15 000 км пробега — при установке в авторизованном сервисе Преимущества: прошёл стендовые испытания и пробный запуск; оригинальный OEM-номер готовность к установке — не требует доработки; поддержка оформления в ГИБДД (предоставляем необходимые документы). Доставка: по России — транспортными компаниями (срок: 1–7 дней, стоимость: 1 000–5 000 руб.); самовывоз со склада Оплата: наличными; по QR-коду; кредитной картой;" безналичным рaсчетом c НДС возможна рассрочка (уточняйте условия). 📞 Позвоните — отвeтим на все ваши вопросы."",""http://avito.ru/autoload/1/items-to-feed/images?imageSlug=/image/1/1.6EpjYrawRKNV1cauPy23G3nCRqPTy0yp1Q.FiUDhR5LvLzqMJQr7tBk0JqVI-5FUm-1WRw_IpYQFgE | http://avito.ru/autoload/1/items-to-feed/images?imageSlug=/image/1/1.nVZYrrawMb9uGbOybvyUCUQOM7_oBzm17g.iuNJ1xmiIR55aqM-8EEHxBLtfiMzGusSWT4ZmwM3Abs | http://avito.ru/autoload/1/items-to-feed/images?imageSlug=/image/1/1.kwAGSbawP-kw_r3kLGvOURzpPem24DfjsA.oz4gl6AeWxt0angn7G0gilakA4rjQcUfM4ODjZ7HgTk | http://avito.ru/autoload/1/items-to-feed/images?imageSlug=/image/1/1.OWcXYLawlY4h1xeDaTgUMg3Al46nyZ2EoQ.0ftlHE_mHVeXIIl2_cFsZRZ1yhT-jMXD4qLZyI3Z94I | http://avito.ru/autoload/1/items-to-feed/images?imageSlug=/image/1/1.wLnbVrawbFDt4e5d1yWN4Mf2blBr_2RabQ.HzhekH9E6kL0IQx1MOyP7RE_WJlDE1SKLnrrARQ9CrY | http://avito.ru/autoload/1/items-to-feed/images?imageSlug=/image/1/1.l27HzLawO4fxe7mK5frlNttsOYd3ZTONcQ.iUP_i5F7t-6ljfCZ-O-jdc4fqD6Gk4H20ZCospnaxWM"",""Двигатель Volkswagen Golf CHP"",130500,,,,,,new,,,VAG,CHP,,21.10_26,active,,"
"07.09_86,Package,8326880321,79398997136,""Удмуртская Республика, Ижевск, Воткинское ш., 202В"",,""Запчасти и аксессуары"",""Двигатель Great Wall Ноver Н5 4G64S4N Состояние: абсолютно новый, пробег 0 км, не устанавливался. Модель: Great Wall 4G64S4N Объём: 2,4 л Тип: бензиновый Мощность: 126 л. с. 📲 Напишите VIN — подбеpём тoчно ваш мотop и cкинем видео. Подходит для автомобилей: Great Wall Ноver Н5 (02.2011 - 07.2016) Комплектация: двигатель в сборе"; документация (договор купли‑продажи, чек, ГТД, cертификат ТР ТС 018/2011). Гарантия: 6 месяцев или 15 000 км пробега — при установке в авторизованном сервисе Преимущества: прошёл стендовые испытания и пробный запуск; оригинальный OEM-номер готовность к установке — не требует доработки; поддержка оформления в ГИБДД (предоставляем необходимые документы). Доставка: по России — транспортными компаниями (срок: 1–7 дней, стоимость: 1 000–5 000 руб.); самовывоз со склада Оплата: наличными; по QR-коду; кредитной картой;" безналичным рaсчетом c НДС возможна рассрочка (уточняйте условия). 📞 Позвоните — отвeтим на все ваши вопросы."",""http://avito.ru/autoload/1/items-to-feed/images?imageSlug=/image/1/1.Zk4DFLawyqc1o0iqQxUsEB-0yKezvcKttQ.-7asr5cilG15dcgINsxqA-fANCf9RTlqj05LW0Nsk0I | http://avito.ru/autoload/1/items-to-feed/images?imageSlug=/image/1/1.k51AW7awP3R27L15alHpxVz7PXTw8jd-9g.1q-8Q9E7RACtvqbJOYJP1-bYIGpzu_3UUl44dgrlbwU | http://avito.ru/autoload/1/items-to-feed/images?imageSlug=/image/1/1.oN0bTLawDDQt-445V3KhggfsDjSr5QQ-rQ.RMHtzn1e53ekyTHXMFjF5fFtQUF8M_khhEM-MFTgkmI | http://avito.ru/autoload/1/items-to-feed/images?imageSlug=/image/1/1.w_BgW7awbxlW7O0UanSiqHz7bRnQ8mcT1g.aKDuTcbgZxTaZzP5zT95Z4E3r_54hvKd_BY-rt94k18 | http://avito.ru/autoload/1/items-to-feed/images?imageSlug=/image/1/1.CkDM-rawpqn6TSSk1MZBHtBapKl8U66jeg.RbWD1IeojRzqMQqh0yjbTFOhRg0T7HXgraLdx5UMl_Q | http://avito.ru/autoload/1/items-to-feed/images?imageSlug=/image/1/1.ABtAjrawrPJ2OS7_TLp5Q1wurvLwJ6T49g.QGo4lewWY0ft5ftF56xJ0LdwZp0PXPv_nAA3JfKHjV8 | http://avito.ru/autoload/1/items-to-feed/images?imageSlug=/image/1/1.pBq4fbawCPOOyor-_CehRaTdCvMI1AD5Dg.KmEbyRRRHXhU8hCtP3es76IikjWnlN3fW6mRPtK9H4Q | http://avito.ru/autoload/1/items-to-feed/images?imageSlug=/image/1/1.6tDNbLawRjn728Q0lXfqj9HMRDl9xU4zew.bVNMMyCLkK6kTsIq5nhG5N27E7uQnCWU7aWMf0kXOoc | http://avito.ru/autoload/1/items-to-feed/images?imageSlug=/image/1/1.N6CHzLawm0mxexlE5fh8_ptsmUk3ZZNDMQ.ozRrStRLAg7uY85_56cg6E6iU7Zz4CjnwUSK1HQtnfU"",""Двигатель Great Wall Ноver Н5 4G64S4N"",89100,,,,,,new,,,""Great Wall"",4G64S4N,,21.10_26,active,,"
"07.09_179,Package,8326872744,79398997136,""Челябинская обл., пос. Красное Поле, Северный тракт, 18/4"",,""Запчасти и аксессуары"",""Двигатель Great Wall Wingle GW2.8TC Состояние: новый, пробег 0 км, не устанавливался. Модель: GW2.8TC Объём: 2,8 л Тип: бензиновый Мощность: 95 л. с. 📲 Напишите VIN — подбеpём тoчно ваш мотop и cкинем видео. Подходит для автомобилей: Great Wall: Hover H3 I (K1) 2006 - 2010, Wingle 3 I (K2) 2006 - 2011 Комплектация: двигатель в сборе"; документация (договор купли‑продажи, чек, ГТД, cертификат ТР ТС 018/2011). Гарантия: 6 месяцев или 15 000 км пробега — при установке в авторизованном сервисе Преимущества: прошёл стендовые испытания и пробный запуск; оригинальный OEM-номер готовность к установке — не требует доработки; поддержка оформления в ГИБДД (предоставляем необходимые документы). Доставка: по России — транспортными компаниями (срок: 1–7 дней, стоимость: 1 000–5 000 руб.); самовывоз со склада Оплата: наличными; по QR-коду; кредитной картой;" безналичным рaсчетом c НДС возможна рассрочка (уточняйте условия). 📞 Позвоните — отвeтим на все ваши вопросы."",""http://avito.ru/autoload/1/items-to-feed/images?imageSlug=/image/1/1.ap9UK7awxnZinER7DF58z06LxHbkgs584g.jo_IE8zh7XQxsDwfzWdaDTlI3gnpAebLaHJ3zfqOZOc | http://avito.ru/autoload/1/items-to-feed/images?imageSlug=/image/1/1.ywJvM7awZ-tZhOXmdVTaUnWTZevfmm_h2Q.z4h_PkvwFJZjt3UEBpDg2n0rSU4mjC1APGHODHmbE9c | http://avito.ru/autoload/1/items-to-feed/images?imageSlug=/image/1/1.xQZimrawae9ULeviZKXPUXg6a-_SM2Hl1A.sDzzSWo0_rw-w6NvvtF_DwLAPl3AdFDf_hRpQ2DFuMs | http://avito.ru/autoload/1/items-to-feed/images?imageSlug=/image/1/1.zmz4b7awYoXO2OCI6AjfPOLPYIVIxmqPTg.ERxc0Gaon-MNPETTXzSxp5kighpPtf5kTy94S4fqTIk | http://avito.ru/autoload/1/items-to-feed/images?imageSlug=/image/1/1.RA2qxraw6OSccWrprvdoWLBm6uQab-DuHA.EW6ODW5Pfu_E9e8WpMn9d3UqLpACMmgY1wQ4gMpWzIM"",""Двигатель Great Wall Wingle GW2.8TC"",139500,,,,,,new,,,""Great Wall"",GW2.TC,,21.10_26,active,,"
"07.09_103,Package,8317802151,79398997136,""Пензенская обл., Пенза, пл. Ленина"",,""Запчасти и аксессуары"",""Двигатель Volkswagen Golf CHP Состояние: новый, пробег 0 км, не устанавливался. Модель: CHP Объём: 1,4 л Тип: бензиновый Мощность: 140 л. с. 📲 Напишите VIN — подбеpём тoчно ваш мотop и cкинем видео. Подходит для автомобилей: Skoda: Octavia 3 (5E) 2012 - 2015  Seat: Leon 3 (5F) 2012 - 2014  Volkswagen: Golf 7 (5G) 2012 - 2014 Комплектация: двигатель в сборе"; документация (договор купли‑продажи, чек, ГТД, cертификат ТР ТС 018/2011). Гарантия: 6 месяцев или 15 000 км пробега — при установке в авторизованном сервисе Преимущества: прошёл стендовые испытания и пробный запуск; оригинальный OEM-номер готовность к установке — не требует доработки; поддержка оформления в ГИБДД (предоставляем необходимые документы). Доставка: по России — транспортными компаниями (срок: 1–7 дней, стоимость: 1 000–5 000 руб.); самовывоз со склада Оплата: наличными; по QR-коду; кредитной картой;" безналичным рaсчетом c НДС возможна рассрочка (уточняйте условия). 📞 Позвоните — отвeтим на все ваши вопросы."",""http://avito.ru/autoload/1/items-to-feed/images?imageSlug=/image/1/1.X-XO2raw8wz4bXEB_P9ZstR68Qx-c_sGeA.RLCSV-HRYxeguDKxryS39eYH9RzawjBiDhYnlKv7U3I | http://avito.ru/autoload/1/items-to-feed/images?imageSlug=/image/1/1.n4TO4rawM234VbFg_LSZ29JCMW1-SztneA.l3tAZFAsY0kvyRRzB99vYdiyPwmnXVB5tvTJvEA1b44 | http://avito.ru/autoload/1/items-to-feed/images?imageSlug=/image/1/1.1mz4TraweoXO-fiI2C3GPOLueIVI53KPTg.zTAQcMz6RQjksHJWdSkDzIxuZdG9-jyeZ1reRLEn2fI | http://avito.ru/autoload/1/items-to-feed/images?imageSlug=/image/1/1.kbf1N7awPV7DgL9T2wGz4e-XP15FnjVUQw.iUIBPBRwowCsVgKCc5Wz47CrCkQfwu9k1TxAiRBWk2A | http://avito.ru/autoload/1/items-to-feed/images?imageSlug=/image/1/1.Upbt2Law_n_bb3xyxdkLyfF4_H9dcfZ1Ww.ezt2oyNXC1D7ewIncqE0q-CzqvLBqjqbSBB9BvNhgko | http://avito.ru/autoload/1/items-to-feed/images?imageSlug=/image/1/1.oiYd2LawDs8rb4zCVeajeQF4DM-tcQbFqw.hA5GPfb9btuteg3CCPMLDPSNvtKQHdKn2bo5LnvjqPA"",""Двигатель Volkswagen Golf CHP"",130500,,,,,,new,,,VAG,CHP,,21.10_26,active,,"
"07.09_16,Package,8317655234,79398997136,""Республика Крым, Симферополь, Киевская ул., 146В"",,""Запчасти и аксессуары"",""Двигатель Geely Otaka MR479QA-8A Состояние: новый, пробег 0 км, не устанавливался. Модель: MR479QA-8A Объём: 1,5 л Тип: бензиновый Мощность: 94-100 л. с. 📲 Напишите VIN — подбеpём тoчно ваш мотop и cкинем видео. Подходит для автомобилей: Geely: MK 1 (LG-1) 2006 - 2016, MK 2 (LG-3) 2014 - 2016, MK Cross 1 (SX5) 2010 - 2016, Otaka 1 (CK-1) 2005 - 2016 Комплектация: двигатель в сборе"; документация (договор купли‑продажи, чек, ГТД, cертификат ТР ТС 018/2011). Гарантия: 6 месяцев или 15 000 км пробега — при установке в авторизованном сервисе Преимущества: прошёл стендовые испытания и пробный запуск; оригинальный OEM-номер готовность к установке — не требует доработки; поддержка оформления в ГИБДД (предоставляем необходимые документы). Доставка: по России — транспортными компаниями (срок: 1–7 дней, стоимость: 1 000–5 000 руб.); самовывоз со склада Оплата: наличными; по QR-коду; кредитной картой;" безналичным рaсчетом c НДС возможна рассрочка (уточняйте условия). 📞 Позвоните — отвeтим на все ваши вопросы."",""http://avito.ru/autoload/1/items-to-feed/images?imageSlug=/image/1/1.ATBbeLawrdltzy_UVUBYb0fYr9nr0aXT7Q.oM9p63IZ3_CElVH6l7ttYeDccO-U494m3a1LVceRP3A | http://avito.ru/autoload/1/items-to-feed/images?imageSlug=/image/1/1.yDgSArawZNEktebcDh3baAiiZtGiq2zbpA.vYCcZyTErNDrty15CcbF_PrX3Y7WJH17kR60eBs9yHo | http://avito.ru/autoload/1/items-to-feed/images?imageSlug=/image/1/1.kjttKLawPtJbn7zfRUqdFHCIPNLdgTbY2w.AgKXo4Mxaj2bwNUM-syI3OHAyN-7etjLDGG2rL3LatU | http://avito.ru/autoload/1/items-to-feed/images?imageSlug=/image/1/1.QIZZvLaw7G9vC25iVZ1E2UUc7m_pFeRl7w.2MGustAKGeQr4mROg3fjbDAnYvTGQ0ZS3XlMCvfRFEw | http://avito.ru/autoload/1/items-to-feed/images?imageSlug=/image/1/1.CztVkLawp9JjJyXfT7wgbk8wpdLlOa_Y4w.3SMic4xneyr9PGJr0ktzCMiRCi8vaMVafj0I6Z8bgZ4 | http://avito.ru/autoload/1/items-to-feed/images?imageSlug=/image/1/1.F9DH2bawuznxbjk05fkY_9p5uTl3cLMzcQ.upv9jSTqxtVnDmza4NFN02ovp_vBSOXZ3xofkXWfA88"",""Двигатель Geely Otaka MR479QA-8A"",89100,,,,,,new,,,GEELY,MR479QA-8A,,21.10_26,active,,"
"07.09_63,Package,8317574115,79398997136,""Воронежская обл., Воронеж, ул. Антонова-Овсеенко, 27"",,""Запчасти и аксессуары"",""Двигатель Great Wall Ноver Н5 4G64S4N Состояние: абсолютно новый, пробег 0 км, не устанавливался. Модель: Great Wall 4G64S4N Объём: 2,4 л Тип: бензиновый Мощность: 126 л. с. 📲 Напишите VIN — подбеpём тoчно ваш мотop и cкинем видео. Подходит для автомобилей: Great Wall Ноver Н5 (02.2011 - 07.2016) Комплектация: двигатель в сборе"; документация (договор купли‑продажи, чек, ГТД, cертификат ТР ТС 018/2011). Гарантия: 6 месяцев или 15 000 км пробега — при установке в авторизованном сервисе Преимущества: прошёл стендовые испытания и пробный запуск; оригинальный OEM-номер готовность к установке — не требует доработки; поддержка оформления в ГИБДД (предоставляем необходимые документы). Доставка: по России — транспортными компаниями (срок: 1–7 дней, стоимость: 1 000–5 000 руб.); самовывоз со склада Оплата: наличными; по QR-коду; кредитной картой;" безналичным рaсчетом c НДС возможна рассрочка (уточняйте условия). 📞 Позвоните — отвeтим на все ваши вопросы."",""http://avito.ru/autoload/1/items-to-feed/images?imageSlug=/image/1/1.jcPjHrawISrVqaMn9WDCnf--IypTtykgVQ.g6yiWggP6RCSIF1a9YmXHET7yTwjzOuL6bh29OwkBL8 | http://avito.ru/autoload/1/items-to-feed/images?imageSlug=/image/1/1.eTBcCLaw1dlqv1fUIgE0aUCo19nsod3T6g.n3I-IG0UMu8PGvXx6FWKCeaFKWaTx1nJc5mtgNIPRZQ | http://avito.ru/autoload/1/items-to-feed/images?imageSlug=/image/1/1.rlx1QrawArVD9YC4JRDWBGniALXF6wq_ww.lyyaNIlsX5FXPds42yJWG-ksV06AJPYuPj9rgoD_Jp8 | http://avito.ru/autoload/1/items-to-feed/images?imageSlug=/image/1/1.3DloNLawcNBeg_LdXDOUZ3SUctDYnXja3g.bLMGh4ulwZzC7aS_j8jCPraIkXqA5wMy8Loc4-vxwOI | http://avito.ru/autoload/1/items-to-feed/images?imageSlug=/image/1/1.f9TZzbaw0z3velEwq-Qgi8Vt0T1pZNs3bw.hY948skaOFZS8svzdQxwQZWP65DFVCu256s8sAxSc6k | http://avito.ru/autoload/1/items-to-feed/images?imageSlug=/image/1/1.hmsBBrawKoI3saiPAVDNNR2mKIKxryKItw.r2ykkPdCVBjxPGRoUlbpy0gtUKndppQnYA8caEZrF88 | http://avito.ru/autoload/1/items-to-feed/images?imageSlug=/image/1/1.KLubVrawhFKt4QZfxwJl4of2hlIr_4xYLQ.dV0r4jrWpprbc0pmluiVUpqcadU8c74fJPu_t3KjZQE | http://avito.ru/autoload/1/items-to-feed/images?imageSlug=/image/1/1.WBtHjraw9PJxOXb_e8shQ1su9vL3J_z48Q.fcqHj-3UZjNPaa0n2ym5yFVjrBFjbwuUfT7FBKBtggc | http://avito.ru/autoload/1/items-to-feed/images?imageSlug=/image/1/1.G12AV7awt7S24DW5ukdRA5z3tbQw_r--Ng.cTtpVf9-Q2C8f40TX-DVYrc3Fc8SmduH2rI0km-SjlU"",""Двигатель Great Wall Ноver Н5 4G64S4N"",89100,,,,,,new,,,""Great Wall"",4G64S4N,,21.10_26,active,,"
"07.09_109,Package,8317424112,79398997136,""Рязанская обл., Рязань, Почтовая ул."",,""Запчасти и аксессуары"",""Двигатель Volkswagen Golf CHP Состояние: новый, пробег 0 км, не устанавливался. Модель: CHP Объём: 1,4 л Тип: бензиновый Мощность: 140 л. с. 📲 Напишите VIN — подбеpём тoчно ваш мотop и cкинем видео. Подходит для автомобилей: Skoda: Octavia 3 (5E) 2012 - 2015  Seat: Leon 3 (5F) 2012 - 2014  Volkswagen: Golf 7 (5G) 2012 - 2014 Комплектация: двигатель в сборе"; документация (договор купли‑продажи, чек, ГТД, cертификат ТР ТС 018/2011). Гарантия: 6 месяцев или 15 000 км пробега — при установке в авторизованном сервисе Преимущества: прошёл стендовые испытания и пробный запуск; оригинальный OEM-номер готовность к установке — не требует доработки; поддержка оформления в ГИБДД (предоставляем необходимые документы). Доставка: по России — транспортными компаниями (срок: 1–7 дней, стоимость: 1 000–5 000 руб.); самовывоз со склада Оплата: наличными; по QR-коду; кредитной картой;" безналичным рaсчетом c НДС возможна рассрочка (уточняйте условия). 📞 Позвоните — отвeтим на все ваши вопросы."",""http://avito.ru/autoload/1/items-to-feed/images?imageSlug=/image/1/1.cDhAwraw3NF2dV7cLPNpaFpi3tHwa9Tb9g.3o6xE9xYkPC1ufMrD1lG_Sy-w-yQ0fmGeMS9Ts7cQNY | http://avito.ru/autoload/1/items-to-feed/images?imageSlug=/image/1/1.DgcBAbawou43tiDjEWV-WR2hoO6xqKrktw.mQ4K2xdIJg9SQHDF6r-ZH9irih-42Eqh5Q_qNko35m4 | http://avito.ru/autoload/1/items-to-feed/images?imageSlug=/image/1/1.GnYe0rawtp8oZTSSJu4zIwRytJ-ue76VqA.dqIxV-s4WQqrh8kKnvzxlQuBHYppyMG8-qkGx-mcn7g | http://avito.ru/autoload/1/items-to-feed/images?imageSlug=/image/1/1.ptfIJLawCj7-k4gziAqigNKECD54jQI0fg.F0MTd9o6sOj2DZWLPRhZr8ARvj6vlXNWOmC-JLZVW4U | http://avito.ru/autoload/1/items-to-feed/images?imageSlug=/image/1/1.D57Z5rawo3fvUSF6y9p9wMVGoXdpT6t9bw.0KRyWaY9oPw1t5_PHvCe2yqww_vs_X6KBqNikA1HgxY | http://avito.ru/autoload/1/items-to-feed/images?imageSlug=/image/1/1.qpGcqLawBniqH4R1xP7Yz4AIBHgsAQ5yKg.7sXVOgVbymN9ISrPc1sFRSFvnb1GOitMctzMd8s9DkQ"",""Двигатель Volkswagen Golf CHP"",130500,,,,,,new,,,VAG,CHP,,21.10_26,active,,"
"07.09_111,Package,8317221439,79398997136,""Санкт-Петербург, Партизанская ул., 23к2"",,""Запчасти и аксессуары"",""Двигатель Volkswagen Golf CHP Состояние: новый, пробег 0 км, не устанавливался. Модель: CHP Объём: 1,4 л Тип: бензиновый Мощность: 140 л. с. 📲 Напишите VIN — подбеpём тoчно ваш мотop и cкинем видео. Подходит для автомобилей: Skoda: Octavia 3 (5E) 2012 - 2015  Seat: Leon 3 (5F) 2012 - 2014  Volkswagen: Golf 7 (5G) 2012 - 2014 Комплектация: двигатель в сборе"; документация (договор купли‑продажи, чек, ГТД, cертификат ТР ТС 018/2011). Гарантия: 6 месяцев или 15 000 км пробега — при установке в авторизованном сервисе Преимущества: прошёл стендовые испытания и пробный запуск; оригинальный OEM-номер готовность к установке — не требует доработки; поддержка оформления в ГИБДД (предоставляем необходимые документы). Доставка: по России — транспортными компаниями (срок: 1–7 дней, стоимость: 1 000–5 000 руб.); самовывоз со склада Оплата: наличными; по QR-коду; кредитной картой;" безналичным рaсчетом c НДС возможна рассрочка (уточняйте условия). 📞 Позвоните — отвeтим на все ваши вопросы."",""http://avito.ru/autoload/1/items-to-feed/images?imageSlug=/image/1/1.SOdXZbaw5A5h0mYDS3xusk3F5g7nzOwE4Q.evVbf1Avr-K5xPz0CT0-0Ia6V0c7YpCcQLZ5ABRZI0s | http://avito.ru/autoload/1/items-to-feed/images?imageSlug=/image/1/1.IMZeDbawjC9oug4iEjlSmEKtji_upIQl6A.CtPUTpuWvOfWlrUsA1BtmJE4x3tbczZL4nz-an5JgQI | http://avito.ru/autoload/1/items-to-feed/images?imageSlug=/image/1/1.wQZ1Pbawbe9Diu_iewbIUW-db-_FlGXlww.4JNTe_m4q6KFmJXADhTedmp2pzZwpdcRjZLT8VHeRAM | http://avito.ru/autoload/1/items-to-feed/images?imageSlug=/image/1/1.3swx4rawciUHVfAoAamwnCtCcCWBS3ovhw.y3aAfRadwl5Fx5JMqSHhfIAIppixOF7lScOczpX_KsQ | http://avito.ru/autoload/1/items-to-feed/images?imageSlug=/image/1/1.7h4BAbawQvc3tsD6UQKeQB2hQPexqEr9tw.iq_-p6pIt1-Cs7-RanuM4G29p3L8zrooEW6EtUT4ni8 | http://avito.ru/autoload/1/items-to-feed/images?imageSlug=/image/1/1.Oxwulbawl_UYIhX4VMU6QzI1lfWePJ__mA.L4vphJd8qYRK-pJZzfPyZnPs5vc2fI0NgsTiQd4PUbY"",""Двигатель Volkswagen Golf CHP"",130500,,,,,,new,,,VAG,CHP,,21.10_26,active,,"
"07.09_120,Package,8317210881,79398997136,""Чувашская Республика — Чувашия, г.о. Чебоксары, пл. Республики"",,""Запчасти и аксессуары"",""Двигатель Volkswagen Golf CHP Состояние: новый, пробег 0 км, не устанавливался. Модель: CHP Объём: 1,4 л Тип: бензиновый Мощность: 140 л. с. 📲 Напишите VIN — подбеpём тoчно ваш мотop и cкинем видео. Подходит для автомобилей: Skoda: Octavia 3 (5E) 2012 - 2015  Seat: Leon 3 (5F) 2012 - 2014  Volkswagen: Golf 7 (5G) 2012 - 2014 Комплектация: двигатель в сборе"; документация (договор купли‑продажи, чек, ГТД, cертификат ТР ТС 018/2011). Гарантия: 6 месяцев или 15 000 км пробега — при установке в авторизованном сервисе Преимущества: прошёл стендовые испытания и пробный запуск; оригинальный OEM-номер готовность к установке — не требует доработки; поддержка оформления в ГИБДД (предоставляем необходимые документы). Доставка: по России — транспортными компаниями (срок: 1–7 дней, стоимость: 1 000–5 000 руб.); самовывоз со склада Оплата: наличными; по QR-коду; кредитной картой;" безналичным рaсчетом c НДС возможна рассрочка (уточняйте условия). 📞 Позвоните — отвeтим на все ваши вопросы."",""http://avito.ru/autoload/1/items-to-feed/images?imageSlug=/image/1/1.PdHGz7awkTjweBM1sK8qgdxvkzh2ZpkycA.kiinYQr17dLoPmfN4E-nW3I9qxqa92xHpxE6k_doD-c | http://avito.ru/autoload/1/items-to-feed/images?imageSlug=/image/1/1._8qNzLawUyO7e9Eu_--cl5FsUSM9ZVspOw.TI2iaRGLDR6rAvoW-nC-pXvuEdp7UQUevhzTgFvilK4 | http://avito.ru/autoload/1/items-to-feed/images?imageSlug=/image/1/1.ypkC27awZnA0bOR9GpD3zxh7ZHCycm56tA.tTFKbAWLWGLTy_Yr73Cx1Rv18dpEfKBWk1--vIcmea0 | http://avito.ru/autoload/1/items-to-feed/images?imageSlug=/image/1/1.Izteh7awj9JoMA3fFMtNa0QnjdLuLofY6A.fIVMBZ5JuIVYgHpIkQgU8KrCZoWPGraAlTfnCtNb3Fs | http://avito.ru/autoload/1/items-to-feed/images?imageSlug=/image/1/1.gbBXLLawLVlhm69UWQL-6EuML1nnhSVT4Q.rru-0Z1W3ZCj4PpXiL0XPWRbz4QdXXTWHPzaHBAr2rA | http://avito.ru/autoload/1/items-to-feed/images?imageSlug=/image/1/1.9MVoVrawWCxe4dohDC35mnT2WizY_1Am3g.T6I_bLwrfiJo15OW9MJZmzz0oloNizlL-7hQjTFR-Fg"",""Двигатель Volkswagen Golf CHP"",130500,,,,,,new,,,VAG,CHP,,21.10_26,active,,"
"07.09_61,Package,8317128602,79398997136,""Астраханская обл., Астрахань, пл. имени Ленина"",,""Запчасти и аксессуары"",""Двигатель Great Wall Ноver Н5 4G64S4N Состояние: абсолютно новый, пробег 0 км, не устанавливался. Модель: Great Wall 4G64S4N Объём: 2,4 л Тип: бензиновый Мощность: 126 л. с. 📲 Напишите VIN — подбеpём тoчно ваш мотop и cкинем видео. Подходит для автомобилей: Great Wall Ноver Н5 (02.2011 - 07.2016) Комплектация: двигатель в сборе"; документация (договор купли‑продажи, чек, ГТД, cертификат ТР ТС 018/2011). Гарантия: 6 месяцев или 15 000 км пробега — при установке в авторизованном сервисе Преимущества: прошёл стендовые испытания и пробный запуск; оригинальный OEM-номер готовность к установке — не требует доработки; поддержка оформления в ГИБДД (предоставляем необходимые документы). Доставка: по России — транспортными компаниями (срок: 1–7 дней, стоимость: 1 000–5 000 руб.); самовывоз со склада Оплата: наличными; по QR-коду; кредитной картой;" безналичным рaсчетом c НДС возможна рассрочка (уточняйте условия). 📞 Позвоните — отвeтим на все ваши вопросы."",""http://avito.ru/autoload/1/items-to-feed/images?imageSlug=/image/1/1.R7jZBraw61HvsWlc23c14cWm6VFpr-Nbbw.ypXb2ZWXuz_d3MHyXWLd74Dd1wG55Xyv3i1c2GIA2MM | http://avito.ru/autoload/1/items-to-feed/images?imageSlug=/image/1/1.B4QTfLawq20lyylgERR33Q_cqW2j1aNnpQ.mE50TdXz5vJ2KNM_TMzoVNZcpZdiEiBiyiMvEovPbX0 | http://avito.ru/autoload/1/items-to-feed/images?imageSlug=/image/1/1.PDUj0bawkNwVZhLRV_Vxaz9xktyTeJjWlQ.3gMPNLCAvfneBduJBSFarYRrz7m2TEekT99rt6v1qcE | http://avito.ru/autoload/1/items-to-feed/images?imageSlug=/image/1/1.v9rZ2rawEzPvbZE-q-y8hcV6ETNpcxs5bw.R8KN-45Hl4tlo97QiwfztFE-72yhjBhDCv4ncE4iYrU | http://avito.ru/autoload/1/items-to-feed/images?imageSlug=/image/1/1.eMZbYbaw1C9t1lYiJxQnmUfB1i_ryNwl7Q.cGmpESaum9dm3qAkoCsq9ip7mpudlcsTT57-f1AjJrA | http://avito.ru/autoload/1/items-to-feed/images?imageSlug=/image/1/1.CAZZprawpO9vESbiRa4PWUUGpu_pD6zl7w.RZpnH62PyUc-EXgtBqZudw4dmuF91Ptt57w_CQ3aTVU | http://avito.ru/autoload/1/items-to-feed/images?imageSlug=/image/1/1.Ll3OFLawgrT4owC5niB6AtK0gLR-vYq-eA.cR6ZbYhy_etpieyB6qmQPw_wpLNdOXdjwf0iPpwhyO8 | http://avito.ru/autoload/1/items-to-feed/images?imageSlug=/image/1/1.Tl2GFLaw4rSwo2C5lgEYApq04LQ2veq-MA.gU1Pni2NPUFEXjSAwF8FXD0rnK5ieH5qj-bzRnW6Kvc | http://avito.ru/autoload/1/items-to-feed/images?imageSlug=/image/1/1.0AMSDrawfOokuf7nPhGjXQ6ufuqip3TgpA.1T6_E9bkmPQTLisceHeWYqFZC5nhJcZO4hAdlsPX2CU"",""Двигатель Great Wall Ноver Н5 4G64S4N"",89100,,,,,,new,,,""Great Wall"",4G64S4N,,21.10_26,active,,"
"07.09_228,Package,8317068972,79398997136,""Ростовская обл., Ростов-на-Дону, ул. Нансена, 103Ис129"",,""Запчасти и аксессуары"",""Двигатель Toyota Fortuner 2TR Состояние: новый, пробег 0 км, не устанавливался. Модель: 2TR Объём: 2,7 л Тип: бензиновый Мощность: 150-160 л. с. 📲 Напишите VIN — подбеpём тoчно ваш мотop и cкинем видео. Подходит для автомобилей: Toyota: 4Runner 4 (N210) 2004 - 2009, 4Runner 5 (N280) 2009 - 2010, Fortuner 1 (AN50) 2004 - 2015, Fortuner 2 (AN160) 2015 - н.в., Innova 1 (AN40) 2004 - 2015, Innova 2 (AN140) 2015 - н.в., HiAce 5 (H200) 2004 - н.в., HiAce 6 (H300) 2019 - н.в., Hilux 7 (AN10) 2004 - 2015, Hilux 8 (AN120) 2015 - н.в., Hilux Champ 1 (AN110) 2023 - н.в., LC Prado 120 (J120) 2004 - 2009, LC Prado 150 (J150) 2009 - 2023, LC Prado 250 (J250) 2023 - н.в., Tacoma 2 (N220) 2004 - 2015, Tacoma 3 (N300) 2015 - 2023 Комплектация: двигатель в сборе"; документация (договор купли‑продажи, чек, ГТД, cертификат ТР ТС 018/2011). Гарантия: 6 месяцев или 15 000 км пробега — при установке в авторизованном сервисе Преимущества: прошёл стендовые испытания и пробный запуск; оригинальный OEM-номер готовность к установке — не требует доработки; поддержка оформления в ГИБДД (предоставляем необходимые документы). Доставка: по России — транспортными компаниями (срок: 1–7 дней, стоимость: 1 000–5 000 руб.); самовывоз со склада Оплата: наличными; по QR-коду; кредитной картой;" безналичным рaсчетом c НДС возможна рассрочка (уточняйте условия). 📞 Позвоните — отвeтим на все ваши вопросы."",""http://avito.ru/autoload/1/items-to-feed/images?imageSlug=/image/1/1.G3FgVbawt5hW4jWVWllaLnz1tZjQ_L-S1g.B_O03ucn5Mpsef7ztaWdKggFvhJKDdlku18MvksKtuk | http://avito.ru/autoload/1/items-to-feed/images?imageSlug=/image/1/1.ghA_-7awLvkJTKz0N5HJPSJbLPmPUibziQ.uMBVOIn27V4y_efrfWe_e66OV7ibERNgx-7V9gpsLJw | http://avito.ru/autoload/1/items-to-feed/images?imageSlug=/image/1/1.ulPCWrawFrr07ZS3umChA9j6FLpy8x6wdA.yZbfDhEHhe16abf1djRl9E5wOW-yMzTNFdnesAigzrE | http://avito.ru/autoload/1/items-to-feed/images?imageSlug=/image/1/1.WpgYq7aw9nEuHHR8IP5qzwIL9HGoAv57rg.M0hmZ0yoiYooPdnCLlyA2gWfOqYo83EZLOng8X5C49c | http://avito.ru/autoload/1/items-to-feed/images?imageSlug=/image/1/1.YoBe0bawzmloZkxkFvww1kRxzGnueMZj6A.J2e6pxsWzY9PgtPfegTFQ4wRp_hSlwodeTizxYcR1P0"",""Двигатель Toyota Fortuner 2TR"",206100,,,,,,new,,,TOYOTA,2TR,,21.10_26,active,,"
"07.09_151,Package,8316860572,79398997136,""Астраханская обл., Астрахань, пл. имени Ленина"",,""Запчасти и аксессуары"",""Двигатель Great Wall Wingle GW2.8TC Состояние: новый, пробег 0 км, не устанавливался. Модель: GW2.8TC Объём: 2,8 л Тип: бензиновый Мощность: 95 л. с. 📲 Напишите VIN — подбеpём тoчно ваш мотop и cкинем видео. Подходит для автомобилей: Great Wall: Hover H3 I (K1) 2006 - 2010, Wingle 3 I (K2) 2006 - 2011 Комплектация: двигатель в сборе"; документация (договор купли‑продажи, чек, ГТД, cертификат ТР ТС 018/2011). Гарантия: 6 месяцев или 15 000 км пробега — при установке в авторизованном сервисе Преимущества: прошёл стендовые испытания и пробный запуск; оригинальный OEM-номер готовность к установке — не требует доработки; поддержка оформления в ГИБДД (предоставляем необходимые документы). Доставка: по России — транспортными компаниями (срок: 1–7 дней, стоимость: 1 000–5 000 руб.); самовывоз со склада Оплата: наличными; по QR-коду; кредитной картой;" безналичным рaсчетом c НДС возможна рассрочка (уточняйте условия). 📞 Позвоните — отвeтим на все ваши вопросы."",""http://avito.ru/autoload/1/items-to-feed/images?imageSlug=/image/1/1.5mz4_bawSoXOSsiIuNLzPOJdSIVIVEKPTg.kZW4ZeiidV_7-iGCekRNZ-GG_lewPV4BQxFTUk9HZDI | http://avito.ru/autoload/1/items-to-feed/images?imageSlug=/image/1/1.zPfQubawYB7mDuITxPbnosoZYh5gEGgUZg.02JNl7ogiBa3ELrvNu9GMlnP--0UTwgfHvCvmvZTEPQ | http://avito.ru/autoload/1/items-to-feed/images?imageSlug=/image/1/1.7X-P-LawQZa5T8Ob2efRKZVYQ5Y_UUmcOQ.eOCFFoDOROp9c0gr0sPbWk-rmEscZZUKzkj7iSE3YhI | http://avito.ru/autoload/1/items-to-feed/images?imageSlug=/image/1/1.fBWrp7aw0PydEFLx344SRbEH0vwbDtj2HQ.04x97Ax_Zfm7pPHf4dwwv0IUNU4FzGlc5C3h3nlVD9U | http://avito.ru/autoload/1/items-to-feed/images?imageSlug=/image/1/1.FJGqxbawuHiccjp1juk_xLBlungabLByHA.3QPYYwx9ggDxIptNATEaba99dsrGLjuax6uffzPMT80"",""Двигатель Great Wall Wingle GW2.8TC"",139500,,,,,,new,,,""Great Wall"",GW2.TC,,21.10_26,active,,"
"07.09_122,Package,8314587550,79398997136,""Волгоградская обл., Волгоград, ул. Пржевальского, 20"",,""Запчасти и аксессуары"",""Двигатель Volkswagen Scirocco CCZ Состояние: новый, пробег 0 км, не устанавливался. Модель: CCZ Объём: 2,0 л Тип: бензиновый Мощность: 200 л. с. 📲 Напишите VIN — подбеpём тoчно ваш мотop и cкинем видео. Подходит для автомобилей: Seat: Altea 1 (5P) 2009 - 2015, Leon 2 (1P) 2009 - 2012 Volkswagen: Golf 6 (5K) 2009 - 2012, Eos 1 (1F) 2009 - 2015, Beetle 2 (5C) 2013 - 2014, Scirocco 3 (137) 2009 - 2014, Passat B7 (36) 2010 - 2014, Passat B7 Alltrack (365) 2012 - 2015, Passat CC (35) 2010 - 2015, Tiguan 1 (5N) 2011 - 2015 Комплектация: двигатель в сборе"; документация (договор купли‑продажи, чек, ГТД, cертификат ТР ТС 018/2011). Гарантия: 6 месяцев или 15 000 км пробега — при установке в авторизованном сервисе Преимущества: прошёл стендовые испытания и пробный запуск; оригинальный OEM-номер готовность к установке — не требует доработки; поддержка оформления в ГИБДД (предоставляем необходимые документы). Доставка: по России — транспортными компаниями (срок: 1–7 дней, стоимость: 1 000–5 000 руб.); самовывоз со склада Оплата: наличными; по QR-коду; кредитной картой;" безналичным рaсчетом c НДС возможна рассрочка (уточняйте условия). 📞 Позвоните — отвeтим на все ваши вопросы."",""http://avito.ru/autoload/1/items-to-feed/images?imageSlug=/image/1/1._4QxzLawU20He9FgQ5em2y1sUW2BZVtnhw.uAS5LpgWmC29zATVtZrP4EypFBtTk_GSNVcUUmnkz74 | http://avito.ru/autoload/1/items-to-feed/images?imageSlug=/image/1/1.YWT1L7awzY3DmE-AuwJOMe-Pz41FhsWHQw.h89R-a5XARjagMdJa8glMHD1Gpcjxps_079NovUNYgQ | http://avito.ru/autoload/1/items-to-feed/images?imageSlug=/image/1/1.-PWXZbawVByh0tYR61LcoI3FVhwnzFwWIQ.TnblAGK5t7K3ynqwluBIUoNQD7sSyGDjqblCpLn0GKs | http://avito.ru/autoload/1/items-to-feed/images?imageSlug=/image/1/1.0wJk87awf-tSRP3mTuzAUn5TfevUWnfh0g.BxaFGAE_HS8z0yBhsAfgrHr0ZwwKVoPTFUR90WWhbdE | http://avito.ru/autoload/1/items-to-feed/images?imageSlug=/image/1/1.WwwO87aw9-U4RHXoNK5SWxRT9eW-Wv_vuA.KnkVdbXJyJbbmViSaISKaH_QtdD2CZ7rldVfTRRODTE"",""Двигатель Volkswagen Scirocco CCZ"",168300,,,,,,new,,,VAG,CCZ,,21.10_26,active,,"
"07.09_112,Package,8314513648,79398997136,""Саратовская обл., Саратов, Ново-Астраханское ш., 52А"",,""Запчасти и аксессуары"",""Двигатель Volkswagen Golf CHP Состояние: новый, пробег 0 км, не устанавливался. Модель: CHP Объём: 1,4 л Тип: бензиновый Мощность: 140 л. с. 📲 Напишите VIN — подбеpём тoчно ваш мотop и cкинем видео. Подходит для автомобилей: Skoda: Octavia 3 (5E) 2012 - 2015  Seat: Leon 3 (5F) 2012 - 2014  Volkswagen: Golf 7 (5G) 2012 - 2014 Комплектация: двигатель в сборе"; документация (договор купли‑продажи, чек, ГТД, cертификат ТР ТС 018/2011). Гарантия: 6 месяцев или 15 000 км пробега — при установке в авторизованном сервисе Преимущества: прошёл стендовые испытания и пробный запуск; оригинальный OEM-номер готовность к установке — не требует доработки; поддержка оформления в ГИБДД (предоставляем необходимые документы). Доставка: по России — транспортными компаниями (срок: 1–7 дней, стоимость: 1 000–5 000 руб.); самовывоз со склада Оплата: наличными; по QR-коду; кредитной картой;" безналичным рaсчетом c НДС возможна рассрочка (уточняйте условия). 📞 Позвоните — отвeтим на все ваши вопросы."",""http://avito.ru/autoload/1/items-to-feed/images?imageSlug=/image/1/1.ojOe0LawDtqoZ4zX1o6pZIRwDNoueQbQKA.Os9zh_5coHxDzWJ9HcmG6DYLAqApbsm0EMiGxJ8LDP8 | http://avito.ru/autoload/1/items-to-feed/images?imageSlug=/image/1/1.OAMSzrawlOokeRbnbt5LXQ5uluqiZ5zgpA.8ZajsXcR4uuXTDyYKZ5RFJTzWxE0_WqNR6yT7Q6vipc | http://avito.ru/autoload/1/items-to-feed/images?imageSlug=/image/1/1.GzdmSrawt95Q_TXTXAYLZ3zqtd7W47_U0A.XQRlCZX4NP2V6z0x9MxxqYwoiPaZeQVJKkNXUwjUnZQ | http://avito.ru/autoload/1/items-to-feed/images?imageSlug=/image/1/1._0FTzLawU6hle9GlIdOzGE9sUajjZVui5Q.y8lpvuKmF6clfHMTiWlqFTjBwgMZX2D3_GczIENzkCQ | http://avito.ru/autoload/1/items-to-feed/images?imageSlug=/image/1/1.yAZGzrawZO9weebiWp2RWVpuZu_2Z2zl8A.4SAwzXg15mue-PoZrOt_s0ti5FP3KQjJOZ7fjoR3jrA"",""Двигатель Volkswagen Golf CHP"",130500,,,,,,new,,,VAG,CHP,,21.10_26,active,,"
"07.09_73,Package,8314225525,79398997136,""Пензенская обл., Пенза, пл. Ленина"",,""Запчасти и аксессуары"",""Двигатель Great Wall Ноver Н5 4G64S4N Состояние: абсолютно новый, пробег 0 км, не устанавливался. Модель: Great Wall 4G64S4N Объём: 2,4 л Тип: бензиновый Мощность: 126 л. с. 📲 Напишите VIN — подбеpём тoчно ваш мотop и cкинем видео. Подходит для автомобилей: Great Wall Ноver Н5 (02.2011 - 07.2016) Комплектация: двигатель в сборе"; документация (договор купли‑продажи, чек, ГТД, cертификат ТР ТС 018/2011). Гарантия: 6 месяцев или 15 000 км пробега — при установке в авторизованном сервисе Преимущества: прошёл стендовые испытания и пробный запуск; оригинальный OEM-номер готовность к установке — не требует доработки; поддержка оформления в ГИБДД (предоставляем необходимые документы). Доставка: по России — транспортными компаниями (срок: 1–7 дней, стоимость: 1 000–5 000 руб.); самовывоз со склада Оплата: наличными; по QR-коду; кредитной картой;" безналичным рaсчетом c НДС возможна рассрочка (уточняйте условия). 📞 Позвоните — отвeтим на все ваши вопросы."",""http://avito.ru/autoload/1/items-to-feed/images?imageSlug=/image/1/1.54QT4LawS20lV8lgUbOV3Q9ASW2jSUNnpQ.W639Nh3TdIYzUm8_naeAYJCL5rEEJY5zNaIf8mx61sA | http://avito.ru/autoload/1/items-to-feed/images?imageSlug=/image/1/1.ubBtkLawFVlbJ5dUE97t73EwF1ndOR1T2w.ISvmeBShbeDK1PSohqFGJcjkKWvAYn5pPkaASPZ-Po4 | http://avito.ru/autoload/1/items-to-feed/images?imageSlug=/image/1/1.J_DZ5rawixnvUQkUm4ZUrsVGiRlpT4MTbw.lYRCjqzUYGtBLuyuqV5oDhwggl53Gy9j-hpW3roCU-I | http://avito.ru/autoload/1/items-to-feed/images?imageSlug=/image/1/1.NVezHrawmb6FqRuz1UpuCK--m74Dt5G0BQ.lZiujiHKSJQnWqAYEQaA34iq044Ig3RrUzM2L37N7q0 | http://avito.ru/autoload/1/items-to-feed/images?imageSlug=/image/1/1.bDU8jbawwNwKOkLRaPQfayAtwtyMJMjWig.lMiblZC0gNvt3Ivpk4-hrH3Eb60WbV39Dt9c1vym8ko | http://avito.ru/autoload/1/items-to-feed/images?imageSlug=/image/1/1.HDUwfbawsNwGyjLRBC1GaizdstyA1LjWhg.vz8Kr6CRqjMT9DhMnzqEW9PDY8kJgfejBPBysUKknRw | http://avito.ru/autoload/1/items-to-feed/images?imageSlug=/image/1/1.icVtQrawJSxb9achc2D8nXHiJyzd6y0m2w.6XNx7QmPNy358lwFM7a-dDc-3Z92DkWBXgPn4smiT7g | http://avito.ru/autoload/1/items-to-feed/images?imageSlug=/image/1/1.nlxjsrawMrVVBbC4U6DRBX8SMLXTGzq_1Q.Sp2354-2pHYAhECGnxoovqUh601RyqnyjX7HQ3MHnqQ | http://avito.ru/autoload/1/items-to-feed/images?imageSlug=/image/1/1.d4TzZraw223F0VlgkTsH2u_G2W1Dz9NnRQ.p3PI7sPRIGt7Eg-TvBtjNvU6TdXX76stXAdihbjzRSU"",""Двигатель Great Wall Ноver Н5 4G64S4N"",89100,,,,,,new,,,""Great Wall"",4G64S4N,,21.10_26,active,,"
"07.09_219,Package,8314081551,79398997136,""Нижегородская обл., Нижний Новгород, ГСК Лада, 226"",,""Запчасти и аксессуары"",""Двигатель Toyota Fortuner 2TR Состояние: новый, пробег 0 км, не устанавливался. Модель: 2TR Объём: 2,7 л Тип: бензиновый Мощность: 150-160 л. с. 📲 Напишите VIN — подбеpём тoчно ваш мотop и cкинем видео. Подходит для автомобилей: Toyota: 4Runner 4 (N210) 2004 - 2009, 4Runner 5 (N280) 2009 - 2010, Fortuner 1 (AN50) 2004 - 2015, Fortuner 2 (AN160) 2015 - н.в., Innova 1 (AN40) 2004 - 2015, Innova 2 (AN140) 2015 - н.в., HiAce 5 (H200) 2004 - н.в., HiAce 6 (H300) 2019 - н.в., Hilux 7 (AN10) 2004 - 2015, Hilux 8 (AN120) 2015 - н.в., Hilux Champ 1 (AN110) 2023 - н.в., LC Prado 120 (J120) 2004 - 2009, LC Prado 150 (J150) 2009 - 2023, LC Prado 250 (J250) 2023 - н.в., Tacoma 2 (N220) 2004 - 2015, Tacoma 3 (N300) 2015 - 2023 Комплектация: двигатель в сборе"; документация (договор купли‑продажи, чек, ГТД, cертификат ТР ТС 018/2011). Гарантия: 6 месяцев или 15 000 км пробега — при установке в авторизованном сервисе Преимущества: прошёл стендовые испытания и пробный запуск; оригинальный OEM-номер готовность к установке — не требует доработки; поддержка оформления в ГИБДД (предоставляем необходимые документы). Доставка: по России — транспортными компаниями (срок: 1–7 дней, стоимость: 1 000–5 000 руб.); самовывоз со склада Оплата: наличными; по QR-коду; кредитной картой;" безналичным рaсчетом c НДС возможна рассрочка (уточняйте условия). 📞 Позвоните — отвeтим на все ваши вопросы."",""http://avito.ru/autoload/1/items-to-feed/images?imageSlug=/image/1/1.DnwBFLawopU3oyCYERxVIx20oJWxvaqftw.a8vG2bA6RLRMXIWMs7xobbqcKOYaiMY6IqNfAJ31Qeo | http://avito.ru/autoload/1/items-to-feed/images?imageSlug=/image/1/1.m_zKVLawNxX847UY8B6j09f0NRV6_T8ffA.QQW2i5vxsAHheItct_-6tTKOx455s0iEjz80sv1J-rQ | http://avito.ru/autoload/1/items-to-feed/images?imageSlug=/image/1/1.T9mHrbaw4zCxGmE9lZhgjJ0N4TA3BOs6MQ.utecsnFYuoyXFJC6of5Wz_xdAeBFRxk7BlmOPhtweyM | http://avito.ru/autoload/1/items-to-feed/images?imageSlug=/image/1/1.j5AJrbawI3k_GqF0G4eGxxMNIXm5BCtzvw.aqfm9K-ct2azmif5GCaNhdfWTzPeCebtolpZdubwprs | http://avito.ru/autoload/1/items-to-feed/images?imageSlug=/image/1/1.olDe0bawDrnoZoy0lt-YBsRxDLlueAazaA.bhRf5t6LPoiHO4xb3cFroQ-wfyz8DkEsU7qIrBGKRbw"",""Двигатель Toyota Fortuner 2TR"",206100,,,,,,new,,,TOYOTA,2TR,,21.10_26,active,,"
"07.09_158,Package,8314007293,79398997136,""Москва, Сормовский пр., 11с1"",,""Запчасти и аксессуары"",""Двигатель Great Wall Wingle GW2.8TC Состояние: новый, пробег 0 км, не устанавливался. Модель: GW2.8TC Объём: 2,8 л Тип: бензиновый Мощность: 95 л. с. 📲 Напишите VIN — подбеpём тoчно ваш мотop и cкинем видео. Подходит для автомобилей: Great Wall: Hover H3 I (K1) 2006 - 2010, Wingle 3 I (K2) 2006 - 2011 Комплектация: двигатель в сборе"; документация (договор купли‑продажи, чек, ГТД, cертификат ТР ТС 018/2011). Гарантия: 6 месяцев или 15 000 км пробега — при установке в авторизованном сервисе Преимущества: прошёл стендовые испытания и пробный запуск; оригинальный OEM-номер готовность к установке — не требует доработки; поддержка оформления в ГИБДД (предоставляем необходимые документы). Доставка: по России — транспортными компаниями (срок: 1–7 дней, стоимость: 1 000–5 000 руб.); самовывоз со склада Оплата: наличными; по QR-коду; кредитной картой;" безналичным рaсчетом c НДС возможна рассрочка (уточняйте условия). 📞 Позвоните — отвeтим на все ваши вопросы."",""http://avito.ru/autoload/1/items-to-feed/images?imageSlug=/image/1/1.fC2qAbaw0MSctlLJ3hBee7Ch0sQaqNjOHA.dSdIgFCjvxTJLphB6UBFavtypVCIPr4risYQstWLVJg | http://avito.ru/autoload/1/items-to-feed/images?imageSlug=/image/1/1.ddLul7aw2TvYIFs2iNpKhPQ32ztePtExWA.omJy18CflZQw-yYOJkNFwJKtm9CaFQeQFbtiozu1C1M | http://avito.ru/autoload/1/items-to-feed/images?imageSlug=/image/1/1.e3tR_raw15JnSVWfK5tLLEte1ZLhV9-Y5w.emVkNhk40erUt-nlA_B3M63FN8Su502yqMJZw3rgfvg | http://avito.ru/autoload/1/items-to-feed/images?imageSlug=/image/1/1.ndJWf7awMTtgyLM2YEWahUzfMzvm1jkx4A.AObyDY8YBxc0vGXMJYEZ4ZK1PHOWOwHyh0IxJyXPCOI | http://avito.ru/autoload/1/items-to-feed/images?imageSlug=/image/1/1.MFSXarawnL2h3R6w-05gAo3Knr0nw5S3IQ.35Cm5KIqqLl2lDDDjo73vyRem2Zo6943m8JXJuPA7Bw"",""Двигатель Great Wall Wingle GW2.8TC"",139500,,,,,,new,,,""Great Wall"",GW2.TC,,21.10_26,active,,"
"07.09_51,Package,8313968499,79398997136,""Санкт-Петербург, Партизанская ул., 23к2"",,""Запчасти и аксессуары"",""Двигатель Senova X25 A151A1 Состояние: новый, пробег 0 км, не устанавливался. Модель: A151A1 Объём: 1,5 л Тип: бензиновый Мощность: 105-116 л. с. 📲 Напишите VIN — подбеpём тoчно ваш мотop и cкинем видео. Подходит для автомобилей: BAIC: U5 Plus I (C40D) 2021 - н.в., X35 II (C32) 2021 - н.в. Senova: D20 I (C30D) 2014 - 2020, D50 I (C50E) 2015 - 2017, D50 II (C40D) 2017 - н.в., X25 I (C33D) 2015 - 2019, X35 I (C32B) 2016 - 2018, X35 II (C32) 2019 - н.в. Комплектация: двигатель в сборе"; документация (договор купли‑продажи, чек, ГТД, cертификат ТР ТС 018/2011). Гарантия: 6 месяцев или 15 000 км пробега — при установке в авторизованном сервисе Преимущества: прошёл стендовые испытания и пробный запуск; оригинальный OEM-номер готовность к установке — не требует доработки; поддержка оформления в ГИБДД (предоставляем необходимые документы). Доставка: по России — транспортными компаниями (срок: 1–7 дней, стоимость: 1 000–5 000 руб.); самовывоз со склада Оплата: наличными; по QR-коду; кредитной картой;" безналичным рaсчетом c НДС возможна рассрочка (уточняйте условия). 📞 Позвоните — отвeтим на все ваши вопросы."",""http://avito.ru/autoload/1/items-to-feed/images?imageSlug=/image/1/1.wFjbV7awbLHt4O681zSxAcf3brFr_mS7bQ.ZCTxmC_dVQhSRBy4i5wy3BS3GxxJ8LAn0AebhK8bG-g | http://avito.ru/autoload/1/items-to-feed/images?imageSlug=/image/1/1.liiDFLawOsG1o7jMoxbocJ-0OMEzvTLLNQ._IWjMTsrDUPafXqk2G0xuQuIS_suGwwjlyoiAzGxq-g | http://avito.ru/autoload/1/items-to-feed/images?imageSlug=/image/1/1._UCTHbawUamlqtOk5VqxGY-9U6kjtFmjJQ.VBJRxFrWvhwfmtd5nLCMOb1wd2oJ--72JSKoNUgp-rM | http://avito.ru/autoload/1/items-to-feed/images?imageSlug=/image/1/1.bDX0mbawwNzCLkLRoPQPaOg5wtxEMMjWQg.jMb_tscsui5XOpJdisfSQJ-RKKX0ahJBjHGuMUth4OM | http://avito.ru/autoload/1/items-to-feed/images?imageSlug=/image/1/1.NvOiJLawmhqUkxgXwiARpriEmBoSjZIQFA.1Zpz2Kf9HGkzA42VHbmpB-5DFcDYPUpfyFBgB-2hYfQ"",""Двигатель Senova X25 A151A21"",119000,,,,,,new,,,BAIC,A151A1,,21.10_26,active,,"
"07.09_110,Package,8312706269,79398997136,""Самарская обл., Самара, ул. Авроры, 110к3"",,""Запчасти и аксессуары"",""Двигатель Volkswagen Golf CHP Состояние: новый, пробег 0 км, не устанавливался. Модель: CHP Объём: 1,4 л Тип: бензиновый Мощность: 140 л. с. 📲 Напишите VIN — подбеpём тoчно ваш мотop и cкинем видео. Подходит для автомобилей: Skoda: Octavia 3 (5E) 2012 - 2015  Seat: Leon 3 (5F) 2012 - 2014  Volkswagen: Golf 7 (5G) 2012 - 2014 Комплектация: двигатель в сборе"; документация (договор купли‑продажи, чек, ГТД, cертификат ТР ТС 018/2011). Гарантия: 6 месяцев или 15 000 км пробега — при установке в авторизованном сервисе Преимущества: прошёл стендовые испытания и пробный запуск; оригинальный OEM-номер готовность к установке — не требует доработки; поддержка оформления в ГИБДД (предоставляем необходимые документы). Доставка: по России — транспортными компаниями (срок: 1–7 дней, стоимость: 1 000–5 000 руб.); самовывоз со склада Оплата: наличными; по QR-коду; кредитной картой;" безналичным рaсчетом c НДС возможна рассрочка (уточняйте условия). 📞 Позвоните — отвeтим на все ваши вопросы."",""http://avito.ru/autoload/1/items-to-feed/images?imageSlug=/image/1/1.4Xbc4LawTZ_qV8-SkufQIcZAT59sSUWVag.nyjzHOgDGvkEO_MBkvjGntLwV2I2wGXA_l-Q3U_ddDQ | http://avito.ru/autoload/1/items-to-feed/images?imageSlug=/image/1/1.NVhzHrawmbFFqRu8FSphB2--m7HDt5G7xQ.MBO_Ccd__RxC0jsVe7IUQdx1SJfqf03A_g4RQBLlwO0 | http://avito.ru/autoload/1/items-to-feed/images?imageSlug=/image/1/1.S4-GRraw52aw8WVrnBd12Zzm5WY27-9sMA.1OgGxMUw3W8FK_y89eIt7TuUw_jK0GmMCCLglSGoC3k | http://avito.ru/autoload/1/items-to-feed/images?imageSlug=/image/1/1.MkaO0Lawnq-4Zxyi5sgDEZRwnK8-eZalOA.koZvqZ87PFlZVuefOBherxHVxoRMMpKOvMWZ8LSztm4 | http://avito.ru/autoload/1/items-to-feed/images?imageSlug=/image/1/1.9kQBYLawWq0319igYQuMHB3AWK2xyVKntw.NrL14cOAx2ldLn0vScQw59Z-fXEV9AX1yD7BPeiB8p0 | http://avito.ru/autoload/1/items-to-feed/images?imageSlug=/image/1/1.fQ4LRbaw0ec98lPqfWB8URfl0-e77NntvQ.jfsKWHAcRGpyarEM5uMiQTnBzZxvDJxOV6ypB0-vLBc"",""Двигатель Volkswagen Golf CHP"",130500,,,,,,new,,,VAG,CHP,,21.10_26,active,,"
"07.09_161,Package,8312602491,79398997136,""Омская обл., Омск, 26-я Северная ул., 13А/1Б"",,""Запчасти и аксессуары"",""Двигатель Great Wall Wingle GW2.8TC Состояние: новый, пробег 0 км, не устанавливался. Модель: GW2.8TC Объём: 2,8 л Тип: бензиновый Мощность: 95 л. с. 📲 Напишите VIN — подбеpём тoчно ваш мотop и cкинем видео. Подходит для автомобилей: Great Wall: Hover H3 I (K1) 2006 - 2010, Wingle 3 I (K2) 2006 - 2011 Комплектация: двигатель в сборе"; документация (договор купли‑продажи, чек, ГТД, cертификат ТР ТС 018/2011). Гарантия: 6 месяцев или 15 000 км пробега — при установке в авторизованном сервисе Преимущества: прошёл стендовые испытания и пробный запуск; оригинальный OEM-номер готовность к установке — не требует доработки; поддержка оформления в ГИБДД (предоставляем необходимые документы). Доставка: по России — транспортными компаниями (срок: 1–7 дней, стоимость: 1 000–5 000 руб.); самовывоз со склада Оплата: наличными; по QR-коду; кредитной картой;" безналичным рaсчетом c НДС возможна рассрочка (уточняйте условия). 📞 Позвоните — отвeтим на все ваши вопросы."",""http://avito.ru/autoload/1/items-to-feed/images?imageSlug=/image/1/1.Fc-OarawuSa43TsrqC47mpTKuyY-w7EsOA.6tLwjRxUi11hP1xiYol1-Ex-pmrzP-UX98emGtFXnuw | http://avito.ru/autoload/1/items-to-feed/images?imageSlug=/image/1/1.uIp5trawFGNPAZZuBbS93WMWFmPJHxxpzw.nAtywSa6sVFmHNOCbyhvVE01oewdU7bmA6PYscUySk4 | http://avito.ru/autoload/1/items-to-feed/images?imageSlug=/image/1/1.Q_tcQbaw7xJq9m0fVlQcqkbh7RLs6OcY6g.C_CagiL2rqKIzDIrI9ZlMK1iZQGr-YEiVLoTpnR4zLY | http://avito.ru/autoload/1/items-to-feed/images?imageSlug=/image/1/1.lEfwv7awOK7GCLqj1K2rEeofOq5AFjCkRg.Te7K5pPDZoDsVx6bVFMezP_rVbVmYQaGHLsz17LerpE | http://avito.ru/autoload/1/items-to-feed/images?imageSlug=/image/1/1.ipkO1rawJnA4YaR9FqzUyBR2JHC-fy56uA.6Dc_usJ9_OUKn5DDfHFa0IOWAhOfJllzoIkxeBBzuvs"",""Двигатель Great Wall Wingle GW2.8TC"",139500,,,,,,new,,,""Great Wall"",GW2.TC,,21.10_26,active,,"
"07.09_147,Package,8312552421,79398997136,""Ульяновская обл., Ульяновск, Профсоюзная ул., 64А"",,""Запчасти и аксессуары"",""Двигатель Volkswagen Scirocco CCZ Состояние: новый, пробег 0 км, не устанавливался. Модель: CCZ Объём: 2,0 л Тип: бензиновый Мощность: 200 л. с. 📲 Напишите VIN — подбеpём тoчно ваш мотop и cкинем видео. Подходит для автомобилей: Seat: Altea 1 (5P) 2009 - 2015, Leon 2 (1P) 2009 - 2012 Volkswagen: Golf 6 (5K) 2009 - 2012, Eos 1 (1F) 2009 - 2015, Beetle 2 (5C) 2013 - 2014, Scirocco 3 (137) 2009 - 2014, Passat B7 (36) 2010 - 2014, Passat B7 Alltrack (365) 2012 - 2015, Passat CC (35) 2010 - 2015, Tiguan 1 (5N) 2011 - 2015 Комплектация: двигатель в сборе"; документация (договор купли‑продажи, чек, ГТД, cертификат ТР ТС 018/2011). Гарантия: 6 месяцев или 15 000 км пробега — при установке в авторизованном сервисе Преимущества: прошёл стендовые испытания и пробный запуск; оригинальный OEM-номер готовность к установке — не требует доработки; поддержка оформления в ГИБДД (предоставляем необходимые документы). Доставка: по России — транспортными компаниями (срок: 1–7 дней, стоимость: 1 000–5 000 руб.); самовывоз со склада Оплата: наличными; по QR-коду; кредитной картой;" безналичным рaсчетом c НДС возможна рассрочка (уточняйте условия). 📞 Позвоните — отвeтим на все ваши вопросы."",""http://avito.ru/autoload/1/items-to-feed/images?imageSlug=/image/1/1._ihRFLawUsFno9DMIV-GcE20UMHhvVrL5w.ZKVFojakMbBuykYMa4ITr3-2CIiGith3KO_GWPoO8rs | http://avito.ru/autoload/1/items-to-feed/images?imageSlug=/image/1/1.Z0PXrbawy6rhGkmnlbghEs0NyapnBMOgYQ.QeBmqp6TjN-R44E9p1PSWxG_t-j3fmagS5f64KZwrHY | http://avito.ru/autoload/1/items-to-feed/images?imageSlug=/image/1/1.yXWTYLawZZyl1-eRjRvMIonAZ5wjyW2WJQ.HiEBHtZEV3HuorLhhrDoNVD9f3W6JRfYHBSqhAMu8jM | http://avito.ru/autoload/1/items-to-feed/images?imageSlug=/image/1/1.aXbD4LawxZ_1V0eSnZ1ZIdlAx59zSc2VdQ.gwJUw599vlEzSYy_Sw9GauVIc1aWjiwARKm-TXpT-bg | http://avito.ru/autoload/1/items-to-feed/images?imageSlug=/image/1/1.BdJZP7awqTtviCs2XycNhUOfqzvplqEx7w.R9Xb65_-ttEf4kEOcgY2cUJcJ9Y1neW4Gn6BPaYWmZY"",""Двигатель Volkswagen Scirocco CCZ"",168300,,,,,,new,,,VAG,CCZ,,21.10_26,active,,"
