"Уникальный идентификатор объявления";"Способ размещения";"Номер объявления на Авито";"Номер телефона";Адрес;"Способ связи";Категория;"Описание объявления";"Ссылки на фото";"Название объявления";Цена;"Вид товара";"Вид объявления";"Тип товара";"Вид запчасти";"Тип детали двигателя";Состояние;Происхождение;Доступность;Производитель;"Номер детали OEM";TypeID;AvitoDateEnd;AvitoStatus;"Название компании";Почта
8479539402;Package;8479539402;;;;"Запчасти и аксессуары";;;;0;;;;;;new;;;;;;18.10_26;removed;;
7884124187;Package;7884124187;;;;"Запчасти и аксессуары";;;;0;;;;;;new;;;;;;18.10_26;removed;;
7884103966;Package;7884103966;;;;"Запчасти и аксессуары";;;;0;;;;;;new;;;;;;18.10_26;removed;;
7883977162;Package;7883977162;;;;"Запчасти и аксессуары";;;;0;;;;;;new;;;;;;18.10_26;removed;;
7883937036;Package;7883937036;;;;"Запчасти и аксессуары";;;;0;;;;;;new;;;;;;18.10_26;removed;;
7852831109;Package;7852831109;;;;"Запчасти и аксессуары";;;;0;;;;;;new;;;;;;18.10_26;removed;;
7852813785;Package;7852813785;;;;"Запчасти и аксессуары";;;;0;;;;;;new;;;;;;18.10_26;removed;;
7852728395;Package;7852728395;;;;"Запчасти и аксессуары";;;;0;;;;;;new;;;;;;18.10_26;removed;;
7852725725;Package;7852725725;;;;"Запчасти и аксессуары";;;;0;;;;;;new;;;;;;18.10_26;removed;;
7852621016;Package;7852621016;;;;"Запчасти и аксессуары";;;;0;;;;;;new;;;;;;18.10_26;removed;;
7852465315;Package;7852465315;;;;"Запчасти и аксессуары";;;;0;;;;;;new;;;;;;18.10_26;removed;;
7852193896;Package;7852193896;;;;"Запчасти и аксессуары";;;;0;;;;;;new;;;;;;18.10_26;removed;;
8461632003;Package;8461632003;;;;"Запчасти и аксессуары";;;;0;;;;;;new;;;;;;18.10_26;removed;;
8403257491;Package;8403257491;;;;"Запчасти и аксессуары";;;;0;;;;;;new;;;;;;18.10_26;removed;;
8479670397;Package;8479670397;;;;"Запчасти и аксессуары";;;;0;;;;;;new;;;;;;18.10_26;removed;;
8478968309;Package;8478968309;;;;"Запчасти и аксессуары";;;;0;;;;;;new;;;;;;18.10_26;removed;;
8460996882;Package;8460996882;;;;"Запчасти и аксессуары";;;;0;;;;;;new;;;;;;18.10_26;removed;;
8448395556;Package;8448395556;;;;"Запчасти и аксессуары";;;;0;;;;;;new;;;;;;18.10_26;removed;;
8425707024;Package;8425707024;;;;"Запчасти и аксессуары";;;;0;;;;;;new;;;;;;18.10_26;removed;;
8403580068;Package;8403580068;;;;"Запчасти и аксессуары";;;;0;;;;;;new;;;;;;18.10_26;removed;;
8395575589;Package;8395575589;;;;"Запчасти и аксессуары";;;;0;;;;;;new;;;;;;18.10_26;removed;;
8395145008;Package;8395145008;;;;"Запчасти и аксессуары";;;;0;;;;;;new;;;;;;18.10_26;removed;;
8394973063;Package;8394973063;;;;"Запчасти и аксессуары";;;;0;;;;;;new;;;;;;18.10_26;removed;;
8394229114;Package;8394229114;;;;"Запчасти и аксессуары";;;;0;;;;;;new;;;;;;18.10_26;removed;;
8387374748;Package;8387374748;;;;"Запчасти и аксессуары";;;;0;;;;;;new;;;;;;18.10_26;removed;;
8376849137;Package;8376849137;;;;"Запчасти и аксессуары";;;;0;;;;;;new;;;;;;18.10_26;removed;;
8374395671;Package;8374395671;;;;"Запчасти и аксессуары";;;;0;;;;;;new;;;;;;18.10_26;removed;;
8374159427;Package;8374159427;;;;"Запчасти и аксессуары";;;;0;;;;;;new;;;;;;18.10_26;removed;;
8341590337;Package;8341590337;;;;"Запчасти и аксессуары";;;;0;;;;;;new;;;;;;18.10_26;removed;;
8341539978;Package;8341539978;;;;"Запчасти и аксессуары";;;;0;;;;;;new;;;;;;18.10_26;removed;;
8327090214;Package;8327090214;;;;"Запчасти и аксессуары";;;;0;;;;;;new;;;;;;18.10_26;removed;;
8326818427;Package;8326818427;;;;"Запчасти и аксессуары";;;;0;;;;;;new;;;;;;18.10_26;removed;;
8323994802;Package;8323994802;;;;"Запчасти и аксессуары";;;;0;;;;;;new;;;;;;18.10_26;removed;;
8323889265;Package;8323889265;;;;"Запчасти и аксессуары";;;;0;;;;;;new;;;;;;18.10_26;removed;;
8314814899;Package;8314814899;;;;"Запчасти и аксессуары";;;;0;;;;;;new;;;;;;18.10_26;removed;;
8314028767;Package;8314028767;;;;"Запчасти и аксессуары";;;;0;;;;;;new;;;;;;18.10_26;removed;;
8313891614;Package;8313891614;;;;"Запчасти и аксессуары";;;;0;;;;;;new;;;;;;18.10_26;removed;;
8305802270;Package;8305802270;;;;"Запчасти и аксессуары";;;;0;;;;;;new;;;;;;18.10_26;removed;;
8305674817;Package;8305674817;;;;"Запчасти и аксессуары";;;;0;;;;;;new;;;;;;18.10_26;removed;;
8303949336;Package;8303949336;;;;"Запчасти и аксессуары";;;;0;;;;;;new;;;;;;18.10_26;removed;;
8302063077;Package;8302063077;;;;"Запчасти и аксессуары";;;;0;;;;;;new;;;;;;18.10_26;removed;;
8276636502;Package;8276636502;;;;"Запчасти и аксессуары";;;;0;;;;;;new;;;;;;18.10_26;removed;;
8251610115;Package;8251610115;;;;"Запчасти и аксессуары";;;;0;;;;;;new;;;;;;18.10_26;removed;;
8461708512;Package;8461708512;;;;"Запчасти и аксессуары";;;;0;;;;;;new;;;;;;18.10_26;removed;;
8403521746;Package;8403521746;;;;"Запчасти и аксессуары";;;;0;;;;;;new;;;;;;18.10_26;removed;;
8403078530;Package;8403078530;;;;"Запчасти и аксессуары";;;;0;;;;;;new;;;;;;18.10_26;removed;;
8394230647;Package;8394230647;;;;"Запчасти и аксессуары";;;;0;;;;;;new;;;;;;18.10_26;removed;;
8386574741;Package;8386574741;;;;"Запчасти и аксессуары";;;;0;;;;;;new;;;;;;18.10_26;removed;;
8386418397;Package;8386418397;;;;"Запчасти и аксессуары";;;;0;;;;;;new;;;;;;18.10_26;removed;;
8375737768;Package;8375737768;;;;"Запчасти и аксессуары";;;;0;;;;;;new;;;;;;18.10_26;removed;;
8374052230;Package;8374052230;;;;"Запчасти и аксессуары";;;;0;;;;;;new;;;;;;18.10_26;removed;;
8367206874;Package;8367206874;;;;"Запчасти и аксессуары";;;;0;;;;;;new;;;;;;18.10_26;removed;;
8367170311;Package;8367170311;;;;"Запчасти и аксессуары";;;;0;;;;;;new;;;;;;18.10_26;removed;;
8367081985;Package;8367081985;;;;"Запчасти и аксессуары";;;;0;;;;;;new;;;;;;18.10_26;removed;;
8341363154;Package;8341363154;;;;"Запчасти и аксессуары";;;;0;;;;;;new;;;;;;18.10_26;removed;;
8341076656;Package;8341076656;;;;"Запчасти и аксессуары";;;;0;;;;;;new;;;;;;18.10_26;removed;;
8323955621;Package;8323955621;;;;"Запчасти и аксессуары";;;;0;;;;;;new;;;;;;18.10_26;removed;;
8301859054;Package;8301859054;;;;"Запчасти и аксессуары";;;;0;;;;;;new;;;;;;18.10_26;removed;;
8276799544;Package;8276799544;;;;"Запчасти и аксессуары";;;;0;;;;;;new;;;;;;18.10_26;removed;;
8276677661;Package;8276677661;;;;"Запчасти и аксессуары";;;;0;;;;;;new;;;;;;18.10_26;removed;;
8276403743;Package;8276403743;;;;"Запчасти и аксессуары";;;;0;;;;;;new;;;;;;18.10_26;removed;;
8276024082;Package;8276024082;;;;"Запчасти и аксессуары";;;;0;;;;;;new;;;;;;18.10_26;removed;;
8264855759;Package;8264855759;;;;"Запчасти и аксессуары";;;;0;;;;;;new;;;;;;18.10_26;removed;;
8264190771;Package;8264190771;;;;"Запчасти и аксессуары";;;;0;;;;;;new;;;;;;18.10_26;removed;;
8481771653;Package;8481771653;;;;"Запчасти и аксессуары";;;;0;;;;;;new;;;;;;18.10_26;removed;;
8481627066;Package;8481627066;;;;"Запчасти и аксессуары";;;;0;;;;;;new;;;;;;18.10_26;removed;;
8480983626;Package;8480983626;;;;"Запчасти и аксессуары";;;;0;;;;;;new;;;;;;18.10_26;removed;;
8480884168;Package;8480884168;;;;"Запчасти и аксессуары";;;;0;;;;;;new;;;;;;18.10_26;removed;;
8479438599;Package;8479438599;;;;"Запчасти и аксессуары";;;;0;;;;;;new;;;;;;18.10_26;removed;;
8461736679;Package;8461736679;;;;"Запчасти и аксессуары";;;;0;;;;;;new;;;;;;18.10_26;removed;;
8461272365;Package;8461272365;;;;"Запчасти и аксессуары";;;;0;;;;;;new;;;;;;18.10_26;removed;;
8460943575;Package;8460943575;;;;"Запчасти и аксессуары";;;;0;;;;;;new;;;;;;18.10_26;removed;;
8460855940;Package;8460855940;;;;"Запчасти и аксессуары";;;;0;;;;;;new;;;;;;18.10_26;removed;;
8448302903;Package;8448302903;;;;"Запчасти и аксессуары";;;;0;;;;;;new;;;;;;18.10_26;removed;;
8447915436;Package;8447915436;;;;"Запчасти и аксессуары";;;;0;;;;;;new;;;;;;18.10_26;removed;;
8425782396;Package;8425782396;;;;"Запчасти и аксессуары";;;;0;;;;;;new;;;;;;18.10_26;removed;;
8425039122;Package;8425039122;;;;"Запчасти и аксессуары";;;;0;;;;;;new;;;;;;18.10_26;removed;;
8421804738;Package;8421804738;;;;"Запчасти и аксессуары";;;;0;;;;;;new;;;;;;18.10_26;removed;;
8419778543;Package;8419778543;;;;"Запчасти и аксессуары";;;;0;;;;;;new;;;;;;18.10_26;removed;;
8419156275;Package;8419156275;;;;"Запчасти и аксессуары";;;;0;;;;;;new;;;;;;18.10_26;removed;;
8419125319;Package;8419125319;;;;"Запчасти и аксессуары";;;;0;;;;;;new;;;;;;18.10_26;removed;;
8419001366;Package;8419001366;;;;"Запчасти и аксессуары";;;;0;;;;;;new;;;;;;18.10_26;removed;;
8417879129;Package;8417879129;;;;"Запчасти и аксессуары";;;;0;;;;;;new;;;;;;18.10_26;removed;;
8403651065;Package;8403651065;;;;"Запчасти и аксессуары";;;;0;;;;;;new;;;;;;18.10_26;removed;;
8403398792;Package;8403398792;;;;"Запчасти и аксессуары";;;;0;;;;;;new;;;;;;18.10_26;removed;;
8395696538;Package;8395696538;;;;"Запчасти и аксессуары";;;;0;;;;;;new;;;;;;18.10_26;removed;;
8394845959;Package;8394845959;;;;"Запчасти и аксессуары";;;;0;;;;;;new;;;;;;18.10_26;removed;;
8394832111;Package;8394832111;;;;"Запчасти и аксессуары";;;;0;;;;;;new;;;;;;18.10_26;removed;;
8394798385;Package;8394798385;;;;"Запчасти и аксессуары";;;;0;;;;;;new;;;;;;18.10_26;removed;;
8394747806;Package;8394747806;;;;"Запчасти и аксессуары";;;;0;;;;;;new;;;;;;18.10_26;removed;;
8394480499;Package;8394480499;;;;"Запчасти и аксессуары";;;;0;;;;;;new;;;;;;18.10_26;removed;;
8377467262;Package;8377467262;;;;"Запчасти и аксессуары";;;;0;;;;;;new;;;;;;18.10_26;removed;;
8377318958;Package;8377318958;;;;"Запчасти и аксессуары";;;;0;;;;;;new;;;;;;18.10_26;removed;;
8376874586;Package;8376874586;;;;"Запчасти и аксессуары";;;;0;;;;;;new;;;;;;18.10_26;removed;;
8375439350;Package;8375439350;;;;"Запчасти и аксессуары";;;;0;;;;;;new;;;;;;18.10_26;removed;;
8374425290;Package;8374425290;;;;"Запчасти и аксессуары";;;;0;;;;;;new;;;;;;18.10_26;removed;;
8374326782;Package;8374326782;;;;"Запчасти и аксессуары";;;;0;;;;;;new;;;;;;18.10_26;removed;;
8374108677;Package;8374108677;;;;"Запчасти и аксессуары";;;;0;;;;;;new;;;;;;18.10_26;removed;;
8367383171;Package;8367383171;;;;"Запчасти и аксессуары";;;;0;;;;;;new;;;;;;18.10_26;removed;;
8367198013;Package;8367198013;;;;"Запчасти и аксессуары";;;;0;;;;;;new;;;;;;18.10_26;removed;;
8367167982;Package;8367167982;;;;"Запчасти и аксессуары";;;;0;;;;;;new;;;;;;18.10_26;removed;;
8349469960;Package;8349469960;;;;"Запчасти и аксессуары";;;;0;;;;;;new;;;;;;18.10_26;removed;;
8349457461;Package;8349457461;;;;"Запчасти и аксессуары";;;;0;;;;;;new;;;;;;18.10_26;removed;;
8349363878;Package;8349363878;;;;"Запчасти и аксессуары";;;;0;;;;;;new;;;;;;18.10_26;removed;;
8349295830;Package;8349295830;;;;"Запчасти и аксессуары";;;;0;;;;;;new;;;;;;18.10_26;removed;;
8349274292;Package;8349274292;;;;"Запчасти и аксессуары";;;;0;;;;;;new;;;;;;18.10_26;removed;;
8349172354;Package;8349172354;;;;"Запчасти и аксессуары";;;;0;;;;;;new;;;;;;18.10_26;removed;;
8348855026;Package;8348855026;;;;"Запчасти и аксессуары";;;;0;;;;;;new;;;;;;18.10_26;removed;;
8344649825;Package;8344649825;;;;"Запчасти и аксессуары";;;;0;;;;;;new;;;;;;18.10_26;removed;;
8344238304;Package;8344238304;;;;"Запчасти и аксессуары";;;;0;;;;;;new;;;;;;18.10_26;removed;;
8344233002;Package;8344233002;;;;"Запчасти и аксессуары";;;;0;;;;;;new;;;;;;18.10_26;removed;;
8341433680;Package;8341433680;;;;"Запчасти и аксессуары";;;;0;;;;;;new;;;;;;18.10_26;removed;;
8341192793;Package;8341192793;;;;"Запчасти и аксессуары";;;;0;;;;;;new;;;;;;18.10_26;removed;;
8327512983;Package;8327512983;;;;"Запчасти и аксессуары";;;;0;;;;;;new;;;;;;18.10_26;removed;;
8327194086;Package;8327194086;;;;"Запчасти и аксессуары";;;;0;;;;;;new;;;;;;18.10_26;removed;;
8326930988;Package;8326930988;;;;"Запчасти и аксессуары";;;;0;;;;;;new;;;;;;18.10_26;removed;;
8326677106;Package;8326677106;;;;"Запчасти и аксессуары";;;;0;;;;;;new;;;;;;18.10_26;removed;;
8326205712;Package;8326205712;;;;"Запчасти и аксессуары";;;;0;;;;;;new;;;;;;18.10_26;removed;;
8326194966;Package;8326194966;;;;"Запчасти и аксессуары";;;;0;;;;;;new;;;;;;18.10_26;removed;;
8324701467;Package;8324701467;;;;"Запчасти и аксессуары";;;;0;;;;;;new;;;;;;18.10_26;removed;;
8324100463;Package;8324100463;;;;"Запчасти и аксессуары";;;;0;;;;;;new;;;;;;18.10_26;removed;;
8318633175;Package;8318633175;;;;"Запчасти и аксессуары";;;;0;;;;;;new;;;;;;18.10_26;removed;;
8318530372;Package;8318530372;;;;"Запчасти и аксессуары";;;;0;;;;;;new;;;;;;18.10_26;removed;;
8318477702;Package;8318477702;;;;"Запчасти и аксессуары";;;;0;;;;;;new;;;;;;18.10_26;removed;;
8318438648;Package;8318438648;;;;"Запчасти и аксессуары";;;;0;;;;;;new;;;;;;18.10_26;removed;;
8317969471;Package;8317969471;;;;"Запчасти и аксессуары";;;;0;;;;;;new;;;;;;18.10_26;removed;;
8305826191;Package;8305826191;;;;"Запчасти и аксессуары";;;;0;;;;;;new;;;;;;18.10_26;removed;;
8305771392;Package;8305771392;;;;"Запчасти и аксессуары";;;;0;;;;;;new;;;;;;18.10_26;removed;;
8305525203;Package;8305525203;;;;"Запчасти и аксессуары";;;;0;;;;;;new;;;;;;18.10_26;removed;;
8304859274;Package;8304859274;;;;"Запчасти и аксессуары";;;;0;;;;;;new;;;;;;18.10_26;removed;;
8302362565;Package;8302362565;;;;"Запчасти и аксессуары";;;;0;;;;;;new;;;;;;18.10_26;removed;;
8302030806;Package;8302030806;;;;"Запчасти и аксессуары";;;;0;;;;;;new;;;;;;18.10_26;removed;;
8276591541;Package;8276591541;;;;"Запчасти и аксессуары";;;;0;;;;;;new;;;;;;18.10_26;removed;;
8276123025;Package;8276123025;;;;"Запчасти и аксессуары";;;;0;;;;;;new;;;;;;18.10_26;removed;;
8274035809;Package;8274035809;;;;"Запчасти и аксессуары";;;;0;;;;;;new;;;;;;18.10_26;removed;;
8264583556;Package;8264583556;;;;"Запчасти и аксессуары";;;;0;;;;;;new;;;;;;18.10_26;removed;;
8264580309;Package;8264580309;;;;"Запчасти и аксессуары";;;;0;;;;;;new;;;;;;18.10_26;removed;;
8264541695;Package;8264541695;;;;"Запчасти и аксессуары";;;;0;;;;;;new;;;;;;18.10_26;removed;;
8264438228;Package;8264438228;;;;"Запчасти и аксессуары";;;;0;;;;;;new;;;;;;18.10_26;removed;;
8263955885;Package;8263955885;;;;"Запчасти и аксессуары";;;;0;;;;;;new;;;;;;18.10_26;removed;;
8263877682;Package;8263877682;;;;"Запчасти и аксессуары";;;;0;;;;;;new;;;;;;18.10_26;removed;;
8252613988;Package;8252613988;;;;"Запчасти и аксессуары";;;;0;;;;;;new;;;;;;18.10_26;removed;;
8252554735;Package;8252554735;;;;"Запчасти и аксессуары";;;;0;;;;;;new;;;;;;18.10_26;removed;;
8252189391;Package;8252189391;;;;"Запчасти и аксессуары";;;;0;;;;;;new;;;;;;18.10_26;removed;;
8252041753;Package;8252041753;;;;"Запчасти и аксессуары";;;;0;;;;;;new;;;;;;18.10_26;removed;;
8251625342;Package;8251625342;;;;"Запчасти и аксессуары";;;;0;;;;;;new;;;;;;18.10_26;removed;;
8251604566;Package;8251604566;;;;"Запчасти и аксессуары";;;;0;;;;;;new;;;;;;18.10_26;removed;;
8251186747;Package;8251186747;;;;"Запчасти и аксессуары";;;;0;;;;;;new;;;;;;18.10_26;removed;;
8304383879;Package;8304383879;;;;"Запчасти и аксессуары";;;;0;;;;;;new;;;;;;18.10_26;removed;;
8402874888;Package;8402874888;;;;"Запчасти и аксессуары";;;;0;;;;;;new;;;;;;18.10_26;removed;;
8354970667;Package;8354970667;;;;"Запчасти и аксессуары";;;;0;;;;;;new;;;;;;18.10_26;removed;;
8335268186;Package;8335268186;;;;"Запчасти и аксессуары";;;;0;;;;;;new;;;;;;18.10_26;removed;;
8317221439;Package;8317221439;;;;"Запчасти и аксессуары";;;;0;;;;;;new;;;;;;18.10_26;removed;;
8309503460;Package;8309503460;;;;"Запчасти и аксессуары";;;;0;;;;;;new;;;;;;18.10_26;removed;;
8274214011;Package;8274214011;;;;"Запчасти и аксессуары";;;;0;;;;;;new;;;;;;18.10_26;removed;;
8273494332;Package;8273494332;;;;"Запчасти и аксессуары";;;;0;;;;;;new;;;;;;18.10_26;removed;;
8252743145;Package;8252743145;;;;"Запчасти и аксессуары";;;;0;;;;;;new;;;;;;18.10_26;removed;;
8244360349;Package;8244360349;;;;"Запчасти и аксессуары";;;;0;;;;;;new;;;;;;18.10_26;removed;;
8244158326;Package;8244158326;;;;"Запчасти и аксессуары";;;;0;;;;;;new;;;;;;18.10_26;removed;;
8236683611;Package;8236683611;;;;"Запчасти и аксессуары";;;;0;;;;;;new;;;;;;18.10_26;removed;;
8236113583;Package;8236113583;;;;"Запчасти и аксессуары";;;;0;;;;;;new;;;;;;18.10_26;removed;;
8235938005;Package;8235938005;;;;"Запчасти и аксессуары";;;;0;;;;;;new;;;;;;18.10_26;removed;;
8204856617;Package;8204856617;;;;"Запчасти и аксессуары";;;;0;;;;;;new;;;;;;18.10_26;removed;;
8204769998;Package;8204769998;;;;"Запчасти и аксессуары";;;;0;;;;;;new;;;;;;18.10_26;removed;;
8204733541;Package;8204733541;;;;"Запчасти и аксессуары";;;;0;;;;;;new;;;;;;18.10_26;removed;;
8204722668;Package;8204722668;;;;"Запчасти и аксессуары";;;;0;;;;;;new;;;;;;18.10_26;removed;;
8204580357;Package;8204580357;;;;"Запчасти и аксессуары";;;;0;;;;;;new;;;;;;18.10_26;removed;;
8204549535;Package;8204549535;;;;"Запчасти и аксессуары";;;;0;;;;;;new;;;;;;18.10_26;removed;;
8204542505;Package;8204542505;;;;"Запчасти и аксессуары";;;;0;;;;;;new;;;;;;18.10_26;removed;;
8204479432;Package;8204479432;;;;"Запчасти и аксессуары";;;;0;;;;;;new;;;;;;18.10_26;removed;;
8204413638;Package;8204413638;;;;"Запчасти и аксессуары";;;;0;;;;;;new;;;;;;18.10_26;removed;;
8204332292;Package;8204332292;;;;"Запчасти и аксессуары";;;;0;;;;;;new;;;;;;18.10_26;removed;;
8204253706;Package;8204253706;;;;"Запчасти и аксессуары";;;;0;;;;;;new;;;;;;18.10_26;removed;;
8204230033;Package;8204230033;;;;"Запчасти и аксессуары";;;;0;;;;;;new;;;;;;18.10_26;removed;;
8204229122;Package;8204229122;;;;"Запчасти и аксессуары";;;;0;;;;;;new;;;;;;18.10_26;removed;;
8204211988;Package;8204211988;;;;"Запчасти и аксессуары";;;;0;;;;;;new;;;;;;18.10_26;removed;;
8204161633;Package;8204161633;;;;"Запчасти и аксессуары";;;;0;;;;;;new;;;;;;18.10_26;removed;;
8204152056;Package;8204152056;;;;"Запчасти и аксессуары";;;;0;;;;;;new;;;;;;18.10_26;removed;;
8204132166;Package;8204132166;;;;"Запчасти и аксессуары";;;;0;;;;;;new;;;;;;18.10_26;removed;;
8204129200;Package;8204129200;;;;"Запчасти и аксессуары";;;;0;;;;;;new;;;;;;18.10_26;removed;;
8204087381;Package;8204087381;;;;"Запчасти и аксессуары";;;;0;;;;;;new;;;;;;18.10_26;removed;;
8204072607;Package;8204072607;;;;"Запчасти и аксессуары";;;;0;;;;;;new;;;;;;18.10_26;removed;;
8204046682;Package;8204046682;;;;"Запчасти и аксессуары";;;;0;;;;;;new;;;;;;18.10_26;removed;;
8204038576;Package;8204038576;;;;"Запчасти и аксессуары";;;;0;;;;;;new;;;;;;18.10_26;removed;;
8203946550;Package;8203946550;;;;"Запчасти и аксессуары";;;;0;;;;;;new;;;;;;18.10_26;removed;;
8172775874;Package;8172775874;;;;"Запчасти и аксессуары";;;;0;;;;;;new;;;;;;18.10_26;removed;;
8172704783;Package;8172704783;;;;"Запчасти и аксессуары";;;;0;;;;;;new;;;;;;18.10_26;removed;;
8172690979;Package;8172690979;;;;"Запчасти и аксессуары";;;;0;;;;;;new;;;;;;18.10_26;removed;;
8172677513;Package;8172677513;;;;"Запчасти и аксессуары";;;;0;;;;;;new;;;;;;18.10_26;removed;;
8172673850;Package;8172673850;;;;"Запчасти и аксессуары";;;;0;;;;;;new;;;;;;18.10_26;removed;;
8172609248;Package;8172609248;;;;"Запчасти и аксессуары";;;;0;;;;;;new;;;;;;18.10_26;removed;;
8172340135;Package;8172340135;;;;"Запчасти и аксессуары";;;;0;;;;;;new;;;;;;18.10_26;removed;;
8172312909;Package;8172312909;;;;"Запчасти и аксессуары";;;;0;;;;;;new;;;;;;18.10_26;removed;;
8172286593;Package;8172286593;;;;"Запчасти и аксессуары";;;;0;;;;;;new;;;;;;18.10_26;removed;;
8172202917;Package;8172202917;;;;"Запчасти и аксессуары";;;;0;;;;;;new;;;;;;18.10_26;removed;;
8172187897;Package;8172187897;;;;"Запчасти и аксессуары";;;;0;;;;;;new;;;;;;18.10_26;removed;;
8172123911;Package;8172123911;;;;"Запчасти и аксессуары";;;;0;;;;;;new;;;;;;18.10_26;removed;;
8171938815;Package;8171938815;;;;"Запчасти и аксессуары";;;;0;;;;;;new;;;;;;18.10_26;removed;;
8171911077;Package;8171911077;;;;"Запчасти и аксессуары";;;;0;;;;;;new;;;;;;18.10_26;removed;;
8140882246;Package;8140882246;;;;"Запчасти и аксессуары";;;;0;;;;;;new;;;;;;18.10_26;removed;;
8140788455;Package;8140788455;;;;"Запчасти и аксессуары";;;;0;;;;;;new;;;;;;18.10_26;removed;;
8140724187;Package;8140724187;;;;"Запчасти и аксессуары";;;;0;;;;;;new;;;;;;18.10_26;removed;;
8140703553;Package;8140703553;;;;"Запчасти и аксессуары";;;;0;;;;;;new;;;;;;18.10_26;removed;;
8140665825;Package;8140665825;;;;"Запчасти и аксессуары";;;;0;;;;;;new;;;;;;18.10_26;removed;;
8140658125;Package;8140658125;;;;"Запчасти и аксессуары";;;;0;;;;;;new;;;;;;18.10_26;removed;;
8140655675;Package;8140655675;;;;"Запчасти и аксессуары";;;;0;;;;;;new;;;;;;18.10_26;removed;;
8140634845;Package;8140634845;;;;"Запчасти и аксессуары";;;;0;;;;;;new;;;;;;18.10_26;removed;;
8140619994;Package;8140619994;;;;"Запчасти и аксессуары";;;;0;;;;;;new;;;;;;18.10_26;removed;;
8140545782;Package;8140545782;;;;"Запчасти и аксессуары";;;;0;;;;;;new;;;;;;18.10_26;removed;;
8140504682;Package;8140504682;;;;"Запчасти и аксессуары";;;;0;;;;;;new;;;;;;18.10_26;removed;;
8140371248;Package;8140371248;;;;"Запчасти и аксессуары";;;;0;;;;;;new;;;;;;18.10_26;removed;;
8140360672;Package;8140360672;;;;"Запчасти и аксессуары";;;;0;;;;;;new;;;;;;18.10_26;removed;;
8140307549;Package;8140307549;;;;"Запчасти и аксессуары";;;;0;;;;;;new;;;;;;18.10_26;removed;;
8140284382;Package;8140284382;;;;"Запчасти и аксессуары";;;;0;;;;;;new;;;;;;18.10_26;removed;;
8140208262;Package;8140208262;;;;"Запчасти и аксессуары";;;;0;;;;;;new;;;;;;18.10_26;removed;;
8140144190;Package;8140144190;;;;"Запчасти и аксессуары";;;;0;;;;;;new;;;;;;18.10_26;removed;;
8140074991;Package;8140074991;;;;"Запчасти и аксессуары";;;;0;;;;;;new;;;;;;18.10_26;removed;;
8140039160;Package;8140039160;;;;"Запчасти и аксессуары";;;;0;;;;;;new;;;;;;18.10_26;removed;;
8140031136;Package;8140031136;;;;"Запчасти и аксессуары";;;;0;;;;;;new;;;;;;18.10_26;removed;;
8140017570;Package;8140017570;;;;"Запчасти и аксессуары";;;;0;;;;;;new;;;;;;18.10_26;removed;;
8139961419;Package;8139961419;;;;"Запчасти и аксессуары";;;;0;;;;;;new;;;;;;18.10_26;removed;;
8139903830;Package;8139903830;;;;"Запчасти и аксессуары";;;;0;;;;;;new;;;;;;18.10_26;removed;;
8108834789;Package;8108834789;;;;"Запчасти и аксессуары";;;;0;;;;;;new;;;;;;18.10_26;removed;;
8108719858;Package;8108719858;;;;"Запчасти и аксессуары";;;;0;;;;;;new;;;;;;18.10_26;removed;;
8108698384;Package;8108698384;;;;"Запчасти и аксессуары";;;;0;;;;;;new;;;;;;18.10_26;removed;;
8108690401;Package;8108690401;;;;"Запчасти и аксессуары";;;;0;;;;;;new;;;;;;18.10_26;removed;;
8108673436;Package;8108673436;;;;"Запчасти и аксессуары";;;;0;;;;;;new;;;;;;18.10_26;removed;;
8108654704;Package;8108654704;;;;"Запчасти и аксессуары";;;;0;;;;;;new;;;;;;18.10_26;removed;;
8108645012;Package;8108645012;;;;"Запчасти и аксессуары";;;;0;;;;;;new;;;;;;18.10_26;removed;;
8108643848;Package;8108643848;;;;"Запчасти и аксессуары";;;;0;;;;;;new;;;;;;18.10_26;removed;;
8108617098;Package;8108617098;;;;"Запчасти и аксессуары";;;;0;;;;;;new;;;;;;18.10_26;removed;;
8108583165;Package;8108583165;;;;"Запчасти и аксессуары";;;;0;;;;;;new;;;;;;18.10_26;removed;;
8108402772;Package;8108402772;;;;"Запчасти и аксессуары";;;;0;;;;;;new;;;;;;18.10_26;removed;;
8108364439;Package;8108364439;;;;"Запчасти и аксессуары";;;;0;;;;;;new;;;;;;18.10_26;removed;;
8108342750;Package;8108342750;;;;"Запчасти и аксессуары";;;;0;;;;;;new;;;;;;18.10_26;removed;;
8108298459;Package;8108298459;;;;"Запчасти и аксессуары";;;;0;;;;;;new;;;;;;18.10_26;removed;;
8108276917;Package;8108276917;;;;"Запчасти и аксессуары";;;;0;;;;;;new;;;;;;18.10_26;removed;;
8108215540;Package;8108215540;;;;"Запчасти и аксессуары";;;;0;;;;;;new;;;;;;18.10_26;removed;;
8108163374;Package;8108163374;;;;"Запчасти и аксессуары";;;;0;;;;;;new;;;;;;18.10_26;removed;;
8108151223;Package;8108151223;;;;"Запчасти и аксессуары";;;;0;;;;;;new;;;;;;18.10_26;removed;;
8108141770;Package;8108141770;;;;"Запчасти и аксессуары";;;;0;;;;;;new;;;;;;18.10_26;removed;;
8108097105;Package;8108097105;;;;"Запчасти и аксессуары";;;;0;;;;;;new;;;;;;18.10_26;removed;;
8108005328;Package;8108005328;;;;"Запчасти и аксессуары";;;;0;;;;;;new;;;;;;18.10_26;removed;;
8076884901;Package;8076884901;;;;"Запчасти и аксессуары";;;;0;;;;;;new;;;;;;18.10_26;removed;;
8076851187;Package;8076851187;;;;"Запчасти и аксессуары";;;;0;;;;;;new;;;;;;18.10_26;removed;;
8076815315;Package;8076815315;;;;"Запчасти и аксессуары";;;;0;;;;;;new;;;;;;18.10_26;removed;;
8076792518;Package;8076792518;;;;"Запчасти и аксессуары";;;;0;;;;;;new;;;;;;18.10_26;removed;;
8076664238;Package;8076664238;;;;"Запчасти и аксессуары";;;;0;;;;;;new;;;;;;18.10_26;removed;;
8076658002;Package;8076658002;;;;"Запчасти и аксессуары";;;;0;;;;;;new;;;;;;18.10_26;removed;;
8076643751;Package;8076643751;;;;"Запчасти и аксессуары";;;;0;;;;;;new;;;;;;18.10_26;removed;;
8076517802;Package;8076517802;;;;"Запчасти и аксессуары";;;;0;;;;;;new;;;;;;18.10_26;removed;;
8076514196;Package;8076514196;;;;"Запчасти и аксессуары";;;;0;;;;;;new;;;;;;18.10_26;removed;;
8076509765;Package;8076509765;;;;"Запчасти и аксессуары";;;;0;;;;;;new;;;;;;18.10_26;removed;;
8076487770;Package;8076487770;;;;"Запчасти и аксессуары";;;;0;;;;;;new;;;;;;18.10_26;removed;;
8076461203;Package;8076461203;;;;"Запчасти и аксессуары";;;;0;;;;;;new;;;;;;18.10_26;removed;;
8076393168;Package;8076393168;;;;"Запчасти и аксессуары";;;;0;;;;;;new;;;;;;18.10_26;removed;;
8076264211;Package;8076264211;;;;"Запчасти и аксессуары";;;;0;;;;;;new;;;;;;18.10_26;removed;;
8076248336;Package;8076248336;;;;"Запчасти и аксессуары";;;;0;;;;;;new;;;;;;18.10_26;removed;;
8076229176;Package;8076229176;;;;"Запчасти и аксессуары";;;;0;;;;;;new;;;;;;18.10_26;removed;;
8076182840;Package;8076182840;;;;"Запчасти и аксессуары";;;;0;;;;;;new;;;;;;18.10_26;removed;;
8076149348;Package;8076149348;;;;"Запчасти и аксессуары";;;;0;;;;;;new;;;;;;18.10_26;removed;;
8076131727;Package;8076131727;;;;"Запчасти и аксессуары";;;;0;;;;;;new;;;;;;18.10_26;removed;;
8076121245;Package;8076121245;;;;"Запчасти и аксессуары";;;;0;;;;;;new;;;;;;18.10_26;removed;;
8076055889;Package;8076055889;;;;"Запчасти и аксессуары";;;;0;;;;;;new;;;;;;18.10_26;removed;;
8076054645;Package;8076054645;;;;"Запчасти и аксессуары";;;;0;;;;;;new;;;;;;18.10_26;removed;;
8076039189;Package;8076039189;;;;"Запчасти и аксессуары";;;;0;;;;;;new;;;;;;18.10_26;removed;;
8076002748;Package;8076002748;;;;"Запчасти и аксессуары";;;;0;;;;;;new;;;;;;18.10_26;removed;;
8075977943;Package;8075977943;;;;"Запчасти и аксессуары";;;;0;;;;;;new;;;;;;18.10_26;removed;;
8044897634;Package;8044897634;;;;"Запчасти и аксессуары";;;;0;;;;;;new;;;;;;18.10_26;removed;;
8044849380;Package;8044849380;;;;"Запчасти и аксессуары";;;;0;;;;;;new;;;;;;18.10_26;removed;;
8044783099;Package;8044783099;;;;"Запчасти и аксессуары";;;;0;;;;;;new;;;;;;18.10_26;removed;;
8044655156;Package;8044655156;;;;"Запчасти и аксессуары";;;;0;;;;;;new;;;;;;18.10_26;removed;;
8044589026;Package;8044589026;;;;"Запчасти и аксессуары";;;;0;;;;;;new;;;;;;18.10_26;removed;;
8044496436;Package;8044496436;;;;"Запчасти и аксессуары";;;;0;;;;;;new;;;;;;18.10_26;removed;;
8044481208;Package;8044481208;;;;"Запчасти и аксессуары";;;;0;;;;;;new;;;;;;18.10_26;removed;;
8044449054;Package;8044449054;;;;"Запчасти и аксессуары";;;;0;;;;;;new;;;;;;18.10_26;removed;;
8044401596;Package;8044401596;;;;"Запчасти и аксессуары";;;;0;;;;;;new;;;;;;18.10_26;removed;;
8044379479;Package;8044379479;;;;"Запчасти и аксессуары";;;;0;;;;;;new;;;;;;18.10_26;removed;;
8044124087;Package;8044124087;;;;"Запчасти и аксессуары";;;;0;;;;;;new;;;;;;18.10_26;removed;;
8044083920;Package;8044083920;;;;"Запчасти и аксессуары";;;;0;;;;;;new;;;;;;18.10_26;removed;;
8044083445;Package;8044083445;;;;"Запчасти и аксессуары";;;;0;;;;;;new;;;;;;18.10_26;removed;;
8044013409;Package;8044013409;;;;"Запчасти и аксессуары";;;;0;;;;;;new;;;;;;18.10_26;removed;;
8043999145;Package;8043999145;;;;"Запчасти и аксессуары";;;;0;;;;;;new;;;;;;18.10_26;removed;;
8012883839;Package;8012883839;;;;"Запчасти и аксессуары";;;;0;;;;;;new;;;;;;18.10_26;removed;;
8012876340;Package;8012876340;;;;"Запчасти и аксессуары";;;;0;;;;;;new;;;;;;18.10_26;removed;;
8012713921;Package;8012713921;;;;"Запчасти и аксессуары";;;;0;;;;;;new;;;;;;18.10_26;removed;;
8012710940;Package;8012710940;;;;"Запчасти и аксессуары";;;;0;;;;;;new;;;;;;18.10_26;removed;;
8012537613;Package;8012537613;;;;"Запчасти и аксессуары";;;;0;;;;;;new;;;;;;18.10_26;removed;;
8012479415;Package;8012479415;;;;"Запчасти и аксессуары";;;;0;;;;;;new;;;;;;18.10_26;removed;;
8012346083;Package;8012346083;;;;"Запчасти и аксессуары";;;;0;;;;;;new;;;;;;18.10_26;removed;;
8012131308;Package;8012131308;;;;"Запчасти и аксессуары";;;;0;;;;;;new;;;;;;18.10_26;removed;;
8011975043;Package;8011975043;;;;"Запчасти и аксессуары";;;;0;;;;;;new;;;;;;18.10_26;removed;;
7980704734;Package;7980704734;;;;"Запчасти и аксессуары";;;;0;;;;;;new;;;;;;18.10_26;removed;;
7980614838;Package;7980614838;;;;"Запчасти и аксессуары";;;;0;;;;;;new;;;;;;18.10_26;removed;;
7980500514;Package;7980500514;;;;"Запчасти и аксессуары";;;;0;;;;;;new;;;;;;18.10_26;removed;;
7980452310;Package;7980452310;;;;"Запчасти и аксессуары";;;;0;;;;;;new;;;;;;18.10_26;removed;;
7980442016;Package;7980442016;;;;"Запчасти и аксессуары";;;;0;;;;;;new;;;;;;18.10_26;removed;;
7980387031;Package;7980387031;;;;"Запчасти и аксессуары";;;;0;;;;;;new;;;;;;18.10_26;removed;;
7980229567;Package;7980229567;;;;"Запчасти и аксессуары";;;;0;;;;;;new;;;;;;18.10_26;removed;;
7980188581;Package;7980188581;;;;"Запчасти и аксессуары";;;;0;;;;;;new;;;;;;18.10_26;removed;;
7980022465;Package;7980022465;;;;"Запчасти и аксессуары";;;;0;;;;;;new;;;;;;18.10_26;removed;;
7948047642;Package;7948047642;;;;"Запчасти и аксессуары";;;;0;;;;;;new;;;;;;18.10_26;removed;;
7947934281;Package;7947934281;;;;"Запчасти и аксессуары";;;;0;;;;;;new;;;;;;18.10_26;removed;;
7884573244;Package;7884573244;;;;"Запчасти и аксессуары";;;;0;;;;;;new;;;;;;18.10_26;removed;;
7884566506;Package;7884566506;;;;"Запчасти и аксессуары";;;;0;;;;;;new;;;;;;18.10_26;removed;;
7884422871;Package;7884422871;;;;"Запчасти и аксессуары";;;;0;;;;;;new;;;;;;18.10_26;removed;;
7884324126;Package;7884324126;;;;"Запчасти и аксессуары";;;;0;;;;;;new;;;;;;18.10_26;removed;;
7884291766;Package;7884291766;;;;"Запчасти и аксессуары";;;;0;;;;;;new;;;;;;18.10_26;removed;;
7884243785;Package;7884243785;;;;"Запчасти и аксессуары";;;;0;;;;;;new;;;;;;18.10_26;removed;;
7884211832;Package;7884211832;;;;"Запчасти и аксессуары";;;;0;;;;;;new;;;;;;18.10_26;removed;;
8012122614;Package;8012122614;;;;"Запчасти и аксессуары";;;;0;;;;;;new;;;;;;18.10_26;removed;;
8012122223;Package;8012122223;;;;"Запчасти и аксессуары";;;;0;;;;;;new;;;;;;18.10_26;removed;;
8012122161;Package;8012122161;;;;"Запчасти и аксессуары";;;;0;;;;;;new;;;;;;18.10_26;removed;;
8012121672;Package;8012121672;;;;"Запчасти и аксессуары";;;;0;;;;;;new;;;;;;18.10_26;removed;;
8012117088;Package;8012117088;;;;"Запчасти и аксессуары";;;;0;;;;;;new;;;;;;18.10_26;removed;;
8012117086;Package;8012117086;;;;"Запчасти и аксессуары";;;;0;;;;;;new;;;;;;18.10_26;removed;;
8012116422;Package;8012116422;;;;"Запчасти и аксессуары";;;;0;;;;;;new;;;;;;18.10_26;removed;;
8012112169;Package;8012112169;;;;"Запчасти и аксессуары";;;;0;;;;;;new;;;;;;18.10_26;removed;;
8012111486;Package;8012111486;;;;"Запчасти и аксессуары";;;;0;;;;;;new;;;;;;18.10_26;removed;;
8012109033;Package;8012109033;;;;"Запчасти и аксессуары";;;;0;;;;;;new;;;;;;18.10_26;removed;;
8012105430;Package;8012105430;;;;"Запчасти и аксессуары";;;;0;;;;;;new;;;;;;18.10_26;removed;;
8012105340;Package;8012105340;;;;"Запчасти и аксессуары";;;;0;;;;;;new;;;;;;18.10_26;removed;;
8012104577;Package;8012104577;;;;"Запчасти и аксессуары";;;;0;;;;;;new;;;;;;18.10_26;removed;;
8012104112;Package;8012104112;;;;"Запчасти и аксессуары";;;;0;;;;;;new;;;;;;18.10_26;removed;;
8012101876;Package;8012101876;;;;"Запчасти и аксессуары";;;;0;;;;;;new;;;;;;18.10_26;removed;;
8012101868;Package;8012101868;;;;"Запчасти и аксессуары";;;;0;;;;;;new;;;;;;18.10_26;removed;;
8012101806;Package;8012101806;;;;"Запчасти и аксессуары";;;;0;;;;;;new;;;;;;18.10_26;removed;;
8012098209;Package;8012098209;;;;"Запчасти и аксессуары";;;;0;;;;;;new;;;;;;18.10_26;removed;;
8012097678;Package;8012097678;;;;"Запчасти и аксессуары";;;;0;;;;;;new;;;;;;18.10_26;removed;;
8012092864;Package;8012092864;;;;"Запчасти и аксессуары";;;;0;;;;;;new;;;;;;18.10_26;removed;;
8012089348;Package;8012089348;;;;"Запчасти и аксессуары";;;;0;;;;;;new;;;;;;18.10_26;removed;;
8012089343;Package;8012089343;;;;"Запчасти и аксессуары";;;;0;;;;;;new;;;;;;18.10_26;removed;;
8012082707;Package;8012082707;;;;"Запчасти и аксессуары";;;;0;;;;;;new;;;;;;18.10_26;removed;;
8012081332;Package;8012081332;;;;"Запчасти и аксессуары";;;;0;;;;;;new;;;;;;18.10_26;removed;;
8012079551;Package;8012079551;;;;"Запчасти и аксессуары";;;;0;;;;;;new;;;;;;18.10_26;removed;;
8012079103;Package;8012079103;;;;"Запчасти и аксессуары";;;;0;;;;;;new;;;;;;18.10_26;removed;;
8012074790;Package;8012074790;;;;"Запчасти и аксессуары";;;;0;;;;;;new;;;;;;18.10_26;removed;;
8012073699;Package;8012073699;;;;"Запчасти и аксессуары";;;;0;;;;;;new;;;;;;18.10_26;removed;;
8012072680;Package;8012072680;;;;"Запчасти и аксессуары";;;;0;;;;;;new;;;;;;18.10_26;removed;;
8012071695;Package;8012071695;;;;"Запчасти и аксессуары";;;;0;;;;;;new;;;;;;18.10_26;removed;;
8012068486;Package;8012068486;;;;"Запчасти и аксессуары";;;;0;;;;;;new;;;;;;18.10_26;removed;;
8012064825;Package;8012064825;;;;"Запчасти и аксессуары";;;;0;;;;;;new;;;;;;18.10_26;removed;;
8012064049;Package;8012064049;;;;"Запчасти и аксессуары";;;;0;;;;;;new;;;;;;18.10_26;removed;;
8012060520;Package;8012060520;;;;"Запчасти и аксессуары";;;;0;;;;;;new;;;;;;18.10_26;removed;;
8012059361;Package;8012059361;;;;"Запчасти и аксессуары";;;;0;;;;;;new;;;;;;18.10_26;removed;;
8012059349;Package;8012059349;;;;"Запчасти и аксессуары";;;;0;;;;;;new;;;;;;18.10_26;removed;;
8012058087;Package;8012058087;;;;"Запчасти и аксессуары";;;;0;;;;;;new;;;;;;18.10_26;removed;;
8012058004;Package;8012058004;;;;"Запчасти и аксессуары";;;;0;;;;;;new;;;;;;18.10_26;removed;;
8012055474;Package;8012055474;;;;"Запчасти и аксессуары";;;;0;;;;;;new;;;;;;18.10_26;removed;;
8012055462;Package;8012055462;;;;"Запчасти и аксессуары";;;;0;;;;;;new;;;;;;18.10_26;removed;;
8012051374;Package;8012051374;;;;"Запчасти и аксессуары";;;;0;;;;;;new;;;;;;18.10_26;removed;;
8012048616;Package;8012048616;;;;"Запчасти и аксессуары";;;;0;;;;;;new;;;;;;18.10_26;removed;;
8012044276;Package;8012044276;;;;"Запчасти и аксессуары";;;;0;;;;;;new;;;;;;18.10_26;removed;;
8012043637;Package;8012043637;;;;"Запчасти и аксессуары";;;;0;;;;;;new;;;;;;18.10_26;removed;;
8012043115;Package;8012043115;;;;"Запчасти и аксессуары";;;;0;;;;;;new;;;;;;18.10_26;removed;;
8012042280;Package;8012042280;;;;"Запчасти и аксессуары";;;;0;;;;;;new;;;;;;18.10_26;removed;;
8012040880;Package;8012040880;;;;"Запчасти и аксессуары";;;;0;;;;;;new;;;;;;18.10_26;removed;;
8012039975;Package;8012039975;;;;"Запчасти и аксессуары";;;;0;;;;;;new;;;;;;18.10_26;removed;;
8012037644;Package;8012037644;;;;"Запчасти и аксессуары";;;;0;;;;;;new;;;;;;18.10_26;removed;;
8012037635;Package;8012037635;;;;"Запчасти и аксессуары";;;;0;;;;;;new;;;;;;18.10_26;removed;;
8012036644;Package;8012036644;;;;"Запчасти и аксессуары";;;;0;;;;;;new;;;;;;18.10_26;removed;;
8012034795;Package;8012034795;;;;"Запчасти и аксессуары";;;;0;;;;;;new;;;;;;18.10_26;removed;;
8012032674;Package;8012032674;;;;"Запчасти и аксессуары";;;;0;;;;;;new;;;;;;18.10_26;removed;;
8012030029;Package;8012030029;;;;"Запчасти и аксессуары";;;;0;;;;;;new;;;;;;18.10_26;removed;;
8012024081;Package;8012024081;;;;"Запчасти и аксессуары";;;;0;;;;;;new;;;;;;18.10_26;removed;;
8012019396;Package;8012019396;;;;"Запчасти и аксессуары";;;;0;;;;;;new;;;;;;18.10_26;removed;;
8012019384;Package;8012019384;;;;"Запчасти и аксессуары";;;;0;;;;;;new;;;;;;18.10_26;removed;;
8012019066;Package;8012019066;;;;"Запчасти и аксессуары";;;;0;;;;;;new;;;;;;18.10_26;removed;;
8012015005;Package;8012015005;;;;"Запчасти и аксессуары";;;;0;;;;;;new;;;;;;18.10_26;removed;;
8012011135;Package;8012011135;;;;"Запчасти и аксессуары";;;;0;;;;;;new;;;;;;18.10_26;removed;;
8012008416;Package;8012008416;;;;"Запчасти и аксессуары";;;;0;;;;;;new;;;;;;18.10_26;removed;;
8012007576;Package;8012007576;;;;"Запчасти и аксессуары";;;;0;;;;;;new;;;;;;18.10_26;removed;;
8012005851;Package;8012005851;;;;"Запчасти и аксессуары";;;;0;;;;;;new;;;;;;18.10_26;removed;;
8012005033;Package;8012005033;;;;"Запчасти и аксессуары";;;;0;;;;;;new;;;;;;18.10_26;removed;;
8012004539;Package;8012004539;;;;"Запчасти и аксессуары";;;;0;;;;;;new;;;;;;18.10_26;removed;;
8012002248;Package;8012002248;;;;"Запчасти и аксессуары";;;;0;;;;;;new;;;;;;18.10_26;removed;;
8011999811;Package;8011999811;;;;"Запчасти и аксессуары";;;;0;;;;;;new;;;;;;18.10_26;removed;;
8011999774;Package;8011999774;;;;"Запчасти и аксессуары";;;;0;;;;;;new;;;;;;18.10_26;removed;;
8011998253;Package;8011998253;;;;"Запчасти и аксессуары";;;;0;;;;;;new;;;;;;18.10_26;removed;;
8011997245;Package;8011997245;;;;"Запчасти и аксессуары";;;;0;;;;;;new;;;;;;18.10_26;removed;;
8011996719;Package;8011996719;;;;"Запчасти и аксессуары";;;;0;;;;;;new;;;;;;18.10_26;removed;;
8011996018;Package;8011996018;;;;"Запчасти и аксессуары";;;;0;;;;;;new;;;;;;18.10_26;removed;;
8011994858;Package;8011994858;;;;"Запчасти и аксессуары";;;;0;;;;;;new;;;;;;18.10_26;removed;;
8011993450;Package;8011993450;;;;"Запчасти и аксессуары";;;;0;;;;;;new;;;;;;18.10_26;removed;;
8011985250;Package;8011985250;;;;"Запчасти и аксессуары";;;;0;;;;;;new;;;;;;18.10_26;removed;;
8011982849;Package;8011982849;;;;"Запчасти и аксессуары";;;;0;;;;;;new;;;;;;18.10_26;removed;;
8011982477;Package;8011982477;;;;"Запчасти и аксессуары";;;;0;;;;;;new;;;;;;18.10_26;removed;;
8011978620;Package;8011978620;;;;"Запчасти и аксессуары";;;;0;;;;;;new;;;;;;18.10_26;removed;;
8011978302;Package;8011978302;;;;"Запчасти и аксессуары";;;;0;;;;;;new;;;;;;18.10_26;removed;;
8011972379;Package;8011972379;;;;"Запчасти и аксессуары";;;;0;;;;;;new;;;;;;18.10_26;removed;;
8011971380;Package;8011971380;;;;"Запчасти и аксессуары";;;;0;;;;;;new;;;;;;18.10_26;removed;;
8011970585;Package;8011970585;;;;"Запчасти и аксессуары";;;;0;;;;;;new;;;;;;18.10_26;removed;;
8011968362;Package;8011968362;;;;"Запчасти и аксессуары";;;;0;;;;;;new;;;;;;18.10_26;removed;;
8011966169;Package;8011966169;;;;"Запчасти и аксессуары";;;;0;;;;;;new;;;;;;18.10_26;removed;;
8011960999;Package;8011960999;;;;"Запчасти и аксессуары";;;;0;;;;;;new;;;;;;18.10_26;removed;;
8011958065;Package;8011958065;;;;"Запчасти и аксессуары";;;;0;;;;;;new;;;;;;18.10_26;removed;;
8011956439;Package;8011956439;;;;"Запчасти и аксессуары";;;;0;;;;;;new;;;;;;18.10_26;removed;;
8011954632;Package;8011954632;;;;"Запчасти и аксессуары";;;;0;;;;;;new;;;;;;18.10_26;removed;;
8011951981;Package;8011951981;;;;"Запчасти и аксессуары";;;;0;;;;;;new;;;;;;18.10_26;removed;;
8011946037;Package;8011946037;;;;"Запчасти и аксессуары";;;;0;;;;;;new;;;;;;18.10_26;removed;;
8011944796;Package;8011944796;;;;"Запчасти и аксессуары";;;;0;;;;;;new;;;;;;18.10_26;removed;;
8011943659;Package;8011943659;;;;"Запчасти и аксессуары";;;;0;;;;;;new;;;;;;18.10_26;removed;;
8011943651;Package;8011943651;;;;"Запчасти и аксессуары";;;;0;;;;;;new;;;;;;18.10_26;removed;;
8011935290;Package;8011935290;;;;"Запчасти и аксессуары";;;;0;;;;;;new;;;;;;18.10_26;removed;;
8011935272;Package;8011935272;;;;"Запчасти и аксессуары";;;;0;;;;;;new;;;;;;18.10_26;removed;;
8011932325;Package;8011932325;;;;"Запчасти и аксессуары";;;;0;;;;;;new;;;;;;18.10_26;removed;;
8011930350;Package;8011930350;;;;"Запчасти и аксессуары";;;;0;;;;;;new;;;;;;18.10_26;removed;;
8011927605;Package;8011927605;;;;"Запчасти и аксессуары";;;;0;;;;;;new;;;;;;18.10_26;removed;;
8011926216;Package;8011926216;;;;"Запчасти и аксессуары";;;;0;;;;;;new;;;;;;18.10_26;removed;;
8011924702;Package;8011924702;;;;"Запчасти и аксессуары";;;;0;;;;;;new;;;;;;18.10_26;removed;;
8011924270;Package;8011924270;;;;"Запчасти и аксессуары";;;;0;;;;;;new;;;;;;18.10_26;removed;;
8011922534;Package;8011922534;;;;"Запчасти и аксессуары";;;;0;;;;;;new;;;;;;18.10_26;removed;;
8011921056;Package;8011921056;;;;"Запчасти и аксессуары";;;;0;;;;;;new;;;;;;18.10_26;removed;;
8011916008;Package;8011916008;;;;"Запчасти и аксессуары";;;;0;;;;;;new;;;;;;18.10_26;removed;;
8011908224;Package;8011908224;;;;"Запчасти и аксессуары";;;;0;;;;;;new;;;;;;18.10_26;removed;;
7980910146;Package;7980910146;;;;"Запчасти и аксессуары";;;;0;;;;;;new;;;;;;18.10_26;removed;;
7980907544;Package;7980907544;;;;"Запчасти и аксессуары";;;;0;;;;;;new;;;;;;18.10_26;removed;;
7980903046;Package;7980903046;;;;"Запчасти и аксессуары";;;;0;;;;;;new;;;;;;18.10_26;removed;;
7980902689;Package;7980902689;;;;"Запчасти и аксессуары";;;;0;;;;;;new;;;;;;18.10_26;removed;;
7980901649;Package;7980901649;;;;"Запчасти и аксессуары";;;;0;;;;;;new;;;;;;18.10_26;removed;;
7980898341;Package;7980898341;;;;"Запчасти и аксессуары";;;;0;;;;;;new;;;;;;18.10_26;removed;;
7980897169;Package;7980897169;;;;"Запчасти и аксессуары";;;;0;;;;;;new;;;;;;18.10_26;removed;;
7980895254;Package;7980895254;;;;"Запчасти и аксессуары";;;;0;;;;;;new;;;;;;18.10_26;removed;;
7980894598;Package;7980894598;;;;"Запчасти и аксессуары";;;;0;;;;;;new;;;;;;18.10_26;removed;;
7980893566;Package;7980893566;;;;"Запчасти и аксессуары";;;;0;;;;;;new;;;;;;18.10_26;removed;;
7980891963;Package;7980891963;;;;"Запчасти и аксессуары";;;;0;;;;;;new;;;;;;18.10_26;removed;;
7980885938;Package;7980885938;;;;"Запчасти и аксессуары";;;;0;;;;;;new;;;;;;18.10_26;removed;;
7980885478;Package;7980885478;;;;"Запчасти и аксессуары";;;;0;;;;;;new;;;;;;18.10_26;removed;;
7980885189;Package;7980885189;;;;"Запчасти и аксессуары";;;;0;;;;;;new;;;;;;18.10_26;removed;;
7980884308;Package;7980884308;;;;"Запчасти и аксессуары";;;;0;;;;;;new;;;;;;18.10_26;removed;;
7980881676;Package;7980881676;;;;"Запчасти и аксессуары";;;;0;;;;;;new;;;;;;18.10_26;removed;;
7980879083;Package;7980879083;;;;"Запчасти и аксессуары";;;;0;;;;;;new;;;;;;18.10_26;removed;;
7980877917;Package;7980877917;;;;"Запчасти и аксессуары";;;;0;;;;;;new;;;;;;18.10_26;removed;;
7980877163;Package;7980877163;;;;"Запчасти и аксессуары";;;;0;;;;;;new;;;;;;18.10_26;removed;;
7980876876;Package;7980876876;;;;"Запчасти и аксессуары";;;;0;;;;;;new;;;;;;18.10_26;removed;;
7980874440;Package;7980874440;;;;"Запчасти и аксессуары";;;;0;;;;;;new;;;;;;18.10_26;removed;;
7980871752;Package;7980871752;;;;"Запчасти и аксессуары";;;;0;;;;;;new;;;;;;18.10_26;removed;;
7980868496;Package;7980868496;;;;"Запчасти и аксессуары";;;;0;;;;;;new;;;;;;18.10_26;removed;;
7980867877;Package;7980867877;;;;"Запчасти и аксессуары";;;;0;;;;;;new;;;;;;18.10_26;removed;;
7980866048;Package;7980866048;;;;"Запчасти и аксессуары";;;;0;;;;;;new;;;;;;18.10_26;removed;;
7980865280;Package;7980865280;;;;"Запчасти и аксессуары";;;;0;;;;;;new;;;;;;18.10_26;removed;;
7980864206;Package;7980864206;;;;"Запчасти и аксессуары";;;;0;;;;;;new;;;;;;18.10_26;removed;;
7980863709;Package;7980863709;;;;"Запчасти и аксессуары";;;;0;;;;;;new;;;;;;18.10_26;removed;;
7980862838;Package;7980862838;;;;"Запчасти и аксессуары";;;;0;;;;;;new;;;;;;18.10_26;removed;;
7980856242;Package;7980856242;;;;"Запчасти и аксессуары";;;;0;;;;;;new;;;;;;18.10_26;removed;;
7980855283;Package;7980855283;;;;"Запчасти и аксессуары";;;;0;;;;;;new;;;;;;18.10_26;removed;;
7980852957;Package;7980852957;;;;"Запчасти и аксессуары";;;;0;;;;;;new;;;;;;18.10_26;removed;;
7980851361;Package;7980851361;;;;"Запчасти и аксессуары";;;;0;;;;;;new;;;;;;18.10_26;removed;;
7980850235;Package;7980850235;;;;"Запчасти и аксессуары";;;;0;;;;;;new;;;;;;18.10_26;removed;;
7980848942;Package;7980848942;;;;"Запчасти и аксессуары";;;;0;;;;;;new;;;;;;18.10_26;removed;;
7980847525;Package;7980847525;;;;"Запчасти и аксессуары";;;;0;;;;;;new;;;;;;18.10_26;removed;;
7980847068;Package;7980847068;;;;"Запчасти и аксессуары";;;;0;;;;;;new;;;;;;18.10_26;removed;;
7980846819;Package;7980846819;;;;"Запчасти и аксессуары";;;;0;;;;;;new;;;;;;18.10_26;removed;;
7980845250;Package;7980845250;;;;"Запчасти и аксессуары";;;;0;;;;;;new;;;;;;18.10_26;removed;;
7980844603;Package;7980844603;;;;"Запчасти и аксессуары";;;;0;;;;;;new;;;;;;18.10_26;removed;;
7980844169;Package;7980844169;;;;"Запчасти и аксессуары";;;;0;;;;;;new;;;;;;18.10_26;removed;;
7980843942;Package;7980843942;;;;"Запчасти и аксессуары";;;;0;;;;;;new;;;;;;18.10_26;removed;;
7980843936;Package;7980843936;;;;"Запчасти и аксессуары";;;;0;;;;;;new;;;;;;18.10_26;removed;;
7980843868;Package;7980843868;;;;"Запчасти и аксессуары";;;;0;;;;;;new;;;;;;18.10_26;removed;;
7980842729;Package;7980842729;;;;"Запчасти и аксессуары";;;;0;;;;;;new;;;;;;18.10_26;removed;;
7980842258;Package;7980842258;;;;"Запчасти и аксессуары";;;;0;;;;;;new;;;;;;18.10_26;removed;;
7980841343;Package;7980841343;;;;"Запчасти и аксессуары";;;;0;;;;;;new;;;;;;18.10_26;removed;;
7980840467;Package;7980840467;;;;"Запчасти и аксессуары";;;;0;;;;;;new;;;;;;18.10_26;removed;;
7980838732;Package;7980838732;;;;"Запчасти и аксессуары";;;;0;;;;;;new;;;;;;18.10_26;removed;;
7980837949;Package;7980837949;;;;"Запчасти и аксессуары";;;;0;;;;;;new;;;;;;18.10_26;removed;;
7980834791;Package;7980834791;;;;"Запчасти и аксессуары";;;;0;;;;;;new;;;;;;18.10_26;removed;;
7980830459;Package;7980830459;;;;"Запчасти и аксессуары";;;;0;;;;;;new;;;;;;18.10_26;removed;;
7980829279;Package;7980829279;;;;"Запчасти и аксессуары";;;;0;;;;;;new;;;;;;18.10_26;removed;;
7980825782;Package;7980825782;;;;"Запчасти и аксессуары";;;;0;;;;;;new;;;;;;18.10_26;removed;;
7980821557;Package;7980821557;;;;"Запчасти и аксессуары";;;;0;;;;;;new;;;;;;18.10_26;removed;;
7980820756;Package;7980820756;;;;"Запчасти и аксессуары";;;;0;;;;;;new;;;;;;18.10_26;removed;;
7980819221;Package;7980819221;;;;"Запчасти и аксессуары";;;;0;;;;;;new;;;;;;18.10_26;removed;;
7980818714;Package;7980818714;;;;"Запчасти и аксессуары";;;;0;;;;;;new;;;;;;18.10_26;removed;;
7980817011;Package;7980817011;;;;"Запчасти и аксессуары";;;;0;;;;;;new;;;;;;18.10_26;removed;;
7980814444;Package;7980814444;;;;"Запчасти и аксессуары";;;;0;;;;;;new;;;;;;18.10_26;removed;;
7980813585;Package;7980813585;;;;"Запчасти и аксессуары";;;;0;;;;;;new;;;;;;18.10_26;removed;;
7980808972;Package;7980808972;;;;"Запчасти и аксессуары";;;;0;;;;;;new;;;;;;18.10_26;removed;;
7980808778;Package;7980808778;;;;"Запчасти и аксессуары";;;;0;;;;;;new;;;;;;18.10_26;removed;;
7980807154;Package;7980807154;;;;"Запчасти и аксессуары";;;;0;;;;;;new;;;;;;18.10_26;removed;;
7980805560;Package;7980805560;;;;"Запчасти и аксессуары";;;;0;;;;;;new;;;;;;18.10_26;removed;;
7980805493;Package;7980805493;;;;"Запчасти и аксессуары";;;;0;;;;;;new;;;;;;18.10_26;removed;;
7980805486;Package;7980805486;;;;"Запчасти и аксессуары";;;;0;;;;;;new;;;;;;18.10_26;removed;;
7980802553;Package;7980802553;;;;"Запчасти и аксессуары";;;;0;;;;;;new;;;;;;18.10_26;removed;;
7980800279;Package;7980800279;;;;"Запчасти и аксессуары";;;;0;;;;;;new;;;;;;18.10_26;removed;;
7980797784;Package;7980797784;;;;"Запчасти и аксессуары";;;;0;;;;;;new;;;;;;18.10_26;removed;;
7980797699;Package;7980797699;;;;"Запчасти и аксессуары";;;;0;;;;;;new;;;;;;18.10_26;removed;;
7980797130;Package;7980797130;;;;"Запчасти и аксессуары";;;;0;;;;;;new;;;;;;18.10_26;removed;;
7980795184;Package;7980795184;;;;"Запчасти и аксессуары";;;;0;;;;;;new;;;;;;18.10_26;removed;;
7980794353;Package;7980794353;;;;"Запчасти и аксессуары";;;;0;;;;;;new;;;;;;18.10_26;removed;;
7980792529;Package;7980792529;;;;"Запчасти и аксессуары";;;;0;;;;;;new;;;;;;18.10_26;removed;;
7980791603;Package;7980791603;;;;"Запчасти и аксессуары";;;;0;;;;;;new;;;;;;18.10_26;removed;;
7980789202;Package;7980789202;;;;"Запчасти и аксессуары";;;;0;;;;;;new;;;;;;18.10_26;removed;;
7980775548;Package;7980775548;;;;"Запчасти и аксессуары";;;;0;;;;;;new;;;;;;18.10_26;removed;;
7980775066;Package;7980775066;;;;"Запчасти и аксессуары";;;;0;;;;;;new;;;;;;18.10_26;removed;;
7980774807;Package;7980774807;;;;"Запчасти и аксессуары";;;;0;;;;;;new;;;;;;18.10_26;removed;;
7980774000;Package;7980774000;;;;"Запчасти и аксессуары";;;;0;;;;;;new;;;;;;18.10_26;removed;;
7980772585;Package;7980772585;;;;"Запчасти и аксессуары";;;;0;;;;;;new;;;;;;18.10_26;removed;;
7980770950;Package;7980770950;;;;"Запчасти и аксессуары";;;;0;;;;;;new;;;;;;18.10_26;removed;;
7980770111;Package;7980770111;;;;"Запчасти и аксессуары";;;;0;;;;;;new;;;;;;18.10_26;removed;;
7980769661;Package;7980769661;;;;"Запчасти и аксессуары";;;;0;;;;;;new;;;;;;18.10_26;removed;;
7980769267;Package;7980769267;;;;"Запчасти и аксессуары";;;;0;;;;;;new;;;;;;18.10_26;removed;;
7980767665;Package;7980767665;;;;"Запчасти и аксессуары";;;;0;;;;;;new;;;;;;18.10_26;removed;;
7980760628;Package;7980760628;;;;"Запчасти и аксессуары";;;;0;;;;;;new;;;;;;18.10_26;removed;;
7980759578;Package;7980759578;;;;"Запчасти и аксессуары";;;;0;;;;;;new;;;;;;18.10_26;removed;;
7980757273;Package;7980757273;;;;"Запчасти и аксессуары";;;;0;;;;;;new;;;;;;18.10_26;removed;;
7980747966;Package;7980747966;;;;"Запчасти и аксессуары";;;;0;;;;;;new;;;;;;18.10_26;removed;;
7980744142;Package;7980744142;;;;"Запчасти и аксессуары";;;;0;;;;;;new;;;;;;18.10_26;removed;;
7980742963;Package;7980742963;;;;"Запчасти и аксессуары";;;;0;;;;;;new;;;;;;18.10_26;removed;;
7980741528;Package;7980741528;;;;"Запчасти и аксессуары";;;;0;;;;;;new;;;;;;18.10_26;removed;;
7980740222;Package;7980740222;;;;"Запчасти и аксессуары";;;;0;;;;;;new;;;;;;18.10_26;removed;;
7980734808;Package;7980734808;;;;"Запчасти и аксессуары";;;;0;;;;;;new;;;;;;18.10_26;removed;;
7980734728;Package;7980734728;;;;"Запчасти и аксессуары";;;;0;;;;;;new;;;;;;18.10_26;removed;;
7980733838;Package;7980733838;;;;"Запчасти и аксессуары";;;;0;;;;;;new;;;;;;18.10_26;removed;;
7980733792;Package;7980733792;;;;"Запчасти и аксессуары";;;;0;;;;;;new;;;;;;18.10_26;removed;;
7980730891;Package;7980730891;;;;"Запчасти и аксессуары";;;;0;;;;;;new;;;;;;18.10_26;removed;;
7980728693;Package;7980728693;;;;"Запчасти и аксессуары";;;;0;;;;;;new;;;;;;18.10_26;removed;;
7980728540;Package;7980728540;;;;"Запчасти и аксессуары";;;;0;;;;;;new;;;;;;18.10_26;removed;;
7980726001;Package;7980726001;;;;"Запчасти и аксессуары";;;;0;;;;;;new;;;;;;18.10_26;removed;;
7980725373;Package;7980725373;;;;"Запчасти и аксессуары";;;;0;;;;;;new;;;;;;18.10_26;removed;;
7980725350;Package;7980725350;;;;"Запчасти и аксессуары";;;;0;;;;;;new;;;;;;18.10_26;removed;;
7980724671;Package;7980724671;;;;"Запчасти и аксессуары";;;;0;;;;;;new;;;;;;18.10_26;removed;;
7980722766;Package;7980722766;;;;"Запчасти и аксессуары";;;;0;;;;;;new;;;;;;18.10_26;removed;;
7980720791;Package;7980720791;;;;"Запчасти и аксессуары";;;;0;;;;;;new;;;;;;18.10_26;removed;;
7980719247;Package;7980719247;;;;"Запчасти и аксессуары";;;;0;;;;;;new;;;;;;18.10_26;removed;;
7980719068;Package;7980719068;;;;"Запчасти и аксессуары";;;;0;;;;;;new;;;;;;18.10_26;removed;;
7980718081;Package;7980718081;;;;"Запчасти и аксессуары";;;;0;;;;;;new;;;;;;18.10_26;removed;;
7980716773;Package;7980716773;;;;"Запчасти и аксессуары";;;;0;;;;;;new;;;;;;18.10_26;removed;;
7980715608;Package;7980715608;;;;"Запчасти и аксессуары";;;;0;;;;;;new;;;;;;18.10_26;removed;;
7980714686;Package;7980714686;;;;"Запчасти и аксессуары";;;;0;;;;;;new;;;;;;18.10_26;removed;;
7980713683;Package;7980713683;;;;"Запчасти и аксессуары";;;;0;;;;;;new;;;;;;18.10_26;removed;;
7980713502;Package;7980713502;;;;"Запчасти и аксессуары";;;;0;;;;;;new;;;;;;18.10_26;removed;;
7980713289;Package;7980713289;;;;"Запчасти и аксессуары";;;;0;;;;;;new;;;;;;18.10_26;removed;;
7980713028;Package;7980713028;;;;"Запчасти и аксессуары";;;;0;;;;;;new;;;;;;18.10_26;removed;;
7980711825;Package;7980711825;;;;"Запчасти и аксессуары";;;;0;;;;;;new;;;;;;18.10_26;removed;;
7980710281;Package;7980710281;;;;"Запчасти и аксессуары";;;;0;;;;;;new;;;;;;18.10_26;removed;;
7980708085;Package;7980708085;;;;"Запчасти и аксессуары";;;;0;;;;;;new;;;;;;18.10_26;removed;;
7980703590;Package;7980703590;;;;"Запчасти и аксессуары";;;;0;;;;;;new;;;;;;18.10_26;removed;;
7980702351;Package;7980702351;;;;"Запчасти и аксессуары";;;;0;;;;;;new;;;;;;18.10_26;removed;;
7980698049;Package;7980698049;;;;"Запчасти и аксессуары";;;;0;;;;;;new;;;;;;18.10_26;removed;;
7980691620;Package;7980691620;;;;"Запчасти и аксессуары";;;;0;;;;;;new;;;;;;18.10_26;removed;;
7980688537;Package;7980688537;;;;"Запчасти и аксессуары";;;;0;;;;;;new;;;;;;18.10_26;removed;;
7980687767;Package;7980687767;;;;"Запчасти и аксессуары";;;;0;;;;;;new;;;;;;18.10_26;removed;;
7980686351;Package;7980686351;;;;"Запчасти и аксессуары";;;;0;;;;;;new;;;;;;18.10_26;removed;;
7980686060;Package;7980686060;;;;"Запчасти и аксессуары";;;;0;;;;;;new;;;;;;18.10_26;removed;;
7980685415;Package;7980685415;;;;"Запчасти и аксессуары";;;;0;;;;;;new;;;;;;18.10_26;removed;;
7980684018;Package;7980684018;;;;"Запчасти и аксессуары";;;;0;;;;;;new;;;;;;18.10_26;removed;;
7980679055;Package;7980679055;;;;"Запчасти и аксессуары";;;;0;;;;;;new;;;;;;18.10_26;removed;;
7980677311;Package;7980677311;;;;"Запчасти и аксессуары";;;;0;;;;;;new;;;;;;18.10_26;removed;;
7980674573;Package;7980674573;;;;"Запчасти и аксессуары";;;;0;;;;;;new;;;;;;18.10_26;removed;;
7980674506;Package;7980674506;;;;"Запчасти и аксессуары";;;;0;;;;;;new;;;;;;18.10_26;removed;;
7980669152;Package;7980669152;;;;"Запчасти и аксессуары";;;;0;;;;;;new;;;;;;18.10_26;removed;;
7980668533;Package;7980668533;;;;"Запчасти и аксессуары";;;;0;;;;;;new;;;;;;18.10_26;removed;;
7980664953;Package;7980664953;;;;"Запчасти и аксессуары";;;;0;;;;;;new;;;;;;18.10_26;removed;;
7980664412;Package;7980664412;;;;"Запчасти и аксессуары";;;;0;;;;;;new;;;;;;18.10_26;removed;;
7980662774;Package;7980662774;;;;"Запчасти и аксессуары";;;;0;;;;;;new;;;;;;18.10_26;removed;;
7980662698;Package;7980662698;;;;"Запчасти и аксессуары";;;;0;;;;;;new;;;;;;18.10_26;removed;;
7980658882;Package;7980658882;;;;"Запчасти и аксессуары";;;;0;;;;;;new;;;;;;18.10_26;removed;;
7980657578;Package;7980657578;;;;"Запчасти и аксессуары";;;;0;;;;;;new;;;;;;18.10_26;removed;;
7980657058;Package;7980657058;;;;"Запчасти и аксессуары";;;;0;;;;;;new;;;;;;18.10_26;removed;;
7980655825;Package;7980655825;;;;"Запчасти и аксессуары";;;;0;;;;;;new;;;;;;18.10_26;removed;;
7980655666;Package;7980655666;;;;"Запчасти и аксессуары";;;;0;;;;;;new;;;;;;18.10_26;removed;;
7980655193;Package;7980655193;;;;"Запчасти и аксессуары";;;;0;;;;;;new;;;;;;18.10_26;removed;;
7980654316;Package;7980654316;;;;"Запчасти и аксессуары";;;;0;;;;;;new;;;;;;18.10_26;removed;;
7980653786;Package;7980653786;;;;"Запчасти и аксессуары";;;;0;;;;;;new;;;;;;18.10_26;removed;;
7980652798;Package;7980652798;;;;"Запчасти и аксессуары";;;;0;;;;;;new;;;;;;18.10_26;removed;;
7980651844;Package;7980651844;;;;"Запчасти и аксессуары";;;;0;;;;;;new;;;;;;18.10_26;removed;;
7980643565;Package;7980643565;;;;"Запчасти и аксессуары";;;;0;;;;;;new;;;;;;18.10_26;removed;;
7980640982;Package;7980640982;;;;"Запчасти и аксессуары";;;;0;;;;;;new;;;;;;18.10_26;removed;;
7980637373;Package;7980637373;;;;"Запчасти и аксессуары";;;;0;;;;;;new;;;;;;18.10_26;removed;;
7980636766;Package;7980636766;;;;"Запчасти и аксессуары";;;;0;;;;;;new;;;;;;18.10_26;removed;;
7980631877;Package;7980631877;;;;"Запчасти и аксессуары";;;;0;;;;;;new;;;;;;18.10_26;removed;;
7980631601;Package;7980631601;;;;"Запчасти и аксессуары";;;;0;;;;;;new;;;;;;18.10_26;removed;;
7980628778;Package;7980628778;;;;"Запчасти и аксессуары";;;;0;;;;;;new;;;;;;18.10_26;removed;;
7980628440;Package;7980628440;;;;"Запчасти и аксессуары";;;;0;;;;;;new;;;;;;18.10_26;removed;;
7980628023;Package;7980628023;;;;"Запчасти и аксессуары";;;;0;;;;;;new;;;;;;18.10_26;removed;;
7980626678;Package;7980626678;;;;"Запчасти и аксессуары";;;;0;;;;;;new;;;;;;18.10_26;removed;;
7980622238;Package;7980622238;;;;"Запчасти и аксессуары";;;;0;;;;;;new;;;;;;18.10_26;removed;;
7980622008;Package;7980622008;;;;"Запчасти и аксессуары";;;;0;;;;;;new;;;;;;18.10_26;removed;;
7980619851;Package;7980619851;;;;"Запчасти и аксессуары";;;;0;;;;;;new;;;;;;18.10_26;removed;;
7980619281;Package;7980619281;;;;"Запчасти и аксессуары";;;;0;;;;;;new;;;;;;18.10_26;removed;;
7980614918;Package;7980614918;;;;"Запчасти и аксессуары";;;;0;;;;;;new;;;;;;18.10_26;removed;;
7980610916;Package;7980610916;;;;"Запчасти и аксессуары";;;;0;;;;;;new;;;;;;18.10_26;removed;;
7980609939;Package;7980609939;;;;"Запчасти и аксессуары";;;;0;;;;;;new;;;;;;18.10_26;removed;;
7980608639;Package;7980608639;;;;"Запчасти и аксессуары";;;;0;;;;;;new;;;;;;18.10_26;removed;;
7980607181;Package;7980607181;;;;"Запчасти и аксессуары";;;;0;;;;;;new;;;;;;18.10_26;removed;;
7980603775;Package;7980603775;;;;"Запчасти и аксессуары";;;;0;;;;;;new;;;;;;18.10_26;removed;;
7980602617;Package;7980602617;;;;"Запчасти и аксессуары";;;;0;;;;;;new;;;;;;18.10_26;removed;;
7980600031;Package;7980600031;;;;"Запчасти и аксессуары";;;;0;;;;;;new;;;;;;18.10_26;removed;;
7980599804;Package;7980599804;;;;"Запчасти и аксессуары";;;;0;;;;;;new;;;;;;18.10_26;removed;;
7980599727;Package;7980599727;;;;"Запчасти и аксессуары";;;;0;;;;;;new;;;;;;18.10_26;removed;;
7980599448;Package;7980599448;;;;"Запчасти и аксессуары";;;;0;;;;;;new;;;;;;18.10_26;removed;;
7980599081;Package;7980599081;;;;"Запчасти и аксессуары";;;;0;;;;;;new;;;;;;18.10_26;removed;;
7980599072;Package;7980599072;;;;"Запчасти и аксессуары";;;;0;;;;;;new;;;;;;18.10_26;removed;;
7980598373;Package;7980598373;;;;"Запчасти и аксессуары";;;;0;;;;;;new;;;;;;18.10_26;removed;;
7980596928;Package;7980596928;;;;"Запчасти и аксессуары";;;;0;;;;;;new;;;;;;18.10_26;removed;;
7980595698;Package;7980595698;;;;"Запчасти и аксессуары";;;;0;;;;;;new;;;;;;18.10_26;removed;;
7980592389;Package;7980592389;;;;"Запчасти и аксессуары";;;;0;;;;;;new;;;;;;18.10_26;removed;;
7980591913;Package;7980591913;;;;"Запчасти и аксессуары";;;;0;;;;;;new;;;;;;18.10_26;removed;;
7980589683;Package;7980589683;;;;"Запчасти и аксессуары";;;;0;;;;;;new;;;;;;18.10_26;removed;;
7980589152;Package;7980589152;;;;"Запчасти и аксессуары";;;;0;;;;;;new;;;;;;18.10_26;removed;;
7980588665;Package;7980588665;;;;"Запчасти и аксессуары";;;;0;;;;;;new;;;;;;18.10_26;removed;;
7980586883;Package;7980586883;;;;"Запчасти и аксессуары";;;;0;;;;;;new;;;;;;18.10_26;removed;;
7980585059;Package;7980585059;;;;"Запчасти и аксессуары";;;;0;;;;;;new;;;;;;18.10_26;removed;;
7980584512;Package;7980584512;;;;"Запчасти и аксессуары";;;;0;;;;;;new;;;;;;18.10_26;removed;;
7980580412;Package;7980580412;;;;"Запчасти и аксессуары";;;;0;;;;;;new;;;;;;18.10_26;removed;;
7980577760;Package;7980577760;;;;"Запчасти и аксессуары";;;;0;;;;;;new;;;;;;18.10_26;removed;;
7980577618;Package;7980577618;;;;"Запчасти и аксессуары";;;;0;;;;;;new;;;;;;18.10_26;removed;;
7980574928;Package;7980574928;;;;"Запчасти и аксессуары";;;;0;;;;;;new;;;;;;18.10_26;removed;;
7980571848;Package;7980571848;;;;"Запчасти и аксессуары";;;;0;;;;;;new;;;;;;18.10_26;removed;;
7980570059;Package;7980570059;;;;"Запчасти и аксессуары";;;;0;;;;;;new;;;;;;18.10_26;removed;;
7980568944;Package;7980568944;;;;"Запчасти и аксессуары";;;;0;;;;;;new;;;;;;18.10_26;removed;;
7980567999;Package;7980567999;;;;"Запчасти и аксессуары";;;;0;;;;;;new;;;;;;18.10_26;removed;;
7980565822;Package;7980565822;;;;"Запчасти и аксессуары";;;;0;;;;;;new;;;;;;18.10_26;removed;;
7980564364;Package;7980564364;;;;"Запчасти и аксессуары";;;;0;;;;;;new;;;;;;18.10_26;removed;;
7980556658;Package;7980556658;;;;"Запчасти и аксессуары";;;;0;;;;;;new;;;;;;18.10_26;removed;;
7980549515;Package;7980549515;;;;"Запчасти и аксессуары";;;;0;;;;;;new;;;;;;18.10_26;removed;;
7980546470;Package;7980546470;;;;"Запчасти и аксессуары";;;;0;;;;;;new;;;;;;18.10_26;removed;;
7980545779;Package;7980545779;;;;"Запчасти и аксессуары";;;;0;;;;;;new;;;;;;18.10_26;removed;;
7980545024;Package;7980545024;;;;"Запчасти и аксессуары";;;;0;;;;;;new;;;;;;18.10_26;removed;;
7980544126;Package;7980544126;;;;"Запчасти и аксессуары";;;;0;;;;;;new;;;;;;18.10_26;removed;;
7980542827;Package;7980542827;;;;"Запчасти и аксессуары";;;;0;;;;;;new;;;;;;18.10_26;removed;;
7980542165;Package;7980542165;;;;"Запчасти и аксессуары";;;;0;;;;;;new;;;;;;18.10_26;removed;;
7980537933;Package;7980537933;;;;"Запчасти и аксессуары";;;;0;;;;;;new;;;;;;18.10_26;removed;;
7980535000;Package;7980535000;;;;"Запчасти и аксессуары";;;;0;;;;;;new;;;;;;18.10_26;removed;;
7980532432;Package;7980532432;;;;"Запчасти и аксессуары";;;;0;;;;;;new;;;;;;18.10_26;removed;;
7980531801;Package;7980531801;;;;"Запчасти и аксессуары";;;;0;;;;;;new;;;;;;18.10_26;removed;;
7980528826;Package;7980528826;;;;"Запчасти и аксессуары";;;;0;;;;;;new;;;;;;18.10_26;removed;;
7980528594;Package;7980528594;;;;"Запчасти и аксессуары";;;;0;;;;;;new;;;;;;18.10_26;removed;;
7980528345;Package;7980528345;;;;"Запчасти и аксессуары";;;;0;;;;;;new;;;;;;18.10_26;removed;;
7980528183;Package;7980528183;;;;"Запчасти и аксессуары";;;;0;;;;;;new;;;;;;18.10_26;removed;;
7980526339;Package;7980526339;;;;"Запчасти и аксессуары";;;;0;;;;;;new;;;;;;18.10_26;removed;;
7980524610;Package;7980524610;;;;"Запчасти и аксессуары";;;;0;;;;;;new;;;;;;18.10_26;removed;;
7980523418;Package;7980523418;;;;"Запчасти и аксессуары";;;;0;;;;;;new;;;;;;18.10_26;removed;;
7980522559;Package;7980522559;;;;"Запчасти и аксессуары";;;;0;;;;;;new;;;;;;18.10_26;removed;;
7980515544;Package;7980515544;;;;"Запчасти и аксессуары";;;;0;;;;;;new;;;;;;18.10_26;removed;;
7980514374;Package;7980514374;;;;"Запчасти и аксессуары";;;;0;;;;;;new;;;;;;18.10_26;removed;;
7980510756;Package;7980510756;;;;"Запчасти и аксессуары";;;;0;;;;;;new;;;;;;18.10_26;removed;;
7980510125;Package;7980510125;;;;"Запчасти и аксессуары";;;;0;;;;;;new;;;;;;18.10_26;removed;;
7980510033;Package;7980510033;;;;"Запчасти и аксессуары";;;;0;;;;;;new;;;;;;18.10_26;removed;;
7980509076;Package;7980509076;;;;"Запчасти и аксессуары";;;;0;;;;;;new;;;;;;18.10_26;removed;;
7980508552;Package;7980508552;;;;"Запчасти и аксессуары";;;;0;;;;;;new;;;;;;18.10_26;removed;;
7980507855;Package;7980507855;;;;"Запчасти и аксессуары";;;;0;;;;;;new;;;;;;18.10_26;removed;;
7980506481;Package;7980506481;;;;"Запчасти и аксессуары";;;;0;;;;;;new;;;;;;18.10_26;removed;;
7980506157;Package;7980506157;;;;"Запчасти и аксессуары";;;;0;;;;;;new;;;;;;18.10_26;removed;;
7980505982;Package;7980505982;;;;"Запчасти и аксессуары";;;;0;;;;;;new;;;;;;18.10_26;removed;;
7980503742;Package;7980503742;;;;"Запчасти и аксессуары";;;;0;;;;;;new;;;;;;18.10_26;removed;;
7980498106;Package;7980498106;;;;"Запчасти и аксессуары";;;;0;;;;;;new;;;;;;18.10_26;removed;;
7980498044;Package;7980498044;;;;"Запчасти и аксессуары";;;;0;;;;;;new;;;;;;18.10_26;removed;;
7980497876;Package;7980497876;;;;"Запчасти и аксессуары";;;;0;;;;;;new;;;;;;18.10_26;removed;;
7980497803;Package;7980497803;;;;"Запчасти и аксессуары";;;;0;;;;;;new;;;;;;18.10_26;removed;;
7980496207;Package;7980496207;;;;"Запчасти и аксессуары";;;;0;;;;;;new;;;;;;18.10_26;removed;;
7980496110;Package;7980496110;;;;"Запчасти и аксессуары";;;;0;;;;;;new;;;;;;18.10_26;removed;;
7980491731;Package;7980491731;;;;"Запчасти и аксессуары";;;;0;;;;;;new;;;;;;18.10_26;removed;;
7980491568;Package;7980491568;;;;"Запчасти и аксессуары";;;;0;;;;;;new;;;;;;18.10_26;removed;;
7980490972;Package;7980490972;;;;"Запчасти и аксессуары";;;;0;;;;;;new;;;;;;18.10_26;removed;;
7980489699;Package;7980489699;;;;"Запчасти и аксессуары";;;;0;;;;;;new;;;;;;18.10_26;removed;;
7980488916;Package;7980488916;;;;"Запчасти и аксессуары";;;;0;;;;;;new;;;;;;18.10_26;removed;;
7980488004;Package;7980488004;;;;"Запчасти и аксессуары";;;;0;;;;;;new;;;;;;18.10_26;removed;;
7980486836;Package;7980486836;;;;"Запчасти и аксессуары";;;;0;;;;;;new;;;;;;18.10_26;removed;;
7980486593;Package;7980486593;;;;"Запчасти и аксессуары";;;;0;;;;;;new;;;;;;18.10_26;removed;;
7980482651;Package;7980482651;;;;"Запчасти и аксессуары";;;;0;;;;;;new;;;;;;18.10_26;removed;;
7980476335;Package;7980476335;;;;"Запчасти и аксессуары";;;;0;;;;;;new;;;;;;18.10_26;removed;;
7980475774;Package;7980475774;;;;"Запчасти и аксессуары";;;;0;;;;;;new;;;;;;18.10_26;removed;;
7980473683;Package;7980473683;;;;"Запчасти и аксессуары";;;;0;;;;;;new;;;;;;18.10_26;removed;;
7980470934;Package;7980470934;;;;"Запчасти и аксессуары";;;;0;;;;;;new;;;;;;18.10_26;removed;;
7980469561;Package;7980469561;;;;"Запчасти и аксессуары";;;;0;;;;;;new;;;;;;18.10_26;removed;;
7980468489;Package;7980468489;;;;"Запчасти и аксессуары";;;;0;;;;;;new;;;;;;18.10_26;removed;;
7980467457;Package;7980467457;;;;"Запчасти и аксессуары";;;;0;;;;;;new;;;;;;18.10_26;removed;;
7980467003;Package;7980467003;;;;"Запчасти и аксессуары";;;;0;;;;;;new;;;;;;18.10_26;removed;;
7980466881;Package;7980466881;;;;"Запчасти и аксессуары";;;;0;;;;;;new;;;;;;18.10_26;removed;;
7980465457;Package;7980465457;;;;"Запчасти и аксессуары";;;;0;;;;;;new;;;;;;18.10_26;removed;;
7980465332;Package;7980465332;;;;"Запчасти и аксессуары";;;;0;;;;;;new;;;;;;18.10_26;removed;;
7980464375;Package;7980464375;;;;"Запчасти и аксессуары";;;;0;;;;;;new;;;;;;18.10_26;removed;;
7980463497;Package;7980463497;;;;"Запчасти и аксессуары";;;;0;;;;;;new;;;;;;18.10_26;removed;;
7980462619;Package;7980462619;;;;"Запчасти и аксессуары";;;;0;;;;;;new;;;;;;18.10_26;removed;;
7980461571;Package;7980461571;;;;"Запчасти и аксессуары";;;;0;;;;;;new;;;;;;18.10_26;removed;;
7980459336;Package;7980459336;;;;"Запчасти и аксессуары";;;;0;;;;;;new;;;;;;18.10_26;removed;;
7980458860;Package;7980458860;;;;"Запчасти и аксессуары";;;;0;;;;;;new;;;;;;18.10_26;removed;;
7980455141;Package;7980455141;;;;"Запчасти и аксессуары";;;;0;;;;;;new;;;;;;18.10_26;removed;;
7980453347;Package;7980453347;;;;"Запчасти и аксессуары";;;;0;;;;;;new;;;;;;18.10_26;removed;;
7980450302;Package;7980450302;;;;"Запчасти и аксессуары";;;;0;;;;;;new;;;;;;18.10_26;removed;;
7980449307;Package;7980449307;;;;"Запчасти и аксессуары";;;;0;;;;;;new;;;;;;18.10_26;removed;;
7980447058;Package;7980447058;;;;"Запчасти и аксессуары";;;;0;;;;;;new;;;;;;18.10_26;removed;;
7980445924;Package;7980445924;;;;"Запчасти и аксессуары";;;;0;;;;;;new;;;;;;18.10_26;removed;;
7980443573;Package;7980443573;;;;"Запчасти и аксессуары";;;;0;;;;;;new;;;;;;18.10_26;removed;;
7980443338;Package;7980443338;;;;"Запчасти и аксессуары";;;;0;;;;;;new;;;;;;18.10_26;removed;;
7980441671;Package;7980441671;;;;"Запчасти и аксессуары";;;;0;;;;;;new;;;;;;18.10_26;removed;;
7980439418;Package;7980439418;;;;"Запчасти и аксессуары";;;;0;;;;;;new;;;;;;18.10_26;removed;;
7980438898;Package;7980438898;;;;"Запчасти и аксессуары";;;;0;;;;;;new;;;;;;18.10_26;removed;;
7980438863;Package;7980438863;;;;"Запчасти и аксессуары";;;;0;;;;;;new;;;;;;18.10_26;removed;;
7980433982;Package;7980433982;;;;"Запчасти и аксессуары";;;;0;;;;;;new;;;;;;18.10_26;removed;;
7980433365;Package;7980433365;;;;"Запчасти и аксессуары";;;;0;;;;;;new;;;;;;18.10_26;removed;;
7980433303;Package;7980433303;;;;"Запчасти и аксессуары";;;;0;;;;;;new;;;;;;18.10_26;removed;;
7980432233;Package;7980432233;;;;"Запчасти и аксессуары";;;;0;;;;;;new;;;;;;18.10_26;removed;;
7980430435;Package;7980430435;;;;"Запчасти и аксессуары";;;;0;;;;;;new;;;;;;18.10_26;removed;;
7980429425;Package;7980429425;;;;"Запчасти и аксессуары";;;;0;;;;;;new;;;;;;18.10_26;removed;;
7980428536;Package;7980428536;;;;"Запчасти и аксессуары";;;;0;;;;;;new;;;;;;18.10_26;removed;;
7980427182;Package;7980427182;;;;"Запчасти и аксессуары";;;;0;;;;;;new;;;;;;18.10_26;removed;;
7980426931;Package;7980426931;;;;"Запчасти и аксессуары";;;;0;;;;;;new;;;;;;18.10_26;removed;;
7980426873;Package;7980426873;;;;"Запчасти и аксессуары";;;;0;;;;;;new;;;;;;18.10_26;removed;;
7980425948;Package;7980425948;;;;"Запчасти и аксессуары";;;;0;;;;;;new;;;;;;18.10_26;removed;;
7980424471;Package;7980424471;;;;"Запчасти и аксессуары";;;;0;;;;;;new;;;;;;18.10_26;removed;;
7980423754;Package;7980423754;;;;"Запчасти и аксессуары";;;;0;;;;;;new;;;;;;18.10_26;removed;;
7980422996;Package;7980422996;;;;"Запчасти и аксессуары";;;;0;;;;;;new;;;;;;18.10_26;removed;;
7980419097;Package;7980419097;;;;"Запчасти и аксессуары";;;;0;;;;;;new;;;;;;18.10_26;removed;;
7980416731;Package;7980416731;;;;"Запчасти и аксессуары";;;;0;;;;;;new;;;;;;18.10_26;removed;;
7980412414;Package;7980412414;;;;"Запчасти и аксессуары";;;;0;;;;;;new;;;;;;18.10_26;removed;;
7980409872;Package;7980409872;;;;"Запчасти и аксессуары";;;;0;;;;;;new;;;;;;18.10_26;removed;;
7980409375;Package;7980409375;;;;"Запчасти и аксессуары";;;;0;;;;;;new;;;;;;18.10_26;removed;;
7980407935;Package;7980407935;;;;"Запчасти и аксессуары";;;;0;;;;;;new;;;;;;18.10_26;removed;;
7980404989;Package;7980404989;;;;"Запчасти и аксессуары";;;;0;;;;;;new;;;;;;18.10_26;removed;;
7980402513;Package;7980402513;;;;"Запчасти и аксессуары";;;;0;;;;;;new;;;;;;18.10_26;removed;;
7980401260;Package;7980401260;;;;"Запчасти и аксессуары";;;;0;;;;;;new;;;;;;18.10_26;removed;;
7980399535;Package;7980399535;;;;"Запчасти и аксессуары";;;;0;;;;;;new;;;;;;18.10_26;removed;;
7980398419;Package;7980398419;;;;"Запчасти и аксессуары";;;;0;;;;;;new;;;;;;18.10_26;removed;;
7980397741;Package;7980397741;;;;"Запчасти и аксессуары";;;;0;;;;;;new;;;;;;18.10_26;removed;;
7980395339;Package;7980395339;;;;"Запчасти и аксессуары";;;;0;;;;;;new;;;;;;18.10_26;removed;;
7980394345;Package;7980394345;;;;"Запчасти и аксессуары";;;;0;;;;;;new;;;;;;18.10_26;removed;;
7980393465;Package;7980393465;;;;"Запчасти и аксессуары";;;;0;;;;;;new;;;;;;18.10_26;removed;;
7980393251;Package;7980393251;;;;"Запчасти и аксессуары";;;;0;;;;;;new;;;;;;18.10_26;removed;;
7980391504;Package;7980391504;;;;"Запчасти и аксессуары";;;;0;;;;;;new;;;;;;18.10_26;removed;;
7980388670;Package;7980388670;;;;"Запчасти и аксессуары";;;;0;;;;;;new;;;;;;18.10_26;removed;;
7980385286;Package;7980385286;;;;"Запчасти и аксессуары";;;;0;;;;;;new;;;;;;18.10_26;removed;;
7980379845;Package;7980379845;;;;"Запчасти и аксессуары";;;;0;;;;;;new;;;;;;18.10_26;removed;;
7980379599;Package;7980379599;;;;"Запчасти и аксессуары";;;;0;;;;;;new;;;;;;18.10_26;removed;;
7980374616;Package;7980374616;;;;"Запчасти и аксессуары";;;;0;;;;;;new;;;;;;18.10_26;removed;;
7980374595;Package;7980374595;;;;"Запчасти и аксессуары";;;;0;;;;;;new;;;;;;18.10_26;removed;;
7980374557;Package;7980374557;;;;"Запчасти и аксессуары";;;;0;;;;;;new;;;;;;18.10_26;removed;;
7980372504;Package;7980372504;;;;"Запчасти и аксессуары";;;;0;;;;;;new;;;;;;18.10_26;removed;;
7980368082;Package;7980368082;;;;"Запчасти и аксессуары";;;;0;;;;;;new;;;;;;18.10_26;removed;;
7980367665;Package;7980367665;;;;"Запчасти и аксессуары";;;;0;;;;;;new;;;;;;18.10_26;removed;;
7980366301;Package;7980366301;;;;"Запчасти и аксессуары";;;;0;;;;;;new;;;;;;18.10_26;removed;;
7980364818;Package;7980364818;;;;"Запчасти и аксессуары";;;;0;;;;;;new;;;;;;18.10_26;removed;;
7980363598;Package;7980363598;;;;"Запчасти и аксессуары";;;;0;;;;;;new;;;;;;18.10_26;removed;;
7980359024;Package;7980359024;;;;"Запчасти и аксессуары";;;;0;;;;;;new;;;;;;18.10_26;removed;;
7980353500;Package;7980353500;;;;"Запчасти и аксессуары";;;;0;;;;;;new;;;;;;18.10_26;removed;;
7980352650;Package;7980352650;;;;"Запчасти и аксессуары";;;;0;;;;;;new;;;;;;18.10_26;removed;;
7980350360;Package;7980350360;;;;"Запчасти и аксессуары";;;;0;;;;;;new;;;;;;18.10_26;removed;;
7980350067;Package;7980350067;;;;"Запчасти и аксессуары";;;;0;;;;;;new;;;;;;18.10_26;removed;;
7980349638;Package;7980349638;;;;"Запчасти и аксессуары";;;;0;;;;;;new;;;;;;18.10_26;removed;;
7980348579;Package;7980348579;;;;"Запчасти и аксессуары";;;;0;;;;;;new;;;;;;18.10_26;removed;;
7980346651;Package;7980346651;;;;"Запчасти и аксессуары";;;;0;;;;;;new;;;;;;18.10_26;removed;;
7980345651;Package;7980345651;;;;"Запчасти и аксессуары";;;;0;;;;;;new;;;;;;18.10_26;removed;;
7980344763;Package;7980344763;;;;"Запчасти и аксессуары";;;;0;;;;;;new;;;;;;18.10_26;removed;;
7980341818;Package;7980341818;;;;"Запчасти и аксессуары";;;;0;;;;;;new;;;;;;18.10_26;removed;;
7980340679;Package;7980340679;;;;"Запчасти и аксессуары";;;;0;;;;;;new;;;;;;18.10_26;removed;;
7980339660;Package;7980339660;;;;"Запчасти и аксессуары";;;;0;;;;;;new;;;;;;18.10_26;removed;;
7980339158;Package;7980339158;;;;"Запчасти и аксессуары";;;;0;;;;;;new;;;;;;18.10_26;removed;;
7980338740;Package;7980338740;;;;"Запчасти и аксессуары";;;;0;;;;;;new;;;;;;18.10_26;removed;;
7980334853;Package;7980334853;;;;"Запчасти и аксессуары";;;;0;;;;;;new;;;;;;18.10_26;removed;;
7980333174;Package;7980333174;;;;"Запчасти и аксессуары";;;;0;;;;;;new;;;;;;18.10_26;removed;;
7980330874;Package;7980330874;;;;"Запчасти и аксессуары";;;;0;;;;;;new;;;;;;18.10_26;removed;;
7980330640;Package;7980330640;;;;"Запчасти и аксессуары";;;;0;;;;;;new;;;;;;18.10_26;removed;;
7980328580;Package;7980328580;;;;"Запчасти и аксессуары";;;;0;;;;;;new;;;;;;18.10_26;removed;;
7980326762;Package;7980326762;;;;"Запчасти и аксессуары";;;;0;;;;;;new;;;;;;18.10_26;removed;;
7980320784;Package;7980320784;;;;"Запчасти и аксессуары";;;;0;;;;;;new;;;;;;18.10_26;removed;;
7980319489;Package;7980319489;;;;"Запчасти и аксессуары";;;;0;;;;;;new;;;;;;18.10_26;removed;;
7980318364;Package;7980318364;;;;"Запчасти и аксессуары";;;;0;;;;;;new;;;;;;18.10_26;removed;;
7980318281;Package;7980318281;;;;"Запчасти и аксессуары";;;;0;;;;;;new;;;;;;18.10_26;removed;;
7980318014;Package;7980318014;;;;"Запчасти и аксессуары";;;;0;;;;;;new;;;;;;18.10_26;removed;;
7980314058;Package;7980314058;;;;"Запчасти и аксессуары";;;;0;;;;;;new;;;;;;18.10_26;removed;;
7980313753;Package;7980313753;;;;"Запчасти и аксессуары";;;;0;;;;;;new;;;;;;18.10_26;removed;;
7980313588;Package;7980313588;;;;"Запчасти и аксессуары";;;;0;;;;;;new;;;;;;18.10_26;removed;;
7980311965;Package;7980311965;;;;"Запчасти и аксессуары";;;;0;;;;;;new;;;;;;18.10_26;removed;;
7980310322;Package;7980310322;;;;"Запчасти и аксессуары";;;;0;;;;;;new;;;;;;18.10_26;removed;;
7980308544;Package;7980308544;;;;"Запчасти и аксессуары";;;;0;;;;;;new;;;;;;18.10_26;removed;;
7980308306;Package;7980308306;;;;"Запчасти и аксессуары";;;;0;;;;;;new;;;;;;18.10_26;removed;;
7980301927;Package;7980301927;;;;"Запчасти и аксессуары";;;;0;;;;;;new;;;;;;18.10_26;removed;;
7980299934;Package;7980299934;;;;"Запчасти и аксессуары";;;;0;;;;;;new;;;;;;18.10_26;removed;;
7980299304;Package;7980299304;;;;"Запчасти и аксессуары";;;;0;;;;;;new;;;;;;18.10_26;removed;;
7980299259;Package;7980299259;;;;"Запчасти и аксессуары";;;;0;;;;;;new;;;;;;18.10_26;removed;;
7980298979;Package;7980298979;;;;"Запчасти и аксессуары";;;;0;;;;;;new;;;;;;18.10_26;removed;;
7980297163;Package;7980297163;;;;"Запчасти и аксессуары";;;;0;;;;;;new;;;;;;18.10_26;removed;;
7980296210;Package;7980296210;;;;"Запчасти и аксессуары";;;;0;;;;;;new;;;;;;18.10_26;removed;;
7980293964;Package;7980293964;;;;"Запчасти и аксессуары";;;;0;;;;;;new;;;;;;18.10_26;removed;;
7980293135;Package;7980293135;;;;"Запчасти и аксессуары";;;;0;;;;;;new;;;;;;18.10_26;removed;;
7980292539;Package;7980292539;;;;"Запчасти и аксессуары";;;;0;;;;;;new;;;;;;18.10_26;removed;;
7980289880;Package;7980289880;;;;"Запчасти и аксессуары";;;;0;;;;;;new;;;;;;18.10_26;removed;;
7980289530;Package;7980289530;;;;"Запчасти и аксессуары";;;;0;;;;;;new;;;;;;18.10_26;removed;;
7980288293;Package;7980288293;;;;"Запчасти и аксессуары";;;;0;;;;;;new;;;;;;18.10_26;removed;;
7980288202;Package;7980288202;;;;"Запчасти и аксессуары";;;;0;;;;;;new;;;;;;18.10_26;removed;;
7980287681;Package;7980287681;;;;"Запчасти и аксессуары";;;;0;;;;;;new;;;;;;18.10_26;removed;;
7980279307;Package;7980279307;;;;"Запчасти и аксессуары";;;;0;;;;;;new;;;;;;18.10_26;removed;;
7980276740;Package;7980276740;;;;"Запчасти и аксессуары";;;;0;;;;;;new;;;;;;18.10_26;removed;;
7980276255;Package;7980276255;;;;"Запчасти и аксессуары";;;;0;;;;;;new;;;;;;18.10_26;removed;;
7980275327;Package;7980275327;;;;"Запчасти и аксессуары";;;;0;;;;;;new;;;;;;18.10_26;removed;;
7980270565;Package;7980270565;;;;"Запчасти и аксессуары";;;;0;;;;;;new;;;;;;18.10_26;removed;;
7980269889;Package;7980269889;;;;"Запчасти и аксессуары";;;;0;;;;;;new;;;;;;18.10_26;removed;;
7980265628;Package;7980265628;;;;"Запчасти и аксессуары";;;;0;;;;;;new;;;;;;18.10_26;removed;;
7980261681;Package;7980261681;;;;"Запчасти и аксессуары";;;;0;;;;;;new;;;;;;18.10_26;removed;;
7980261657;Package;7980261657;;;;"Запчасти и аксессуары";;;;0;;;;;;new;;;;;;18.10_26;removed;;
7980259659;Package;7980259659;;;;"Запчасти и аксессуары";;;;0;;;;;;new;;;;;;18.10_26;removed;;
7980258936;Package;7980258936;;;;"Запчасти и аксессуары";;;;0;;;;;;new;;;;;;18.10_26;removed;;
7980254596;Package;7980254596;;;;"Запчасти и аксессуары";;;;0;;;;;;new;;;;;;18.10_26;removed;;
7980254429;Package;7980254429;;;;"Запчасти и аксессуары";;;;0;;;;;;new;;;;;;18.10_26;removed;;
7980254240;Package;7980254240;;;;"Запчасти и аксессуары";;;;0;;;;;;new;;;;;;18.10_26;removed;;
7980253974;Package;7980253974;;;;"Запчасти и аксессуары";;;;0;;;;;;new;;;;;;18.10_26;removed;;
7980253200;Package;7980253200;;;;"Запчасти и аксессуары";;;;0;;;;;;new;;;;;;18.10_26;removed;;
7980253101;Package;7980253101;;;;"Запчасти и аксессуары";;;;0;;;;;;new;;;;;;18.10_26;removed;;
7980251983;Package;7980251983;;;;"Запчасти и аксессуары";;;;0;;;;;;new;;;;;;18.10_26;removed;;
7980250391;Package;7980250391;;;;"Запчасти и аксессуары";;;;0;;;;;;new;;;;;;18.10_26;removed;;
7980248974;Package;7980248974;;;;"Запчасти и аксессуары";;;;0;;;;;;new;;;;;;18.10_26;removed;;
7980248352;Package;7980248352;;;;"Запчасти и аксессуары";;;;0;;;;;;new;;;;;;18.10_26;removed;;
7980247987;Package;7980247987;;;;"Запчасти и аксессуары";;;;0;;;;;;new;;;;;;18.10_26;removed;;
7980247934;Package;7980247934;;;;"Запчасти и аксессуары";;;;0;;;;;;new;;;;;;18.10_26;removed;;
7980245673;Package;7980245673;;;;"Запчасти и аксессуары";;;;0;;;;;;new;;;;;;18.10_26;removed;;
7980245276;Package;7980245276;;;;"Запчасти и аксессуары";;;;0;;;;;;new;;;;;;18.10_26;removed;;
7980244036;Package;7980244036;;;;"Запчасти и аксессуары";;;;0;;;;;;new;;;;;;18.10_26;removed;;
7980242641;Package;7980242641;;;;"Запчасти и аксессуары";;;;0;;;;;;new;;;;;;18.10_26;removed;;
7980241458;Package;7980241458;;;;"Запчасти и аксессуары";;;;0;;;;;;new;;;;;;18.10_26;removed;;
7980237132;Package;7980237132;;;;"Запчасти и аксессуары";;;;0;;;;;;new;;;;;;18.10_26;removed;;
7980233289;Package;7980233289;;;;"Запчасти и аксессуары";;;;0;;;;;;new;;;;;;18.10_26;removed;;
7980228902;Package;7980228902;;;;"Запчасти и аксессуары";;;;0;;;;;;new;;;;;;18.10_26;removed;;
7980227950;Package;7980227950;;;;"Запчасти и аксессуары";;;;0;;;;;;new;;;;;;18.10_26;removed;;
7980226951;Package;7980226951;;;;"Запчасти и аксессуары";;;;0;;;;;;new;;;;;;18.10_26;removed;;
7980226599;Package;7980226599;;;;"Запчасти и аксессуары";;;;0;;;;;;new;;;;;;18.10_26;removed;;
7980223717;Package;7980223717;;;;"Запчасти и аксессуары";;;;0;;;;;;new;;;;;;18.10_26;removed;;
7980223653;Package;7980223653;;;;"Запчасти и аксессуары";;;;0;;;;;;new;;;;;;18.10_26;removed;;
7980222680;Package;7980222680;;;;"Запчасти и аксессуары";;;;0;;;;;;new;;;;;;18.10_26;removed;;
7980222176;Package;7980222176;;;;"Запчасти и аксессуары";;;;0;;;;;;new;;;;;;18.10_26;removed;;
7980220748;Package;7980220748;;;;"Запчасти и аксессуары";;;;0;;;;;;new;;;;;;18.10_26;removed;;
7980220483;Package;7980220483;;;;"Запчасти и аксессуары";;;;0;;;;;;new;;;;;;18.10_26;removed;;
7980219132;Package;7980219132;;;;"Запчасти и аксессуары";;;;0;;;;;;new;;;;;;18.10_26;removed;;
7980218459;Package;7980218459;;;;"Запчасти и аксессуары";;;;0;;;;;;new;;;;;;18.10_26;removed;;
7980213964;Package;7980213964;;;;"Запчасти и аксессуары";;;;0;;;;;;new;;;;;;18.10_26;removed;;
7980213405;Package;7980213405;;;;"Запчасти и аксессуары";;;;0;;;;;;new;;;;;;18.10_26;removed;;
7980212971;Package;7980212971;;;;"Запчасти и аксессуары";;;;0;;;;;;new;;;;;;18.10_26;removed;;
7980212916;Package;7980212916;;;;"Запчасти и аксессуары";;;;0;;;;;;new;;;;;;18.10_26;removed;;
7980211387;Package;7980211387;;;;"Запчасти и аксессуары";;;;0;;;;;;new;;;;;;18.10_26;removed;;
7980211288;Package;7980211288;;;;"Запчасти и аксессуары";;;;0;;;;;;new;;;;;;18.10_26;removed;;
7980205641;Package;7980205641;;;;"Запчасти и аксессуары";;;;0;;;;;;new;;;;;;18.10_26;removed;;
7980205625;Package;7980205625;;;;"Запчасти и аксессуары";;;;0;;;;;;new;;;;;;18.10_26;removed;;
7980205070;Package;7980205070;;;;"Запчасти и аксессуары";;;;0;;;;;;new;;;;;;18.10_26;removed;;
7980204261;Package;7980204261;;;;"Запчасти и аксессуары";;;;0;;;;;;new;;;;;;18.10_26;removed;;
7980201520;Package;7980201520;;;;"Запчасти и аксессуары";;;;0;;;;;;new;;;;;;18.10_26;removed;;
7980201388;Package;7980201388;;;;"Запчасти и аксессуары";;;;0;;;;;;new;;;;;;18.10_26;removed;;
7980198969;Package;7980198969;;;;"Запчасти и аксессуары";;;;0;;;;;;new;;;;;;18.10_26;removed;;
7980198029;Package;7980198029;;;;"Запчасти и аксессуары";;;;0;;;;;;new;;;;;;18.10_26;removed;;
7980197828;Package;7980197828;;;;"Запчасти и аксессуары";;;;0;;;;;;new;;;;;;18.10_26;removed;;
7980197253;Package;7980197253;;;;"Запчасти и аксессуары";;;;0;;;;;;new;;;;;;18.10_26;removed;;
7980190817;Package;7980190817;;;;"Запчасти и аксессуары";;;;0;;;;;;new;;;;;;18.10_26;removed;;
7980190313;Package;7980190313;;;;"Запчасти и аксессуары";;;;0;;;;;;new;;;;;;18.10_26;removed;;
7980189430;Package;7980189430;;;;"Запчасти и аксессуары";;;;0;;;;;;new;;;;;;18.10_26;removed;;
7980189003;Package;7980189003;;;;"Запчасти и аксессуары";;;;0;;;;;;new;;;;;;18.10_26;removed;;
7980188432;Package;7980188432;;;;"Запчасти и аксессуары";;;;0;;;;;;new;;;;;;18.10_26;removed;;
7980185277;Package;7980185277;;;;"Запчасти и аксессуары";;;;0;;;;;;new;;;;;;18.10_26;removed;;
7980182548;Package;7980182548;;;;"Запчасти и аксессуары";;;;0;;;;;;new;;;;;;18.10_26;removed;;
7980181469;Package;7980181469;;;;"Запчасти и аксессуары";;;;0;;;;;;new;;;;;;18.10_26;removed;;
7980179803;Package;7980179803;;;;"Запчасти и аксессуары";;;;0;;;;;;new;;;;;;18.10_26;removed;;
7980176882;Package;7980176882;;;;"Запчасти и аксессуары";;;;0;;;;;;new;;;;;;18.10_26;removed;;
7980176724;Package;7980176724;;;;"Запчасти и аксессуары";;;;0;;;;;;new;;;;;;18.10_26;removed;;
7980174821;Package;7980174821;;;;"Запчасти и аксессуары";;;;0;;;;;;new;;;;;;18.10_26;removed;;
7980173484;Package;7980173484;;;;"Запчасти и аксессуары";;;;0;;;;;;new;;;;;;18.10_26;removed;;
7980171165;Package;7980171165;;;;"Запчасти и аксессуары";;;;0;;;;;;new;;;;;;18.10_26;removed;;
7980169503;Package;7980169503;;;;"Запчасти и аксессуары";;;;0;;;;;;new;;;;;;18.10_26;removed;;
7980169400;Package;7980169400;;;;"Запчасти и аксессуары";;;;0;;;;;;new;;;;;;18.10_26;removed;;
7980166942;Package;7980166942;;;;"Запчасти и аксессуары";;;;0;;;;;;new;;;;;;18.10_26;removed;;
7980159121;Package;7980159121;;;;"Запчасти и аксессуары";;;;0;;;;;;new;;;;;;18.10_26;removed;;
7980158066;Package;7980158066;;;;"Запчасти и аксессуары";;;;0;;;;;;new;;;;;;18.10_26;removed;;
7980156839;Package;7980156839;;;;"Запчасти и аксессуары";;;;0;;;;;;new;;;;;;18.10_26;removed;;
7980156710;Package;7980156710;;;;"Запчасти и аксессуары";;;;0;;;;;;new;;;;;;18.10_26;removed;;
7980156286;Package;7980156286;;;;"Запчасти и аксессуары";;;;0;;;;;;new;;;;;;18.10_26;removed;;
7980153823;Package;7980153823;;;;"Запчасти и аксессуары";;;;0;;;;;;new;;;;;;18.10_26;removed;;
7980153428;Package;7980153428;;;;"Запчасти и аксессуары";;;;0;;;;;;new;;;;;;18.10_26;removed;;
7980151007;Package;7980151007;;;;"Запчасти и аксессуары";;;;0;;;;;;new;;;;;;18.10_26;removed;;
7980148004;Package;7980148004;;;;"Запчасти и аксессуары";;;;0;;;;;;new;;;;;;18.10_26;removed;;
7980147648;Package;7980147648;;;;"Запчасти и аксессуары";;;;0;;;;;;new;;;;;;18.10_26;removed;;
7980147188;Package;7980147188;;;;"Запчасти и аксессуары";;;;0;;;;;;new;;;;;;18.10_26;removed;;
7980146560;Package;7980146560;;;;"Запчасти и аксессуары";;;;0;;;;;;new;;;;;;18.10_26;removed;;
7980139935;Package;7980139935;;;;"Запчасти и аксессуары";;;;0;;;;;;new;;;;;;18.10_26;removed;;
7980139704;Package;7980139704;;;;"Запчасти и аксессуары";;;;0;;;;;;new;;;;;;18.10_26;removed;;
7980135208;Package;7980135208;;;;"Запчасти и аксессуары";;;;0;;;;;;new;;;;;;18.10_26;removed;;
7980133237;Package;7980133237;;;;"Запчасти и аксессуары";;;;0;;;;;;new;;;;;;18.10_26;removed;;
7980133186;Package;7980133186;;;;"Запчасти и аксессуары";;;;0;;;;;;new;;;;;;18.10_26;removed;;
7980131291;Package;7980131291;;;;"Запчасти и аксессуары";;;;0;;;;;;new;;;;;;18.10_26;removed;;
7980126861;Package;7980126861;;;;"Запчасти и аксессуары";;;;0;;;;;;new;;;;;;18.10_26;removed;;
7980125163;Package;7980125163;;;;"Запчасти и аксессуары";;;;0;;;;;;new;;;;;;18.10_26;removed;;
7980124079;Package;7980124079;;;;"Запчасти и аксессуары";;;;0;;;;;;new;;;;;;18.10_26;removed;;
7980123073;Package;7980123073;;;;"Запчасти и аксессуары";;;;0;;;;;;new;;;;;;18.10_26;removed;;
7980120604;Package;7980120604;;;;"Запчасти и аксессуары";;;;0;;;;;;new;;;;;;18.10_26;removed;;
7980119663;Package;7980119663;;;;"Запчасти и аксессуары";;;;0;;;;;;new;;;;;;18.10_26;removed;;
7980117166;Package;7980117166;;;;"Запчасти и аксессуары";;;;0;;;;;;new;;;;;;18.10_26;removed;;
7980112562;Package;7980112562;;;;"Запчасти и аксессуары";;;;0;;;;;;new;;;;;;18.10_26;removed;;
7980110297;Package;7980110297;;;;"Запчасти и аксессуары";;;;0;;;;;;new;;;;;;18.10_26;removed;;
7980109384;Package;7980109384;;;;"Запчасти и аксессуары";;;;0;;;;;;new;;;;;;18.10_26;removed;;
7980108844;Package;7980108844;;;;"Запчасти и аксессуары";;;;0;;;;;;new;;;;;;18.10_26;removed;;
7980106450;Package;7980106450;;;;"Запчасти и аксессуары";;;;0;;;;;;new;;;;;;18.10_26;removed;;
7980105286;Package;7980105286;;;;"Запчасти и аксессуары";;;;0;;;;;;new;;;;;;18.10_26;removed;;
7980104401;Package;7980104401;;;;"Запчасти и аксессуары";;;;0;;;;;;new;;;;;;18.10_26;removed;;
7980104099;Package;7980104099;;;;"Запчасти и аксессуары";;;;0;;;;;;new;;;;;;18.10_26;removed;;
7980102712;Package;7980102712;;;;"Запчасти и аксессуары";;;;0;;;;;;new;;;;;;18.10_26;removed;;
7980102153;Package;7980102153;;;;"Запчасти и аксессуары";;;;0;;;;;;new;;;;;;18.10_26;removed;;
7980101842;Package;7980101842;;;;"Запчасти и аксессуары";;;;0;;;;;;new;;;;;;18.10_26;removed;;
7980097055;Package;7980097055;;;;"Запчасти и аксессуары";;;;0;;;;;;new;;;;;;18.10_26;removed;;
7980096292;Package;7980096292;;;;"Запчасти и аксессуары";;;;0;;;;;;new;;;;;;18.10_26;removed;;
7980095111;Package;7980095111;;;;"Запчасти и аксессуары";;;;0;;;;;;new;;;;;;18.10_26;removed;;
7980093914;Package;7980093914;;;;"Запчасти и аксессуары";;;;0;;;;;;new;;;;;;18.10_26;removed;;
7980090418;Package;7980090418;;;;"Запчасти и аксессуары";;;;0;;;;;;new;;;;;;18.10_26;removed;;
7980085613;Package;7980085613;;;;"Запчасти и аксессуары";;;;0;;;;;;new;;;;;;18.10_26;removed;;
7980082792;Package;7980082792;;;;"Запчасти и аксессуары";;;;0;;;;;;new;;;;;;18.10_26;removed;;
7980082581;Package;7980082581;;;;"Запчасти и аксессуары";;;;0;;;;;;new;;;;;;18.10_26;removed;;
7980081775;Package;7980081775;;;;"Запчасти и аксессуары";;;;0;;;;;;new;;;;;;18.10_26;removed;;
7980081213;Package;7980081213;;;;"Запчасти и аксессуары";;;;0;;;;;;new;;;;;;18.10_26;removed;;
7980079399;Package;7980079399;;;;"Запчасти и аксессуары";;;;0;;;;;;new;;;;;;18.10_26;removed;;
7980078551;Package;7980078551;;;;"Запчасти и аксессуары";;;;0;;;;;;new;;;;;;18.10_26;removed;;
7980078242;Package;7980078242;;;;"Запчасти и аксессуары";;;;0;;;;;;new;;;;;;18.10_26;removed;;
7980078199;Package;7980078199;;;;"Запчасти и аксессуары";;;;0;;;;;;new;;;;;;18.10_26;removed;;
7980073317;Package;7980073317;;;;"Запчасти и аксессуары";;;;0;;;;;;new;;;;;;18.10_26;removed;;
7980069265;Package;7980069265;;;;"Запчасти и аксессуары";;;;0;;;;;;new;;;;;;18.10_26;removed;;
7980067631;Package;7980067631;;;;"Запчасти и аксессуары";;;;0;;;;;;new;;;;;;18.10_26;removed;;
7980066696;Package;7980066696;;;;"Запчасти и аксессуары";;;;0;;;;;;new;;;;;;18.10_26;removed;;
7980066310;Package;7980066310;;;;"Запчасти и аксессуары";;;;0;;;;;;new;;;;;;18.10_26;removed;;
7980064196;Package;7980064196;;;;"Запчасти и аксессуары";;;;0;;;;;;new;;;;;;18.10_26;removed;;
7980061214;Package;7980061214;;;;"Запчасти и аксессуары";;;;0;;;;;;new;;;;;;18.10_26;removed;;
7980061192;Package;7980061192;;;;"Запчасти и аксессуары";;;;0;;;;;;new;;;;;;18.10_26;removed;;
7980057482;Package;7980057482;;;;"Запчасти и аксессуары";;;;0;;;;;;new;;;;;;18.10_26;removed;;
7980057049;Package;7980057049;;;;"Запчасти и аксессуары";;;;0;;;;;;new;;;;;;18.10_26;removed;;
7980055334;Package;7980055334;;;;"Запчасти и аксессуары";;;;0;;;;;;new;;;;;;18.10_26;removed;;
7980054890;Package;7980054890;;;;"Запчасти и аксессуары";;;;0;;;;;;new;;;;;;18.10_26;removed;;
7980054082;Package;7980054082;;;;"Запчасти и аксессуары";;;;0;;;;;;new;;;;;;18.10_26;removed;;
7980054009;Package;7980054009;;;;"Запчасти и аксессуары";;;;0;;;;;;new;;;;;;18.10_26;removed;;
7980052749;Package;7980052749;;;;"Запчасти и аксессуары";;;;0;;;;;;new;;;;;;18.10_26;removed;;
7980052577;Package;7980052577;;;;"Запчасти и аксессуары";;;;0;;;;;;new;;;;;;18.10_26;removed;;
7980052266;Package;7980052266;;;;"Запчасти и аксессуары";;;;0;;;;;;new;;;;;;18.10_26;removed;;
7980049837;Package;7980049837;;;;"Запчасти и аксессуары";;;;0;;;;;;new;;;;;;18.10_26;removed;;
7980049209;Package;7980049209;;;;"Запчасти и аксессуары";;;;0;;;;;;new;;;;;;18.10_26;removed;;
7980045079;Package;7980045079;;;;"Запчасти и аксессуары";;;;0;;;;;;new;;;;;;18.10_26;removed;;
7980043925;Package;7980043925;;;;"Запчасти и аксессуары";;;;0;;;;;;new;;;;;;18.10_26;removed;;
7980041508;Package;7980041508;;;;"Запчасти и аксессуары";;;;0;;;;;;new;;;;;;18.10_26;removed;;
7980041095;Package;7980041095;;;;"Запчасти и аксессуары";;;;0;;;;;;new;;;;;;18.10_26;removed;;
7980041046;Package;7980041046;;;;"Запчасти и аксессуары";;;;0;;;;;;new;;;;;;18.10_26;removed;;
7980039417;Package;7980039417;;;;"Запчасти и аксессуары";;;;0;;;;;;new;;;;;;18.10_26;removed;;
7980038765;Package;7980038765;;;;"Запчасти и аксессуары";;;;0;;;;;;new;;;;;;18.10_26;removed;;
7980036944;Package;7980036944;;;;"Запчасти и аксессуары";;;;0;;;;;;new;;;;;;18.10_26;removed;;
7980036533;Package;7980036533;;;;"Запчасти и аксессуары";;;;0;;;;;;new;;;;;;18.10_26;removed;;
7980036513;Package;7980036513;;;;"Запчасти и аксессуары";;;;0;;;;;;new;;;;;;18.10_26;removed;;
7980036097;Package;7980036097;;;;"Запчасти и аксессуары";;;;0;;;;;;new;;;;;;18.10_26;removed;;
7980034348;Package;7980034348;;;;"Запчасти и аксессуары";;;;0;;;;;;new;;;;;;18.10_26;removed;;
7980033390;Package;7980033390;;;;"Запчасти и аксессуары";;;;0;;;;;;new;;;;;;18.10_26;removed;;
7980031259;Package;7980031259;;;;"Запчасти и аксессуары";;;;0;;;;;;new;;;;;;18.10_26;removed;;
7980030816;Package;7980030816;;;;"Запчасти и аксессуары";;;;0;;;;;;new;;;;;;18.10_26;removed;;
7980030153;Package;7980030153;;;;"Запчасти и аксессуары";;;;0;;;;;;new;;;;;;18.10_26;removed;;
7980029120;Package;7980029120;;;;"Запчасти и аксессуары";;;;0;;;;;;new;;;;;;18.10_26;removed;;
7980025099;Package;7980025099;;;;"Запчасти и аксессуары";;;;0;;;;;;new;;;;;;18.10_26;removed;;
7980024473;Package;7980024473;;;;"Запчасти и аксессуары";;;;0;;;;;;new;;;;;;18.10_26;removed;;
7980024362;Package;7980024362;;;;"Запчасти и аксессуары";;;;0;;;;;;new;;;;;;18.10_26;removed;;
7980022060;Package;7980022060;;;;"Запчасти и аксессуары";;;;0;;;;;;new;;;;;;18.10_26;removed;;
7980021068;Package;7980021068;;;;"Запчасти и аксессуары";;;;0;;;;;;new;;;;;;18.10_26;removed;;
7980021002;Package;7980021002;;;;"Запчасти и аксессуары";;;;0;;;;;;new;;;;;;18.10_26;removed;;
7980020924;Package;7980020924;;;;"Запчасти и аксессуары";;;;0;;;;;;new;;;;;;18.10_26;removed;;
7980019351;Package;7980019351;;;;"Запчасти и аксессуары";;;;0;;;;;;new;;;;;;18.10_26;removed;;
7980016697;Package;7980016697;;;;"Запчасти и аксессуары";;;;0;;;;;;new;;;;;;18.10_26;removed;;
7980015253;Package;7980015253;;;;"Запчасти и аксессуары";;;;0;;;;;;new;;;;;;18.10_26;removed;;
7980012228;Package;7980012228;;;;"Запчасти и аксессуары";;;;0;;;;;;new;;;;;;18.10_26;removed;;
7980012055;Package;7980012055;;;;"Запчасти и аксессуары";;;;0;;;;;;new;;;;;;18.10_26;removed;;
7980011779;Package;7980011779;;;;"Запчасти и аксессуары";;;;0;;;;;;new;;;;;;18.10_26;removed;;
7980010024;Package;7980010024;;;;"Запчасти и аксессуары";;;;0;;;;;;new;;;;;;18.10_26;removed;;
7980009418;Package;7980009418;;;;"Запчасти и аксессуары";;;;0;;;;;;new;;;;;;18.10_26;removed;;
7980005579;Package;7980005579;;;;"Запчасти и аксессуары";;;;0;;;;;;new;;;;;;18.10_26;removed;;
7980005026;Package;7980005026;;;;"Запчасти и аксессуары";;;;0;;;;;;new;;;;;;18.10_26;removed;;
7980004896;Package;7980004896;;;;"Запчасти и аксессуары";;;;0;;;;;;new;;;;;;18.10_26;removed;;
7980004805;Package;7980004805;;;;"Запчасти и аксессуары";;;;0;;;;;;new;;;;;;18.10_26;removed;;
7980002022;Package;7980002022;;;;"Запчасти и аксессуары";;;;0;;;;;;new;;;;;;18.10_26;removed;;
7980001661;Package;7980001661;;;;"Запчасти и аксессуары";;;;0;;;;;;new;;;;;;18.10_26;removed;;
7980001633;Package;7980001633;;;;"Запчасти и аксессуары";;;;0;;;;;;new;;;;;;18.10_26;removed;;
7980000612;Package;7980000612;;;;"Запчасти и аксессуары";;;;0;;;;;;new;;;;;;18.10_26;removed;;
7980000420;Package;7980000420;;;;"Запчасти и аксессуары";;;;0;;;;;;new;;;;;;18.10_26;removed;;
7979999751;Package;7979999751;;;;"Запчасти и аксессуары";;;;0;;;;;;new;;;;;;18.10_26;removed;;
7979994969;Package;7979994969;;;;"Запчасти и аксессуары";;;;0;;;;;;new;;;;;;18.10_26;removed;;
7979990218;Package;7979990218;;;;"Запчасти и аксессуары";;;;0;;;;;;new;;;;;;18.10_26;removed;;
7979989531;Package;7979989531;;;;"Запчасти и аксессуары";;;;0;;;;;;new;;;;;;18.10_26;removed;;
7979984878;Package;7979984878;;;;"Запчасти и аксессуары";;;;0;;;;;;new;;;;;;18.10_26;removed;;
7979984704;Package;7979984704;;;;"Запчасти и аксессуары";;;;0;;;;;;new;;;;;;18.10_26;removed;;
7979983622;Package;7979983622;;;;"Запчасти и аксессуары";;;;0;;;;;;new;;;;;;18.10_26;removed;;
7979982416;Package;7979982416;;;;"Запчасти и аксессуары";;;;0;;;;;;new;;;;;;18.10_26;removed;;
7979980816;Package;7979980816;;;;"Запчасти и аксессуары";;;;0;;;;;;new;;;;;;18.10_26;removed;;
7979979684;Package;7979979684;;;;"Запчасти и аксессуары";;;;0;;;;;;new;;;;;;18.10_26;removed;;
7979979252;Package;7979979252;;;;"Запчасти и аксессуары";;;;0;;;;;;new;;;;;;18.10_26;removed;;
7979977862;Package;7979977862;;;;"Запчасти и аксессуары";;;;0;;;;;;new;;;;;;18.10_26;removed;;
7979977606;Package;7979977606;;;;"Запчасти и аксессуары";;;;0;;;;;;new;;;;;;18.10_26;removed;;
7979975979;Package;7979975979;;;;"Запчасти и аксессуары";;;;0;;;;;;new;;;;;;18.10_26;removed;;
7979975627;Package;7979975627;;;;"Запчасти и аксессуары";;;;0;;;;;;new;;;;;;18.10_26;removed;;
7979974198;Package;7979974198;;;;"Запчасти и аксессуары";;;;0;;;;;;new;;;;;;18.10_26;removed;;
7979972722;Package;7979972722;;;;"Запчасти и аксессуары";;;;0;;;;;;new;;;;;;18.10_26;removed;;
7979970834;Package;7979970834;;;;"Запчасти и аксессуары";;;;0;;;;;;new;;;;;;18.10_26;removed;;
7979969082;Package;7979969082;;;;"Запчасти и аксессуары";;;;0;;;;;;new;;;;;;18.10_26;removed;;
7979966662;Package;7979966662;;;;"Запчасти и аксессуары";;;;0;;;;;;new;;;;;;18.10_26;removed;;
7979964067;Package;7979964067;;;;"Запчасти и аксессуары";;;;0;;;;;;new;;;;;;18.10_26;removed;;
7979963904;Package;7979963904;;;;"Запчасти и аксессуары";;;;0;;;;;;new;;;;;;18.10_26;removed;;
7979963434;Package;7979963434;;;;"Запчасти и аксессуары";;;;0;;;;;;new;;;;;;18.10_26;removed;;
7979960263;Package;7979960263;;;;"Запчасти и аксессуары";;;;0;;;;;;new;;;;;;18.10_26;removed;;
7979956625;Package;7979956625;;;;"Запчасти и аксессуары";;;;0;;;;;;new;;;;;;18.10_26;removed;;
7979955561;Package;7979955561;;;;"Запчасти и аксессуары";;;;0;;;;;;new;;;;;;18.10_26;removed;;
7979951676;Package;7979951676;;;;"Запчасти и аксессуары";;;;0;;;;;;new;;;;;;18.10_26;removed;;
7979949766;Package;7979949766;;;;"Запчасти и аксессуары";;;;0;;;;;;new;;;;;;18.10_26;removed;;
7979946557;Package;7979946557;;;;"Запчасти и аксессуары";;;;0;;;;;;new;;;;;;18.10_26;removed;;
7979943027;Package;7979943027;;;;"Запчасти и аксессуары";;;;0;;;;;;new;;;;;;18.10_26;removed;;
7979941800;Package;7979941800;;;;"Запчасти и аксессуары";;;;0;;;;;;new;;;;;;18.10_26;removed;;
7979941595;Package;7979941595;;;;"Запчасти и аксессуары";;;;0;;;;;;new;;;;;;18.10_26;removed;;
7979940474;Package;7979940474;;;;"Запчасти и аксессуары";;;;0;;;;;;new;;;;;;18.10_26;removed;;
7979936689;Package;7979936689;;;;"Запчасти и аксессуары";;;;0;;;;;;new;;;;;;18.10_26;removed;;
7979936376;Package;7979936376;;;;"Запчасти и аксессуары";;;;0;;;;;;new;;;;;;18.10_26;removed;;
7979936135;Package;7979936135;;;;"Запчасти и аксессуары";;;;0;;;;;;new;;;;;;18.10_26;removed;;
7979935600;Package;7979935600;;;;"Запчасти и аксессуары";;;;0;;;;;;new;;;;;;18.10_26;removed;;
7979933278;Package;7979933278;;;;"Запчасти и аксессуары";;;;0;;;;;;new;;;;;;18.10_26;removed;;
7979932715;Package;7979932715;;;;"Запчасти и аксессуары";;;;0;;;;;;new;;;;;;18.10_26;removed;;
7979931877;Package;7979931877;;;;"Запчасти и аксессуары";;;;0;;;;;;new;;;;;;18.10_26;removed;;
7979931164;Package;7979931164;;;;"Запчасти и аксессуары";;;;0;;;;;;new;;;;;;18.10_26;removed;;
7979927490;Package;7979927490;;;;"Запчасти и аксессуары";;;;0;;;;;;new;;;;;;18.10_26;removed;;
7979927359;Package;7979927359;;;;"Запчасти и аксессуары";;;;0;;;;;;new;;;;;;18.10_26;removed;;
7979925660;Package;7979925660;;;;"Запчасти и аксессуары";;;;0;;;;;;new;;;;;;18.10_26;removed;;
7979925200;Package;7979925200;;;;"Запчасти и аксессуары";;;;0;;;;;;new;;;;;;18.10_26;removed;;
7979921578;Package;7979921578;;;;"Запчасти и аксессуары";;;;0;;;;;;new;;;;;;18.10_26;removed;;
7979921466;Package;7979921466;;;;"Запчасти и аксессуары";;;;0;;;;;;new;;;;;;18.10_26;removed;;
7979920516;Package;7979920516;;;;"Запчасти и аксессуары";;;;0;;;;;;new;;;;;;18.10_26;removed;;
7979920010;Package;7979920010;;;;"Запчасти и аксессуары";;;;0;;;;;;new;;;;;;18.10_26;removed;;
7979919878;Package;7979919878;;;;"Запчасти и аксессуары";;;;0;;;;;;new;;;;;;18.10_26;removed;;
7979919827;Package;7979919827;;;;"Запчасти и аксессуары";;;;0;;;;;;new;;;;;;18.10_26;removed;;
7979918496;Package;7979918496;;;;"Запчасти и аксессуары";;;;0;;;;;;new;;;;;;18.10_26;removed;;
7979918418;Package;7979918418;;;;"Запчасти и аксессуары";;;;0;;;;;;new;;;;;;18.10_26;removed;;
7979917400;Package;7979917400;;;;"Запчасти и аксессуары";;;;0;;;;;;new;;;;;;18.10_26;removed;;
7979915905;Package;7979915905;;;;"Запчасти и аксессуары";;;;0;;;;;;new;;;;;;18.10_26;removed;;
7979915107;Package;7979915107;;;;"Запчасти и аксессуары";;;;0;;;;;;new;;;;;;18.10_26;removed;;
7979913567;Package;7979913567;;;;"Запчасти и аксессуары";;;;0;;;;;;new;;;;;;18.10_26;removed;;
7979913180;Package;7979913180;;;;"Запчасти и аксессуары";;;;0;;;;;;new;;;;;;18.10_26;removed;;
7979912956;Package;7979912956;;;;"Запчасти и аксессуары";;;;0;;;;;;new;;;;;;18.10_26;removed;;
7979911904;Package;7979911904;;;;"Запчасти и аксессуары";;;;0;;;;;;new;;;;;;18.10_26;removed;;
7948913474;Package;7948913474;;;;"Запчасти и аксессуары";;;;0;;;;;;new;;;;;;18.10_26;removed;;
7948910501;Package;7948910501;;;;"Запчасти и аксессуары";;;;0;;;;;;new;;;;;;18.10_26;removed;;
7948907837;Package;7948907837;;;;"Запчасти и аксессуары";;;;0;;;;;;new;;;;;;18.10_26;removed;;
7948906997;Package;7948906997;;;;"Запчасти и аксессуары";;;;0;;;;;;new;;;;;;18.10_26;removed;;
7948902030;Package;7948902030;;;;"Запчасти и аксессуары";;;;0;;;;;;new;;;;;;18.10_26;removed;;
7948898096;Package;7948898096;;;;"Запчасти и аксессуары";;;;0;;;;;;new;;;;;;18.10_26;removed;;
7948893641;Package;7948893641;;;;"Запчасти и аксессуары";;;;0;;;;;;new;;;;;;18.10_26;removed;;
7948890142;Package;7948890142;;;;"Запчасти и аксессуары";;;;0;;;;;;new;;;;;;18.10_26;removed;;
7948881600;Package;7948881600;;;;"Запчасти и аксессуары";;;;0;;;;;;new;;;;;;18.10_26;removed;;
7948881435;Package;7948881435;;;;"Запчасти и аксессуары";;;;0;;;;;;new;;;;;;18.10_26;removed;;
7948879642;Package;7948879642;;;;"Запчасти и аксессуары";;;;0;;;;;;new;;;;;;18.10_26;removed;;
7948879262;Package;7948879262;;;;"Запчасти и аксессуары";;;;0;;;;;;new;;;;;;18.10_26;removed;;
7948878998;Package;7948878998;;;;"Запчасти и аксессуары";;;;0;;;;;;new;;;;;;18.10_26;removed;;
7948874059;Package;7948874059;;;;"Запчасти и аксессуары";;;;0;;;;;;new;;;;;;18.10_26;removed;;
7948869388;Package;7948869388;;;;"Запчасти и аксессуары";;;;0;;;;;;new;;;;;;18.10_26;removed;;
7948867253;Package;7948867253;;;;"Запчасти и аксессуары";;;;0;;;;;;new;;;;;;18.10_26;removed;;
7948863591;Package;7948863591;;;;"Запчасти и аксессуары";;;;0;;;;;;new;;;;;;18.10_26;removed;;
7948848867;Package;7948848867;;;;"Запчасти и аксессуары";;;;0;;;;;;new;;;;;;18.10_26;removed;;
7948846588;Package;7948846588;;;;"Запчасти и аксессуары";;;;0;;;;;;new;;;;;;18.10_26;removed;;
7948843344;Package;7948843344;;;;"Запчасти и аксессуары";;;;0;;;;;;new;;;;;;18.10_26;removed;;
7948841606;Package;7948841606;;;;"Запчасти и аксессуары";;;;0;;;;;;new;;;;;;18.10_26;removed;;
7948837046;Package;7948837046;;;;"Запчасти и аксессуары";;;;0;;;;;;new;;;;;;18.10_26;removed;;
7948836657;Package;7948836657;;;;"Запчасти и аксессуары";;;;0;;;;;;new;;;;;;18.10_26;removed;;
7948830085;Package;7948830085;;;;"Запчасти и аксессуары";;;;0;;;;;;new;;;;;;18.10_26;removed;;
7948814392;Package;7948814392;;;;"Запчасти и аксессуары";;;;0;;;;;;new;;;;;;18.10_26;removed;;
7948812456;Package;7948812456;;;;"Запчасти и аксессуары";;;;0;;;;;;new;;;;;;18.10_26;removed;;
7948808665;Package;7948808665;;;;"Запчасти и аксессуары";;;;0;;;;;;new;;;;;;18.10_26;removed;;
7948801846;Package;7948801846;;;;"Запчасти и аксессуары";;;;0;;;;;;new;;;;;;18.10_26;removed;;
7948800953;Package;7948800953;;;;"Запчасти и аксессуары";;;;0;;;;;;new;;;;;;18.10_26;removed;;
7948800664;Package;7948800664;;;;"Запчасти и аксессуары";;;;0;;;;;;new;;;;;;18.10_26;removed;;
7948799680;Package;7948799680;;;;"Запчасти и аксессуары";;;;0;;;;;;new;;;;;;18.10_26;removed;;
7948797708;Package;7948797708;;;;"Запчасти и аксессуары";;;;0;;;;;;new;;;;;;18.10_26;removed;;
7948797637;Package;7948797637;;;;"Запчасти и аксессуары";;;;0;;;;;;new;;;;;;18.10_26;removed;;
7948797102;Package;7948797102;;;;"Запчасти и аксессуары";;;;0;;;;;;new;;;;;;18.10_26;removed;;
7948791945;Package;7948791945;;;;"Запчасти и аксессуары";;;;0;;;;;;new;;;;;;18.10_26;removed;;
7948791305;Package;7948791305;;;;"Запчасти и аксессуары";;;;0;;;;;;new;;;;;;18.10_26;removed;;
7948791248;Package;7948791248;;;;"Запчасти и аксессуары";;;;0;;;;;;new;;;;;;18.10_26;removed;;
7948788614;Package;7948788614;;;;"Запчасти и аксессуары";;;;0;;;;;;new;;;;;;18.10_26;removed;;
7948781537;Package;7948781537;;;;"Запчасти и аксессуары";;;;0;;;;;;new;;;;;;18.10_26;removed;;
7948780460;Package;7948780460;;;;"Запчасти и аксессуары";;;;0;;;;;;new;;;;;;18.10_26;removed;;
7948774619;Package;7948774619;;;;"Запчасти и аксессуары";;;;0;;;;;;new;;;;;;18.10_26;removed;;
7948756929;Package;7948756929;;;;"Запчасти и аксессуары";;;;0;;;;;;new;;;;;;18.10_26;removed;;
7948754737;Package;7948754737;;;;"Запчасти и аксессуары";;;;0;;;;;;new;;;;;;18.10_26;removed;;
7948754379;Package;7948754379;;;;"Запчасти и аксессуары";;;;0;;;;;;new;;;;;;18.10_26;removed;;
7948751689;Package;7948751689;;;;"Запчасти и аксессуары";;;;0;;;;;;new;;;;;;18.10_26;removed;;
7948748995;Package;7948748995;;;;"Запчасти и аксессуары";;;;0;;;;;;new;;;;;;18.10_26;removed;;
7948737988;Package;7948737988;;;;"Запчасти и аксессуары";;;;0;;;;;;new;;;;;;18.10_26;removed;;
7948736698;Package;7948736698;;;;"Запчасти и аксессуары";;;;0;;;;;;new;;;;;;18.10_26;removed;;
7948735880;Package;7948735880;;;;"Запчасти и аксессуары";;;;0;;;;;;new;;;;;;18.10_26;removed;;
7948731013;Package;7948731013;;;;"Запчасти и аксессуары";;;;0;;;;;;new;;;;;;18.10_26;removed;;
7948730881;Package;7948730881;;;;"Запчасти и аксессуары";;;;0;;;;;;new;;;;;;18.10_26;removed;;
7948728734;Package;7948728734;;;;"Запчасти и аксессуары";;;;0;;;;;;new;;;;;;18.10_26;removed;;
7948717465;Package;7948717465;;;;"Запчасти и аксессуары";;;;0;;;;;;new;;;;;;18.10_26;removed;;
7948714966;Package;7948714966;;;;"Запчасти и аксессуары";;;;0;;;;;;new;;;;;;18.10_26;removed;;
7948710256;Package;7948710256;;;;"Запчасти и аксессуары";;;;0;;;;;;new;;;;;;18.10_26;removed;;
7948705940;Package;7948705940;;;;"Запчасти и аксессуары";;;;0;;;;;;new;;;;;;18.10_26;removed;;
7948705043;Package;7948705043;;;;"Запчасти и аксессуары";;;;0;;;;;;new;;;;;;18.10_26;removed;;
7948701096;Package;7948701096;;;;"Запчасти и аксессуары";;;;0;;;;;;new;;;;;;18.10_26;removed;;
7948700163;Package;7948700163;;;;"Запчасти и аксессуары";;;;0;;;;;;new;;;;;;18.10_26;removed;;
7948693460;Package;7948693460;;;;"Запчасти и аксессуары";;;;0;;;;;;new;;;;;;18.10_26;removed;;
7948686128;Package;7948686128;;;;"Запчасти и аксессуары";;;;0;;;;;;new;;;;;;18.10_26;removed;;
7948684516;Package;7948684516;;;;"Запчасти и аксессуары";;;;0;;;;;;new;;;;;;18.10_26;removed;;
7948681837;Package;7948681837;;;;"Запчасти и аксессуары";;;;0;;;;;;new;;;;;;18.10_26;removed;;
7948680052;Package;7948680052;;;;"Запчасти и аксессуары";;;;0;;;;;;new;;;;;;18.10_26;removed;;
7948678502;Package;7948678502;;;;"Запчасти и аксессуары";;;;0;;;;;;new;;;;;;18.10_26;removed;;
7948673556;Package;7948673556;;;;"Запчасти и аксессуары";;;;0;;;;;;new;;;;;;18.10_26;removed;;
7948673136;Package;7948673136;;;;"Запчасти и аксессуары";;;;0;;;;;;new;;;;;;18.10_26;removed;;
7948669300;Package;7948669300;;;;"Запчасти и аксессуары";;;;0;;;;;;new;;;;;;18.10_26;removed;;
7948669095;Package;7948669095;;;;"Запчасти и аксессуары";;;;0;;;;;;new;;;;;;18.10_26;removed;;
7948661676;Package;7948661676;;;;"Запчасти и аксессуары";;;;0;;;;;;new;;;;;;18.10_26;removed;;
7948656719;Package;7948656719;;;;"Запчасти и аксессуары";;;;0;;;;;;new;;;;;;18.10_26;removed;;
7948655266;Package;7948655266;;;;"Запчасти и аксессуары";;;;0;;;;;;new;;;;;;18.10_26;removed;;
7948653976;Package;7948653976;;;;"Запчасти и аксессуары";;;;0;;;;;;new;;;;;;18.10_26;removed;;
7948647373;Package;7948647373;;;;"Запчасти и аксессуары";;;;0;;;;;;new;;;;;;18.10_26;removed;;
7948647195;Package;7948647195;;;;"Запчасти и аксессуары";;;;0;;;;;;new;;;;;;18.10_26;removed;;
7948644770;Package;7948644770;;;;"Запчасти и аксессуары";;;;0;;;;;;new;;;;;;18.10_26;removed;;
7948638087;Package;7948638087;;;;"Запчасти и аксессуары";;;;0;;;;;;new;;;;;;18.10_26;removed;;
7948637585;Package;7948637585;;;;"Запчасти и аксессуары";;;;0;;;;;;new;;;;;;18.10_26;removed;;
7948637518;Package;7948637518;;;;"Запчасти и аксессуары";;;;0;;;;;;new;;;;;;18.10_26;removed;;
7948634789;Package;7948634789;;;;"Запчасти и аксессуары";;;;0;;;;;;new;;;;;;18.10_26;removed;;
7948634086;Package;7948634086;;;;"Запчасти и аксессуары";;;;0;;;;;;new;;;;;;18.10_26;removed;;
7948633303;Package;7948633303;;;;"Запчасти и аксессуары";;;;0;;;;;;new;;;;;;18.10_26;removed;;
7948632826;Package;7948632826;;;;"Запчасти и аксессуары";;;;0;;;;;;new;;;;;;18.10_26;removed;;
7948630622;Package;7948630622;;;;"Запчасти и аксессуары";;;;0;;;;;;new;;;;;;18.10_26;removed;;
7948625897;Package;7948625897;;;;"Запчасти и аксессуары";;;;0;;;;;;new;;;;;;18.10_26;removed;;
7948625496;Package;7948625496;;;;"Запчасти и аксессуары";;;;0;;;;;;new;;;;;;18.10_26;removed;;
7948621979;Package;7948621979;;;;"Запчасти и аксессуары";;;;0;;;;;;new;;;;;;18.10_26;removed;;
7948619853;Package;7948619853;;;;"Запчасти и аксессуары";;;;0;;;;;;new;;;;;;18.10_26;removed;;
7948617435;Package;7948617435;;;;"Запчасти и аксессуары";;;;0;;;;;;new;;;;;;18.10_26;removed;;
7948617319;Package;7948617319;;;;"Запчасти и аксессуары";;;;0;;;;;;new;;;;;;18.10_26;removed;;
7948599504;Package;7948599504;;;;"Запчасти и аксессуары";;;;0;;;;;;new;;;;;;18.10_26;removed;;
7948599448;Package;7948599448;;;;"Запчасти и аксессуары";;;;0;;;;;;new;;;;;;18.10_26;removed;;
7948598034;Package;7948598034;;;;"Запчасти и аксессуары";;;;0;;;;;;new;;;;;;18.10_26;removed;;
7948597587;Package;7948597587;;;;"Запчасти и аксессуары";;;;0;;;;;;new;;;;;;18.10_26;removed;;
7948596970;Package;7948596970;;;;"Запчасти и аксессуары";;;;0;;;;;;new;;;;;;18.10_26;removed;;
7948594967;Package;7948594967;;;;"Запчасти и аксессуары";;;;0;;;;;;new;;;;;;18.10_26;removed;;
7948592472;Package;7948592472;;;;"Запчасти и аксессуары";;;;0;;;;;;new;;;;;;18.10_26;removed;;
7948589453;Package;7948589453;;;;"Запчасти и аксессуары";;;;0;;;;;;new;;;;;;18.10_26;removed;;
7948582832;Package;7948582832;;;;"Запчасти и аксессуары";;;;0;;;;;;new;;;;;;18.10_26;removed;;
7948574776;Package;7948574776;;;;"Запчасти и аксессуары";;;;0;;;;;;new;;;;;;18.10_26;removed;;
7948571825;Package;7948571825;;;;"Запчасти и аксессуары";;;;0;;;;;;new;;;;;;18.10_26;removed;;
7948559094;Package;7948559094;;;;"Запчасти и аксессуары";;;;0;;;;;;new;;;;;;18.10_26;removed;;
7948555615;Package;7948555615;;;;"Запчасти и аксессуары";;;;0;;;;;;new;;;;;;18.10_26;removed;;
7948555213;Package;7948555213;;;;"Запчасти и аксессуары";;;;0;;;;;;new;;;;;;18.10_26;removed;;
7948552037;Package;7948552037;;;;"Запчасти и аксессуары";;;;0;;;;;;new;;;;;;18.10_26;removed;;
7948546352;Package;7948546352;;;;"Запчасти и аксессуары";;;;0;;;;;;new;;;;;;18.10_26;removed;;
7948543801;Package;7948543801;;;;"Запчасти и аксессуары";;;;0;;;;;;new;;;;;;18.10_26;removed;;
7948540622;Package;7948540622;;;;"Запчасти и аксессуары";;;;0;;;;;;new;;;;;;18.10_26;removed;;
7948530714;Package;7948530714;;;;"Запчасти и аксессуары";;;;0;;;;;;new;;;;;;18.10_26;removed;;
7948530371;Package;7948530371;;;;"Запчасти и аксессуары";;;;0;;;;;;new;;;;;;18.10_26;removed;;
7948526627;Package;7948526627;;;;"Запчасти и аксессуары";;;;0;;;;;;new;;;;;;18.10_26;removed;;
7948523649;Package;7948523649;;;;"Запчасти и аксессуары";;;;0;;;;;;new;;;;;;18.10_26;removed;;
7948521342;Package;7948521342;;;;"Запчасти и аксессуары";;;;0;;;;;;new;;;;;;18.10_26;removed;;
7948516386;Package;7948516386;;;;"Запчасти и аксессуары";;;;0;;;;;;new;;;;;;18.10_26;removed;;
7948513801;Package;7948513801;;;;"Запчасти и аксессуары";;;;0;;;;;;new;;;;;;18.10_26;removed;;
7948509999;Package;7948509999;;;;"Запчасти и аксессуары";;;;0;;;;;;new;;;;;;18.10_26;removed;;
7948509714;Package;7948509714;;;;"Запчасти и аксессуары";;;;0;;;;;;new;;;;;;18.10_26;removed;;
7948507029;Package;7948507029;;;;"Запчасти и аксессуары";;;;0;;;;;;new;;;;;;18.10_26;removed;;
7948504163;Package;7948504163;;;;"Запчасти и аксессуары";;;;0;;;;;;new;;;;;;18.10_26;removed;;
7948500646;Package;7948500646;;;;"Запчасти и аксессуары";;;;0;;;;;;new;;;;;;18.10_26;removed;;
7948496382;Package;7948496382;;;;"Запчасти и аксессуары";;;;0;;;;;;new;;;;;;18.10_26;removed;;
7948495452;Package;7948495452;;;;"Запчасти и аксессуары";;;;0;;;;;;new;;;;;;18.10_26;removed;;
7948488827;Package;7948488827;;;;"Запчасти и аксессуары";;;;0;;;;;;new;;;;;;18.10_26;removed;;
7948487231;Package;7948487231;;;;"Запчасти и аксессуары";;;;0;;;;;;new;;;;;;18.10_26;removed;;
7948475739;Package;7948475739;;;;"Запчасти и аксессуары";;;;0;;;;;;new;;;;;;18.10_26;removed;;
7948474283;Package;7948474283;;;;"Запчасти и аксессуары";;;;0;;;;;;new;;;;;;18.10_26;removed;;
7948473564;Package;7948473564;;;;"Запчасти и аксессуары";;;;0;;;;;;new;;;;;;18.10_26;removed;;
7948462885;Package;7948462885;;;;"Запчасти и аксессуары";;;;0;;;;;;new;;;;;;18.10_26;removed;;
7948455030;Package;7948455030;;;;"Запчасти и аксессуары";;;;0;;;;;;new;;;;;;18.10_26;removed;;
7948453768;Package;7948453768;;;;"Запчасти и аксессуары";;;;0;;;;;;new;;;;;;18.10_26;removed;;
7948448317;Package;7948448317;;;;"Запчасти и аксессуары";;;;0;;;;;;new;;;;;;18.10_26;removed;;
7948443948;Package;7948443948;;;;"Запчасти и аксессуары";;;;0;;;;;;new;;;;;;18.10_26;removed;;
7948443855;Package;7948443855;;;;"Запчасти и аксессуары";;;;0;;;;;;new;;;;;;18.10_26;removed;;
7948443011;Package;7948443011;;;;"Запчасти и аксессуары";;;;0;;;;;;new;;;;;;18.10_26;removed;;
7948438848;Package;7948438848;;;;"Запчасти и аксессуары";;;;0;;;;;;new;;;;;;18.10_26;removed;;
7948436176;Package;7948436176;;;;"Запчасти и аксессуары";;;;0;;;;;;new;;;;;;18.10_26;removed;;
7948429573;Package;7948429573;;;;"Запчасти и аксессуары";;;;0;;;;;;new;;;;;;18.10_26;removed;;
7948428303;Package;7948428303;;;;"Запчасти и аксессуары";;;;0;;;;;;new;;;;;;18.10_26;removed;;
7948425570;Package;7948425570;;;;"Запчасти и аксессуары";;;;0;;;;;;new;;;;;;18.10_26;removed;;
7948419622;Package;7948419622;;;;"Запчасти и аксессуары";;;;0;;;;;;new;;;;;;18.10_26;removed;;
7948406150;Package;7948406150;;;;"Запчасти и аксессуары";;;;0;;;;;;new;;;;;;18.10_26;removed;;
7948396944;Package;7948396944;;;;"Запчасти и аксессуары";;;;0;;;;;;new;;;;;;18.10_26;removed;;
7948392192;Package;7948392192;;;;"Запчасти и аксессуары";;;;0;;;;;;new;;;;;;18.10_26;removed;;
7948388940;Package;7948388940;;;;"Запчасти и аксессуары";;;;0;;;;;;new;;;;;;18.10_26;removed;;
7948384386;Package;7948384386;;;;"Запчасти и аксессуары";;;;0;;;;;;new;;;;;;18.10_26;removed;;
7948379076;Package;7948379076;;;;"Запчасти и аксессуары";;;;0;;;;;;new;;;;;;18.10_26;removed;;
7948376222;Package;7948376222;;;;"Запчасти и аксессуары";;;;0;;;;;;new;;;;;;18.10_26;removed;;
7948371779;Package;7948371779;;;;"Запчасти и аксессуары";;;;0;;;;;;new;;;;;;18.10_26;removed;;
7948369694;Package;7948369694;;;;"Запчасти и аксессуары";;;;0;;;;;;new;;;;;;18.10_26;removed;;
7948363164;Package;7948363164;;;;"Запчасти и аксессуары";;;;0;;;;;;new;;;;;;18.10_26;removed;;
7948360402;Package;7948360402;;;;"Запчасти и аксессуары";;;;0;;;;;;new;;;;;;18.10_26;removed;;
7948359438;Package;7948359438;;;;"Запчасти и аксессуары";;;;0;;;;;;new;;;;;;18.10_26;removed;;
7948356552;Package;7948356552;;;;"Запчасти и аксессуары";;;;0;;;;;;new;;;;;;18.10_26;removed;;
7948355163;Package;7948355163;;;;"Запчасти и аксессуары";;;;0;;;;;;new;;;;;;18.10_26;removed;;
7948353863;Package;7948353863;;;;"Запчасти и аксессуары";;;;0;;;;;;new;;;;;;18.10_26;removed;;
7948350007;Package;7948350007;;;;"Запчасти и аксессуары";;;;0;;;;;;new;;;;;;18.10_26;removed;;
7948348885;Package;7948348885;;;;"Запчасти и аксессуары";;;;0;;;;;;new;;;;;;18.10_26;removed;;
7948345018;Package;7948345018;;;;"Запчасти и аксессуары";;;;0;;;;;;new;;;;;;18.10_26;removed;;
7948343021;Package;7948343021;;;;"Запчасти и аксессуары";;;;0;;;;;;new;;;;;;18.10_26;removed;;
7948341999;Package;7948341999;;;;"Запчасти и аксессуары";;;;0;;;;;;new;;;;;;18.10_26;removed;;
7948341743;Package;7948341743;;;;"Запчасти и аксессуары";;;;0;;;;;;new;;;;;;18.10_26;removed;;
7948328198;Package;7948328198;;;;"Запчасти и аксессуары";;;;0;;;;;;new;;;;;;18.10_26;removed;;
7948320348;Package;7948320348;;;;"Запчасти и аксессуары";;;;0;;;;;;new;;;;;;18.10_26;removed;;
7948308989;Package;7948308989;;;;"Запчасти и аксессуары";;;;0;;;;;;new;;;;;;18.10_26;removed;;
7948308160;Package;7948308160;;;;"Запчасти и аксессуары";;;;0;;;;;;new;;;;;;18.10_26;removed;;
7948305402;Package;7948305402;;;;"Запчасти и аксессуары";;;;0;;;;;;new;;;;;;18.10_26;removed;;
7948304876;Package;7948304876;;;;"Запчасти и аксессуары";;;;0;;;;;;new;;;;;;18.10_26;removed;;
7948298083;Package;7948298083;;;;"Запчасти и аксессуары";;;;0;;;;;;new;;;;;;18.10_26;removed;;
7948297499;Package;7948297499;;;;"Запчасти и аксессуары";;;;0;;;;;;new;;;;;;18.10_26;removed;;
7948295739;Package;7948295739;;;;"Запчасти и аксессуары";;;;0;;;;;;new;;;;;;18.10_26;removed;;
7948283666;Package;7948283666;;;;"Запчасти и аксессуары";;;;0;;;;;;new;;;;;;18.10_26;removed;;
7948283487;Package;7948283487;;;;"Запчасти и аксессуары";;;;0;;;;;;new;;;;;;18.10_26;removed;;
7948282886;Package;7948282886;;;;"Запчасти и аксессуары";;;;0;;;;;;new;;;;;;18.10_26;removed;;
7948278933;Package;7948278933;;;;"Запчасти и аксессуары";;;;0;;;;;;new;;;;;;18.10_26;removed;;
7948277071;Package;7948277071;;;;"Запчасти и аксессуары";;;;0;;;;;;new;;;;;;18.10_26;removed;;
7948266976;Package;7948266976;;;;"Запчасти и аксессуары";;;;0;;;;;;new;;;;;;18.10_26;removed;;
7948262713;Package;7948262713;;;;"Запчасти и аксессуары";;;;0;;;;;;new;;;;;;18.10_26;removed;;
7948258829;Package;7948258829;;;;"Запчасти и аксессуары";;;;0;;;;;;new;;;;;;18.10_26;removed;;
7948255160;Package;7948255160;;;;"Запчасти и аксессуары";;;;0;;;;;;new;;;;;;18.10_26;removed;;
7948253562;Package;7948253562;;;;"Запчасти и аксессуары";;;;0;;;;;;new;;;;;;18.10_26;removed;;
7948253495;Package;7948253495;;;;"Запчасти и аксессуары";;;;0;;;;;;new;;;;;;18.10_26;removed;;
7948251575;Package;7948251575;;;;"Запчасти и аксессуары";;;;0;;;;;;new;;;;;;18.10_26;removed;;
7948250274;Package;7948250274;;;;"Запчасти и аксессуары";;;;0;;;;;;new;;;;;;18.10_26;removed;;
7948241780;Package;7948241780;;;;"Запчасти и аксессуары";;;;0;;;;;;new;;;;;;18.10_26;removed;;
7948236866;Package;7948236866;;;;"Запчасти и аксессуары";;;;0;;;;;;new;;;;;;18.10_26;removed;;
7948234793;Package;7948234793;;;;"Запчасти и аксессуары";;;;0;;;;;;new;;;;;;18.10_26;removed;;
7948233744;Package;7948233744;;;;"Запчасти и аксессуары";;;;0;;;;;;new;;;;;;18.10_26;removed;;
7948232821;Package;7948232821;;;;"Запчасти и аксессуары";;;;0;;;;;;new;;;;;;18.10_26;removed;;
7948232473;Package;7948232473;;;;"Запчасти и аксессуары";;;;0;;;;;;new;;;;;;18.10_26;removed;;
7948222555;Package;7948222555;;;;"Запчасти и аксессуары";;;;0;;;;;;new;;;;;;18.10_26;removed;;
7948218281;Package;7948218281;;;;"Запчасти и аксессуары";;;;0;;;;;;new;;;;;;18.10_26;removed;;
7948217197;Package;7948217197;;;;"Запчасти и аксессуары";;;;0;;;;;;new;;;;;;18.10_26;removed;;
7948215182;Package;7948215182;;;;"Запчасти и аксессуары";;;;0;;;;;;new;;;;;;18.10_26;removed;;
7948204487;Package;7948204487;;;;"Запчасти и аксессуары";;;;0;;;;;;new;;;;;;18.10_26;removed;;
7948201581;Package;7948201581;;;;"Запчасти и аксессуары";;;;0;;;;;;new;;;;;;18.10_26;removed;;
7948201074;Package;7948201074;;;;"Запчасти и аксессуары";;;;0;;;;;;new;;;;;;18.10_26;removed;;
7948200794;Package;7948200794;;;;"Запчасти и аксессуары";;;;0;;;;;;new;;;;;;18.10_26;removed;;
7948200030;Package;7948200030;;;;"Запчасти и аксессуары";;;;0;;;;;;new;;;;;;18.10_26;removed;;
7948199385;Package;7948199385;;;;"Запчасти и аксессуары";;;;0;;;;;;new;;;;;;18.10_26;removed;;
7948196144;Package;7948196144;;;;"Запчасти и аксессуары";;;;0;;;;;;new;;;;;;18.10_26;removed;;
7948194877;Package;7948194877;;;;"Запчасти и аксессуары";;;;0;;;;;;new;;;;;;18.10_26;removed;;
7948189377;Package;7948189377;;;;"Запчасти и аксессуары";;;;0;;;;;;new;;;;;;18.10_26;removed;;
7948189143;Package;7948189143;;;;"Запчасти и аксессуары";;;;0;;;;;;new;;;;;;18.10_26;removed;;
7948183598;Package;7948183598;;;;"Запчасти и аксессуары";;;;0;;;;;;new;;;;;;18.10_26;removed;;
7948179608;Package;7948179608;;;;"Запчасти и аксессуары";;;;0;;;;;;new;;;;;;18.10_26;removed;;
7948177190;Package;7948177190;;;;"Запчасти и аксессуары";;;;0;;;;;;new;;;;;;18.10_26;removed;;
7948176269;Package;7948176269;;;;"Запчасти и аксессуары";;;;0;;;;;;new;;;;;;18.10_26;removed;;
7948174515;Package;7948174515;;;;"Запчасти и аксессуары";;;;0;;;;;;new;;;;;;18.10_26;removed;;
7948169235;Package;7948169235;;;;"Запчасти и аксессуары";;;;0;;;;;;new;;;;;;18.10_26;removed;;
7948166338;Package;7948166338;;;;"Запчасти и аксессуары";;;;0;;;;;;new;;;;;;18.10_26;removed;;
7948161911;Package;7948161911;;;;"Запчасти и аксессуары";;;;0;;;;;;new;;;;;;18.10_26;removed;;
7948160748;Package;7948160748;;;;"Запчасти и аксессуары";;;;0;;;;;;new;;;;;;18.10_26;removed;;
7948151724;Package;7948151724;;;;"Запчасти и аксессуары";;;;0;;;;;;new;;;;;;18.10_26;removed;;
7948151634;Package;7948151634;;;;"Запчасти и аксессуары";;;;0;;;;;;new;;;;;;18.10_26;removed;;
7948151375;Package;7948151375;;;;"Запчасти и аксессуары";;;;0;;;;;;new;;;;;;18.10_26;removed;;
7948151072;Package;7948151072;;;;"Запчасти и аксессуары";;;;0;;;;;;new;;;;;;18.10_26;removed;;
7948145012;Package;7948145012;;;;"Запчасти и аксессуары";;;;0;;;;;;new;;;;;;18.10_26;removed;;
7948130076;Package;7948130076;;;;"Запчасти и аксессуары";;;;0;;;;;;new;;;;;;18.10_26;removed;;
7948118761;Package;7948118761;;;;"Запчасти и аксессуары";;;;0;;;;;;new;;;;;;18.10_26;removed;;
7948117200;Package;7948117200;;;;"Запчасти и аксессуары";;;;0;;;;;;new;;;;;;18.10_26;removed;;
7948116135;Package;7948116135;;;;"Запчасти и аксессуары";;;;0;;;;;;new;;;;;;18.10_26;removed;;
7948115300;Package;7948115300;;;;"Запчасти и аксессуары";;;;0;;;;;;new;;;;;;18.10_26;removed;;
7948113922;Package;7948113922;;;;"Запчасти и аксессуары";;;;0;;;;;;new;;;;;;18.10_26;removed;;
7948100485;Package;7948100485;;;;"Запчасти и аксессуары";;;;0;;;;;;new;;;;;;18.10_26;removed;;
7948097655;Package;7948097655;;;;"Запчасти и аксессуары";;;;0;;;;;;new;;;;;;18.10_26;removed;;
7948096238;Package;7948096238;;;;"Запчасти и аксессуары";;;;0;;;;;;new;;;;;;18.10_26;removed;;
7948089439;Package;7948089439;;;;"Запчасти и аксессуары";;;;0;;;;;;new;;;;;;18.10_26;removed;;
7948087637;Package;7948087637;;;;"Запчасти и аксессуары";;;;0;;;;;;new;;;;;;18.10_26;removed;;
7948086869;Package;7948086869;;;;"Запчасти и аксессуары";;;;0;;;;;;new;;;;;;18.10_26;removed;;
7948086618;Package;7948086618;;;;"Запчасти и аксессуары";;;;0;;;;;;new;;;;;;18.10_26;removed;;
7948086484;Package;7948086484;;;;"Запчасти и аксессуары";;;;0;;;;;;new;;;;;;18.10_26;removed;;
7948083596;Package;7948083596;;;;"Запчасти и аксессуары";;;;0;;;;;;new;;;;;;18.10_26;removed;;
7948081408;Package;7948081408;;;;"Запчасти и аксессуары";;;;0;;;;;;new;;;;;;18.10_26;removed;;
7948080460;Package;7948080460;;;;"Запчасти и аксессуары";;;;0;;;;;;new;;;;;;18.10_26;removed;;
7948077203;Package;7948077203;;;;"Запчасти и аксессуары";;;;0;;;;;;new;;;;;;18.10_26;removed;;
7948075387;Package;7948075387;;;;"Запчасти и аксессуары";;;;0;;;;;;new;;;;;;18.10_26;removed;;
7948074576;Package;7948074576;;;;"Запчасти и аксессуары";;;;0;;;;;;new;;;;;;18.10_26;removed;;
7948073974;Package;7948073974;;;;"Запчасти и аксессуары";;;;0;;;;;;new;;;;;;18.10_26;removed;;
7948065898;Package;7948065898;;;;"Запчасти и аксессуары";;;;0;;;;;;new;;;;;;18.10_26;removed;;
7948064303;Package;7948064303;;;;"Запчасти и аксессуары";;;;0;;;;;;new;;;;;;18.10_26;removed;;
7948058555;Package;7948058555;;;;"Запчасти и аксессуары";;;;0;;;;;;new;;;;;;18.10_26;removed;;
7948054628;Package;7948054628;;;;"Запчасти и аксессуары";;;;0;;;;;;new;;;;;;18.10_26;removed;;
7948054448;Package;7948054448;;;;"Запчасти и аксессуары";;;;0;;;;;;new;;;;;;18.10_26;removed;;
7948054145;Package;7948054145;;;;"Запчасти и аксессуары";;;;0;;;;;;new;;;;;;18.10_26;removed;;
7948046253;Package;7948046253;;;;"Запчасти и аксессуары";;;;0;;;;;;new;;;;;;18.10_26;removed;;
7948044447;Package;7948044447;;;;"Запчасти и аксессуары";;;;0;;;;;;new;;;;;;18.10_26;removed;;
7948041978;Package;7948041978;;;;"Запчасти и аксессуары";;;;0;;;;;;new;;;;;;18.10_26;removed;;
7948039849;Package;7948039849;;;;"Запчасти и аксессуары";;;;0;;;;;;new;;;;;;18.10_26;removed;;
7948039050;Package;7948039050;;;;"Запчасти и аксессуары";;;;0;;;;;;new;;;;;;18.10_26;removed;;
7948026038;Package;7948026038;;;;"Запчасти и аксессуары";;;;0;;;;;;new;;;;;;18.10_26;removed;;
7948025153;Package;7948025153;;;;"Запчасти и аксессуары";;;;0;;;;;;new;;;;;;18.10_26;removed;;
7948022793;Package;7948022793;;;;"Запчасти и аксессуары";;;;0;;;;;;new;;;;;;18.10_26;removed;;
7948021216;Package;7948021216;;;;"Запчасти и аксессуары";;;;0;;;;;;new;;;;;;18.10_26;removed;;
7948018708;Package;7948018708;;;;"Запчасти и аксессуары";;;;0;;;;;;new;;;;;;18.10_26;removed;;
7948011441;Package;7948011441;;;;"Запчасти и аксессуары";;;;0;;;;;;new;;;;;;18.10_26;removed;;
7947996351;Package;7947996351;;;;"Запчасти и аксессуары";;;;0;;;;;;new;;;;;;18.10_26;removed;;
7947996046;Package;7947996046;;;;"Запчасти и аксессуары";;;;0;;;;;;new;;;;;;18.10_26;removed;;
7947995342;Package;7947995342;;;;"Запчасти и аксессуары";;;;0;;;;;;new;;;;;;18.10_26;removed;;
7947994254;Package;7947994254;;;;"Запчасти и аксессуары";;;;0;;;;;;new;;;;;;18.10_26;removed;;
7947986351;Package;7947986351;;;;"Запчасти и аксессуары";;;;0;;;;;;new;;;;;;18.10_26;removed;;
7947983992;Package;7947983992;;;;"Запчасти и аксессуары";;;;0;;;;;;new;;;;;;18.10_26;removed;;
7947979502;Package;7947979502;;;;"Запчасти и аксессуары";;;;0;;;;;;new;;;;;;18.10_26;removed;;
7947961918;Package;7947961918;;;;"Запчасти и аксессуары";;;;0;;;;;;new;;;;;;18.10_26;removed;;
7947961669;Package;7947961669;;;;"Запчасти и аксессуары";;;;0;;;;;;new;;;;;;18.10_26;removed;;
7947958642;Package;7947958642;;;;"Запчасти и аксессуары";;;;0;;;;;;new;;;;;;18.10_26;removed;;
7947956745;Package;7947956745;;;;"Запчасти и аксессуары";;;;0;;;;;;new;;;;;;18.10_26;removed;;
7947955170;Package;7947955170;;;;"Запчасти и аксессуары";;;;0;;;;;;new;;;;;;18.10_26;removed;;
7947953802;Package;7947953802;;;;"Запчасти и аксессуары";;;;0;;;;;;new;;;;;;18.10_26;removed;;
7947953330;Package;7947953330;;;;"Запчасти и аксессуары";;;;0;;;;;;new;;;;;;18.10_26;removed;;
7947951062;Package;7947951062;;;;"Запчасти и аксессуары";;;;0;;;;;;new;;;;;;18.10_26;removed;;
7947948462;Package;7947948462;;;;"Запчасти и аксессуары";;;;0;;;;;;new;;;;;;18.10_26;removed;;
7947947515;Package;7947947515;;;;"Запчасти и аксессуары";;;;0;;;;;;new;;;;;;18.10_26;removed;;
7947946271;Package;7947946271;;;;"Запчасти и аксессуары";;;;0;;;;;;new;;;;;;18.10_26;removed;;
7947932587;Package;7947932587;;;;"Запчасти и аксессуары";;;;0;;;;;;new;;;;;;18.10_26;removed;;
7947930321;Package;7947930321;;;;"Запчасти и аксессуары";;;;0;;;;;;new;;;;;;18.10_26;removed;;
7947926924;Package;7947926924;;;;"Запчасти и аксессуары";;;;0;;;;;;new;;;;;;18.10_26;removed;;
7947923877;Package;7947923877;;;;"Запчасти и аксессуары";;;;0;;;;;;new;;;;;;18.10_26;removed;;
7947918960;Package;7947918960;;;;"Запчасти и аксессуары";;;;0;;;;;;new;;;;;;18.10_26;removed;;
7884926474;Package;7884926474;;;;"Запчасти и аксессуары";;;;0;;;;;;new;;;;;;18.10_26;removed;;
7884926150;Package;7884926150;;;;"Запчасти и аксессуары";;;;0;;;;;;new;;;;;;18.10_26;removed;;
7884925600;Package;7884925600;;;;"Запчасти и аксессуары";;;;0;;;;;;new;;;;;;18.10_26;removed;;
7884918813;Package;7884918813;;;;"Запчасти и аксессуары";;;;0;;;;;;new;;;;;;18.10_26;removed;;
7884913770;Package;7884913770;;;;"Запчасти и аксессуары";;;;0;;;;;;new;;;;;;18.10_26;removed;;
7884912776;Package;7884912776;;;;"Запчасти и аксессуары";;;;0;;;;;;new;;;;;;18.10_26;removed;;
7884912214;Package;7884912214;;;;"Запчасти и аксессуары";;;;0;;;;;;new;;;;;;18.10_26;removed;;
7884911850;Package;7884911850;;;;"Запчасти и аксессуары";;;;0;;;;;;new;;;;;;18.10_26;removed;;
7884908761;Package;7884908761;;;;"Запчасти и аксессуары";;;;0;;;;;;new;;;;;;18.10_26;removed;;
7884907582;Package;7884907582;;;;"Запчасти и аксессуары";;;;0;;;;;;new;;;;;;18.10_26;removed;;
7884907493;Package;7884907493;;;;"Запчасти и аксессуары";;;;0;;;;;;new;;;;;;18.10_26;removed;;
7884905986;Package;7884905986;;;;"Запчасти и аксессуары";;;;0;;;;;;new;;;;;;18.10_26;removed;;
7884899279;Package;7884899279;;;;"Запчасти и аксессуары";;;;0;;;;;;new;;;;;;18.10_26;removed;;
7884896321;Package;7884896321;;;;"Запчасти и аксессуары";;;;0;;;;;;new;;;;;;18.10_26;removed;;
7884894882;Package;7884894882;;;;"Запчасти и аксессуары";;;;0;;;;;;new;;;;;;18.10_26;removed;;
7884893969;Package;7884893969;;;;"Запчасти и аксессуары";;;;0;;;;;;new;;;;;;18.10_26;removed;;
7884889168;Package;7884889168;;;;"Запчасти и аксессуары";;;;0;;;;;;new;;;;;;18.10_26;removed;;
7884886725;Package;7884886725;;;;"Запчасти и аксессуары";;;;0;;;;;;new;;;;;;18.10_26;removed;;
7884886041;Package;7884886041;;;;"Запчасти и аксессуары";;;;0;;;;;;new;;;;;;18.10_26;removed;;
7884885171;Package;7884885171;;;;"Запчасти и аксессуары";;;;0;;;;;;new;;;;;;18.10_26;removed;;
7884884265;Package;7884884265;;;;"Запчасти и аксессуары";;;;0;;;;;;new;;;;;;18.10_26;removed;;
7884882577;Package;7884882577;;;;"Запчасти и аксессуары";;;;0;;;;;;new;;;;;;18.10_26;removed;;
7884881149;Package;7884881149;;;;"Запчасти и аксессуары";;;;0;;;;;;new;;;;;;18.10_26;removed;;
7884878610;Package;7884878610;;;;"Запчасти и аксессуары";;;;0;;;;;;new;;;;;;18.10_26;removed;;
7884878120;Package;7884878120;;;;"Запчасти и аксессуары";;;;0;;;;;;new;;;;;;18.10_26;removed;;
7884878013;Package;7884878013;;;;"Запчасти и аксессуары";;;;0;;;;;;new;;;;;;18.10_26;removed;;
7884877746;Package;7884877746;;;;"Запчасти и аксессуары";;;;0;;;;;;new;;;;;;18.10_26;removed;;
7884876733;Package;7884876733;;;;"Запчасти и аксессуары";;;;0;;;;;;new;;;;;;18.10_26;removed;;
7884875632;Package;7884875632;;;;"Запчасти и аксессуары";;;;0;;;;;;new;;;;;;18.10_26;removed;;
7884875040;Package;7884875040;;;;"Запчасти и аксессуары";;;;0;;;;;;new;;;;;;18.10_26;removed;;
7884874904;Package;7884874904;;;;"Запчасти и аксессуары";;;;0;;;;;;new;;;;;;18.10_26;removed;;
7884874891;Package;7884874891;;;;"Запчасти и аксессуары";;;;0;;;;;;new;;;;;;18.10_26;removed;;
7884872862;Package;7884872862;;;;"Запчасти и аксессуары";;;;0;;;;;;new;;;;;;18.10_26;removed;;
7884871405;Package;7884871405;;;;"Запчасти и аксессуары";;;;0;;;;;;new;;;;;;18.10_26;removed;;
7884871268;Package;7884871268;;;;"Запчасти и аксессуары";;;;0;;;;;;new;;;;;;18.10_26;removed;;
7884866994;Package;7884866994;;;;"Запчасти и аксессуары";;;;0;;;;;;new;;;;;;18.10_26;removed;;
7884865574;Package;7884865574;;;;"Запчасти и аксессуары";;;;0;;;;;;new;;;;;;18.10_26;removed;;
7884862031;Package;7884862031;;;;"Запчасти и аксессуары";;;;0;;;;;;new;;;;;;18.10_26;removed;;
7884857858;Package;7884857858;;;;"Запчасти и аксессуары";;;;0;;;;;;new;;;;;;18.10_26;removed;;
7884857394;Package;7884857394;;;;"Запчасти и аксессуары";;;;0;;;;;;new;;;;;;18.10_26;removed;;
7884856649;Package;7884856649;;;;"Запчасти и аксессуары";;;;0;;;;;;new;;;;;;18.10_26;removed;;
7884856197;Package;7884856197;;;;"Запчасти и аксессуары";;;;0;;;;;;new;;;;;;18.10_26;removed;;
7884855977;Package;7884855977;;;;"Запчасти и аксессуары";;;;0;;;;;;new;;;;;;18.10_26;removed;;
7884851397;Package;7884851397;;;;"Запчасти и аксессуары";;;;0;;;;;;new;;;;;;18.10_26;removed;;
7884850940;Package;7884850940;;;;"Запчасти и аксессуары";;;;0;;;;;;new;;;;;;18.10_26;removed;;
7884848691;Package;7884848691;;;;"Запчасти и аксессуары";;;;0;;;;;;new;;;;;;18.10_26;removed;;
7884847028;Package;7884847028;;;;"Запчасти и аксессуары";;;;0;;;;;;new;;;;;;18.10_26;removed;;
7884841932;Package;7884841932;;;;"Запчасти и аксессуары";;;;0;;;;;;new;;;;;;18.10_26;removed;;
7884841660;Package;7884841660;;;;"Запчасти и аксессуары";;;;0;;;;;;new;;;;;;18.10_26;removed;;
7884839663;Package;7884839663;;;;"Запчасти и аксессуары";;;;0;;;;;;new;;;;;;18.10_26;removed;;
7884839600;Package;7884839600;;;;"Запчасти и аксессуары";;;;0;;;;;;new;;;;;;18.10_26;removed;;
7884837570;Package;7884837570;;;;"Запчасти и аксессуары";;;;0;;;;;;new;;;;;;18.10_26;removed;;
7884834501;Package;7884834501;;;;"Запчасти и аксессуары";;;;0;;;;;;new;;;;;;18.10_26;removed;;
7884834273;Package;7884834273;;;;"Запчасти и аксессуары";;;;0;;;;;;new;;;;;;18.10_26;removed;;
7884834011;Package;7884834011;;;;"Запчасти и аксессуары";;;;0;;;;;;new;;;;;;18.10_26;removed;;
7884832653;Package;7884832653;;;;"Запчасти и аксессуары";;;;0;;;;;;new;;;;;;18.10_26;removed;;
7884832569;Package;7884832569;;;;"Запчасти и аксессуары";;;;0;;;;;;new;;;;;;18.10_26;removed;;
7884828592;Package;7884828592;;;;"Запчасти и аксессуары";;;;0;;;;;;new;;;;;;18.10_26;removed;;
7884826843;Package;7884826843;;;;"Запчасти и аксессуары";;;;0;;;;;;new;;;;;;18.10_26;removed;;
7884811411;Package;7884811411;;;;"Запчасти и аксессуары";;;;0;;;;;;new;;;;;;18.10_26;removed;;
7884807814;Package;7884807814;;;;"Запчасти и аксессуары";;;;0;;;;;;new;;;;;;18.10_26;removed;;
7884806490;Package;7884806490;;;;"Запчасти и аксессуары";;;;0;;;;;;new;;;;;;18.10_26;removed;;
7884797398;Package;7884797398;;;;"Запчасти и аксессуары";;;;0;;;;;;new;;;;;;18.10_26;removed;;
7884795501;Package;7884795501;;;;"Запчасти и аксессуары";;;;0;;;;;;new;;;;;;18.10_26;removed;;
7884793169;Package;7884793169;;;;"Запчасти и аксессуары";;;;0;;;;;;new;;;;;;18.10_26;removed;;
7884790734;Package;7884790734;;;;"Запчасти и аксессуары";;;;0;;;;;;new;;;;;;18.10_26;removed;;
7884790699;Package;7884790699;;;;"Запчасти и аксессуары";;;;0;;;;;;new;;;;;;18.10_26;removed;;
7884790085;Package;7884790085;;;;"Запчасти и аксессуары";;;;0;;;;;;new;;;;;;18.10_26;removed;;
7884789832;Package;7884789832;;;;"Запчасти и аксессуары";;;;0;;;;;;new;;;;;;18.10_26;removed;;
7884789789;Package;7884789789;;;;"Запчасти и аксессуары";;;;0;;;;;;new;;;;;;18.10_26;removed;;
7884788533;Package;7884788533;;;;"Запчасти и аксессуары";;;;0;;;;;;new;;;;;;18.10_26;removed;;
7884788473;Package;7884788473;;;;"Запчасти и аксессуары";;;;0;;;;;;new;;;;;;18.10_26;removed;;
7884784860;Package;7884784860;;;;"Запчасти и аксессуары";;;;0;;;;;;new;;;;;;18.10_26;removed;;
7884775874;Package;7884775874;;;;"Запчасти и аксессуары";;;;0;;;;;;new;;;;;;18.10_26;removed;;
7884762102;Package;7884762102;;;;"Запчасти и аксессуары";;;;0;;;;;;new;;;;;;18.10_26;removed;;
7884759893;Package;7884759893;;;;"Запчасти и аксессуары";;;;0;;;;;;new;;;;;;18.10_26;removed;;
7884758364;Package;7884758364;;;;"Запчасти и аксессуары";;;;0;;;;;;new;;;;;;18.10_26;removed;;
7884757783;Package;7884757783;;;;"Запчасти и аксессуары";;;;0;;;;;;new;;;;;;18.10_26;removed;;
7884757562;Package;7884757562;;;;"Запчасти и аксессуары";;;;0;;;;;;new;;;;;;18.10_26;removed;;
7884752448;Package;7884752448;;;;"Запчасти и аксессуары";;;;0;;;;;;new;;;;;;18.10_26;removed;;
7884749559;Package;7884749559;;;;"Запчасти и аксессуары";;;;0;;;;;;new;;;;;;18.10_26;removed;;
7884749330;Package;7884749330;;;;"Запчасти и аксессуары";;;;0;;;;;;new;;;;;;18.10_26;removed;;
7884745366;Package;7884745366;;;;"Запчасти и аксессуары";;;;0;;;;;;new;;;;;;18.10_26;removed;;
7884745035;Package;7884745035;;;;"Запчасти и аксессуары";;;;0;;;;;;new;;;;;;18.10_26;removed;;
7884737225;Package;7884737225;;;;"Запчасти и аксессуары";;;;0;;;;;;new;;;;;;18.10_26;removed;;
7884736349;Package;7884736349;;;;"Запчасти и аксессуары";;;;0;;;;;;new;;;;;;18.10_26;removed;;
7884733652;Package;7884733652;;;;"Запчасти и аксессуары";;;;0;;;;;;new;;;;;;18.10_26;removed;;
7884733361;Package;7884733361;;;;"Запчасти и аксессуары";;;;0;;;;;;new;;;;;;18.10_26;removed;;
7884732364;Package;7884732364;;;;"Запчасти и аксессуары";;;;0;;;;;;new;;;;;;18.10_26;removed;;
7884729890;Package;7884729890;;;;"Запчасти и аксессуары";;;;0;;;;;;new;;;;;;18.10_26;removed;;
7884729814;Package;7884729814;;;;"Запчасти и аксессуары";;;;0;;;;;;new;;;;;;18.10_26;removed;;
7884727617;Package;7884727617;;;;"Запчасти и аксессуары";;;;0;;;;;;new;;;;;;18.10_26;removed;;
7884726650;Package;7884726650;;;;"Запчасти и аксессуары";;;;0;;;;;;new;;;;;;18.10_26;removed;;
7884726220;Package;7884726220;;;;"Запчасти и аксессуары";;;;0;;;;;;new;;;;;;18.10_26;removed;;
7884725578;Package;7884725578;;;;"Запчасти и аксессуары";;;;0;;;;;;new;;;;;;18.10_26;removed;;
7884724354;Package;7884724354;;;;"Запчасти и аксессуары";;;;0;;;;;;new;;;;;;18.10_26;removed;;
7884723416;Package;7884723416;;;;"Запчасти и аксессуары";;;;0;;;;;;new;;;;;;18.10_26;removed;;
7884720721;Package;7884720721;;;;"Запчасти и аксессуары";;;;0;;;;;;new;;;;;;18.10_26;removed;;
7884719576;Package;7884719576;;;;"Запчасти и аксессуары";;;;0;;;;;;new;;;;;;18.10_26;removed;;
7884718399;Package;7884718399;;;;"Запчасти и аксессуары";;;;0;;;;;;new;;;;;;18.10_26;removed;;
7884718088;Package;7884718088;;;;"Запчасти и аксессуары";;;;0;;;;;;new;;;;;;18.10_26;removed;;
7884717736;Package;7884717736;;;;"Запчасти и аксессуары";;;;0;;;;;;new;;;;;;18.10_26;removed;;
7884715102;Package;7884715102;;;;"Запчасти и аксессуары";;;;0;;;;;;new;;;;;;18.10_26;removed;;
7884713756;Package;7884713756;;;;"Запчасти и аксессуары";;;;0;;;;;;new;;;;;;18.10_26;removed;;
7884711803;Package;7884711803;;;;"Запчасти и аксессуары";;;;0;;;;;;new;;;;;;18.10_26;removed;;
7884706450;Package;7884706450;;;;"Запчасти и аксессуары";;;;0;;;;;;new;;;;;;18.10_26;removed;;
7884703111;Package;7884703111;;;;"Запчасти и аксессуары";;;;0;;;;;;new;;;;;;18.10_26;removed;;
7884702104;Package;7884702104;;;;"Запчасти и аксессуары";;;;0;;;;;;new;;;;;;18.10_26;removed;;
7884697999;Package;7884697999;;;;"Запчасти и аксессуары";;;;0;;;;;;new;;;;;;18.10_26;removed;;
7884695008;Package;7884695008;;;;"Запчасти и аксессуары";;;;0;;;;;;new;;;;;;18.10_26;removed;;
7884693664;Package;7884693664;;;;"Запчасти и аксессуары";;;;0;;;;;;new;;;;;;18.10_26;removed;;
7884691637;Package;7884691637;;;;"Запчасти и аксессуары";;;;0;;;;;;new;;;;;;18.10_26;removed;;
7884690160;Package;7884690160;;;;"Запчасти и аксессуары";;;;0;;;;;;new;;;;;;18.10_26;removed;;
7884689449;Package;7884689449;;;;"Запчасти и аксессуары";;;;0;;;;;;new;;;;;;18.10_26;removed;;
7884688212;Package;7884688212;;;;"Запчасти и аксессуары";;;;0;;;;;;new;;;;;;18.10_26;removed;;
7884687871;Package;7884687871;;;;"Запчасти и аксессуары";;;;0;;;;;;new;;;;;;18.10_26;removed;;
7884684201;Package;7884684201;;;;"Запчасти и аксессуары";;;;0;;;;;;new;;;;;;18.10_26;removed;;
7884681634;Package;7884681634;;;;"Запчасти и аксессуары";;;;0;;;;;;new;;;;;;18.10_26;removed;;
7884680755;Package;7884680755;;;;"Запчасти и аксессуары";;;;0;;;;;;new;;;;;;18.10_26;removed;;
7884678905;Package;7884678905;;;;"Запчасти и аксессуары";;;;0;;;;;;new;;;;;;18.10_26;removed;;
7884674886;Package;7884674886;;;;"Запчасти и аксессуары";;;;0;;;;;;new;;;;;;18.10_26;removed;;
7884674715;Package;7884674715;;;;"Запчасти и аксессуары";;;;0;;;;;;new;;;;;;18.10_26;removed;;
7884668671;Package;7884668671;;;;"Запчасти и аксессуары";;;;0;;;;;;new;;;;;;18.10_26;removed;;
7884665548;Package;7884665548;;;;"Запчасти и аксессуары";;;;0;;;;;;new;;;;;;18.10_26;removed;;
7884665466;Package;7884665466;;;;"Запчасти и аксессуары";;;;0;;;;;;new;;;;;;18.10_26;removed;;
7884662530;Package;7884662530;;;;"Запчасти и аксессуары";;;;0;;;;;;new;;;;;;18.10_26;removed;;
7884662154;Package;7884662154;;;;"Запчасти и аксессуары";;;;0;;;;;;new;;;;;;18.10_26;removed;;
7884658971;Package;7884658971;;;;"Запчасти и аксессуары";;;;0;;;;;;new;;;;;;18.10_26;removed;;
7884658115;Package;7884658115;;;;"Запчасти и аксессуары";;;;0;;;;;;new;;;;;;18.10_26;removed;;
7884651560;Package;7884651560;;;;"Запчасти и аксессуары";;;;0;;;;;;new;;;;;;18.10_26;removed;;
7884651011;Package;7884651011;;;;"Запчасти и аксессуары";;;;0;;;;;;new;;;;;;18.10_26;removed;;
7884649927;Package;7884649927;;;;"Запчасти и аксессуары";;;;0;;;;;;new;;;;;;18.10_26;removed;;
7884645926;Package;7884645926;;;;"Запчасти и аксессуары";;;;0;;;;;;new;;;;;;18.10_26;removed;;
7884643126;Package;7884643126;;;;"Запчасти и аксессуары";;;;0;;;;;;new;;;;;;18.10_26;removed;;
7884642896;Package;7884642896;;;;"Запчасти и аксессуары";;;;0;;;;;;new;;;;;;18.10_26;removed;;
7884642314;Package;7884642314;;;;"Запчасти и аксессуары";;;;0;;;;;;new;;;;;;18.10_26;removed;;
7884640648;Package;7884640648;;;;"Запчасти и аксессуары";;;;0;;;;;;new;;;;;;18.10_26;removed;;
7884637731;Package;7884637731;;;;"Запчасти и аксессуары";;;;0;;;;;;new;;;;;;18.10_26;removed;;
7884635835;Package;7884635835;;;;"Запчасти и аксессуары";;;;0;;;;;;new;;;;;;18.10_26;removed;;
7884635619;Package;7884635619;;;;"Запчасти и аксессуары";;;;0;;;;;;new;;;;;;18.10_26;removed;;
7884633856;Package;7884633856;;;;"Запчасти и аксессуары";;;;0;;;;;;new;;;;;;18.10_26;removed;;
7884633463;Package;7884633463;;;;"Запчасти и аксессуары";;;;0;;;;;;new;;;;;;18.10_26;removed;;
7884632934;Package;7884632934;;;;"Запчасти и аксессуары";;;;0;;;;;;new;;;;;;18.10_26;removed;;
7884631555;Package;7884631555;;;;"Запчасти и аксессуары";;;;0;;;;;;new;;;;;;18.10_26;removed;;
7884630063;Package;7884630063;;;;"Запчасти и аксессуары";;;;0;;;;;;new;;;;;;18.10_26;removed;;
7884630016;Package;7884630016;;;;"Запчасти и аксессуары";;;;0;;;;;;new;;;;;;18.10_26;removed;;
7884629612;Package;7884629612;;;;"Запчасти и аксессуары";;;;0;;;;;;new;;;;;;18.10_26;removed;;
7884625715;Package;7884625715;;;;"Запчасти и аксессуары";;;;0;;;;;;new;;;;;;18.10_26;removed;;
7884624223;Package;7884624223;;;;"Запчасти и аксессуары";;;;0;;;;;;new;;;;;;18.10_26;removed;;
7884622712;Package;7884622712;;;;"Запчасти и аксессуары";;;;0;;;;;;new;;;;;;18.10_26;removed;;
7884621705;Package;7884621705;;;;"Запчасти и аксессуары";;;;0;;;;;;new;;;;;;18.10_26;removed;;
7884617545;Package;7884617545;;;;"Запчасти и аксессуары";;;;0;;;;;;new;;;;;;18.10_26;removed;;
7884612580;Package;7884612580;;;;"Запчасти и аксессуары";;;;0;;;;;;new;;;;;;18.10_26;removed;;
7884604888;Package;7884604888;;;;"Запчасти и аксессуары";;;;0;;;;;;new;;;;;;18.10_26;removed;;
7884600244;Package;7884600244;;;;"Запчасти и аксессуары";;;;0;;;;;;new;;;;;;18.10_26;removed;;
7884600048;Package;7884600048;;;;"Запчасти и аксессуары";;;;0;;;;;;new;;;;;;18.10_26;removed;;
7884597929;Package;7884597929;;;;"Запчасти и аксессуары";;;;0;;;;;;new;;;;;;18.10_26;removed;;
7884593397;Package;7884593397;;;;"Запчасти и аксессуары";;;;0;;;;;;new;;;;;;18.10_26;removed;;
7884593293;Package;7884593293;;;;"Запчасти и аксессуары";;;;0;;;;;;new;;;;;;18.10_26;removed;;
7884590556;Package;7884590556;;;;"Запчасти и аксессуары";;;;0;;;;;;new;;;;;;18.10_26;removed;;
7884586296;Package;7884586296;;;;"Запчасти и аксессуары";;;;0;;;;;;new;;;;;;18.10_26;removed;;
7884585821;Package;7884585821;;;;"Запчасти и аксессуары";;;;0;;;;;;new;;;;;;18.10_26;removed;;
7884585432;Package;7884585432;;;;"Запчасти и аксессуары";;;;0;;;;;;new;;;;;;18.10_26;removed;;
7884583558;Package;7884583558;;;;"Запчасти и аксессуары";;;;0;;;;;;new;;;;;;18.10_26;removed;;
7884577766;Package;7884577766;;;;"Запчасти и аксессуары";;;;0;;;;;;new;;;;;;18.10_26;removed;;
7884564303;Package;7884564303;;;;"Запчасти и аксессуары";;;;0;;;;;;new;;;;;;18.10_26;removed;;
7884563692;Package;7884563692;;;;"Запчасти и аксессуары";;;;0;;;;;;new;;;;;;18.10_26;removed;;
7884561706;Package;7884561706;;;;"Запчасти и аксессуары";;;;0;;;;;;new;;;;;;18.10_26;removed;;
7884555613;Package;7884555613;;;;"Запчасти и аксессуары";;;;0;;;;;;new;;;;;;18.10_26;removed;;
7884554203;Package;7884554203;;;;"Запчасти и аксессуары";;;;0;;;;;;new;;;;;;18.10_26;removed;;
7884549222;Package;7884549222;;;;"Запчасти и аксессуары";;;;0;;;;;;new;;;;;;18.10_26;removed;;
7884545336;Package;7884545336;;;;"Запчасти и аксессуары";;;;0;;;;;;new;;;;;;18.10_26;removed;;
7884544349;Package;7884544349;;;;"Запчасти и аксессуары";;;;0;;;;;;new;;;;;;18.10_26;removed;;
7884542780;Package;7884542780;;;;"Запчасти и аксессуары";;;;0;;;;;;new;;;;;;18.10_26;removed;;
7884542442;Package;7884542442;;;;"Запчасти и аксессуары";;;;0;;;;;;new;;;;;;18.10_26;removed;;
7884542341;Package;7884542341;;;;"Запчасти и аксессуары";;;;0;;;;;;new;;;;;;18.10_26;removed;;
7884535582;Package;7884535582;;;;"Запчасти и аксессуары";;;;0;;;;;;new;;;;;;18.10_26;removed;;
7884530395;Package;7884530395;;;;"Запчасти и аксессуары";;;;0;;;;;;new;;;;;;18.10_26;removed;;
7884529847;Package;7884529847;;;;"Запчасти и аксессуары";;;;0;;;;;;new;;;;;;18.10_26;removed;;
7884529318;Package;7884529318;;;;"Запчасти и аксессуары";;;;0;;;;;;new;;;;;;18.10_26;removed;;
7884525684;Package;7884525684;;;;"Запчасти и аксессуары";;;;0;;;;;;new;;;;;;18.10_26;removed;;
7884523497;Package;7884523497;;;;"Запчасти и аксессуары";;;;0;;;;;;new;;;;;;18.10_26;removed;;
7884520997;Package;7884520997;;;;"Запчасти и аксессуары";;;;0;;;;;;new;;;;;;18.10_26;removed;;
7884516641;Package;7884516641;;;;"Запчасти и аксессуары";;;;0;;;;;;new;;;;;;18.10_26;removed;;
7884513768;Package;7884513768;;;;"Запчасти и аксессуары";;;;0;;;;;;new;;;;;;18.10_26;removed;;
7884513051;Package;7884513051;;;;"Запчасти и аксессуары";;;;0;;;;;;new;;;;;;18.10_26;removed;;
7884511548;Package;7884511548;;;;"Запчасти и аксессуары";;;;0;;;;;;new;;;;;;18.10_26;removed;;
7884506040;Package;7884506040;;;;"Запчасти и аксессуары";;;;0;;;;;;new;;;;;;18.10_26;removed;;
7884505163;Package;7884505163;;;;"Запчасти и аксессуары";;;;0;;;;;;new;;;;;;18.10_26;removed;;
7884504644;Package;7884504644;;;;"Запчасти и аксессуары";;;;0;;;;;;new;;;;;;18.10_26;removed;;
7884503390;Package;7884503390;;;;"Запчасти и аксессуары";;;;0;;;;;;new;;;;;;18.10_26;removed;;
7884501361;Package;7884501361;;;;"Запчасти и аксессуары";;;;0;;;;;;new;;;;;;18.10_26;removed;;
7884501183;Package;7884501183;;;;"Запчасти и аксессуары";;;;0;;;;;;new;;;;;;18.10_26;removed;;
7884495645;Package;7884495645;;;;"Запчасти и аксессуары";;;;0;;;;;;new;;;;;;18.10_26;removed;;
7884495554;Package;7884495554;;;;"Запчасти и аксессуары";;;;0;;;;;;new;;;;;;18.10_26;removed;;
7884493022;Package;7884493022;;;;"Запчасти и аксессуары";;;;0;;;;;;new;;;;;;18.10_26;removed;;
7884488964;Package;7884488964;;;;"Запчасти и аксессуары";;;;0;;;;;;new;;;;;;18.10_26;removed;;
7884481039;Package;7884481039;;;;"Запчасти и аксессуары";;;;0;;;;;;new;;;;;;18.10_26;removed;;
7884480268;Package;7884480268;;;;"Запчасти и аксессуары";;;;0;;;;;;new;;;;;;18.10_26;removed;;
7884479519;Package;7884479519;;;;"Запчасти и аксессуары";;;;0;;;;;;new;;;;;;18.10_26;removed;;
7884479238;Package;7884479238;;;;"Запчасти и аксессуары";;;;0;;;;;;new;;;;;;18.10_26;removed;;
7884478122;Package;7884478122;;;;"Запчасти и аксессуары";;;;0;;;;;;new;;;;;;18.10_26;removed;;
7884469199;Package;7884469199;;;;"Запчасти и аксессуары";;;;0;;;;;;new;;;;;;18.10_26;removed;;
7884468673;Package;7884468673;;;;"Запчасти и аксессуары";;;;0;;;;;;new;;;;;;18.10_26;removed;;
7884468232;Package;7884468232;;;;"Запчасти и аксессуары";;;;0;;;;;;new;;;;;;18.10_26;removed;;
7884462375;Package;7884462375;;;;"Запчасти и аксессуары";;;;0;;;;;;new;;;;;;18.10_26;removed;;
7884456071;Package;7884456071;;;;"Запчасти и аксессуары";;;;0;;;;;;new;;;;;;18.10_26;removed;;
7884453172;Package;7884453172;;;;"Запчасти и аксессуары";;;;0;;;;;;new;;;;;;18.10_26;removed;;
7884450784;Package;7884450784;;;;"Запчасти и аксессуары";;;;0;;;;;;new;;;;;;18.10_26;removed;;
7884448633;Package;7884448633;;;;"Запчасти и аксессуары";;;;0;;;;;;new;;;;;;18.10_26;removed;;
7884444428;Package;7884444428;;;;"Запчасти и аксессуары";;;;0;;;;;;new;;;;;;18.10_26;removed;;
7884438533;Package;7884438533;;;;"Запчасти и аксессуары";;;;0;;;;;;new;;;;;;18.10_26;removed;;
7884438055;Package;7884438055;;;;"Запчасти и аксессуары";;;;0;;;;;;new;;;;;;18.10_26;removed;;
7884436851;Package;7884436851;;;;"Запчасти и аксессуары";;;;0;;;;;;new;;;;;;18.10_26;removed;;
7884436184;Package;7884436184;;;;"Запчасти и аксессуары";;;;0;;;;;;new;;;;;;18.10_26;removed;;
7884435763;Package;7884435763;;;;"Запчасти и аксессуары";;;;0;;;;;;new;;;;;;18.10_26;removed;;
7884432202;Package;7884432202;;;;"Запчасти и аксессуары";;;;0;;;;;;new;;;;;;18.10_26;removed;;
7884429667;Package;7884429667;;;;"Запчасти и аксессуары";;;;0;;;;;;new;;;;;;18.10_26;removed;;
7884426159;Package;7884426159;;;;"Запчасти и аксессуары";;;;0;;;;;;new;;;;;;18.10_26;removed;;
7884425588;Package;7884425588;;;;"Запчасти и аксессуары";;;;0;;;;;;new;;;;;;18.10_26;removed;;
7884421972;Package;7884421972;;;;"Запчасти и аксессуары";;;;0;;;;;;new;;;;;;18.10_26;removed;;
7884421867;Package;7884421867;;;;"Запчасти и аксессуары";;;;0;;;;;;new;;;;;;18.10_26;removed;;
7884420643;Package;7884420643;;;;"Запчасти и аксессуары";;;;0;;;;;;new;;;;;;18.10_26;removed;;
7884420165;Package;7884420165;;;;"Запчасти и аксессуары";;;;0;;;;;;new;;;;;;18.10_26;removed;;
7884419525;Package;7884419525;;;;"Запчасти и аксессуары";;;;0;;;;;;new;;;;;;18.10_26;removed;;
7884415515;Package;7884415515;;;;"Запчасти и аксессуары";;;;0;;;;;;new;;;;;;18.10_26;removed;;
7884413866;Package;7884413866;;;;"Запчасти и аксессуары";;;;0;;;;;;new;;;;;;18.10_26;removed;;
7884407838;Package;7884407838;;;;"Запчасти и аксессуары";;;;0;;;;;;new;;;;;;18.10_26;removed;;
7884406184;Package;7884406184;;;;"Запчасти и аксессуары";;;;0;;;;;;new;;;;;;18.10_26;removed;;
7884405290;Package;7884405290;;;;"Запчасти и аксессуары";;;;0;;;;;;new;;;;;;18.10_26;removed;;
7884405257;Package;7884405257;;;;"Запчасти и аксессуары";;;;0;;;;;;new;;;;;;18.10_26;removed;;
7884399289;Package;7884399289;;;;"Запчасти и аксессуары";;;;0;;;;;;new;;;;;;18.10_26;removed;;
7884397861;Package;7884397861;;;;"Запчасти и аксессуары";;;;0;;;;;;new;;;;;;18.10_26;removed;;
7884396687;Package;7884396687;;;;"Запчасти и аксессуары";;;;0;;;;;;new;;;;;;18.10_26;removed;;
7884394190;Package;7884394190;;;;"Запчасти и аксессуары";;;;0;;;;;;new;;;;;;18.10_26;removed;;
7884391243;Package;7884391243;;;;"Запчасти и аксессуары";;;;0;;;;;;new;;;;;;18.10_26;removed;;
7884390711;Package;7884390711;;;;"Запчасти и аксессуары";;;;0;;;;;;new;;;;;;18.10_26;removed;;
7884387998;Package;7884387998;;;;"Запчасти и аксессуары";;;;0;;;;;;new;;;;;;18.10_26;removed;;
7884387936;Package;7884387936;;;;"Запчасти и аксессуары";;;;0;;;;;;new;;;;;;18.10_26;removed;;
7884385634;Package;7884385634;;;;"Запчасти и аксессуары";;;;0;;;;;;new;;;;;;18.10_26;removed;;
7884381917;Package;7884381917;;;;"Запчасти и аксессуары";;;;0;;;;;;new;;;;;;18.10_26;removed;;
7884380753;Package;7884380753;;;;"Запчасти и аксессуары";;;;0;;;;;;new;;;;;;18.10_26;removed;;
7884377273;Package;7884377273;;;;"Запчасти и аксессуары";;;;0;;;;;;new;;;;;;18.10_26;removed;;
7884376295;Package;7884376295;;;;"Запчасти и аксессуары";;;;0;;;;;;new;;;;;;18.10_26;removed;;
7884375482;Package;7884375482;;;;"Запчасти и аксессуары";;;;0;;;;;;new;;;;;;18.10_26;removed;;
7884375319;Package;7884375319;;;;"Запчасти и аксессуары";;;;0;;;;;;new;;;;;;18.10_26;removed;;
7884374904;Package;7884374904;;;;"Запчасти и аксессуары";;;;0;;;;;;new;;;;;;18.10_26;removed;;
7884373766;Package;7884373766;;;;"Запчасти и аксессуары";;;;0;;;;;;new;;;;;;18.10_26;removed;;
7884372799;Package;7884372799;;;;"Запчасти и аксессуары";;;;0;;;;;;new;;;;;;18.10_26;removed;;
7884370826;Package;7884370826;;;;"Запчасти и аксессуары";;;;0;;;;;;new;;;;;;18.10_26;removed;;
7884369362;Package;7884369362;;;;"Запчасти и аксессуары";;;;0;;;;;;new;;;;;;18.10_26;removed;;
7884368141;Package;7884368141;;;;"Запчасти и аксессуары";;;;0;;;;;;new;;;;;;18.10_26;removed;;
7884367908;Package;7884367908;;;;"Запчасти и аксессуары";;;;0;;;;;;new;;;;;;18.10_26;removed;;
7884367765;Package;7884367765;;;;"Запчасти и аксессуары";;;;0;;;;;;new;;;;;;18.10_26;removed;;
7884364643;Package;7884364643;;;;"Запчасти и аксессуары";;;;0;;;;;;new;;;;;;18.10_26;removed;;
7884362361;Package;7884362361;;;;"Запчасти и аксессуары";;;;0;;;;;;new;;;;;;18.10_26;removed;;
7884360877;Package;7884360877;;;;"Запчасти и аксессуары";;;;0;;;;;;new;;;;;;18.10_26;removed;;
7884358835;Package;7884358835;;;;"Запчасти и аксессуары";;;;0;;;;;;new;;;;;;18.10_26;removed;;
7884357828;Package;7884357828;;;;"Запчасти и аксессуары";;;;0;;;;;;new;;;;;;18.10_26;removed;;
7884355933;Package;7884355933;;;;"Запчасти и аксессуары";;;;0;;;;;;new;;;;;;18.10_26;removed;;
7884354010;Package;7884354010;;;;"Запчасти и аксессуары";;;;0;;;;;;new;;;;;;18.10_26;removed;;
7884353122;Package;7884353122;;;;"Запчасти и аксессуары";;;;0;;;;;;new;;;;;;18.10_26;removed;;
7884351758;Package;7884351758;;;;"Запчасти и аксессуары";;;;0;;;;;;new;;;;;;18.10_26;removed;;
7884350201;Package;7884350201;;;;"Запчасти и аксессуары";;;;0;;;;;;new;;;;;;18.10_26;removed;;
7884342237;Package;7884342237;;;;"Запчасти и аксессуары";;;;0;;;;;;new;;;;;;18.10_26;removed;;
7884342170;Package;7884342170;;;;"Запчасти и аксессуары";;;;0;;;;;;new;;;;;;18.10_26;removed;;
7884339388;Package;7884339388;;;;"Запчасти и аксессуары";;;;0;;;;;;new;;;;;;18.10_26;removed;;
7884338118;Package;7884338118;;;;"Запчасти и аксессуары";;;;0;;;;;;new;;;;;;18.10_26;removed;;
7884332881;Package;7884332881;;;;"Запчасти и аксессуары";;;;0;;;;;;new;;;;;;18.10_26;removed;;
7884328959;Package;7884328959;;;;"Запчасти и аксессуары";;;;0;;;;;;new;;;;;;18.10_26;removed;;
7884327985;Package;7884327985;;;;"Запчасти и аксессуары";;;;0;;;;;;new;;;;;;18.10_26;removed;;
7884325618;Package;7884325618;;;;"Запчасти и аксессуары";;;;0;;;;;;new;;;;;;18.10_26;removed;;
7884322542;Package;7884322542;;;;"Запчасти и аксессуары";;;;0;;;;;;new;;;;;;18.10_26;removed;;
7884320669;Package;7884320669;;;;"Запчасти и аксессуары";;;;0;;;;;;new;;;;;;18.10_26;removed;;
7884317522;Package;7884317522;;;;"Запчасти и аксессуары";;;;0;;;;;;new;;;;;;18.10_26;removed;;
7884316691;Package;7884316691;;;;"Запчасти и аксессуары";;;;0;;;;;;new;;;;;;18.10_26;removed;;
7884313699;Package;7884313699;;;;"Запчасти и аксессуары";;;;0;;;;;;new;;;;;;18.10_26;removed;;
7884312872;Package;7884312872;;;;"Запчасти и аксессуары";;;;0;;;;;;new;;;;;;18.10_26;removed;;
7884312597;Package;7884312597;;;;"Запчасти и аксессуары";;;;0;;;;;;new;;;;;;18.10_26;removed;;
7884311926;Package;7884311926;;;;"Запчасти и аксессуары";;;;0;;;;;;new;;;;;;18.10_26;removed;;
7884309613;Package;7884309613;;;;"Запчасти и аксессуары";;;;0;;;;;;new;;;;;;18.10_26;removed;;
7884307965;Package;7884307965;;;;"Запчасти и аксессуары";;;;0;;;;;;new;;;;;;18.10_26;removed;;
7884307809;Package;7884307809;;;;"Запчасти и аксессуары";;;;0;;;;;;new;;;;;;18.10_26;removed;;
7884306655;Package;7884306655;;;;"Запчасти и аксессуары";;;;0;;;;;;new;;;;;;18.10_26;removed;;
7884306024;Package;7884306024;;;;"Запчасти и аксессуары";;;;0;;;;;;new;;;;;;18.10_26;removed;;
7884304743;Package;7884304743;;;;"Запчасти и аксессуары";;;;0;;;;;;new;;;;;;18.10_26;removed;;
7884303551;Package;7884303551;;;;"Запчасти и аксессуары";;;;0;;;;;;new;;;;;;18.10_26;removed;;
7884302874;Package;7884302874;;;;"Запчасти и аксессуары";;;;0;;;;;;new;;;;;;18.10_26;removed;;
7884302848;Package;7884302848;;;;"Запчасти и аксессуары";;;;0;;;;;;new;;;;;;18.10_26;removed;;
7884295674;Package;7884295674;;;;"Запчасти и аксессуары";;;;0;;;;;;new;;;;;;18.10_26;removed;;
7884292344;Package;7884292344;;;;"Запчасти и аксессуары";;;;0;;;;;;new;;;;;;18.10_26;removed;;
7884290807;Package;7884290807;;;;"Запчасти и аксессуары";;;;0;;;;;;new;;;;;;18.10_26;removed;;
7884289430;Package;7884289430;;;;"Запчасти и аксессуары";;;;0;;;;;;new;;;;;;18.10_26;removed;;
7884289117;Package;7884289117;;;;"Запчасти и аксессуары";;;;0;;;;;;new;;;;;;18.10_26;removed;;
7884281256;Package;7884281256;;;;"Запчасти и аксессуары";;;;0;;;;;;new;;;;;;18.10_26;removed;;
7884280954;Package;7884280954;;;;"Запчасти и аксессуары";;;;0;;;;;;new;;;;;;18.10_26;removed;;
7884279039;Package;7884279039;;;;"Запчасти и аксессуары";;;;0;;;;;;new;;;;;;18.10_26;removed;;
7884278260;Package;7884278260;;;;"Запчасти и аксессуары";;;;0;;;;;;new;;;;;;18.10_26;removed;;
7884277977;Package;7884277977;;;;"Запчасти и аксессуары";;;;0;;;;;;new;;;;;;18.10_26;removed;;
7884275220;Package;7884275220;;;;"Запчасти и аксессуары";;;;0;;;;;;new;;;;;;18.10_26;removed;;
7884270875;Package;7884270875;;;;"Запчасти и аксессуары";;;;0;;;;;;new;;;;;;18.10_26;removed;;
7884270410;Package;7884270410;;;;"Запчасти и аксессуары";;;;0;;;;;;new;;;;;;18.10_26;removed;;
7884267454;Package;7884267454;;;;"Запчасти и аксессуары";;;;0;;;;;;new;;;;;;18.10_26;removed;;
7884266406;Package;7884266406;;;;"Запчасти и аксессуары";;;;0;;;;;;new;;;;;;18.10_26;removed;;
7884266173;Package;7884266173;;;;"Запчасти и аксессуары";;;;0;;;;;;new;;;;;;18.10_26;removed;;
7884265845;Package;7884265845;;;;"Запчасти и аксессуары";;;;0;;;;;;new;;;;;;18.10_26;removed;;
7884262277;Package;7884262277;;;;"Запчасти и аксессуары";;;;0;;;;;;new;;;;;;18.10_26;removed;;
7884261744;Package;7884261744;;;;"Запчасти и аксессуары";;;;0;;;;;;new;;;;;;18.10_26;removed;;
7884245819;Package;7884245819;;;;"Запчасти и аксессуары";;;;0;;;;;;new;;;;;;18.10_26;removed;;
7884244549;Package;7884244549;;;;"Запчасти и аксессуары";;;;0;;;;;;new;;;;;;18.10_26;removed;;
7884242382;Package;7884242382;;;;"Запчасти и аксессуары";;;;0;;;;;;new;;;;;;18.10_26;removed;;
7884240346;Package;7884240346;;;;"Запчасти и аксессуары";;;;0;;;;;;new;;;;;;18.10_26;removed;;
7884237465;Package;7884237465;;;;"Запчасти и аксессуары";;;;0;;;;;;new;;;;;;18.10_26;removed;;
7884237436;Package;7884237436;;;;"Запчасти и аксессуары";;;;0;;;;;;new;;;;;;18.10_26;removed;;
7884236501;Package;7884236501;;;;"Запчасти и аксессуары";;;;0;;;;;;new;;;;;;18.10_26;removed;;
7884234254;Package;7884234254;;;;"Запчасти и аксессуары";;;;0;;;;;;new;;;;;;18.10_26;removed;;
7884233902;Package;7884233902;;;;"Запчасти и аксессуары";;;;0;;;;;;new;;;;;;18.10_26;removed;;
7884230607;Package;7884230607;;;;"Запчасти и аксессуары";;;;0;;;;;;new;;;;;;18.10_26;removed;;
7884230129;Package;7884230129;;;;"Запчасти и аксессуары";;;;0;;;;;;new;;;;;;18.10_26;removed;;
7884229419;Package;7884229419;;;;"Запчасти и аксессуары";;;;0;;;;;;new;;;;;;18.10_26;removed;;
7884226841;Package;7884226841;;;;"Запчасти и аксессуары";;;;0;;;;;;new;;;;;;18.10_26;removed;;
7884221300;Package;7884221300;;;;"Запчасти и аксессуары";;;;0;;;;;;new;;;;;;18.10_26;removed;;
7884221249;Package;7884221249;;;;"Запчасти и аксессуары";;;;0;;;;;;new;;;;;;18.10_26;removed;;
7884220100;Package;7884220100;;;;"Запчасти и аксессуары";;;;0;;;;;;new;;;;;;18.10_26;removed;;
7884219811;Package;7884219811;;;;"Запчасти и аксессуары";;;;0;;;;;;new;;;;;;18.10_26;removed;;
7884215286;Package;7884215286;;;;"Запчасти и аксессуары";;;;0;;;;;;new;;;;;;18.10_26;removed;;
7884214694;Package;7884214694;;;;"Запчасти и аксессуары";;;;0;;;;;;new;;;;;;18.10_26;removed;;
7884214287;Package;7884214287;;;;"Запчасти и аксессуары";;;;0;;;;;;new;;;;;;18.10_26;removed;;
7884210641;Package;7884210641;;;;"Запчасти и аксессуары";;;;0;;;;;;new;;;;;;18.10_26;removed;;
7884209601;Package;7884209601;;;;"Запчасти и аксессуары";;;;0;;;;;;new;;;;;;18.10_26;removed;;
7884205747;Package;7884205747;;;;"Запчасти и аксессуары";;;;0;;;;;;new;;;;;;18.10_26;removed;;
7884205626;Package;7884205626;;;;"Запчасти и аксессуары";;;;0;;;;;;new;;;;;;18.10_26;removed;;
7884202928;Package;7884202928;;;;"Запчасти и аксессуары";;;;0;;;;;;new;;;;;;18.10_26;removed;;
7884196430;Package;7884196430;;;;"Запчасти и аксессуары";;;;0;;;;;;new;;;;;;18.10_26;removed;;
7884194937;Package;7884194937;;;;"Запчасти и аксессуары";;;;0;;;;;;new;;;;;;18.10_26;removed;;
7884189552;Package;7884189552;;;;"Запчасти и аксессуары";;;;0;;;;;;new;;;;;;18.10_26;removed;;
7884183909;Package;7884183909;;;;"Запчасти и аксессуары";;;;0;;;;;;new;;;;;;18.10_26;removed;;
7884181127;Package;7884181127;;;;"Запчасти и аксессуары";;;;0;;;;;;new;;;;;;18.10_26;removed;;
7884180904;Package;7884180904;;;;"Запчасти и аксессуары";;;;0;;;;;;new;;;;;;18.10_26;removed;;
7884180534;Package;7884180534;;;;"Запчасти и аксессуары";;;;0;;;;;;new;;;;;;18.10_26;removed;;
7884179162;Package;7884179162;;;;"Запчасти и аксессуары";;;;0;;;;;;new;;;;;;18.10_26;removed;;
7884177913;Package;7884177913;;;;"Запчасти и аксессуары";;;;0;;;;;;new;;;;;;18.10_26;removed;;
7884177350;Package;7884177350;;;;"Запчасти и аксессуары";;;;0;;;;;;new;;;;;;18.10_26;removed;;
7884176052;Package;7884176052;;;;"Запчасти и аксессуары";;;;0;;;;;;new;;;;;;18.10_26;removed;;
7884175446;Package;7884175446;;;;"Запчасти и аксессуары";;;;0;;;;;;new;;;;;;18.10_26;removed;;
7884172775;Package;7884172775;;;;"Запчасти и аксессуары";;;;0;;;;;;new;;;;;;18.10_26;removed;;
7884167694;Package;7884167694;;;;"Запчасти и аксессуары";;;;0;;;;;;new;;;;;;18.10_26;removed;;
7884166208;Package;7884166208;;;;"Запчасти и аксессуары";;;;0;;;;;;new;;;;;;18.10_26;removed;;
7884165809;Package;7884165809;;;;"Запчасти и аксессуары";;;;0;;;;;;new;;;;;;18.10_26;removed;;
7884165301;Package;7884165301;;;;"Запчасти и аксессуары";;;;0;;;;;;new;;;;;;18.10_26;removed;;
7884164908;Package;7884164908;;;;"Запчасти и аксессуары";;;;0;;;;;;new;;;;;;18.10_26;removed;;
7884164577;Package;7884164577;;;;"Запчасти и аксессуары";;;;0;;;;;;new;;;;;;18.10_26;removed;;
7884160852;Package;7884160852;;;;"Запчасти и аксессуары";;;;0;;;;;;new;;;;;;18.10_26;removed;;
7884159546;Package;7884159546;;;;"Запчасти и аксессуары";;;;0;;;;;;new;;;;;;18.10_26;removed;;
7884158038;Package;7884158038;;;;"Запчасти и аксессуары";;;;0;;;;;;new;;;;;;18.10_26;removed;;
7884155164;Package;7884155164;;;;"Запчасти и аксессуары";;;;0;;;;;;new;;;;;;18.10_26;removed;;
7884151647;Package;7884151647;;;;"Запчасти и аксессуары";;;;0;;;;;;new;;;;;;18.10_26;removed;;
7884142665;Package;7884142665;;;;"Запчасти и аксессуары";;;;0;;;;;;new;;;;;;18.10_26;removed;;
7884142543;Package;7884142543;;;;"Запчасти и аксессуары";;;;0;;;;;;new;;;;;;18.10_26;removed;;
7884137757;Package;7884137757;;;;"Запчасти и аксессуары";;;;0;;;;;;new;;;;;;18.10_26;removed;;
7884136214;Package;7884136214;;;;"Запчасти и аксессуары";;;;0;;;;;;new;;;;;;18.10_26;removed;;
7884136078;Package;7884136078;;;;"Запчасти и аксессуары";;;;0;;;;;;new;;;;;;18.10_26;removed;;
7884135959;Package;7884135959;;;;"Запчасти и аксессуары";;;;0;;;;;;new;;;;;;18.10_26;removed;;
7884135307;Package;7884135307;;;;"Запчасти и аксессуары";;;;0;;;;;;new;;;;;;18.10_26;removed;;
7884134683;Package;7884134683;;;;"Запчасти и аксессуары";;;;0;;;;;;new;;;;;;18.10_26;removed;;
7884133021;Package;7884133021;;;;"Запчасти и аксессуары";;;;0;;;;;;new;;;;;;18.10_26;removed;;
7884130919;Package;7884130919;;;;"Запчасти и аксессуары";;;;0;;;;;;new;;;;;;18.10_26;removed;;
7884130646;Package;7884130646;;;;"Запчасти и аксессуары";;;;0;;;;;;new;;;;;;18.10_26;removed;;
7884125971;Package;7884125971;;;;"Запчасти и аксессуары";;;;0;;;;;;new;;;;;;18.10_26;removed;;
7884125438;Package;7884125438;;;;"Запчасти и аксессуары";;;;0;;;;;;new;;;;;;18.10_26;removed;;
7884122000;Package;7884122000;;;;"Запчасти и аксессуары";;;;0;;;;;;new;;;;;;18.10_26;removed;;
7884121266;Package;7884121266;;;;"Запчасти и аксессуары";;;;0;;;;;;new;;;;;;18.10_26;removed;;
7884119887;Package;7884119887;;;;"Запчасти и аксессуары";;;;0;;;;;;new;;;;;;18.10_26;removed;;
7884119599;Package;7884119599;;;;"Запчасти и аксессуары";;;;0;;;;;;new;;;;;;18.10_26;removed;;
7884115165;Package;7884115165;;;;"Запчасти и аксессуары";;;;0;;;;;;new;;;;;;18.10_26;removed;;
7884113929;Package;7884113929;;;;"Запчасти и аксессуары";;;;0;;;;;;new;;;;;;18.10_26;removed;;
7884113342;Package;7884113342;;;;"Запчасти и аксессуары";;;;0;;;;;;new;;;;;;18.10_26;removed;;
7884110249;Package;7884110249;;;;"Запчасти и аксессуары";;;;0;;;;;;new;;;;;;18.10_26;removed;;
7884106022;Package;7884106022;;;;"Запчасти и аксессуары";;;;0;;;;;;new;;;;;;18.10_26;removed;;
7884103715;Package;7884103715;;;;"Запчасти и аксессуары";;;;0;;;;;;new;;;;;;18.10_26;removed;;
7884101414;Package;7884101414;;;;"Запчасти и аксессуары";;;;0;;;;;;new;;;;;;18.10_26;removed;;
7884099993;Package;7884099993;;;;"Запчасти и аксессуары";;;;0;;;;;;new;;;;;;18.10_26;removed;;
7884095911;Package;7884095911;;;;"Запчасти и аксессуары";;;;0;;;;;;new;;;;;;18.10_26;removed;;
7884093491;Package;7884093491;;;;"Запчасти и аксессуары";;;;0;;;;;;new;;;;;;18.10_26;removed;;
7884092201;Package;7884092201;;;;"Запчасти и аксессуары";;;;0;;;;;;new;;;;;;18.10_26;removed;;
7884092011;Package;7884092011;;;;"Запчасти и аксессуары";;;;0;;;;;;new;;;;;;18.10_26;removed;;
7884091379;Package;7884091379;;;;"Запчасти и аксессуары";;;;0;;;;;;new;;;;;;18.10_26;removed;;
7884083613;Package;7884083613;;;;"Запчасти и аксессуары";;;;0;;;;;;new;;;;;;18.10_26;removed;;
7884081560;Package;7884081560;;;;"Запчасти и аксессуары";;;;0;;;;;;new;;;;;;18.10_26;removed;;
7884080774;Package;7884080774;;;;"Запчасти и аксессуары";;;;0;;;;;;new;;;;;;18.10_26;removed;;
7884077973;Package;7884077973;;;;"Запчасти и аксессуары";;;;0;;;;;;new;;;;;;18.10_26;removed;;
7884075284;Package;7884075284;;;;"Запчасти и аксессуары";;;;0;;;;;;new;;;;;;18.10_26;removed;;
7884075255;Package;7884075255;;;;"Запчасти и аксессуары";;;;0;;;;;;new;;;;;;18.10_26;removed;;
7884071488;Package;7884071488;;;;"Запчасти и аксессуары";;;;0;;;;;;new;;;;;;18.10_26;removed;;
7884068919;Package;7884068919;;;;"Запчасти и аксессуары";;;;0;;;;;;new;;;;;;18.10_26;removed;;
7884068762;Package;7884068762;;;;"Запчасти и аксессуары";;;;0;;;;;;new;;;;;;18.10_26;removed;;
7884061204;Package;7884061204;;;;"Запчасти и аксессуары";;;;0;;;;;;new;;;;;;18.10_26;removed;;
7884059825;Package;7884059825;;;;"Запчасти и аксессуары";;;;0;;;;;;new;;;;;;18.10_26;removed;;
7884059647;Package;7884059647;;;;"Запчасти и аксессуары";;;;0;;;;;;new;;;;;;18.10_26;removed;;
7884059610;Package;7884059610;;;;"Запчасти и аксессуары";;;;0;;;;;;new;;;;;;18.10_26;removed;;
7884057066;Package;7884057066;;;;"Запчасти и аксессуары";;;;0;;;;;;new;;;;;;18.10_26;removed;;
7884053865;Package;7884053865;;;;"Запчасти и аксессуары";;;;0;;;;;;new;;;;;;18.10_26;removed;;
7884047007;Package;7884047007;;;;"Запчасти и аксессуары";;;;0;;;;;;new;;;;;;18.10_26;removed;;
7884046448;Package;7884046448;;;;"Запчасти и аксессуары";;;;0;;;;;;new;;;;;;18.10_26;removed;;
7884046426;Package;7884046426;;;;"Запчасти и аксессуары";;;;0;;;;;;new;;;;;;18.10_26;removed;;
7884043241;Package;7884043241;;;;"Запчасти и аксессуары";;;;0;;;;;;new;;;;;;18.10_26;removed;;
7884042850;Package;7884042850;;;;"Запчасти и аксессуары";;;;0;;;;;;new;;;;;;18.10_26;removed;;
7884040473;Package;7884040473;;;;"Запчасти и аксессуары";;;;0;;;;;;new;;;;;;18.10_26;removed;;
7884040113;Package;7884040113;;;;"Запчасти и аксессуары";;;;0;;;;;;new;;;;;;18.10_26;removed;;
7884039812;Package;7884039812;;;;"Запчасти и аксессуары";;;;0;;;;;;new;;;;;;18.10_26;removed;;
7884038258;Package;7884038258;;;;"Запчасти и аксессуары";;;;0;;;;;;new;;;;;;18.10_26;removed;;
7884036575;Package;7884036575;;;;"Запчасти и аксессуары";;;;0;;;;;;new;;;;;;18.10_26;removed;;
7884031028;Package;7884031028;;;;"Запчасти и аксессуары";;;;0;;;;;;new;;;;;;18.10_26;removed;;
7884029871;Package;7884029871;;;;"Запчасти и аксессуары";;;;0;;;;;;new;;;;;;18.10_26;removed;;
7884028909;Package;7884028909;;;;"Запчасти и аксессуары";;;;0;;;;;;new;;;;;;18.10_26;removed;;
7884027160;Package;7884027160;;;;"Запчасти и аксессуары";;;;0;;;;;;new;;;;;;18.10_26;removed;;
7884024385;Package;7884024385;;;;"Запчасти и аксессуары";;;;0;;;;;;new;;;;;;18.10_26;removed;;
7884019771;Package;7884019771;;;;"Запчасти и аксессуары";;;;0;;;;;;new;;;;;;18.10_26;removed;;
7884019677;Package;7884019677;;;;"Запчасти и аксессуары";;;;0;;;;;;new;;;;;;18.10_26;removed;;
7884018542;Package;7884018542;;;;"Запчасти и аксессуары";;;;0;;;;;;new;;;;;;18.10_26;removed;;
7884017481;Package;7884017481;;;;"Запчасти и аксессуары";;;;0;;;;;;new;;;;;;18.10_26;removed;;
7884013124;Package;7884013124;;;;"Запчасти и аксессуары";;;;0;;;;;;new;;;;;;18.10_26;removed;;
7884012554;Package;7884012554;;;;"Запчасти и аксессуары";;;;0;;;;;;new;;;;;;18.10_26;removed;;
7884009897;Package;7884009897;;;;"Запчасти и аксессуары";;;;0;;;;;;new;;;;;;18.10_26;removed;;
7884008377;Package;7884008377;;;;"Запчасти и аксессуары";;;;0;;;;;;new;;;;;;18.10_26;removed;;
7884006214;Package;7884006214;;;;"Запчасти и аксессуары";;;;0;;;;;;new;;;;;;18.10_26;removed;;
7884005890;Package;7884005890;;;;"Запчасти и аксессуары";;;;0;;;;;;new;;;;;;18.10_26;removed;;
7884005615;Package;7884005615;;;;"Запчасти и аксессуары";;;;0;;;;;;new;;;;;;18.10_26;removed;;
7884004474;Package;7884004474;;;;"Запчасти и аксессуары";;;;0;;;;;;new;;;;;;18.10_26;removed;;
7883999794;Package;7883999794;;;;"Запчасти и аксессуары";;;;0;;;;;;new;;;;;;18.10_26;removed;;
7883996196;Package;7883996196;;;;"Запчасти и аксессуары";;;;0;;;;;;new;;;;;;18.10_26;removed;;
7883995262;Package;7883995262;;;;"Запчасти и аксессуары";;;;0;;;;;;new;;;;;;18.10_26;removed;;
7883991455;Package;7883991455;;;;"Запчасти и аксессуары";;;;0;;;;;;new;;;;;;18.10_26;removed;;
7883988136;Package;7883988136;;;;"Запчасти и аксессуары";;;;0;;;;;;new;;;;;;18.10_26;removed;;
7883987666;Package;7883987666;;;;"Запчасти и аксессуары";;;;0;;;;;;new;;;;;;18.10_26;removed;;
7883985563;Package;7883985563;;;;"Запчасти и аксессуары";;;;0;;;;;;new;;;;;;18.10_26;removed;;
7883983266;Package;7883983266;;;;"Запчасти и аксессуары";;;;0;;;;;;new;;;;;;18.10_26;removed;;
7883978202;Package;7883978202;;;;"Запчасти и аксессуары";;;;0;;;;;;new;;;;;;18.10_26;removed;;
7883976819;Package;7883976819;;;;"Запчасти и аксессуары";;;;0;;;;;;new;;;;;;18.10_26;removed;;
7883976220;Package;7883976220;;;;"Запчасти и аксессуары";;;;0;;;;;;new;;;;;;18.10_26;removed;;
7883975672;Package;7883975672;;;;"Запчасти и аксессуары";;;;0;;;;;;new;;;;;;18.10_26;removed;;
7883975126;Package;7883975126;;;;"Запчасти и аксессуары";;;;0;;;;;;new;;;;;;18.10_26;removed;;
7883971373;Package;7883971373;;;;"Запчасти и аксессуары";;;;0;;;;;;new;;;;;;18.10_26;removed;;
7883970986;Package;7883970986;;;;"Запчасти и аксессуары";;;;0;;;;;;new;;;;;;18.10_26;removed;;
7883969990;Package;7883969990;;;;"Запчасти и аксессуары";;;;0;;;;;;new;;;;;;18.10_26;removed;;
7883967486;Package;7883967486;;;;"Запчасти и аксессуары";;;;0;;;;;;new;;;;;;18.10_26;removed;;
7883967196;Package;7883967196;;;;"Запчасти и аксессуары";;;;0;;;;;;new;;;;;;18.10_26;removed;;
7883965211;Package;7883965211;;;;"Запчасти и аксессуары";;;;0;;;;;;new;;;;;;18.10_26;removed;;
7883965055;Package;7883965055;;;;"Запчасти и аксессуары";;;;0;;;;;;new;;;;;;18.10_26;removed;;
7883962582;Package;7883962582;;;;"Запчасти и аксессуары";;;;0;;;;;;new;;;;;;18.10_26;removed;;
7883955290;Package;7883955290;;;;"Запчасти и аксессуары";;;;0;;;;;;new;;;;;;18.10_26;removed;;
7883954526;Package;7883954526;;;;"Запчасти и аксессуары";;;;0;;;;;;new;;;;;;18.10_26;removed;;
7883951989;Package;7883951989;;;;"Запчасти и аксессуары";;;;0;;;;;;new;;;;;;18.10_26;removed;;
7883949111;Package;7883949111;;;;"Запчасти и аксессуары";;;;0;;;;;;new;;;;;;18.10_26;removed;;
7883948395;Package;7883948395;;;;"Запчасти и аксессуары";;;;0;;;;;;new;;;;;;18.10_26;removed;;
7883947467;Package;7883947467;;;;"Запчасти и аксессуары";;;;0;;;;;;new;;;;;;18.10_26;removed;;
7883946999;Package;7883946999;;;;"Запчасти и аксессуары";;;;0;;;;;;new;;;;;;18.10_26;removed;;
7883946252;Package;7883946252;;;;"Запчасти и аксессуары";;;;0;;;;;;new;;;;;;18.10_26;removed;;
7883944052;Package;7883944052;;;;"Запчасти и аксессуары";;;;0;;;;;;new;;;;;;18.10_26;removed;;
7883942465;Package;7883942465;;;;"Запчасти и аксессуары";;;;0;;;;;;new;;;;;;18.10_26;removed;;
7883941940;Package;7883941940;;;;"Запчасти и аксессуары";;;;0;;;;;;new;;;;;;18.10_26;removed;;
7883939810;Package;7883939810;;;;"Запчасти и аксессуары";;;;0;;;;;;new;;;;;;18.10_26;removed;;
7883939042;Package;7883939042;;;;"Запчасти и аксессуары";;;;0;;;;;;new;;;;;;18.10_26;removed;;
7883938806;Package;7883938806;;;;"Запчасти и аксессуары";;;;0;;;;;;new;;;;;;18.10_26;removed;;
7883937521;Package;7883937521;;;;"Запчасти и аксессуары";;;;0;;;;;;new;;;;;;18.10_26;removed;;
7883936894;Package;7883936894;;;;"Запчасти и аксессуары";;;;0;;;;;;new;;;;;;18.10_26;removed;;
7883929082;Package;7883929082;;;;"Запчасти и аксессуары";;;;0;;;;;;new;;;;;;18.10_26;removed;;
7852928632;Package;7852928632;;;;"Запчасти и аксессуары";;;;0;;;;;;new;;;;;;18.10_26;removed;;
7852895838;Package;7852895838;;;;"Запчасти и аксессуары";;;;0;;;;;;new;;;;;;18.10_26;removed;;
7852895755;Package;7852895755;;;;"Запчасти и аксессуары";;;;0;;;;;;new;;;;;;18.10_26;removed;;
7852893530;Package;7852893530;;;;"Запчасти и аксессуары";;;;0;;;;;;new;;;;;;18.10_26;removed;;
7852889380;Package;7852889380;;;;"Запчасти и аксессуары";;;;0;;;;;;new;;;;;;18.10_26;removed;;
7852886870;Package;7852886870;;;;"Запчасти и аксессуары";;;;0;;;;;;new;;;;;;18.10_26;removed;;
7852878193;Package;7852878193;;;;"Запчасти и аксессуары";;;;0;;;;;;new;;;;;;18.10_26;removed;;
7852876834;Package;7852876834;;;;"Запчасти и аксессуары";;;;0;;;;;;new;;;;;;18.10_26;removed;;
7852875419;Package;7852875419;;;;"Запчасти и аксессуары";;;;0;;;;;;new;;;;;;18.10_26;removed;;
7852869791;Package;7852869791;;;;"Запчасти и аксессуары";;;;0;;;;;;new;;;;;;18.10_26;removed;;
7852868997;Package;7852868997;;;;"Запчасти и аксессуары";;;;0;;;;;;new;;;;;;18.10_26;removed;;
7852859680;Package;7852859680;;;;"Запчасти и аксессуары";;;;0;;;;;;new;;;;;;18.10_26;removed;;
7852857078;Package;7852857078;;;;"Запчасти и аксессуары";;;;0;;;;;;new;;;;;;18.10_26;removed;;
7852848314;Package;7852848314;;;;"Запчасти и аксессуары";;;;0;;;;;;new;;;;;;18.10_26;removed;;
7852846462;Package;7852846462;;;;"Запчасти и аксессуары";;;;0;;;;;;new;;;;;;18.10_26;removed;;
7852844094;Package;7852844094;;;;"Запчасти и аксессуары";;;;0;;;;;;new;;;;;;18.10_26;removed;;
7852839681;Package;7852839681;;;;"Запчасти и аксессуары";;;;0;;;;;;new;;;;;;18.10_26;removed;;
7852838216;Package;7852838216;;;;"Запчасти и аксессуары";;;;0;;;;;;new;;;;;;18.10_26;removed;;
7852834635;Package;7852834635;;;;"Запчасти и аксессуары";;;;0;;;;;;new;;;;;;18.10_26;removed;;
7852822361;Package;7852822361;;;;"Запчасти и аксессуары";;;;0;;;;;;new;;;;;;18.10_26;removed;;
7852821548;Package;7852821548;;;;"Запчасти и аксессуары";;;;0;;;;;;new;;;;;;18.10_26;removed;;
7852816540;Package;7852816540;;;;"Запчасти и аксессуары";;;;0;;;;;;new;;;;;;18.10_26;removed;;
7852815923;Package;7852815923;;;;"Запчасти и аксессуары";;;;0;;;;;;new;;;;;;18.10_26;removed;;
7852812416;Package;7852812416;;;;"Запчасти и аксессуары";;;;0;;;;;;new;;;;;;18.10_26;removed;;
7852799965;Package;7852799965;;;;"Запчасти и аксессуары";;;;0;;;;;;new;;;;;;18.10_26;removed;;
7852793965;Package;7852793965;;;;"Запчасти и аксессуары";;;;0;;;;;;new;;;;;;18.10_26;removed;;
7852783364;Package;7852783364;;;;"Запчасти и аксессуары";;;;0;;;;;;new;;;;;;18.10_26;removed;;
7852771224;Package;7852771224;;;;"Запчасти и аксессуары";;;;0;;;;;;new;;;;;;18.10_26;removed;;
7852765134;Package;7852765134;;;;"Запчасти и аксессуары";;;;0;;;;;;new;;;;;;18.10_26;removed;;
7852757032;Package;7852757032;;;;"Запчасти и аксессуары";;;;0;;;;;;new;;;;;;18.10_26;removed;;
7852751918;Package;7852751918;;;;"Запчасти и аксессуары";;;;0;;;;;;new;;;;;;18.10_26;removed;;
7852748657;Package;7852748657;;;;"Запчасти и аксессуары";;;;0;;;;;;new;;;;;;18.10_26;removed;;
7852741278;Package;7852741278;;;;"Запчасти и аксессуары";;;;0;;;;;;new;;;;;;18.10_26;removed;;
7852732979;Package;7852732979;;;;"Запчасти и аксессуары";;;;0;;;;;;new;;;;;;18.10_26;removed;;
7852728664;Package;7852728664;;;;"Запчасти и аксессуары";;;;0;;;;;;new;;;;;;18.10_26;removed;;
7852724922;Package;7852724922;;;;"Запчасти и аксессуары";;;;0;;;;;;new;;;;;;18.10_26;removed;;
7852718600;Package;7852718600;;;;"Запчасти и аксессуары";;;;0;;;;;;new;;;;;;18.10_26;removed;;
7852711480;Package;7852711480;;;;"Запчасти и аксессуары";;;;0;;;;;;new;;;;;;18.10_26;removed;;
7852707187;Package;7852707187;;;;"Запчасти и аксессуары";;;;0;;;;;;new;;;;;;18.10_26;removed;;
7852693884;Package;7852693884;;;;"Запчасти и аксессуары";;;;0;;;;;;new;;;;;;18.10_26;removed;;
7852687659;Package;7852687659;;;;"Запчасти и аксессуары";;;;0;;;;;;new;;;;;;18.10_26;removed;;
7852679819;Package;7852679819;;;;"Запчасти и аксессуары";;;;0;;;;;;new;;;;;;18.10_26;removed;;
7852675617;Package;7852675617;;;;"Запчасти и аксессуары";;;;0;;;;;;new;;;;;;18.10_26;removed;;
7852674079;Package;7852674079;;;;"Запчасти и аксессуары";;;;0;;;;;;new;;;;;;18.10_26;removed;;
7852672345;Package;7852672345;;;;"Запчасти и аксессуары";;;;0;;;;;;new;;;;;;18.10_26;removed;;
7852661055;Package;7852661055;;;;"Запчасти и аксессуары";;;;0;;;;;;new;;;;;;18.10_26;removed;;
7852660390;Package;7852660390;;;;"Запчасти и аксессуары";;;;0;;;;;;new;;;;;;18.10_26;removed;;
7852645214;Package;7852645214;;;;"Запчасти и аксессуары";;;;0;;;;;;new;;;;;;18.10_26;removed;;
7852641943;Package;7852641943;;;;"Запчасти и аксессуары";;;;0;;;;;;new;;;;;;18.10_26;removed;;
7852640012;Package;7852640012;;;;"Запчасти и аксессуары";;;;0;;;;;;new;;;;;;18.10_26;removed;;
7852636350;Package;7852636350;;;;"Запчасти и аксессуары";;;;0;;;;;;new;;;;;;18.10_26;removed;;
7852630297;Package;7852630297;;;;"Запчасти и аксессуары";;;;0;;;;;;new;;;;;;18.10_26;removed;;
7852612010;Package;7852612010;;;;"Запчасти и аксессуары";;;;0;;;;;;new;;;;;;18.10_26;removed;;
7852603875;Package;7852603875;;;;"Запчасти и аксессуары";;;;0;;;;;;new;;;;;;18.10_26;removed;;
7852601779;Package;7852601779;;;;"Запчасти и аксессуары";;;;0;;;;;;new;;;;;;18.10_26;removed;;
7852590246;Package;7852590246;;;;"Запчасти и аксессуары";;;;0;;;;;;new;;;;;;18.10_26;removed;;
7852588151;Package;7852588151;;;;"Запчасти и аксессуары";;;;0;;;;;;new;;;;;;18.10_26;removed;;
7852586200;Package;7852586200;;;;"Запчасти и аксессуары";;;;0;;;;;;new;;;;;;18.10_26;removed;;
7852581734;Package;7852581734;;;;"Запчасти и аксессуары";;;;0;;;;;;new;;;;;;18.10_26;removed;;
7852565370;Package;7852565370;;;;"Запчасти и аксессуары";;;;0;;;;;;new;;;;;;18.10_26;removed;;
7852560876;Package;7852560876;;;;"Запчасти и аксессуары";;;;0;;;;;;new;;;;;;18.10_26;removed;;
7852558528;Package;7852558528;;;;"Запчасти и аксессуары";;;;0;;;;;;new;;;;;;18.10_26;removed;;
7852555619;Package;7852555619;;;;"Запчасти и аксессуары";;;;0;;;;;;new;;;;;;18.10_26;removed;;
7852544943;Package;7852544943;;;;"Запчасти и аксессуары";;;;0;;;;;;new;;;;;;18.10_26;removed;;
7852543331;Package;7852543331;;;;"Запчасти и аксессуары";;;;0;;;;;;new;;;;;;18.10_26;removed;;
7852542514;Package;7852542514;;;;"Запчасти и аксессуары";;;;0;;;;;;new;;;;;;18.10_26;removed;;
7852542095;Package;7852542095;;;;"Запчасти и аксессуары";;;;0;;;;;;new;;;;;;18.10_26;removed;;
7852541800;Package;7852541800;;;;"Запчасти и аксессуары";;;;0;;;;;;new;;;;;;18.10_26;removed;;
7852541276;Package;7852541276;;;;"Запчасти и аксессуары";;;;0;;;;;;new;;;;;;18.10_26;removed;;
7852536901;Package;7852536901;;;;"Запчасти и аксессуары";;;;0;;;;;;new;;;;;;18.10_26;removed;;
7852535196;Package;7852535196;;;;"Запчасти и аксессуары";;;;0;;;;;;new;;;;;;18.10_26;removed;;
7852532980;Package;7852532980;;;;"Запчасти и аксессуары";;;;0;;;;;;new;;;;;;18.10_26;removed;;
7852531208;Package;7852531208;;;;"Запчасти и аксессуары";;;;0;;;;;;new;;;;;;18.10_26;removed;;
7852519270;Package;7852519270;;;;"Запчасти и аксессуары";;;;0;;;;;;new;;;;;;18.10_26;removed;;
7852513987;Package;7852513987;;;;"Запчасти и аксессуары";;;;0;;;;;;new;;;;;;18.10_26;removed;;
7852505031;Package;7852505031;;;;"Запчасти и аксессуары";;;;0;;;;;;new;;;;;;18.10_26;removed;;
7852500004;Package;7852500004;;;;"Запчасти и аксессуары";;;;0;;;;;;new;;;;;;18.10_26;removed;;
7852498918;Package;7852498918;;;;"Запчасти и аксессуары";;;;0;;;;;;new;;;;;;18.10_26;removed;;
7852486485;Package;7852486485;;;;"Запчасти и аксессуары";;;;0;;;;;;new;;;;;;18.10_26;removed;;
7852484749;Package;7852484749;;;;"Запчасти и аксессуары";;;;0;;;;;;new;;;;;;18.10_26;removed;;
7852467359;Package;7852467359;;;;"Запчасти и аксессуары";;;;0;;;;;;new;;;;;;18.10_26;removed;;
7852464113;Package;7852464113;;;;"Запчасти и аксессуары";;;;0;;;;;;new;;;;;;18.10_26;removed;;
7852462024;Package;7852462024;;;;"Запчасти и аксессуары";;;;0;;;;;;new;;;;;;18.10_26;removed;;
7852457152;Package;7852457152;;;;"Запчасти и аксессуары";;;;0;;;;;;new;;;;;;18.10_26;removed;;
7852451867;Package;7852451867;;;;"Запчасти и аксессуары";;;;0;;;;;;new;;;;;;18.10_26;removed;;
7852451255;Package;7852451255;;;;"Запчасти и аксессуары";;;;0;;;;;;new;;;;;;18.10_26;removed;;
7852448602;Package;7852448602;;;;"Запчасти и аксессуары";;;;0;;;;;;new;;;;;;18.10_26;removed;;
7852447136;Package;7852447136;;;;"Запчасти и аксессуары";;;;0;;;;;;new;;;;;;18.10_26;removed;;
7852435821;Package;7852435821;;;;"Запчасти и аксессуары";;;;0;;;;;;new;;;;;;18.10_26;removed;;
7852430041;Package;7852430041;;;;"Запчасти и аксессуары";;;;0;;;;;;new;;;;;;18.10_26;removed;;
7852427308;Package;7852427308;;;;"Запчасти и аксессуары";;;;0;;;;;;new;;;;;;18.10_26;removed;;
7852421006;Package;7852421006;;;;"Запчасти и аксессуары";;;;0;;;;;;new;;;;;;18.10_26;removed;;
7852418996;Package;7852418996;;;;"Запчасти и аксессуары";;;;0;;;;;;new;;;;;;18.10_26;removed;;
7852417443;Package;7852417443;;;;"Запчасти и аксессуары";;;;0;;;;;;new;;;;;;18.10_26;removed;;
7852410529;Package;7852410529;;;;"Запчасти и аксессуары";;;;0;;;;;;new;;;;;;18.10_26;removed;;
7852402061;Package;7852402061;;;;"Запчасти и аксессуары";;;;0;;;;;;new;;;;;;18.10_26;removed;;
7852398175;Package;7852398175;;;;"Запчасти и аксессуары";;;;0;;;;;;new;;;;;;18.10_26;removed;;
7852394611;Package;7852394611;;;;"Запчасти и аксессуары";;;;0;;;;;;new;;;;;;18.10_26;removed;;
7852390482;Package;7852390482;;;;"Запчасти и аксессуары";;;;0;;;;;;new;;;;;;18.10_26;removed;;
7852373318;Package;7852373318;;;;"Запчасти и аксессуары";;;;0;;;;;;new;;;;;;18.10_26;removed;;
7852363304;Package;7852363304;;;;"Запчасти и аксессуары";;;;0;;;;;;new;;;;;;18.10_26;removed;;
7852357273;Package;7852357273;;;;"Запчасти и аксессуары";;;;0;;;;;;new;;;;;;18.10_26;removed;;
7852341736;Package;7852341736;;;;"Запчасти и аксессуары";;;;0;;;;;;new;;;;;;18.10_26;removed;;
7852336858;Package;7852336858;;;;"Запчасти и аксессуары";;;;0;;;;;;new;;;;;;18.10_26;removed;;
7852336811;Package;7852336811;;;;"Запчасти и аксессуары";;;;0;;;;;;new;;;;;;18.10_26;removed;;
7852334390;Package;7852334390;;;;"Запчасти и аксессуары";;;;0;;;;;;new;;;;;;18.10_26;removed;;
7852331386;Package;7852331386;;;;"Запчасти и аксессуары";;;;0;;;;;;new;;;;;;18.10_26;removed;;
7852328783;Package;7852328783;;;;"Запчасти и аксессуары";;;;0;;;;;;new;;;;;;18.10_26;removed;;
7852328228;Package;7852328228;;;;"Запчасти и аксессуары";;;;0;;;;;;new;;;;;;18.10_26;removed;;
7852328111;Package;7852328111;;;;"Запчасти и аксессуары";;;;0;;;;;;new;;;;;;18.10_26;removed;;
7852324725;Package;7852324725;;;;"Запчасти и аксессуары";;;;0;;;;;;new;;;;;;18.10_26;removed;;
7852323902;Package;7852323902;;;;"Запчасти и аксессуары";;;;0;;;;;;new;;;;;;18.10_26;removed;;
7852305516;Package;7852305516;;;;"Запчасти и аксессуары";;;;0;;;;;;new;;;;;;18.10_26;removed;;
7852301211;Package;7852301211;;;;"Запчасти и аксессуары";;;;0;;;;;;new;;;;;;18.10_26;removed;;
7852300232;Package;7852300232;;;;"Запчасти и аксессуары";;;;0;;;;;;new;;;;;;18.10_26;removed;;
7852298566;Package;7852298566;;;;"Запчасти и аксессуары";;;;0;;;;;;new;;;;;;18.10_26;removed;;
7852286460;Package;7852286460;;;;"Запчасти и аксессуары";;;;0;;;;;;new;;;;;;18.10_26;removed;;
7852284288;Package;7852284288;;;;"Запчасти и аксессуары";;;;0;;;;;;new;;;;;;18.10_26;removed;;
7852281190;Package;7852281190;;;;"Запчасти и аксессуары";;;;0;;;;;;new;;;;;;18.10_26;removed;;
7852271866;Package;7852271866;;;;"Запчасти и аксессуары";;;;0;;;;;;new;;;;;;18.10_26;removed;;
7852266276;Package;7852266276;;;;"Запчасти и аксессуары";;;;0;;;;;;new;;;;;;18.10_26;removed;;
7852266264;Package;7852266264;;;;"Запчасти и аксессуары";;;;0;;;;;;new;;;;;;18.10_26;removed;;
7852265030;Package;7852265030;;;;"Запчасти и аксессуары";;;;0;;;;;;new;;;;;;18.10_26;removed;;
7852243987;Package;7852243987;;;;"Запчасти и аксессуары";;;;0;;;;;;new;;;;;;18.10_26;removed;;
7852236119;Package;7852236119;;;;"Запчасти и аксессуары";;;;0;;;;;;new;;;;;;18.10_26;removed;;
7852227170;Package;7852227170;;;;"Запчасти и аксессуары";;;;0;;;;;;new;;;;;;18.10_26;removed;;
7852226534;Package;7852226534;;;;"Запчасти и аксессуары";;;;0;;;;;;new;;;;;;18.10_26;removed;;
7852220465;Package;7852220465;;;;"Запчасти и аксессуары";;;;0;;;;;;new;;;;;;18.10_26;removed;;
7852214773;Package;7852214773;;;;"Запчасти и аксессуары";;;;0;;;;;;new;;;;;;18.10_26;removed;;
7852214021;Package;7852214021;;;;"Запчасти и аксессуары";;;;0;;;;;;new;;;;;;18.10_26;removed;;
7852203026;Package;7852203026;;;;"Запчасти и аксессуары";;;;0;;;;;;new;;;;;;18.10_26;removed;;
7852202353;Package;7852202353;;;;"Запчасти и аксессуары";;;;0;;;;;;new;;;;;;18.10_26;removed;;
7852201745;Package;7852201745;;;;"Запчасти и аксессуары";;;;0;;;;;;new;;;;;;18.10_26;removed;;
7852197379;Package;7852197379;;;;"Запчасти и аксессуары";;;;0;;;;;;new;;;;;;18.10_26;removed;;
7852192047;Package;7852192047;;;;"Запчасти и аксессуары";;;;0;;;;;;new;;;;;;18.10_26;removed;;
7852190816;Package;7852190816;;;;"Запчасти и аксессуары";;;;0;;;;;;new;;;;;;18.10_26;removed;;
7852190489;Package;7852190489;;;;"Запчасти и аксессуары";;;;0;;;;;;new;;;;;;18.10_26;removed;;
7852189518;Package;7852189518;;;;"Запчасти и аксессуары";;;;0;;;;;;new;;;;;;18.10_26;removed;;
7852185439;Package;7852185439;;;;"Запчасти и аксессуары";;;;0;;;;;;new;;;;;;18.10_26;removed;;
7852181241;Package;7852181241;;;;"Запчасти и аксессуары";;;;0;;;;;;new;;;;;;18.10_26;removed;;
7852175340;Package;7852175340;;;;"Запчасти и аксессуары";;;;0;;;;;;new;;;;;;18.10_26;removed;;
7852155641;Package;7852155641;;;;"Запчасти и аксессуары";;;;0;;;;;;new;;;;;;18.10_26;removed;;
7852154763;Package;7852154763;;;;"Запчасти и аксессуары";;;;0;;;;;;new;;;;;;18.10_26;removed;;
7852152214;Package;7852152214;;;;"Запчасти и аксессуары";;;;0;;;;;;new;;;;;;18.10_26;removed;;
7852150027;Package;7852150027;;;;"Запчасти и аксессуары";;;;0;;;;;;new;;;;;;18.10_26;removed;;
7852148273;Package;7852148273;;;;"Запчасти и аксессуары";;;;0;;;;;;new;;;;;;18.10_26;removed;;
7852145847;Package;7852145847;;;;"Запчасти и аксессуары";;;;0;;;;;;new;;;;;;18.10_26;removed;;
7852144153;Package;7852144153;;;;"Запчасти и аксессуары";;;;0;;;;;;new;;;;;;18.10_26;removed;;
7852142550;Package;7852142550;;;;"Запчасти и аксессуары";;;;0;;;;;;new;;;;;;18.10_26;removed;;
7852140208;Package;7852140208;;;;"Запчасти и аксессуары";;;;0;;;;;;new;;;;;;18.10_26;removed;;
7852139240;Package;7852139240;;;;"Запчасти и аксессуары";;;;0;;;;;;new;;;;;;18.10_26;removed;;
7852137249;Package;7852137249;;;;"Запчасти и аксессуары";;;;0;;;;;;new;;;;;;18.10_26;removed;;
7852133876;Package;7852133876;;;;"Запчасти и аксессуары";;;;0;;;;;;new;;;;;;18.10_26;removed;;
7852124879;Package;7852124879;;;;"Запчасти и аксессуары";;;;0;;;;;;new;;;;;;18.10_26;removed;;
7852124844;Package;7852124844;;;;"Запчасти и аксессуары";;;;0;;;;;;new;;;;;;18.10_26;removed;;
7852112685;Package;7852112685;;;;"Запчасти и аксессуары";;;;0;;;;;;new;;;;;;18.10_26;removed;;
7852107373;Package;7852107373;;;;"Запчасти и аксессуары";;;;0;;;;;;new;;;;;;18.10_26;removed;;
7852100715;Package;7852100715;;;;"Запчасти и аксессуары";;;;0;;;;;;new;;;;;;18.10_26;removed;;
7852092691;Package;7852092691;;;;"Запчасти и аксессуары";;;;0;;;;;;new;;;;;;18.10_26;removed;;
7852091683;Package;7852091683;;;;"Запчасти и аксессуары";;;;0;;;;;;new;;;;;;18.10_26;removed;;
7852090281;Package;7852090281;;;;"Запчасти и аксессуары";;;;0;;;;;;new;;;;;;18.10_26;removed;;
7852088850;Package;7852088850;;;;"Запчасти и аксессуары";;;;0;;;;;;new;;;;;;18.10_26;removed;;
7852084307;Package;7852084307;;;;"Запчасти и аксессуары";;;;0;;;;;;new;;;;;;18.10_26;removed;;
7852074698;Package;7852074698;;;;"Запчасти и аксессуары";;;;0;;;;;;new;;;;;;18.10_26;removed;;
7852073203;Package;7852073203;;;;"Запчасти и аксессуары";;;;0;;;;;;new;;;;;;18.10_26;removed;;
7852073174;Package;7852073174;;;;"Запчасти и аксессуары";;;;0;;;;;;new;;;;;;18.10_26;removed;;
7852071454;Package;7852071454;;;;"Запчасти и аксессуары";;;;0;;;;;;new;;;;;;18.10_26;removed;;
7852066389;Package;7852066389;;;;"Запчасти и аксессуары";;;;0;;;;;;new;;;;;;18.10_26;removed;;
7852055242;Package;7852055242;;;;"Запчасти и аксессуары";;;;0;;;;;;new;;;;;;18.10_26;removed;;
7852052346;Package;7852052346;;;;"Запчасти и аксессуары";;;;0;;;;;;new;;;;;;18.10_26;removed;;
7852044793;Package;7852044793;;;;"Запчасти и аксессуары";;;;0;;;;;;new;;;;;;18.10_26;removed;;
7852038754;Package;7852038754;;;;"Запчасти и аксессуары";;;;0;;;;;;new;;;;;;18.10_26;removed;;
7852038424;Package;7852038424;;;;"Запчасти и аксессуары";;;;0;;;;;;new;;;;;;18.10_26;removed;;
7852036647;Package;7852036647;;;;"Запчасти и аксессуары";;;;0;;;;;;new;;;;;;18.10_26;removed;;
7852032352;Package;7852032352;;;;"Запчасти и аксессуары";;;;0;;;;;;new;;;;;;18.10_26;removed;;
7852030030;Package;7852030030;;;;"Запчасти и аксессуары";;;;0;;;;;;new;;;;;;18.10_26;removed;;
7852017619;Package;7852017619;;;;"Запчасти и аксессуары";;;;0;;;;;;new;;;;;;18.10_26;removed;;
7852016139;Package;7852016139;;;;"Запчасти и аксессуары";;;;0;;;;;;new;;;;;;18.10_26;removed;;
7852013773;Package;7852013773;;;;"Запчасти и аксессуары";;;;0;;;;;;new;;;;;;18.10_26;removed;;
7852007388;Package;7852007388;;;;"Запчасти и аксессуары";;;;0;;;;;;new;;;;;;18.10_26;removed;;
7852001557;Package;7852001557;;;;"Запчасти и аксессуары";;;;0;;;;;;new;;;;;;18.10_26;removed;;
7851999307;Package;7851999307;;;;"Запчасти и аксессуары";;;;0;;;;;;new;;;;;;18.10_26;removed;;
7851992130;Package;7851992130;;;;"Запчасти и аксессуары";;;;0;;;;;;new;;;;;;18.10_26;removed;;
7851980141;Package;7851980141;;;;"Запчасти и аксессуары";;;;0;;;;;;new;;;;;;18.10_26;removed;;
7851971296;Package;7851971296;;;;"Запчасти и аксессуары";;;;0;;;;;;new;;;;;;18.10_26;removed;;
7851956912;Package;7851956912;;;;"Запчасти и аксессуары";;;;0;;;;;;new;;;;;;18.10_26;removed;;
7851949465;Package;7851949465;;;;"Запчасти и аксессуары";;;;0;;;;;;new;;;;;;18.10_26;removed;;
7851943425;Package;7851943425;;;;"Запчасти и аксессуары";;;;0;;;;;;new;;;;;;18.10_26;removed;;
7851941999;Package;7851941999;;;;"Запчасти и аксессуары";;;;0;;;;;;new;;;;;;18.10_26;removed;;
7851939422;Package;7851939422;;;;"Запчасти и аксессуары";;;;0;;;;;;new;;;;;;18.10_26;removed;;
8460865118;Package;8460865118;;;;"Запчасти и аксессуары";;;;0;;;;;;new;;;;;;18.10_26;removed;;
8449689327;Package;8449689327;;;;"Запчасти и аксессуары";;;;0;;;;;;new;;;;;;18.10_26;removed;;
8447511218;Package;8447511218;;;;"Запчасти и аксессуары";;;;0;;;;;;new;;;;;;18.10_26;removed;;
8374041068;Package;8374041068;;;;"Запчасти и аксессуары";;;;0;;;;;;new;;;;;;18.10_26;removed;;
8345143546;Package;8345143546;;;;"Запчасти и аксессуары";;;;0;;;;;;new;;;;;;18.10_26;removed;;
8341454382;Package;8341454382;;;;"Запчасти и аксессуары";;;;0;;;;;;new;;;;;;18.10_26;removed;;
8317416033;Package;8317416033;;;;"Запчасти и аксессуары";;;;0;;;;;;new;;;;;;18.10_26;removed;;
8302319308;Package;8302319308;;;;"Запчасти и аксессуары";;;;0;;;;;;new;;;;;;18.10_26;removed;;
8294487069;Package;8294487069;;;;"Запчасти и аксессуары";;;;0;;;;;;new;;;;;;18.10_26;removed;;
8252244442;Package;8252244442;;;;"Запчасти и аксессуары";;;;0;;;;;;new;;;;;;18.10_26;removed;;
8461595492;Package;8461595492;;;;"Запчасти и аксессуары";;;;0;;;;;;new;;;;;;18.10_26;removed;;
8449217642;Package;8449217642;;;;"Запчасти и аксессуары";;;;0;;;;;;new;;;;;;18.10_26;removed;;
8449176890;Package;8449176890;;;;"Запчасти и аксессуары";;;;0;;;;;;new;;;;;;18.10_26;removed;;
8446949115;Package;8446949115;;;;"Запчасти и аксессуары";;;;0;;;;;;new;;;;;;18.10_26;removed;;
8425746525;Package;8425746525;;;;"Запчасти и аксессуары";;;;0;;;;;;new;;;;;;18.10_26;removed;;
8425068704;Package;8425068704;;;;"Запчасти и аксессуары";;;;0;;;;;;new;;;;;;18.10_26;removed;;
8424930276;Package;8424930276;;;;"Запчасти и аксессуары";;;;0;;;;;;new;;;;;;18.10_26;removed;;
8421368466;Package;8421368466;;;;"Запчасти и аксессуары";;;;0;;;;;;new;;;;;;18.10_26;removed;;
8421098881;Package;8421098881;;;;"Запчасти и аксессуары";;;;0;;;;;;new;;;;;;18.10_26;removed;;
8416469808;Package;8416469808;;;;"Запчасти и аксессуары";;;;0;;;;;;new;;;;;;18.10_26;removed;;
8415946828;Package;8415946828;;;;"Запчасти и аксессуары";;;;0;;;;;;new;;;;;;18.10_26;removed;;
8403676592;Package;8403676592;;;;"Запчасти и аксессуары";;;;0;;;;;;new;;;;;;18.10_26;removed;;
8403670054;Package;8403670054;;;;"Запчасти и аксессуары";;;;0;;;;;;new;;;;;;18.10_26;removed;;
8403607184;Package;8403607184;;;;"Запчасти и аксессуары";;;;0;;;;;;new;;;;;;18.10_26;removed;;
8403581008;Package;8403581008;;;;"Запчасти и аксессуары";;;;0;;;;;;new;;;;;;18.10_26;removed;;
8403333044;Package;8403333044;;;;"Запчасти и аксессуары";;;;0;;;;;;new;;;;;;18.10_26;removed;;
8403080842;Package;8403080842;;;;"Запчасти и аксессуары";;;;0;;;;;;new;;;;;;18.10_26;removed;;
8402964620;Package;8402964620;;;;"Запчасти и аксессуары";;;;0;;;;;;new;;;;;;18.10_26;removed;;
8395452838;Package;8395452838;;;;"Запчасти и аксессуары";;;;0;;;;;;new;;;;;;18.10_26;removed;;
8395437370;Package;8395437370;;;;"Запчасти и аксессуары";;;;0;;;;;;new;;;;;;18.10_26;removed;;
8395273793;Package;8395273793;;;;"Запчасти и аксессуары";;;;0;;;;;;new;;;;;;18.10_26;removed;;
8394943960;Package;8394943960;;;;"Запчасти и аксессуары";;;;0;;;;;;new;;;;;;18.10_26;removed;;
8394659573;Package;8394659573;;;;"Запчасти и аксессуары";;;;0;;;;;;new;;;;;;18.10_26;removed;;
8394289723;Package;8394289723;;;;"Запчасти и аксессуары";;;;0;;;;;;new;;;;;;18.10_26;removed;;
8394154623;Package;8394154623;;;;"Запчасти и аксессуары";;;;0;;;;;;new;;;;;;18.10_26;removed;;
8387727558;Package;8387727558;;;;"Запчасти и аксессуары";;;;0;;;;;;new;;;;;;18.10_26;removed;;
8386418709;Package;8386418709;;;;"Запчасти и аксессуары";;;;0;;;;;;new;;;;;;18.10_26;removed;;
8386332895;Package;8386332895;;;;"Запчасти и аксессуары";;;;0;;;;;;new;;;;;;18.10_26;removed;;
8375799820;Package;8375799820;;;;"Запчасти и аксессуары";;;;0;;;;;;new;;;;;;18.10_26;removed;;
8374855586;Package;8374855586;;;;"Запчасти и аксессуары";;;;0;;;;;;new;;;;;;18.10_26;removed;;
8374092810;Package;8374092810;;;;"Запчасти и аксессуары";;;;0;;;;;;new;;;;;;18.10_26;removed;;
8367086316;Package;8367086316;;;;"Запчасти и аксессуары";;;;0;;;;;;new;;;;;;18.10_26;removed;;
8349770916;Package;8349770916;;;;"Запчасти и аксессуары";;;;0;;;;;;new;;;;;;18.10_26;removed;;
8349751765;Package;8349751765;;;;"Запчасти и аксессуары";;;;0;;;;;;new;;;;;;18.10_26;removed;;
8349209855;Package;8349209855;;;;"Запчасти и аксессуары";;;;0;;;;;;new;;;;;;18.10_26;removed;;
8348961763;Package;8348961763;;;;"Запчасти и аксессуары";;;;0;;;;;;new;;;;;;18.10_26;removed;;
8345646754;Package;8345646754;;;;"Запчасти и аксессуары";;;;0;;;;;;new;;;;;;18.10_26;removed;;
8344601702;Package;8344601702;;;;"Запчасти и аксессуары";;;;0;;;;;;new;;;;;;18.10_26;removed;;
8344400826;Package;8344400826;;;;"Запчасти и аксессуары";;;;0;;;;;;new;;;;;;18.10_26;removed;;
8343913350;Package;8343913350;;;;"Запчасти и аксессуары";;;;0;;;;;;new;;;;;;18.10_26;removed;;
8341643891;Package;8341643891;;;;"Запчасти и аксессуары";;;;0;;;;;;new;;;;;;18.10_26;removed;;
8341445177;Package;8341445177;;;;"Запчасти и аксессуары";;;;0;;;;;;new;;;;;;18.10_26;removed;;
8341274584;Package;8341274584;;;;"Запчасти и аксессуары";;;;0;;;;;;new;;;;;;18.10_26;removed;;
8341212686;Package;8341212686;;;;"Запчасти и аксессуары";;;;0;;;;;;new;;;;;;18.10_26;removed;;
8341064064;Package;8341064064;;;;"Запчасти и аксессуары";;;;0;;;;;;new;;;;;;18.10_26;removed;;
8327795409;Package;8327795409;;;;"Запчасти и аксессуары";;;;0;;;;;;new;;;;;;18.10_26;removed;;
8327527678;Package;8327527678;;;;"Запчасти и аксессуары";;;;0;;;;;;new;;;;;;18.10_26;removed;;
8327435671;Package;8327435671;;;;"Запчасти и аксессуары";;;;0;;;;;;new;;;;;;18.10_26;removed;;
8327414804;Package;8327414804;;;;"Запчасти и аксессуары";;;;0;;;;;;new;;;;;;18.10_26;removed;;
8326921454;Package;8326921454;;;;"Запчасти и аксессуары";;;;0;;;;;;new;;;;;;18.10_26;removed;;
8326696962;Package;8326696962;;;;"Запчасти и аксессуары";;;;0;;;;;;new;;;;;;18.10_26;removed;;
8326345964;Package;8326345964;;;;"Запчасти и аксессуары";;;;0;;;;;;new;;;;;;18.10_26;removed;;
8326242958;Package;8326242958;;;;"Запчасти и аксессуары";;;;0;;;;;;new;;;;;;18.10_26;removed;;
8326032780;Package;8326032780;;;;"Запчасти и аксессуары";;;;0;;;;;;new;;;;;;18.10_26;removed;;
8324439333;Package;8324439333;;;;"Запчасти и аксессуары";;;;0;;;;;;new;;;;;;18.10_26;removed;;
8324235922;Package;8324235922;;;;"Запчасти и аксессуары";;;;0;;;;;;new;;;;;;18.10_26;removed;;
8305225465;Package;8305225465;;;;"Запчасти и аксессуары";;;;0;;;;;;new;;;;;;18.10_26;removed;;
8305215507;Package;8305215507;;;;"Запчасти и аксессуары";;;;0;;;;;;new;;;;;;18.10_26;removed;;
8305211923;Package;8305211923;;;;"Запчасти и аксессуары";;;;0;;;;;;new;;;;;;18.10_26;removed;;
8304847477;Package;8304847477;;;;"Запчасти и аксессуары";;;;0;;;;;;new;;;;;;18.10_26;removed;;
8302388421;Package;8302388421;;;;"Запчасти и аксессуары";;;;0;;;;;;new;;;;;;18.10_26;removed;;
8302370766;Package;8302370766;;;;"Запчасти и аксессуары";;;;0;;;;;;new;;;;;;18.10_26;removed;;
8302224510;Package;8302224510;;;;"Запчасти и аксессуары";;;;0;;;;;;new;;;;;;18.10_26;removed;;
8302072328;Package;8302072328;;;;"Запчасти и аксессуары";;;;0;;;;;;new;;;;;;18.10_26;removed;;
8286858610;Package;8286858610;;;;"Запчасти и аксессуары";;;;0;;;;;;new;;;;;;18.10_26;removed;;
8286674600;Package;8286674600;;;;"Запчасти и аксессуары";;;;0;;;;;;new;;;;;;18.10_26;removed;;
8276699708;Package;8276699708;;;;"Запчасти и аксессуары";;;;0;;;;;;new;;;;;;18.10_26;removed;;
8276695011;Package;8276695011;;;;"Запчасти и аксессуары";;;;0;;;;;;new;;;;;;18.10_26;removed;;
8276528355;Package;8276528355;;;;"Запчасти и аксессуары";;;;0;;;;;;new;;;;;;18.10_26;removed;;
8276140003;Package;8276140003;;;;"Запчасти и аксессуары";;;;0;;;;;;new;;;;;;18.10_26;removed;;
8276034724;Package;8276034724;;;;"Запчасти и аксессуары";;;;0;;;;;;new;;;;;;18.10_26;removed;;
8274534499;Package;8274534499;;;;"Запчасти и аксессуары";;;;0;;;;;;new;;;;;;18.10_26;removed;;
8274195607;Package;8274195607;;;;"Запчасти и аксессуары";;;;0;;;;;;new;;;;;;18.10_26;removed;;
8273942079;Package;8273942079;;;;"Запчасти и аксессуары";;;;0;;;;;;new;;;;;;18.10_26;removed;;
8268279831;Package;8268279831;;;;"Запчасти и аксессуары";;;;0;;;;;;new;;;;;;18.10_26;removed;;
8267961880;Package;8267961880;;;;"Запчасти и аксессуары";;;;0;;;;;;new;;;;;;18.10_26;removed;;
8267865287;Package;8267865287;;;;"Запчасти и аксессуары";;;;0;;;;;;new;;;;;;18.10_26;removed;;
8252735188;Package;8252735188;;;;"Запчасти и аксессуары";;;;0;;;;;;new;;;;;;18.10_26;removed;;
8252259267;Package;8252259267;;;;"Запчасти и аксессуары";;;;0;;;;;;new;;;;;;18.10_26;removed;;
8252001468;Package;8252001468;;;;"Запчасти и аксессуары";;;;0;;;;;;new;;;;;;18.10_26;removed;;
8251992267;Package;8251992267;;;;"Запчасти и аксессуары";;;;0;;;;;;new;;;;;;18.10_26;removed;;
8251512462;Package;8251512462;;;;"Запчасти и аксессуары";;;;0;;;;;;new;;;;;;18.10_26;removed;;
8251480089;Package;8251480089;;;;"Запчасти и аксессуары";;;;0;;;;;;new;;;;;;18.10_26;removed;;
8250929759;Package;8250929759;;;;"Запчасти и аксессуары";;;;0;;;;;;new;;;;;;18.10_26;removed;;
8232674749;Package;8232674749;;;;"Запчасти и аксессуары";;;;0;;;;;;new;;;;;;18.10_26;removed;;
8232463687;Package;8232463687;;;;"Запчасти и аксессуары";;;;0;;;;;;new;;;;;;18.10_26;removed;;
8232254510;Package;8232254510;;;;"Запчасти и аксессуары";;;;0;;;;;;new;;;;;;18.10_26;removed;;
8232251155;Package;8232251155;;;;"Запчасти и аксессуары";;;;0;;;;;;new;;;;;;18.10_26;removed;;
8232183032;Package;8232183032;;;;"Запчасти и аксессуары";;;;0;;;;;;new;;;;;;18.10_26;removed;;
8231921248;Package;8231921248;;;;"Запчасти и аксессуары";;;;0;;;;;;new;;;;;;18.10_26;removed;;
8449623423;Package;8449623423;;;;"Запчасти и аксессуары";;;;0;;;;;;new;;;;;;18.10_26;removed;;
8416798689;Package;8416798689;;;;"Запчасти и аксессуары";;;;0;;;;;;new;;;;;;18.10_26;removed;;
8402944257;Package;8402944257;;;;"Запчасти и аксессуары";;;;0;;;;;;new;;;;;;18.10_26;removed;;
8387662953;Package;8387662953;;;;"Запчасти и аксессуары";;;;0;;;;;;new;;;;;;18.10_26;removed;;
8386287968;Package;8386287968;;;;"Запчасти и аксессуары";;;;0;;;;;;new;;;;;;18.10_26;removed;;
8345058065;Package;8345058065;;;;"Запчасти и аксессуары";;;;0;;;;;;new;;;;;;18.10_26;removed;;
8341177995;Package;8341177995;;;;"Запчасти и аксессуары";;;;0;;;;;;new;;;;;;18.10_26;removed;;
8327343999;Package;8327343999;;;;"Запчасти и аксессуары";;;;0;;;;;;new;;;;;;18.10_26;removed;;
8324120176;Package;8324120176;;;;"Запчасти и аксессуары";;;;0;;;;;;new;;;;;;18.10_26;removed;;
8301868871;Package;8301868871;;;;"Запчасти и аксессуары";;;;0;;;;;;new;;;;;;18.10_26;removed;;
8274829677;Package;8274829677;;;;"Запчасти и аксессуары";;;;0;;;;;;new;;;;;;18.10_26;removed;;
8252729664;Package;8252729664;;;;"Запчасти и аксессуары";;;;0;;;;;;new;;;;;;18.10_26;removed;;
8252667879;Package;8252667879;;;;"Запчасти и аксессуары";;;;0;;;;;;new;;;;;;18.10_26;removed;;
8251744021;Package;8251744021;;;;"Запчасти и аксессуары";;;;0;;;;;;new;;;;;;18.10_26;removed;;
8424889032;Package;8424889032;;;;"Запчасти и аксессуары";;;;0;;;;;;new;;;;;;18.10_26;removed;;
8394327956;Package;8394327956;;;;"Запчасти и аксессуары";;;;0;;;;;;new;;;;;;18.10_26;removed;;
8349518631;Package;8349518631;;;;"Запчасти и аксессуары";;;;0;;;;;;new;;;;;;18.10_26;removed;;
8314638872;Package;8314638872;;;;"Запчасти и аксессуары";;;;0;;;;;;new;;;;;;18.10_26;removed;;
8305472370;Package;8305472370;;;;"Запчасти и аксессуары";;;;0;;;;;;new;;;;;;18.10_26;removed;;
8302215593;Package;8302215593;;;;"Запчасти и аксессуары";;;;0;;;;;;new;;;;;;18.10_26;removed;;
8286492438;Package;8286492438;;;;"Запчасти и аксессуары";;;;0;;;;;;new;;;;;;18.10_26;removed;;
8268226803;Package;8268226803;;;;"Запчасти и аксессуары";;;;0;;;;;;new;;;;;;18.10_26;removed;;
8203957928;Package;8203957928;;;;"Запчасти и аксессуары";;;;0;;;;;;new;;;;;;18.10_26;removed;;
8203957860;Package;8203957860;;;;"Запчасти и аксессуары";;;;0;;;;;;new;;;;;;18.10_26;removed;;
8203957557;Package;8203957557;;;;"Запчасти и аксессуары";;;;0;;;;;;new;;;;;;18.10_26;removed;;
8203956703;Package;8203956703;;;;"Запчасти и аксессуары";;;;0;;;;;;new;;;;;;18.10_26;removed;;
8203955611;Package;8203955611;;;;"Запчасти и аксессуары";;;;0;;;;;;new;;;;;;18.10_26;removed;;
8203954985;Package;8203954985;;;;"Запчасти и аксессуары";;;;0;;;;;;new;;;;;;18.10_26;removed;;
8203954298;Package;8203954298;;;;"Запчасти и аксессуары";;;;0;;;;;;new;;;;;;18.10_26;removed;;
8203953308;Package;8203953308;;;;"Запчасти и аксессуары";;;;0;;;;;;new;;;;;;18.10_26;removed;;
8203953122;Package;8203953122;;;;"Запчасти и аксессуары";;;;0;;;;;;new;;;;;;18.10_26;removed;;
8203950229;Package;8203950229;;;;"Запчасти и аксессуары";;;;0;;;;;;new;;;;;;18.10_26;removed;;
8203949851;Package;8203949851;;;;"Запчасти и аксессуары";;;;0;;;;;;new;;;;;;18.10_26;removed;;
8203947184;Package;8203947184;;;;"Запчасти и аксессуары";;;;0;;;;;;new;;;;;;18.10_26;removed;;
8203944975;Package;8203944975;;;;"Запчасти и аксессуары";;;;0;;;;;;new;;;;;;18.10_26;removed;;
8203943796;Package;8203943796;;;;"Запчасти и аксессуары";;;;0;;;;;;new;;;;;;18.10_26;removed;;
8203943602;Package;8203943602;;;;"Запчасти и аксессуары";;;;0;;;;;;new;;;;;;18.10_26;removed;;
8203943543;Package;8203943543;;;;"Запчасти и аксессуары";;;;0;;;;;;new;;;;;;18.10_26;removed;;
8203943428;Package;8203943428;;;;"Запчасти и аксессуары";;;;0;;;;;;new;;;;;;18.10_26;removed;;
8203943110;Package;8203943110;;;;"Запчасти и аксессуары";;;;0;;;;;;new;;;;;;18.10_26;removed;;
8203942928;Package;8203942928;;;;"Запчасти и аксессуары";;;;0;;;;;;new;;;;;;18.10_26;removed;;
8203942284;Package;8203942284;;;;"Запчасти и аксессуары";;;;0;;;;;;new;;;;;;18.10_26;removed;;
8203940117;Package;8203940117;;;;"Запчасти и аксессуары";;;;0;;;;;;new;;;;;;18.10_26;removed;;
8203939651;Package;8203939651;;;;"Запчасти и аксессуары";;;;0;;;;;;new;;;;;;18.10_26;removed;;
8203937248;Package;8203937248;;;;"Запчасти и аксессуары";;;;0;;;;;;new;;;;;;18.10_26;removed;;
8203936220;Package;8203936220;;;;"Запчасти и аксессуары";;;;0;;;;;;new;;;;;;18.10_26;removed;;
8203935346;Package;8203935346;;;;"Запчасти и аксессуары";;;;0;;;;;;new;;;;;;18.10_26;removed;;
8203935236;Package;8203935236;;;;"Запчасти и аксессуары";;;;0;;;;;;new;;;;;;18.10_26;removed;;
8203934978;Package;8203934978;;;;"Запчасти и аксессуары";;;;0;;;;;;new;;;;;;18.10_26;removed;;
8203933185;Package;8203933185;;;;"Запчасти и аксессуары";;;;0;;;;;;new;;;;;;18.10_26;removed;;
8203932273;Package;8203932273;;;;"Запчасти и аксессуары";;;;0;;;;;;new;;;;;;18.10_26;removed;;
8203931864;Package;8203931864;;;;"Запчасти и аксессуары";;;;0;;;;;;new;;;;;;18.10_26;removed;;
8203931701;Package;8203931701;;;;"Запчасти и аксессуары";;;;0;;;;;;new;;;;;;18.10_26;removed;;
8203931006;Package;8203931006;;;;"Запчасти и аксессуары";;;;0;;;;;;new;;;;;;18.10_26;removed;;
8203927857;Package;8203927857;;;;"Запчасти и аксессуары";;;;0;;;;;;new;;;;;;18.10_26;removed;;
8203927367;Package;8203927367;;;;"Запчасти и аксессуары";;;;0;;;;;;new;;;;;;18.10_26;removed;;
8203926485;Package;8203926485;;;;"Запчасти и аксессуары";;;;0;;;;;;new;;;;;;18.10_26;removed;;
8203925319;Package;8203925319;;;;"Запчасти и аксессуары";;;;0;;;;;;new;;;;;;18.10_26;removed;;
8203924850;Package;8203924850;;;;"Запчасти и аксессуары";;;;0;;;;;;new;;;;;;18.10_26;removed;;
8203920340;Package;8203920340;;;;"Запчасти и аксессуары";;;;0;;;;;;new;;;;;;18.10_26;removed;;
8203920078;Package;8203920078;;;;"Запчасти и аксессуары";;;;0;;;;;;new;;;;;;18.10_26;removed;;
8203919922;Package;8203919922;;;;"Запчасти и аксессуары";;;;0;;;;;;new;;;;;;18.10_26;removed;;
8203918297;Package;8203918297;;;;"Запчасти и аксессуары";;;;0;;;;;;new;;;;;;18.10_26;removed;;
8203915389;Package;8203915389;;;;"Запчасти и аксессуары";;;;0;;;;;;new;;;;;;18.10_26;removed;;
8203914573;Package;8203914573;;;;"Запчасти и аксессуары";;;;0;;;;;;new;;;;;;18.10_26;removed;;
8203913237;Package;8203913237;;;;"Запчасти и аксессуары";;;;0;;;;;;new;;;;;;18.10_26;removed;;
8203912498;Package;8203912498;;;;"Запчасти и аксессуары";;;;0;;;;;;new;;;;;;18.10_26;removed;;
8203912144;Package;8203912144;;;;"Запчасти и аксессуары";;;;0;;;;;;new;;;;;;18.10_26;removed;;
8203911441;Package;8203911441;;;;"Запчасти и аксессуары";;;;0;;;;;;new;;;;;;18.10_26;removed;;
8203908133;Package;8203908133;;;;"Запчасти и аксессуары";;;;0;;;;;;new;;;;;;18.10_26;removed;;
8203907790;Package;8203907790;;;;"Запчасти и аксессуары";;;;0;;;;;;new;;;;;;18.10_26;removed;;
8203907659;Package;8203907659;;;;"Запчасти и аксессуары";;;;0;;;;;;new;;;;;;18.10_26;removed;;
8203907107;Package;8203907107;;;;"Запчасти и аксессуары";;;;0;;;;;;new;;;;;;18.10_26;removed;;
8203905735;Package;8203905735;;;;"Запчасти и аксессуары";;;;0;;;;;;new;;;;;;18.10_26;removed;;
8203904285;Package;8203904285;;;;"Запчасти и аксессуары";;;;0;;;;;;new;;;;;;18.10_26;removed;;
8203904136;Package;8203904136;;;;"Запчасти и аксессуары";;;;0;;;;;;new;;;;;;18.10_26;removed;;
8203903168;Package;8203903168;;;;"Запчасти и аксессуары";;;;0;;;;;;new;;;;;;18.10_26;removed;;
8203901882;Package;8203901882;;;;"Запчасти и аксессуары";;;;0;;;;;;new;;;;;;18.10_26;removed;;
8203901654;Package;8203901654;;;;"Запчасти и аксессуары";;;;0;;;;;;new;;;;;;18.10_26;removed;;
8203901345;Package;8203901345;;;;"Запчасти и аксессуары";;;;0;;;;;;new;;;;;;18.10_26;removed;;
8203901284;Package;8203901284;;;;"Запчасти и аксессуары";;;;0;;;;;;new;;;;;;18.10_26;removed;;
8203899833;Package;8203899833;;;;"Запчасти и аксессуары";;;;0;;;;;;new;;;;;;18.10_26;removed;;
8203896827;Package;8203896827;;;;"Запчасти и аксессуары";;;;0;;;;;;new;;;;;;18.10_26;removed;;
8203895161;Package;8203895161;;;;"Запчасти и аксессуары";;;;0;;;;;;new;;;;;;18.10_26;removed;;
8203894786;Package;8203894786;;;;"Запчасти и аксессуары";;;;0;;;;;;new;;;;;;18.10_26;removed;;
8203894635;Package;8203894635;;;;"Запчасти и аксессуары";;;;0;;;;;;new;;;;;;18.10_26;removed;;
8203894330;Package;8203894330;;;;"Запчасти и аксессуары";;;;0;;;;;;new;;;;;;18.10_26;removed;;
8203893685;Package;8203893685;;;;"Запчасти и аксессуары";;;;0;;;;;;new;;;;;;18.10_26;removed;;
8203893000;Package;8203893000;;;;"Запчасти и аксессуары";;;;0;;;;;;new;;;;;;18.10_26;removed;;
8203892559;Package;8203892559;;;;"Запчасти и аксессуары";;;;0;;;;;;new;;;;;;18.10_26;removed;;
8203892205;Package;8203892205;;;;"Запчасти и аксессуары";;;;0;;;;;;new;;;;;;18.10_26;removed;;
8203890747;Package;8203890747;;;;"Запчасти и аксессуары";;;;0;;;;;;new;;;;;;18.10_26;removed;;
8203889776;Package;8203889776;;;;"Запчасти и аксессуары";;;;0;;;;;;new;;;;;;18.10_26;removed;;
8203889221;Package;8203889221;;;;"Запчасти и аксессуары";;;;0;;;;;;new;;;;;;18.10_26;removed;;
8203889141;Package;8203889141;;;;"Запчасти и аксессуары";;;;0;;;;;;new;;;;;;18.10_26;removed;;
8203886807;Package;8203886807;;;;"Запчасти и аксессуары";;;;0;;;;;;new;;;;;;18.10_26;removed;;
8203886230;Package;8203886230;;;;"Запчасти и аксессуары";;;;0;;;;;;new;;;;;;18.10_26;removed;;
8203885057;Package;8203885057;;;;"Запчасти и аксессуары";;;;0;;;;;;new;;;;;;18.10_26;removed;;
8203883329;Package;8203883329;;;;"Запчасти и аксессуары";;;;0;;;;;;new;;;;;;18.10_26;removed;;
8203883325;Package;8203883325;;;;"Запчасти и аксессуары";;;;0;;;;;;new;;;;;;18.10_26;removed;;
8203882748;Package;8203882748;;;;"Запчасти и аксессуары";;;;0;;;;;;new;;;;;;18.10_26;removed;;
8203880966;Package;8203880966;;;;"Запчасти и аксессуары";;;;0;;;;;;new;;;;;;18.10_26;removed;;
8203879380;Package;8203879380;;;;"Запчасти и аксессуары";;;;0;;;;;;new;;;;;;18.10_26;removed;;
8203879097;Package;8203879097;;;;"Запчасти и аксессуары";;;;0;;;;;;new;;;;;;18.10_26;removed;;
8203876106;Package;8203876106;;;;"Запчасти и аксессуары";;;;0;;;;;;new;;;;;;18.10_26;removed;;
8203875325;Package;8203875325;;;;"Запчасти и аксессуары";;;;0;;;;;;new;;;;;;18.10_26;removed;;
8200057796;Package;8200057796;;;;"Запчасти и аксессуары";;;;0;;;;;;new;;;;;;18.10_26;removed;;
8172878093;Package;8172878093;;;;"Запчасти и аксессуары";;;;0;;;;;;new;;;;;;18.10_26;removed;;
8172876412;Package;8172876412;;;;"Запчасти и аксессуары";;;;0;;;;;;new;;;;;;18.10_26;removed;;
8172875971;Package;8172875971;;;;"Запчасти и аксессуары";;;;0;;;;;;new;;;;;;18.10_26;removed;;
8172874740;Package;8172874740;;;;"Запчасти и аксессуары";;;;0;;;;;;new;;;;;;18.10_26;removed;;
8172872330;Package;8172872330;;;;"Запчасти и аксессуары";;;;0;;;;;;new;;;;;;18.10_26;removed;;
8172867911;Package;8172867911;;;;"Запчасти и аксессуары";;;;0;;;;;;new;;;;;;18.10_26;removed;;
8172867624;Package;8172867624;;;;"Запчасти и аксессуары";;;;0;;;;;;new;;;;;;18.10_26;removed;;
8172862290;Package;8172862290;;;;"Запчасти и аксессуары";;;;0;;;;;;new;;;;;;18.10_26;removed;;
8172862039;Package;8172862039;;;;"Запчасти и аксессуары";;;;0;;;;;;new;;;;;;18.10_26;removed;;
8172861151;Package;8172861151;;;;"Запчасти и аксессуары";;;;0;;;;;;new;;;;;;18.10_26;removed;;
8172859548;Package;8172859548;;;;"Запчасти и аксессуары";;;;0;;;;;;new;;;;;;18.10_26;removed;;
8172858774;Package;8172858774;;;;"Запчасти и аксессуары";;;;0;;;;;;new;;;;;;18.10_26;removed;;
8172858415;Package;8172858415;;;;"Запчасти и аксессуары";;;;0;;;;;;new;;;;;;18.10_26;removed;;
8172857309;Package;8172857309;;;;"Запчасти и аксессуары";;;;0;;;;;;new;;;;;;18.10_26;removed;;
8172855829;Package;8172855829;;;;"Запчасти и аксессуары";;;;0;;;;;;new;;;;;;18.10_26;removed;;
8172854940;Package;8172854940;;;;"Запчасти и аксессуары";;;;0;;;;;;new;;;;;;18.10_26;removed;;
8172853317;Package;8172853317;;;;"Запчасти и аксессуары";;;;0;;;;;;new;;;;;;18.10_26;removed;;
8172849667;Package;8172849667;;;;"Запчасти и аксессуары";;;;0;;;;;;new;;;;;;18.10_26;removed;;
8172849406;Package;8172849406;;;;"Запчасти и аксессуары";;;;0;;;;;;new;;;;;;18.10_26;removed;;
8172848450;Package;8172848450;;;;"Запчасти и аксессуары";;;;0;;;;;;new;;;;;;18.10_26;removed;;
8172845651;Package;8172845651;;;;"Запчасти и аксессуары";;;;0;;;;;;new;;;;;;18.10_26;removed;;
8172844633;Package;8172844633;;;;"Запчасти и аксессуары";;;;0;;;;;;new;;;;;;18.10_26;removed;;
8172844193;Package;8172844193;;;;"Запчасти и аксессуары";;;;0;;;;;;new;;;;;;18.10_26;removed;;
8172843457;Package;8172843457;;;;"Запчасти и аксессуары";;;;0;;;;;;new;;;;;;18.10_26;removed;;
8172841205;Package;8172841205;;;;"Запчасти и аксессуары";;;;0;;;;;;new;;;;;;18.10_26;removed;;
8172839498;Package;8172839498;;;;"Запчасти и аксессуары";;;;0;;;;;;new;;;;;;18.10_26;removed;;
8172838292;Package;8172838292;;;;"Запчасти и аксессуары";;;;0;;;;;;new;;;;;;18.10_26;removed;;
8172836037;Package;8172836037;;;;"Запчасти и аксессуары";;;;0;;;;;;new;;;;;;18.10_26;removed;;
8172835571;Package;8172835571;;;;"Запчасти и аксессуары";;;;0;;;;;;new;;;;;;18.10_26;removed;;
8172831567;Package;8172831567;;;;"Запчасти и аксессуары";;;;0;;;;;;new;;;;;;18.10_26;removed;;
8172831287;Package;8172831287;;;;"Запчасти и аксессуары";;;;0;;;;;;new;;;;;;18.10_26;removed;;
8172829743;Package;8172829743;;;;"Запчасти и аксессуары";;;;0;;;;;;new;;;;;;18.10_26;removed;;
8172829169;Package;8172829169;;;;"Запчасти и аксессуары";;;;0;;;;;;new;;;;;;18.10_26;removed;;
8172828876;Package;8172828876;;;;"Запчасти и аксессуары";;;;0;;;;;;new;;;;;;18.10_26;removed;;
8172826946;Package;8172826946;;;;"Запчасти и аксессуары";;;;0;;;;;;new;;;;;;18.10_26;removed;;
8172824789;Package;8172824789;;;;"Запчасти и аксессуары";;;;0;;;;;;new;;;;;;18.10_26;removed;;
8172819833;Package;8172819833;;;;"Запчасти и аксессуары";;;;0;;;;;;new;;;;;;18.10_26;removed;;
8172818301;Package;8172818301;;;;"Запчасти и аксессуары";;;;0;;;;;;new;;;;;;18.10_26;removed;;
8172817883;Package;8172817883;;;;"Запчасти и аксессуары";;;;0;;;;;;new;;;;;;18.10_26;removed;;
8172817015;Package;8172817015;;;;"Запчасти и аксессуары";;;;0;;;;;;new;;;;;;18.10_26;removed;;
8172814118;Package;8172814118;;;;"Запчасти и аксессуары";;;;0;;;;;;new;;;;;;18.10_26;removed;;
8172813651;Package;8172813651;;;;"Запчасти и аксессуары";;;;0;;;;;;new;;;;;;18.10_26;removed;;
8172813343;Package;8172813343;;;;"Запчасти и аксессуары";;;;0;;;;;;new;;;;;;18.10_26;removed;;
8172812841;Package;8172812841;;;;"Запчасти и аксессуары";;;;0;;;;;;new;;;;;;18.10_26;removed;;
8172811301;Package;8172811301;;;;"Запчасти и аксессуары";;;;0;;;;;;new;;;;;;18.10_26;removed;;
8172808316;Package;8172808316;;;;"Запчасти и аксессуары";;;;0;;;;;;new;;;;;;18.10_26;removed;;
8172808219;Package;8172808219;;;;"Запчасти и аксессуары";;;;0;;;;;;new;;;;;;18.10_26;removed;;
8172807225;Package;8172807225;;;;"Запчасти и аксессуары";;;;0;;;;;;new;;;;;;18.10_26;removed;;
8172803527;Package;8172803527;;;;"Запчасти и аксессуары";;;;0;;;;;;new;;;;;;18.10_26;removed;;
8172802474;Package;8172802474;;;;"Запчасти и аксессуары";;;;0;;;;;;new;;;;;;18.10_26;removed;;
8172802236;Package;8172802236;;;;"Запчасти и аксессуары";;;;0;;;;;;new;;;;;;18.10_26;removed;;
8172800023;Package;8172800023;;;;"Запчасти и аксессуары";;;;0;;;;;;new;;;;;;18.10_26;removed;;
8172794815;Package;8172794815;;;;"Запчасти и аксессуары";;;;0;;;;;;new;;;;;;18.10_26;removed;;
8172794520;Package;8172794520;;;;"Запчасти и аксессуары";;;;0;;;;;;new;;;;;;18.10_26;removed;;
8172794383;Package;8172794383;;;;"Запчасти и аксессуары";;;;0;;;;;;new;;;;;;18.10_26;removed;;
8172793774;Package;8172793774;;;;"Запчасти и аксессуары";;;;0;;;;;;new;;;;;;18.10_26;removed;;
8172791413;Package;8172791413;;;;"Запчасти и аксессуары";;;;0;;;;;;new;;;;;;18.10_26;removed;;
8172791325;Package;8172791325;;;;"Запчасти и аксессуары";;;;0;;;;;;new;;;;;;18.10_26;removed;;
8172786926;Package;8172786926;;;;"Запчасти и аксессуары";;;;0;;;;;;new;;;;;;18.10_26;removed;;
8172784482;Package;8172784482;;;;"Запчасти и аксессуары";;;;0;;;;;;new;;;;;;18.10_26;removed;;
8172782884;Package;8172782884;;;;"Запчасти и аксессуары";;;;0;;;;;;new;;;;;;18.10_26;removed;;
8172782481;Package;8172782481;;;;"Запчасти и аксессуары";;;;0;;;;;;new;;;;;;18.10_26;removed;;
8172780989;Package;8172780989;;;;"Запчасти и аксессуары";;;;0;;;;;;new;;;;;;18.10_26;removed;;
8172780609;Package;8172780609;;;;"Запчасти и аксессуары";;;;0;;;;;;new;;;;;;18.10_26;removed;;
8172780557;Package;8172780557;;;;"Запчасти и аксессуары";;;;0;;;;;;new;;;;;;18.10_26;removed;;
8172778562;Package;8172778562;;;;"Запчасти и аксессуары";;;;0;;;;;;new;;;;;;18.10_26;removed;;
8172778230;Package;8172778230;;;;"Запчасти и аксессуары";;;;0;;;;;;new;;;;;;18.10_26;removed;;
8172774800;Package;8172774800;;;;"Запчасти и аксессуары";;;;0;;;;;;new;;;;;;18.10_26;removed;;
8172774061;Package;8172774061;;;;"Запчасти и аксессуары";;;;0;;;;;;new;;;;;;18.10_26;removed;;
8172773990;Package;8172773990;;;;"Запчасти и аксессуары";;;;0;;;;;;new;;;;;;18.10_26;removed;;
8172770097;Package;8172770097;;;;"Запчасти и аксессуары";;;;0;;;;;;new;;;;;;18.10_26;removed;;
8172766450;Package;8172766450;;;;"Запчасти и аксессуары";;;;0;;;;;;new;;;;;;18.10_26;removed;;
8172761378;Package;8172761378;;;;"Запчасти и аксессуары";;;;0;;;;;;new;;;;;;18.10_26;removed;;
8172761234;Package;8172761234;;;;"Запчасти и аксессуары";;;;0;;;;;;new;;;;;;18.10_26;removed;;
8172760330;Package;8172760330;;;;"Запчасти и аксессуары";;;;0;;;;;;new;;;;;;18.10_26;removed;;
8172758819;Package;8172758819;;;;"Запчасти и аксессуары";;;;0;;;;;;new;;;;;;18.10_26;removed;;
8172755629;Package;8172755629;;;;"Запчасти и аксессуары";;;;0;;;;;;new;;;;;;18.10_26;removed;;
8172755048;Package;8172755048;;;;"Запчасти и аксессуары";;;;0;;;;;;new;;;;;;18.10_26;removed;;
8172754109;Package;8172754109;;;;"Запчасти и аксессуары";;;;0;;;;;;new;;;;;;18.10_26;removed;;
8172752812;Package;8172752812;;;;"Запчасти и аксессуары";;;;0;;;;;;new;;;;;;18.10_26;removed;;
8172746821;Package;8172746821;;;;"Запчасти и аксессуары";;;;0;;;;;;new;;;;;;18.10_26;removed;;
8172741550;Package;8172741550;;;;"Запчасти и аксессуары";;;;0;;;;;;new;;;;;;18.10_26;removed;;
8172740491;Package;8172740491;;;;"Запчасти и аксессуары";;;;0;;;;;;new;;;;;;18.10_26;removed;;
8172739352;Package;8172739352;;;;"Запчасти и аксессуары";;;;0;;;;;;new;;;;;;18.10_26;removed;;
8172737717;Package;8172737717;;;;"Запчасти и аксессуары";;;;0;;;;;;new;;;;;;18.10_26;removed;;
8172735648;Package;8172735648;;;;"Запчасти и аксессуары";;;;0;;;;;;new;;;;;;18.10_26;removed;;
8172735459;Package;8172735459;;;;"Запчасти и аксессуары";;;;0;;;;;;new;;;;;;18.10_26;removed;;
8172734190;Package;8172734190;;;;"Запчасти и аксессуары";;;;0;;;;;;new;;;;;;18.10_26;removed;;
8172730377;Package;8172730377;;;;"Запчасти и аксессуары";;;;0;;;;;;new;;;;;;18.10_26;removed;;
8172727215;Package;8172727215;;;;"Запчасти и аксессуары";;;;0;;;;;;new;;;;;;18.10_26;removed;;
8172723404;Package;8172723404;;;;"Запчасти и аксессуары";;;;0;;;;;;new;;;;;;18.10_26;removed;;
8172715792;Package;8172715792;;;;"Запчасти и аксессуары";;;;0;;;;;;new;;;;;;18.10_26;removed;;
8172715088;Package;8172715088;;;;"Запчасти и аксессуары";;;;0;;;;;;new;;;;;;18.10_26;removed;;
8172714026;Package;8172714026;;;;"Запчасти и аксессуары";;;;0;;;;;;new;;;;;;18.10_26;removed;;
8172713957;Package;8172713957;;;;"Запчасти и аксессуары";;;;0;;;;;;new;;;;;;18.10_26;removed;;
8172713358;Package;8172713358;;;;"Запчасти и аксессуары";;;;0;;;;;;new;;;;;;18.10_26;removed;;
8172711814;Package;8172711814;;;;"Запчасти и аксессуары";;;;0;;;;;;new;;;;;;18.10_26;removed;;
8172709020;Package;8172709020;;;;"Запчасти и аксессуары";;;;0;;;;;;new;;;;;;18.10_26;removed;;
8172708352;Package;8172708352;;;;"Запчасти и аксессуары";;;;0;;;;;;new;;;;;;18.10_26;removed;;
8172707179;Package;8172707179;;;;"Запчасти и аксессуары";;;;0;;;;;;new;;;;;;18.10_26;removed;;
8172706836;Package;8172706836;;;;"Запчасти и аксессуары";;;;0;;;;;;new;;;;;;18.10_26;removed;;
8172705600;Package;8172705600;;;;"Запчасти и аксессуары";;;;0;;;;;;new;;;;;;18.10_26;removed;;
8172705507;Package;8172705507;;;;"Запчасти и аксессуары";;;;0;;;;;;new;;;;;;18.10_26;removed;;
8172705108;Package;8172705108;;;;"Запчасти и аксессуары";;;;0;;;;;;new;;;;;;18.10_26;removed;;
8172701659;Package;8172701659;;;;"Запчасти и аксессуары";;;;0;;;;;;new;;;;;;18.10_26;removed;;
8172699052;Package;8172699052;;;;"Запчасти и аксессуары";;;;0;;;;;;new;;;;;;18.10_26;removed;;
8172698567;Package;8172698567;;;;"Запчасти и аксессуары";;;;0;;;;;;new;;;;;;18.10_26;removed;;
8172698526;Package;8172698526;;;;"Запчасти и аксессуары";;;;0;;;;;;new;;;;;;18.10_26;removed;;
8172697875;Package;8172697875;;;;"Запчасти и аксессуары";;;;0;;;;;;new;;;;;;18.10_26;removed;;
8172695831;Package;8172695831;;;;"Запчасти и аксессуары";;;;0;;;;;;new;;;;;;18.10_26;removed;;
8172693301;Package;8172693301;;;;"Запчасти и аксессуары";;;;0;;;;;;new;;;;;;18.10_26;removed;;
8172688162;Package;8172688162;;;;"Запчасти и аксессуары";;;;0;;;;;;new;;;;;;18.10_26;removed;;
8172686183;Package;8172686183;;;;"Запчасти и аксессуары";;;;0;;;;;;new;;;;;;18.10_26;removed;;
8172685477;Package;8172685477;;;;"Запчасти и аксессуары";;;;0;;;;;;new;;;;;;18.10_26;removed;;
8172685382;Package;8172685382;;;;"Запчасти и аксессуары";;;;0;;;;;;new;;;;;;18.10_26;removed;;
8172684004;Package;8172684004;;;;"Запчасти и аксессуары";;;;0;;;;;;new;;;;;;18.10_26;removed;;
8172683538;Package;8172683538;;;;"Запчасти и аксессуары";;;;0;;;;;;new;;;;;;18.10_26;removed;;
8172683018;Package;8172683018;;;;"Запчасти и аксессуары";;;;0;;;;;;new;;;;;;18.10_26;removed;;
8172681025;Package;8172681025;;;;"Запчасти и аксессуары";;;;0;;;;;;new;;;;;;18.10_26;removed;;
8172680318;Package;8172680318;;;;"Запчасти и аксессуары";;;;0;;;;;;new;;;;;;18.10_26;removed;;
8172677825;Package;8172677825;;;;"Запчасти и аксессуары";;;;0;;;;;;new;;;;;;18.10_26;removed;;
8172674334;Package;8172674334;;;;"Запчасти и аксессуары";;;;0;;;;;;new;;;;;;18.10_26;removed;;
8172673339;Package;8172673339;;;;"Запчасти и аксессуары";;;;0;;;;;;new;;;;;;18.10_26;removed;;
8172672892;Package;8172672892;;;;"Запчасти и аксессуары";;;;0;;;;;;new;;;;;;18.10_26;removed;;
8172669862;Package;8172669862;;;;"Запчасти и аксессуары";;;;0;;;;;;new;;;;;;18.10_26;removed;;
8172667010;Package;8172667010;;;;"Запчасти и аксессуары";;;;0;;;;;;new;;;;;;18.10_26;removed;;
8172666062;Package;8172666062;;;;"Запчасти и аксессуары";;;;0;;;;;;new;;;;;;18.10_26;removed;;
8172665860;Package;8172665860;;;;"Запчасти и аксессуары";;;;0;;;;;;new;;;;;;18.10_26;removed;;
8172665856;Package;8172665856;;;;"Запчасти и аксессуары";;;;0;;;;;;new;;;;;;18.10_26;removed;;
8172665020;Package;8172665020;;;;"Запчасти и аксессуары";;;;0;;;;;;new;;;;;;18.10_26;removed;;
8172663708;Package;8172663708;;;;"Запчасти и аксессуары";;;;0;;;;;;new;;;;;;18.10_26;removed;;
8172662776;Package;8172662776;;;;"Запчасти и аксессуары";;;;0;;;;;;new;;;;;;18.10_26;removed;;
8172661902;Package;8172661902;;;;"Запчасти и аксессуары";;;;0;;;;;;new;;;;;;18.10_26;removed;;
8172660127;Package;8172660127;;;;"Запчасти и аксессуары";;;;0;;;;;;new;;;;;;18.10_26;removed;;
8172659224;Package;8172659224;;;;"Запчасти и аксессуары";;;;0;;;;;;new;;;;;;18.10_26;removed;;
8172657885;Package;8172657885;;;;"Запчасти и аксессуары";;;;0;;;;;;new;;;;;;18.10_26;removed;;
8172653202;Package;8172653202;;;;"Запчасти и аксессуары";;;;0;;;;;;new;;;;;;18.10_26;removed;;
8172650718;Package;8172650718;;;;"Запчасти и аксессуары";;;;0;;;;;;new;;;;;;18.10_26;removed;;
8172650385;Package;8172650385;;;;"Запчасти и аксессуары";;;;0;;;;;;new;;;;;;18.10_26;removed;;
8172647281;Package;8172647281;;;;"Запчасти и аксессуары";;;;0;;;;;;new;;;;;;18.10_26;removed;;
8172647264;Package;8172647264;;;;"Запчасти и аксессуары";;;;0;;;;;;new;;;;;;18.10_26;removed;;
8172645946;Package;8172645946;;;;"Запчасти и аксессуары";;;;0;;;;;;new;;;;;;18.10_26;removed;;
8172642553;Package;8172642553;;;;"Запчасти и аксессуары";;;;0;;;;;;new;;;;;;18.10_26;removed;;
8172636306;Package;8172636306;;;;"Запчасти и аксессуары";;;;0;;;;;;new;;;;;;18.10_26;removed;;
8172635753;Package;8172635753;;;;"Запчасти и аксессуары";;;;0;;;;;;new;;;;;;18.10_26;removed;;
8172634001;Package;8172634001;;;;"Запчасти и аксессуары";;;;0;;;;;;new;;;;;;18.10_26;removed;;
8172633461;Package;8172633461;;;;"Запчасти и аксессуары";;;;0;;;;;;new;;;;;;18.10_26;removed;;
8172628813;Package;8172628813;;;;"Запчасти и аксессуары";;;;0;;;;;;new;;;;;;18.10_26;removed;;
8172626712;Package;8172626712;;;;"Запчасти и аксессуары";;;;0;;;;;;new;;;;;;18.10_26;removed;;
8172625854;Package;8172625854;;;;"Запчасти и аксессуары";;;;0;;;;;;new;;;;;;18.10_26;removed;;
8172625115;Package;8172625115;;;;"Запчасти и аксессуары";;;;0;;;;;;new;;;;;;18.10_26;removed;;
8172621851;Package;8172621851;;;;"Запчасти и аксессуары";;;;0;;;;;;new;;;;;;18.10_26;removed;;
8172621735;Package;8172621735;;;;"Запчасти и аксессуары";;;;0;;;;;;new;;;;;;18.10_26;removed;;
8172620812;Package;8172620812;;;;"Запчасти и аксессуары";;;;0;;;;;;new;;;;;;18.10_26;removed;;
8172618957;Package;8172618957;;;;"Запчасти и аксессуары";;;;0;;;;;;new;;;;;;18.10_26;removed;;
8172616797;Package;8172616797;;;;"Запчасти и аксессуары";;;;0;;;;;;new;;;;;;18.10_26;removed;;
8172612372;Package;8172612372;;;;"Запчасти и аксессуары";;;;0;;;;;;new;;;;;;18.10_26;removed;;
8172610553;Package;8172610553;;;;"Запчасти и аксессуары";;;;0;;;;;;new;;;;;;18.10_26;removed;;
8172610129;Package;8172610129;;;;"Запчасти и аксессуары";;;;0;;;;;;new;;;;;;18.10_26;removed;;
8172609785;Package;8172609785;;;;"Запчасти и аксессуары";;;;0;;;;;;new;;;;;;18.10_26;removed;;
8172607549;Package;8172607549;;;;"Запчасти и аксессуары";;;;0;;;;;;new;;;;;;18.10_26;removed;;
8172606129;Package;8172606129;;;;"Запчасти и аксессуары";;;;0;;;;;;new;;;;;;18.10_26;removed;;
8172595838;Package;8172595838;;;;"Запчасти и аксессуары";;;;0;;;;;;new;;;;;;18.10_26;removed;;
8172595559;Package;8172595559;;;;"Запчасти и аксессуары";;;;0;;;;;;new;;;;;;18.10_26;removed;;
8172592770;Package;8172592770;;;;"Запчасти и аксессуары";;;;0;;;;;;new;;;;;;18.10_26;removed;;
8172590636;Package;8172590636;;;;"Запчасти и аксессуары";;;;0;;;;;;new;;;;;;18.10_26;removed;;
8172589892;Package;8172589892;;;;"Запчасти и аксессуары";;;;0;;;;;;new;;;;;;18.10_26;removed;;
8172588227;Package;8172588227;;;;"Запчасти и аксессуары";;;;0;;;;;;new;;;;;;18.10_26;removed;;
8172582774;Package;8172582774;;;;"Запчасти и аксессуары";;;;0;;;;;;new;;;;;;18.10_26;removed;;
8172581673;Package;8172581673;;;;"Запчасти и аксессуары";;;;0;;;;;;new;;;;;;18.10_26;removed;;
8172581595;Package;8172581595;;;;"Запчасти и аксессуары";;;;0;;;;;;new;;;;;;18.10_26;removed;;
8172580805;Package;8172580805;;;;"Запчасти и аксессуары";;;;0;;;;;;new;;;;;;18.10_26;removed;;
8172579587;Package;8172579587;;;;"Запчасти и аксессуары";;;;0;;;;;;new;;;;;;18.10_26;removed;;
8172578843;Package;8172578843;;;;"Запчасти и аксессуары";;;;0;;;;;;new;;;;;;18.10_26;removed;;
8172578021;Package;8172578021;;;;"Запчасти и аксессуары";;;;0;;;;;;new;;;;;;18.10_26;removed;;
8172571637;Package;8172571637;;;;"Запчасти и аксессуары";;;;0;;;;;;new;;;;;;18.10_26;removed;;
8172570337;Package;8172570337;;;;"Запчасти и аксессуары";;;;0;;;;;;new;;;;;;18.10_26;removed;;
8172569070;Package;8172569070;;;;"Запчасти и аксессуары";;;;0;;;;;;new;;;;;;18.10_26;removed;;
8172565784;Package;8172565784;;;;"Запчасти и аксессуары";;;;0;;;;;;new;;;;;;18.10_26;removed;;
8172564607;Package;8172564607;;;;"Запчасти и аксессуары";;;;0;;;;;;new;;;;;;18.10_26;removed;;
8172561497;Package;8172561497;;;;"Запчасти и аксессуары";;;;0;;;;;;new;;;;;;18.10_26;removed;;
8172560036;Package;8172560036;;;;"Запчасти и аксессуары";;;;0;;;;;;new;;;;;;18.10_26;removed;;
8172550260;Package;8172550260;;;;"Запчасти и аксессуары";;;;0;;;;;;new;;;;;;18.10_26;removed;;
8172548358;Package;8172548358;;;;"Запчасти и аксессуары";;;;0;;;;;;new;;;;;;18.10_26;removed;;
8172548185;Package;8172548185;;;;"Запчасти и аксессуары";;;;0;;;;;;new;;;;;;18.10_26;removed;;
8172546639;Package;8172546639;;;;"Запчасти и аксессуары";;;;0;;;;;;new;;;;;;18.10_26;removed;;
8172545858;Package;8172545858;;;;"Запчасти и аксессуары";;;;0;;;;;;new;;;;;;18.10_26;removed;;
8172545764;Package;8172545764;;;;"Запчасти и аксессуары";;;;0;;;;;;new;;;;;;18.10_26;removed;;
8172545730;Package;8172545730;;;;"Запчасти и аксессуары";;;;0;;;;;;new;;;;;;18.10_26;removed;;
8172544667;Package;8172544667;;;;"Запчасти и аксессуары";;;;0;;;;;;new;;;;;;18.10_26;removed;;
8172543197;Package;8172543197;;;;"Запчасти и аксессуары";;;;0;;;;;;new;;;;;;18.10_26;removed;;
8172540449;Package;8172540449;;;;"Запчасти и аксессуары";;;;0;;;;;;new;;;;;;18.10_26;removed;;
8172538484;Package;8172538484;;;;"Запчасти и аксессуары";;;;0;;;;;;new;;;;;;18.10_26;removed;;
8172534387;Package;8172534387;;;;"Запчасти и аксессуары";;;;0;;;;;;new;;;;;;18.10_26;removed;;
8172532504;Package;8172532504;;;;"Запчасти и аксессуары";;;;0;;;;;;new;;;;;;18.10_26;removed;;
8172532097;Package;8172532097;;;;"Запчасти и аксессуары";;;;0;;;;;;new;;;;;;18.10_26;removed;;
8172523726;Package;8172523726;;;;"Запчасти и аксессуары";;;;0;;;;;;new;;;;;;18.10_26;removed;;
8172521655;Package;8172521655;;;;"Запчасти и аксессуары";;;;0;;;;;;new;;;;;;18.10_26;removed;;
8172519924;Package;8172519924;;;;"Запчасти и аксессуары";;;;0;;;;;;new;;;;;;18.10_26;removed;;
8172518564;Package;8172518564;;;;"Запчасти и аксессуары";;;;0;;;;;;new;;;;;;18.10_26;removed;;
8172512616;Package;8172512616;;;;"Запчасти и аксессуары";;;;0;;;;;;new;;;;;;18.10_26;removed;;
8172511782;Package;8172511782;;;;"Запчасти и аксессуары";;;;0;;;;;;new;;;;;;18.10_26;removed;;
8172511653;Package;8172511653;;;;"Запчасти и аксессуары";;;;0;;;;;;new;;;;;;18.10_26;removed;;
8172511081;Package;8172511081;;;;"Запчасти и аксессуары";;;;0;;;;;;new;;;;;;18.10_26;removed;;
8172508501;Package;8172508501;;;;"Запчасти и аксессуары";;;;0;;;;;;new;;;;;;18.10_26;removed;;
8172507833;Package;8172507833;;;;"Запчасти и аксессуары";;;;0;;;;;;new;;;;;;18.10_26;removed;;
8172507305;Package;8172507305;;;;"Запчасти и аксессуары";;;;0;;;;;;new;;;;;;18.10_26;removed;;
8172505664;Package;8172505664;;;;"Запчасти и аксессуары";;;;0;;;;;;new;;;;;;18.10_26;removed;;
8172505567;Package;8172505567;;;;"Запчасти и аксессуары";;;;0;;;;;;new;;;;;;18.10_26;removed;;
8172505453;Package;8172505453;;;;"Запчасти и аксессуары";;;;0;;;;;;new;;;;;;18.10_26;removed;;
8172497903;Package;8172497903;;;;"Запчасти и аксессуары";;;;0;;;;;;new;;;;;;18.10_26;removed;;
8172496491;Package;8172496491;;;;"Запчасти и аксессуары";;;;0;;;;;;new;;;;;;18.10_26;removed;;
8172495952;Package;8172495952;;;;"Запчасти и аксессуары";;;;0;;;;;;new;;;;;;18.10_26;removed;;
8172493962;Package;8172493962;;;;"Запчасти и аксессуары";;;;0;;;;;;new;;;;;;18.10_26;removed;;
8172491746;Package;8172491746;;;;"Запчасти и аксессуары";;;;0;;;;;;new;;;;;;18.10_26;removed;;
8172491653;Package;8172491653;;;;"Запчасти и аксессуары";;;;0;;;;;;new;;;;;;18.10_26;removed;;
8172489186;Package;8172489186;;;;"Запчасти и аксессуары";;;;0;;;;;;new;;;;;;18.10_26;removed;;
8172489027;Package;8172489027;;;;"Запчасти и аксессуары";;;;0;;;;;;new;;;;;;18.10_26;removed;;
8172488705;Package;8172488705;;;;"Запчасти и аксессуары";;;;0;;;;;;new;;;;;;18.10_26;removed;;
8172486145;Package;8172486145;;;;"Запчасти и аксессуары";;;;0;;;;;;new;;;;;;18.10_26;removed;;
8172475384;Package;8172475384;;;;"Запчасти и аксессуары";;;;0;;;;;;new;;;;;;18.10_26;removed;;
8172473028;Package;8172473028;;;;"Запчасти и аксессуары";;;;0;;;;;;new;;;;;;18.10_26;removed;;
8172469791;Package;8172469791;;;;"Запчасти и аксессуары";;;;0;;;;;;new;;;;;;18.10_26;removed;;
8172469765;Package;8172469765;;;;"Запчасти и аксессуары";;;;0;;;;;;new;;;;;;18.10_26;removed;;
8172468504;Package;8172468504;;;;"Запчасти и аксессуары";;;;0;;;;;;new;;;;;;18.10_26;removed;;
8172466529;Package;8172466529;;;;"Запчасти и аксессуары";;;;0;;;;;;new;;;;;;18.10_26;removed;;
8172465649;Package;8172465649;;;;"Запчасти и аксессуары";;;;0;;;;;;new;;;;;;18.10_26;removed;;
8172462437;Package;8172462437;;;;"Запчасти и аксессуары";;;;0;;;;;;new;;;;;;18.10_26;removed;;
8172454277;Package;8172454277;;;;"Запчасти и аксессуары";;;;0;;;;;;new;;;;;;18.10_26;removed;;
8172452931;Package;8172452931;;;;"Запчасти и аксессуары";;;;0;;;;;;new;;;;;;18.10_26;removed;;
8172452399;Package;8172452399;;;;"Запчасти и аксессуары";;;;0;;;;;;new;;;;;;18.10_26;removed;;
8172447405;Package;8172447405;;;;"Запчасти и аксессуары";;;;0;;;;;;new;;;;;;18.10_26;removed;;
8172443533;Package;8172443533;;;;"Запчасти и аксессуары";;;;0;;;;;;new;;;;;;18.10_26;removed;;
8172443318;Package;8172443318;;;;"Запчасти и аксессуары";;;;0;;;;;;new;;;;;;18.10_26;removed;;
8172441226;Package;8172441226;;;;"Запчасти и аксессуары";;;;0;;;;;;new;;;;;;18.10_26;removed;;
8172440942;Package;8172440942;;;;"Запчасти и аксессуары";;;;0;;;;;;new;;;;;;18.10_26;removed;;
8172440746;Package;8172440746;;;;"Запчасти и аксессуары";;;;0;;;;;;new;;;;;;18.10_26;removed;;
8172436680;Package;8172436680;;;;"Запчасти и аксессуары";;;;0;;;;;;new;;;;;;18.10_26;removed;;
8172436097;Package;8172436097;;;;"Запчасти и аксессуары";;;;0;;;;;;new;;;;;;18.10_26;removed;;
8172435638;Package;8172435638;;;;"Запчасти и аксессуары";;;;0;;;;;;new;;;;;;18.10_26;removed;;
8172434284;Package;8172434284;;;;"Запчасти и аксессуары";;;;0;;;;;;new;;;;;;18.10_26;removed;;
8172433984;Package;8172433984;;;;"Запчасти и аксессуары";;;;0;;;;;;new;;;;;;18.10_26;removed;;
8172432605;Package;8172432605;;;;"Запчасти и аксессуары";;;;0;;;;;;new;;;;;;18.10_26;removed;;
8172432053;Package;8172432053;;;;"Запчасти и аксессуары";;;;0;;;;;;new;;;;;;18.10_26;removed;;
8172429237;Package;8172429237;;;;"Запчасти и аксессуары";;;;0;;;;;;new;;;;;;18.10_26;removed;;
8172427629;Package;8172427629;;;;"Запчасти и аксессуары";;;;0;;;;;;new;;;;;;18.10_26;removed;;
8172424441;Package;8172424441;;;;"Запчасти и аксессуары";;;;0;;;;;;new;;;;;;18.10_26;removed;;
8172423928;Package;8172423928;;;;"Запчасти и аксессуары";;;;0;;;;;;new;;;;;;18.10_26;removed;;
8172422732;Package;8172422732;;;;"Запчасти и аксессуары";;;;0;;;;;;new;;;;;;18.10_26;removed;;
8172419737;Package;8172419737;;;;"Запчасти и аксессуары";;;;0;;;;;;new;;;;;;18.10_26;removed;;
8172415051;Package;8172415051;;;;"Запчасти и аксессуары";;;;0;;;;;;new;;;;;;18.10_26;removed;;
8172414966;Package;8172414966;;;;"Запчасти и аксессуары";;;;0;;;;;;new;;;;;;18.10_26;removed;;
8172413605;Package;8172413605;;;;"Запчасти и аксессуары";;;;0;;;;;;new;;;;;;18.10_26;removed;;
8172412594;Package;8172412594;;;;"Запчасти и аксессуары";;;;0;;;;;;new;;;;;;18.10_26;removed;;
8172409978;Package;8172409978;;;;"Запчасти и аксессуары";;;;0;;;;;;new;;;;;;18.10_26;removed;;
8172408700;Package;8172408700;;;;"Запчасти и аксессуары";;;;0;;;;;;new;;;;;;18.10_26;removed;;
8172404464;Package;8172404464;;;;"Запчасти и аксессуары";;;;0;;;;;;new;;;;;;18.10_26;removed;;
8172403933;Package;8172403933;;;;"Запчасти и аксессуары";;;;0;;;;;;new;;;;;;18.10_26;removed;;
8172399268;Package;8172399268;;;;"Запчасти и аксессуары";;;;0;;;;;;new;;;;;;18.10_26;removed;;
8172397693;Package;8172397693;;;;"Запчасти и аксессуары";;;;0;;;;;;new;;;;;;18.10_26;removed;;
8172397400;Package;8172397400;;;;"Запчасти и аксессуары";;;;0;;;;;;new;;;;;;18.10_26;removed;;
8172392971;Package;8172392971;;;;"Запчасти и аксессуары";;;;0;;;;;;new;;;;;;18.10_26;removed;;
8172392652;Package;8172392652;;;;"Запчасти и аксессуары";;;;0;;;;;;new;;;;;;18.10_26;removed;;
8172392010;Package;8172392010;;;;"Запчасти и аксессуары";;;;0;;;;;;new;;;;;;18.10_26;removed;;
8172391861;Package;8172391861;;;;"Запчасти и аксессуары";;;;0;;;;;;new;;;;;;18.10_26;removed;;
8172389806;Package;8172389806;;;;"Запчасти и аксессуары";;;;0;;;;;;new;;;;;;18.10_26;removed;;
8172388338;Package;8172388338;;;;"Запчасти и аксессуары";;;;0;;;;;;new;;;;;;18.10_26;removed;;
8172388093;Package;8172388093;;;;"Запчасти и аксессуары";;;;0;;;;;;new;;;;;;18.10_26;removed;;
8172387926;Package;8172387926;;;;"Запчасти и аксессуары";;;;0;;;;;;new;;;;;;18.10_26;removed;;
8172385823;Package;8172385823;;;;"Запчасти и аксессуары";;;;0;;;;;;new;;;;;;18.10_26;removed;;
8172385691;Package;8172385691;;;;"Запчасти и аксессуары";;;;0;;;;;;new;;;;;;18.10_26;removed;;
8172385082;Package;8172385082;;;;"Запчасти и аксессуары";;;;0;;;;;;new;;;;;;18.10_26;removed;;
8172383979;Package;8172383979;;;;"Запчасти и аксессуары";;;;0;;;;;;new;;;;;;18.10_26;removed;;
8172382007;Package;8172382007;;;;"Запчасти и аксессуары";;;;0;;;;;;new;;;;;;18.10_26;removed;;
8172381450;Package;8172381450;;;;"Запчасти и аксессуары";;;;0;;;;;;new;;;;;;18.10_26;removed;;
8172380916;Package;8172380916;;;;"Запчасти и аксессуары";;;;0;;;;;;new;;;;;;18.10_26;removed;;
8172378975;Package;8172378975;;;;"Запчасти и аксессуары";;;;0;;;;;;new;;;;;;18.10_26;removed;;
8172378765;Package;8172378765;;;;"Запчасти и аксессуары";;;;0;;;;;;new;;;;;;18.10_26;removed;;
8172378231;Package;8172378231;;;;"Запчасти и аксессуары";;;;0;;;;;;new;;;;;;18.10_26;removed;;
8172374823;Package;8172374823;;;;"Запчасти и аксессуары";;;;0;;;;;;new;;;;;;18.10_26;removed;;
8172374236;Package;8172374236;;;;"Запчасти и аксессуары";;;;0;;;;;;new;;;;;;18.10_26;removed;;
8172373763;Package;8172373763;;;;"Запчасти и аксессуары";;;;0;;;;;;new;;;;;;18.10_26;removed;;
8172372282;Package;8172372282;;;;"Запчасти и аксессуары";;;;0;;;;;;new;;;;;;18.10_26;removed;;
8172371418;Package;8172371418;;;;"Запчасти и аксессуары";;;;0;;;;;;new;;;;;;18.10_26;removed;;
8172369214;Package;8172369214;;;;"Запчасти и аксессуары";;;;0;;;;;;new;;;;;;18.10_26;removed;;
8172368457;Package;8172368457;;;;"Запчасти и аксессуары";;;;0;;;;;;new;;;;;;18.10_26;removed;;
8172367439;Package;8172367439;;;;"Запчасти и аксессуары";;;;0;;;;;;new;;;;;;18.10_26;removed;;
8172363068;Package;8172363068;;;;"Запчасти и аксессуары";;;;0;;;;;;new;;;;;;18.10_26;removed;;
8172358698;Package;8172358698;;;;"Запчасти и аксессуары";;;;0;;;;;;new;;;;;;18.10_26;removed;;
8172357521;Package;8172357521;;;;"Запчасти и аксессуары";;;;0;;;;;;new;;;;;;18.10_26;removed;;
8172353983;Package;8172353983;;;;"Запчасти и аксессуары";;;;0;;;;;;new;;;;;;18.10_26;removed;;
8172351800;Package;8172351800;;;;"Запчасти и аксессуары";;;;0;;;;;;new;;;;;;18.10_26;removed;;
8172350252;Package;8172350252;;;;"Запчасти и аксессуары";;;;0;;;;;;new;;;;;;18.10_26;removed;;
8172349685;Package;8172349685;;;;"Запчасти и аксессуары";;;;0;;;;;;new;;;;;;18.10_26;removed;;
8172347912;Package;8172347912;;;;"Запчасти и аксессуары";;;;0;;;;;;new;;;;;;18.10_26;removed;;
8172345974;Package;8172345974;;;;"Запчасти и аксессуары";;;;0;;;;;;new;;;;;;18.10_26;removed;;
8172345450;Package;8172345450;;;;"Запчасти и аксессуары";;;;0;;;;;;new;;;;;;18.10_26;removed;;
8172342240;Package;8172342240;;;;"Запчасти и аксессуары";;;;0;;;;;;new;;;;;;18.10_26;removed;;
8172339355;Package;8172339355;;;;"Запчасти и аксессуары";;;;0;;;;;;new;;;;;;18.10_26;removed;;
8172336051;Package;8172336051;;;;"Запчасти и аксессуары";;;;0;;;;;;new;;;;;;18.10_26;removed;;
8172332801;Package;8172332801;;;;"Запчасти и аксессуары";;;;0;;;;;;new;;;;;;18.10_26;removed;;
8172326901;Package;8172326901;;;;"Запчасти и аксессуары";;;;0;;;;;;new;;;;;;18.10_26;removed;;
8172326545;Package;8172326545;;;;"Запчасти и аксессуары";;;;0;;;;;;new;;;;;;18.10_26;removed;;
8172325870;Package;8172325870;;;;"Запчасти и аксессуары";;;;0;;;;;;new;;;;;;18.10_26;removed;;
8172324609;Package;8172324609;;;;"Запчасти и аксессуары";;;;0;;;;;;new;;;;;;18.10_26;removed;;
8172324318;Package;8172324318;;;;"Запчасти и аксессуары";;;;0;;;;;;new;;;;;;18.10_26;removed;;
8172323152;Package;8172323152;;;;"Запчасти и аксессуары";;;;0;;;;;;new;;;;;;18.10_26;removed;;
8172321935;Package;8172321935;;;;"Запчасти и аксессуары";;;;0;;;;;;new;;;;;;18.10_26;removed;;
8172318384;Package;8172318384;;;;"Запчасти и аксессуары";;;;0;;;;;;new;;;;;;18.10_26;removed;;
8172317156;Package;8172317156;;;;"Запчасти и аксессуары";;;;0;;;;;;new;;;;;;18.10_26;removed;;
8172316138;Package;8172316138;;;;"Запчасти и аксессуары";;;;0;;;;;;new;;;;;;18.10_26;removed;;
8172314324;Package;8172314324;;;;"Запчасти и аксессуары";;;;0;;;;;;new;;;;;;18.10_26;removed;;
8172313231;Package;8172313231;;;;"Запчасти и аксессуары";;;;0;;;;;;new;;;;;;18.10_26;removed;;
8172311584;Package;8172311584;;;;"Запчасти и аксессуары";;;;0;;;;;;new;;;;;;18.10_26;removed;;
8172308967;Package;8172308967;;;;"Запчасти и аксессуары";;;;0;;;;;;new;;;;;;18.10_26;removed;;
8172307086;Package;8172307086;;;;"Запчасти и аксессуары";;;;0;;;;;;new;;;;;;18.10_26;removed;;
8172307009;Package;8172307009;;;;"Запчасти и аксессуары";;;;0;;;;;;new;;;;;;18.10_26;removed;;
8172304465;Package;8172304465;;;;"Запчасти и аксессуары";;;;0;;;;;;new;;;;;;18.10_26;removed;;
8172301433;Package;8172301433;;;;"Запчасти и аксессуары";;;;0;;;;;;new;;;;;;18.10_26;removed;;
8172301101;Package;8172301101;;;;"Запчасти и аксессуары";;;;0;;;;;;new;;;;;;18.10_26;removed;;
8172299789;Package;8172299789;;;;"Запчасти и аксессуары";;;;0;;;;;;new;;;;;;18.10_26;removed;;
8172299594;Package;8172299594;;;;"Запчасти и аксессуары";;;;0;;;;;;new;;;;;;18.10_26;removed;;
8172299007;Package;8172299007;;;;"Запчасти и аксессуары";;;;0;;;;;;new;;;;;;18.10_26;removed;;
8172298927;Package;8172298927;;;;"Запчасти и аксессуары";;;;0;;;;;;new;;;;;;18.10_26;removed;;
8172293769;Package;8172293769;;;;"Запчасти и аксессуары";;;;0;;;;;;new;;;;;;18.10_26;removed;;
8172292771;Package;8172292771;;;;"Запчасти и аксессуары";;;;0;;;;;;new;;;;;;18.10_26;removed;;
8172286696;Package;8172286696;;;;"Запчасти и аксессуары";;;;0;;;;;;new;;;;;;18.10_26;removed;;
8172286662;Package;8172286662;;;;"Запчасти и аксессуары";;;;0;;;;;;new;;;;;;18.10_26;removed;;
8172284375;Package;8172284375;;;;"Запчасти и аксессуары";;;;0;;;;;;new;;;;;;18.10_26;removed;;
8172283824;Package;8172283824;;;;"Запчасти и аксессуары";;;;0;;;;;;new;;;;;;18.10_26;removed;;
8172283029;Package;8172283029;;;;"Запчасти и аксессуары";;;;0;;;;;;new;;;;;;18.10_26;removed;;
8172279025;Package;8172279025;;;;"Запчасти и аксессуары";;;;0;;;;;;new;;;;;;18.10_26;removed;;
8172277093;Package;8172277093;;;;"Запчасти и аксессуары";;;;0;;;;;;new;;;;;;18.10_26;removed;;
8172273241;Package;8172273241;;;;"Запчасти и аксессуары";;;;0;;;;;;new;;;;;;18.10_26;removed;;
8172271736;Package;8172271736;;;;"Запчасти и аксессуары";;;;0;;;;;;new;;;;;;18.10_26;removed;;
8172270986;Package;8172270986;;;;"Запчасти и аксессуары";;;;0;;;;;;new;;;;;;18.10_26;removed;;
8172269948;Package;8172269948;;;;"Запчасти и аксессуары";;;;0;;;;;;new;;;;;;18.10_26;removed;;
8172269827;Package;8172269827;;;;"Запчасти и аксессуары";;;;0;;;;;;new;;;;;;18.10_26;removed;;
8172269780;Package;8172269780;;;;"Запчасти и аксессуары";;;;0;;;;;;new;;;;;;18.10_26;removed;;
8172267351;Package;8172267351;;;;"Запчасти и аксессуары";;;;0;;;;;;new;;;;;;18.10_26;removed;;
8172266778;Package;8172266778;;;;"Запчасти и аксессуары";;;;0;;;;;;new;;;;;;18.10_26;removed;;
8172265983;Package;8172265983;;;;"Запчасти и аксессуары";;;;0;;;;;;new;;;;;;18.10_26;removed;;
8172264126;Package;8172264126;;;;"Запчасти и аксессуары";;;;0;;;;;;new;;;;;;18.10_26;removed;;
8172263001;Package;8172263001;;;;"Запчасти и аксессуары";;;;0;;;;;;new;;;;;;18.10_26;removed;;
8172260706;Package;8172260706;;;;"Запчасти и аксессуары";;;;0;;;;;;new;;;;;;18.10_26;removed;;
8172259012;Package;8172259012;;;;"Запчасти и аксессуары";;;;0;;;;;;new;;;;;;18.10_26;removed;;
8172254449;Package;8172254449;;;;"Запчасти и аксессуары";;;;0;;;;;;new;;;;;;18.10_26;removed;;
8172254062;Package;8172254062;;;;"Запчасти и аксессуары";;;;0;;;;;;new;;;;;;18.10_26;removed;;
8172253290;Package;8172253290;;;;"Запчасти и аксессуары";;;;0;;;;;;new;;;;;;18.10_26;removed;;
8172247497;Package;8172247497;;;;"Запчасти и аксессуары";;;;0;;;;;;new;;;;;;18.10_26;removed;;
8172245367;Package;8172245367;;;;"Запчасти и аксессуары";;;;0;;;;;;new;;;;;;18.10_26;removed;;
8172236464;Package;8172236464;;;;"Запчасти и аксессуары";;;;0;;;;;;new;;;;;;18.10_26;removed;;
8172231495;Package;8172231495;;;;"Запчасти и аксессуары";;;;0;;;;;;new;;;;;;18.10_26;removed;;
8172230978;Package;8172230978;;;;"Запчасти и аксессуары";;;;0;;;;;;new;;;;;;18.10_26;removed;;
8172226107;Package;8172226107;;;;"Запчасти и аксессуары";;;;0;;;;;;new;;;;;;18.10_26;removed;;
8172223675;Package;8172223675;;;;"Запчасти и аксессуары";;;;0;;;;;;new;;;;;;18.10_26;removed;;
8172223377;Package;8172223377;;;;"Запчасти и аксессуары";;;;0;;;;;;new;;;;;;18.10_26;removed;;
8172223026;Package;8172223026;;;;"Запчасти и аксессуары";;;;0;;;;;;new;;;;;;18.10_26;removed;;
8172221941;Package;8172221941;;;;"Запчасти и аксессуары";;;;0;;;;;;new;;;;;;18.10_26;removed;;
8172217673;Package;8172217673;;;;"Запчасти и аксессуары";;;;0;;;;;;new;;;;;;18.10_26;removed;;
8172214883;Package;8172214883;;;;"Запчасти и аксессуары";;;;0;;;;;;new;;;;;;18.10_26;removed;;
8172214855;Package;8172214855;;;;"Запчасти и аксессуары";;;;0;;;;;;new;;;;;;18.10_26;removed;;
8172214377;Package;8172214377;;;;"Запчасти и аксессуары";;;;0;;;;;;new;;;;;;18.10_26;removed;;
8172210816;Package;8172210816;;;;"Запчасти и аксессуары";;;;0;;;;;;new;;;;;;18.10_26;removed;;
8172209334;Package;8172209334;;;;"Запчасти и аксессуары";;;;0;;;;;;new;;;;;;18.10_26;removed;;
8172207626;Package;8172207626;;;;"Запчасти и аксессуары";;;;0;;;;;;new;;;;;;18.10_26;removed;;
8172206351;Package;8172206351;;;;"Запчасти и аксессуары";;;;0;;;;;;new;;;;;;18.10_26;removed;;
8172206169;Package;8172206169;;;;"Запчасти и аксессуары";;;;0;;;;;;new;;;;;;18.10_26;removed;;
8172203233;Package;8172203233;;;;"Запчасти и аксессуары";;;;0;;;;;;new;;;;;;18.10_26;removed;;
8172199007;Package;8172199007;;;;"Запчасти и аксессуары";;;;0;;;;;;new;;;;;;18.10_26;removed;;
8172197406;Package;8172197406;;;;"Запчасти и аксессуары";;;;0;;;;;;new;;;;;;18.10_26;removed;;
8172196087;Package;8172196087;;;;"Запчасти и аксессуары";;;;0;;;;;;new;;;;;;18.10_26;removed;;
8172195866;Package;8172195866;;;;"Запчасти и аксессуары";;;;0;;;;;;new;;;;;;18.10_26;removed;;
8172192368;Package;8172192368;;;;"Запчасти и аксессуары";;;;0;;;;;;new;;;;;;18.10_26;removed;;
8172190613;Package;8172190613;;;;"Запчасти и аксессуары";;;;0;;;;;;new;;;;;;18.10_26;removed;;
8172188830;Package;8172188830;;;;"Запчасти и аксессуары";;;;0;;;;;;new;;;;;;18.10_26;removed;;
8172188417;Package;8172188417;;;;"Запчасти и аксессуары";;;;0;;;;;;new;;;;;;18.10_26;removed;;
8172185078;Package;8172185078;;;;"Запчасти и аксессуары";;;;0;;;;;;new;;;;;;18.10_26;removed;;
8172178007;Package;8172178007;;;;"Запчасти и аксессуары";;;;0;;;;;;new;;;;;;18.10_26;removed;;
8172175621;Package;8172175621;;;;"Запчасти и аксессуары";;;;0;;;;;;new;;;;;;18.10_26;removed;;
8172173319;Package;8172173319;;;;"Запчасти и аксессуары";;;;0;;;;;;new;;;;;;18.10_26;removed;;
8172172628;Package;8172172628;;;;"Запчасти и аксессуары";;;;0;;;;;;new;;;;;;18.10_26;removed;;
8172171854;Package;8172171854;;;;"Запчасти и аксессуары";;;;0;;;;;;new;;;;;;18.10_26;removed;;
8172169843;Package;8172169843;;;;"Запчасти и аксессуары";;;;0;;;;;;new;;;;;;18.10_26;removed;;
8172166991;Package;8172166991;;;;"Запчасти и аксессуары";;;;0;;;;;;new;;;;;;18.10_26;removed;;
8172164059;Package;8172164059;;;;"Запчасти и аксессуары";;;;0;;;;;;new;;;;;;18.10_26;removed;;
8172161714;Package;8172161714;;;;"Запчасти и аксессуары";;;;0;;;;;;new;;;;;;18.10_26;removed;;
8172161486;Package;8172161486;;;;"Запчасти и аксессуары";;;;0;;;;;;new;;;;;;18.10_26;removed;;
8172161311;Package;8172161311;;;;"Запчасти и аксессуары";;;;0;;;;;;new;;;;;;18.10_26;removed;;
8172160624;Package;8172160624;;;;"Запчасти и аксессуары";;;;0;;;;;;new;;;;;;18.10_26;removed;;
8172158009;Package;8172158009;;;;"Запчасти и аксессуары";;;;0;;;;;;new;;;;;;18.10_26;removed;;
8172155043;Package;8172155043;;;;"Запчасти и аксессуары";;;;0;;;;;;new;;;;;;18.10_26;removed;;
8172149346;Package;8172149346;;;;"Запчасти и аксессуары";;;;0;;;;;;new;;;;;;18.10_26;removed;;
8172147782;Package;8172147782;;;;"Запчасти и аксессуары";;;;0;;;;;;new;;;;;;18.10_26;removed;;
8172147192;Package;8172147192;;;;"Запчасти и аксессуары";;;;0;;;;;;new;;;;;;18.10_26;removed;;
8172144725;Package;8172144725;;;;"Запчасти и аксессуары";;;;0;;;;;;new;;;;;;18.10_26;removed;;
8172143969;Package;8172143969;;;;"Запчасти и аксессуары";;;;0;;;;;;new;;;;;;18.10_26;removed;;
8172143236;Package;8172143236;;;;"Запчасти и аксессуары";;;;0;;;;;;new;;;;;;18.10_26;removed;;
8172138085;Package;8172138085;;;;"Запчасти и аксессуары";;;;0;;;;;;new;;;;;;18.10_26;removed;;
8172137658;Package;8172137658;;;;"Запчасти и аксессуары";;;;0;;;;;;new;;;;;;18.10_26;removed;;
8172136339;Package;8172136339;;;;"Запчасти и аксессуары";;;;0;;;;;;new;;;;;;18.10_26;removed;;
8172135998;Package;8172135998;;;;"Запчасти и аксессуары";;;;0;;;;;;new;;;;;;18.10_26;removed;;
8172135338;Package;8172135338;;;;"Запчасти и аксессуары";;;;0;;;;;;new;;;;;;18.10_26;removed;;
8172134717;Package;8172134717;;;;"Запчасти и аксессуары";;;;0;;;;;;new;;;;;;18.10_26;removed;;
8172127810;Package;8172127810;;;;"Запчасти и аксессуары";;;;0;;;;;;new;;;;;;18.10_26;removed;;
8172127508;Package;8172127508;;;;"Запчасти и аксессуары";;;;0;;;;;;new;;;;;;18.10_26;removed;;
8172126062;Package;8172126062;;;;"Запчасти и аксессуары";;;;0;;;;;;new;;;;;;18.10_26;removed;;
8172125569;Package;8172125569;;;;"Запчасти и аксессуары";;;;0;;;;;;new;;;;;;18.10_26;removed;;
8172125218;Package;8172125218;;;;"Запчасти и аксессуары";;;;0;;;;;;new;;;;;;18.10_26;removed;;
8172124761;Package;8172124761;;;;"Запчасти и аксессуары";;;;0;;;;;;new;;;;;;18.10_26;removed;;
8172124570;Package;8172124570;;;;"Запчасти и аксессуары";;;;0;;;;;;new;;;;;;18.10_26;removed;;
8172123761;Package;8172123761;;;;"Запчасти и аксессуары";;;;0;;;;;;new;;;;;;18.10_26;removed;;
8172123219;Package;8172123219;;;;"Запчасти и аксессуары";;;;0;;;;;;new;;;;;;18.10_26;removed;;
8172121055;Package;8172121055;;;;"Запчасти и аксессуары";;;;0;;;;;;new;;;;;;18.10_26;removed;;
8172117118;Package;8172117118;;;;"Запчасти и аксессуары";;;;0;;;;;;new;;;;;;18.10_26;removed;;
8172114747;Package;8172114747;;;;"Запчасти и аксессуары";;;;0;;;;;;new;;;;;;18.10_26;removed;;
8172112833;Package;8172112833;;;;"Запчасти и аксессуары";;;;0;;;;;;new;;;;;;18.10_26;removed;;
8172109495;Package;8172109495;;;;"Запчасти и аксессуары";;;;0;;;;;;new;;;;;;18.10_26;removed;;
8172107240;Package;8172107240;;;;"Запчасти и аксессуары";;;;0;;;;;;new;;;;;;18.10_26;removed;;
8172107106;Package;8172107106;;;;"Запчасти и аксессуары";;;;0;;;;;;new;;;;;;18.10_26;removed;;
8172106091;Package;8172106091;;;;"Запчасти и аксессуары";;;;0;;;;;;new;;;;;;18.10_26;removed;;
8172105462;Package;8172105462;;;;"Запчасти и аксессуары";;;;0;;;;;;new;;;;;;18.10_26;removed;;
8172104889;Package;8172104889;;;;"Запчасти и аксессуары";;;;0;;;;;;new;;;;;;18.10_26;removed;;
8172099270;Package;8172099270;;;;"Запчасти и аксессуары";;;;0;;;;;;new;;;;;;18.10_26;removed;;
8172099090;Package;8172099090;;;;"Запчасти и аксессуары";;;;0;;;;;;new;;;;;;18.10_26;removed;;
8172098539;Package;8172098539;;;;"Запчасти и аксессуары";;;;0;;;;;;new;;;;;;18.10_26;removed;;
8172098178;Package;8172098178;;;;"Запчасти и аксессуары";;;;0;;;;;;new;;;;;;18.10_26;removed;;
8172097917;Package;8172097917;;;;"Запчасти и аксессуары";;;;0;;;;;;new;;;;;;18.10_26;removed;;
8172097127;Package;8172097127;;;;"Запчасти и аксессуары";;;;0;;;;;;new;;;;;;18.10_26;removed;;
8172096558;Package;8172096558;;;;"Запчасти и аксессуары";;;;0;;;;;;new;;;;;;18.10_26;removed;;
8172096226;Package;8172096226;;;;"Запчасти и аксессуары";;;;0;;;;;;new;;;;;;18.10_26;removed;;
8172095670;Package;8172095670;;;;"Запчасти и аксессуары";;;;0;;;;;;new;;;;;;18.10_26;removed;;
8172095089;Package;8172095089;;;;"Запчасти и аксессуары";;;;0;;;;;;new;;;;;;18.10_26;removed;;
8172094784;Package;8172094784;;;;"Запчасти и аксессуары";;;;0;;;;;;new;;;;;;18.10_26;removed;;
8172093752;Package;8172093752;;;;"Запчасти и аксессуары";;;;0;;;;;;new;;;;;;18.10_26;removed;;
8172093066;Package;8172093066;;;;"Запчасти и аксессуары";;;;0;;;;;;new;;;;;;18.10_26;removed;;
8172091134;Package;8172091134;;;;"Запчасти и аксессуары";;;;0;;;;;;new;;;;;;18.10_26;removed;;
8172090789;Package;8172090789;;;;"Запчасти и аксессуары";;;;0;;;;;;new;;;;;;18.10_26;removed;;
8172089042;Package;8172089042;;;;"Запчасти и аксессуары";;;;0;;;;;;new;;;;;;18.10_26;removed;;
8172087848;Package;8172087848;;;;"Запчасти и аксессуары";;;;0;;;;;;new;;;;;;18.10_26;removed;;
8172087513;Package;8172087513;;;;"Запчасти и аксессуары";;;;0;;;;;;new;;;;;;18.10_26;removed;;
8172083234;Package;8172083234;;;;"Запчасти и аксессуары";;;;0;;;;;;new;;;;;;18.10_26;removed;;
8172082936;Package;8172082936;;;;"Запчасти и аксессуары";;;;0;;;;;;new;;;;;;18.10_26;removed;;
8172079369;Package;8172079369;;;;"Запчасти и аксессуары";;;;0;;;;;;new;;;;;;18.10_26;removed;;
8172079125;Package;8172079125;;;;"Запчасти и аксессуары";;;;0;;;;;;new;;;;;;18.10_26;removed;;
8172078813;Package;8172078813;;;;"Запчасти и аксессуары";;;;0;;;;;;new;;;;;;18.10_26;removed;;
8172077955;Package;8172077955;;;;"Запчасти и аксессуары";;;;0;;;;;;new;;;;;;18.10_26;removed;;
8172075106;Package;8172075106;;;;"Запчасти и аксессуары";;;;0;;;;;;new;;;;;;18.10_26;removed;;
8172071082;Package;8172071082;;;;"Запчасти и аксессуары";;;;0;;;;;;new;;;;;;18.10_26;removed;;
8172068037;Package;8172068037;;;;"Запчасти и аксессуары";;;;0;;;;;;new;;;;;;18.10_26;removed;;
8172062699;Package;8172062699;;;;"Запчасти и аксессуары";;;;0;;;;;;new;;;;;;18.10_26;removed;;
8172060084;Package;8172060084;;;;"Запчасти и аксессуары";;;;0;;;;;;new;;;;;;18.10_26;removed;;
8172059992;Package;8172059992;;;;"Запчасти и аксессуары";;;;0;;;;;;new;;;;;;18.10_26;removed;;
8172055833;Package;8172055833;;;;"Запчасти и аксессуары";;;;0;;;;;;new;;;;;;18.10_26;removed;;
8172054807;Package;8172054807;;;;"Запчасти и аксессуары";;;;0;;;;;;new;;;;;;18.10_26;removed;;
8172053962;Package;8172053962;;;;"Запчасти и аксессуары";;;;0;;;;;;new;;;;;;18.10_26;removed;;
8172053203;Package;8172053203;;;;"Запчасти и аксессуары";;;;0;;;;;;new;;;;;;18.10_26;removed;;
8172049853;Package;8172049853;;;;"Запчасти и аксессуары";;;;0;;;;;;new;;;;;;18.10_26;removed;;
8172049739;Package;8172049739;;;;"Запчасти и аксессуары";;;;0;;;;;;new;;;;;;18.10_26;removed;;
8172047579;Package;8172047579;;;;"Запчасти и аксессуары";;;;0;;;;;;new;;;;;;18.10_26;removed;;
8172046997;Package;8172046997;;;;"Запчасти и аксессуары";;;;0;;;;;;new;;;;;;18.10_26;removed;;
8172046544;Package;8172046544;;;;"Запчасти и аксессуары";;;;0;;;;;;new;;;;;;18.10_26;removed;;
8172044922;Package;8172044922;;;;"Запчасти и аксессуары";;;;0;;;;;;new;;;;;;18.10_26;removed;;
8172043246;Package;8172043246;;;;"Запчасти и аксессуары";;;;0;;;;;;new;;;;;;18.10_26;removed;;
8172042937;Package;8172042937;;;;"Запчасти и аксессуары";;;;0;;;;;;new;;;;;;18.10_26;removed;;
8172040059;Package;8172040059;;;;"Запчасти и аксессуары";;;;0;;;;;;new;;;;;;18.10_26;removed;;
8172036524;Package;8172036524;;;;"Запчасти и аксессуары";;;;0;;;;;;new;;;;;;18.10_26;removed;;
8172034879;Package;8172034879;;;;"Запчасти и аксессуары";;;;0;;;;;;new;;;;;;18.10_26;removed;;
8172034850;Package;8172034850;;;;"Запчасти и аксессуары";;;;0;;;;;;new;;;;;;18.10_26;removed;;
8172030281;Package;8172030281;;;;"Запчасти и аксессуары";;;;0;;;;;;new;;;;;;18.10_26;removed;;
8172028873;Package;8172028873;;;;"Запчасти и аксессуары";;;;0;;;;;;new;;;;;;18.10_26;removed;;
8172028775;Package;8172028775;;;;"Запчасти и аксессуары";;;;0;;;;;;new;;;;;;18.10_26;removed;;
8172026524;Package;8172026524;;;;"Запчасти и аксессуары";;;;0;;;;;;new;;;;;;18.10_26;removed;;
8172025944;Package;8172025944;;;;"Запчасти и аксессуары";;;;0;;;;;;new;;;;;;18.10_26;removed;;
8172021140;Package;8172021140;;;;"Запчасти и аксессуары";;;;0;;;;;;new;;;;;;18.10_26;removed;;
8172020936;Package;8172020936;;;;"Запчасти и аксессуары";;;;0;;;;;;new;;;;;;18.10_26;removed;;
8172020780;Package;8172020780;;;;"Запчасти и аксессуары";;;;0;;;;;;new;;;;;;18.10_26;removed;;
8172019938;Package;8172019938;;;;"Запчасти и аксессуары";;;;0;;;;;;new;;;;;;18.10_26;removed;;
8172019525;Package;8172019525;;;;"Запчасти и аксессуары";;;;0;;;;;;new;;;;;;18.10_26;removed;;
8172015679;Package;8172015679;;;;"Запчасти и аксессуары";;;;0;;;;;;new;;;;;;18.10_26;removed;;
8172014489;Package;8172014489;;;;"Запчасти и аксессуары";;;;0;;;;;;new;;;;;;18.10_26;removed;;
8172010575;Package;8172010575;;;;"Запчасти и аксессуары";;;;0;;;;;;new;;;;;;18.10_26;removed;;
8172006881;Package;8172006881;;;;"Запчасти и аксессуары";;;;0;;;;;;new;;;;;;18.10_26;removed;;
8172002718;Package;8172002718;;;;"Запчасти и аксессуары";;;;0;;;;;;new;;;;;;18.10_26;removed;;
8172001718;Package;8172001718;;;;"Запчасти и аксессуары";;;;0;;;;;;new;;;;;;18.10_26;removed;;
8172001535;Package;8172001535;;;;"Запчасти и аксессуары";;;;0;;;;;;new;;;;;;18.10_26;removed;;
8171999754;Package;8171999754;;;;"Запчасти и аксессуары";;;;0;;;;;;new;;;;;;18.10_26;removed;;
8171997036;Package;8171997036;;;;"Запчасти и аксессуары";;;;0;;;;;;new;;;;;;18.10_26;removed;;
8171996423;Package;8171996423;;;;"Запчасти и аксессуары";;;;0;;;;;;new;;;;;;18.10_26;removed;;
8171996277;Package;8171996277;;;;"Запчасти и аксессуары";;;;0;;;;;;new;;;;;;18.10_26;removed;;
8171994290;Package;8171994290;;;;"Запчасти и аксессуары";;;;0;;;;;;new;;;;;;18.10_26;removed;;
8171991508;Package;8171991508;;;;"Запчасти и аксессуары";;;;0;;;;;;new;;;;;;18.10_26;removed;;
8171989724;Package;8171989724;;;;"Запчасти и аксессуары";;;;0;;;;;;new;;;;;;18.10_26;removed;;
8171986255;Package;8171986255;;;;"Запчасти и аксессуары";;;;0;;;;;;new;;;;;;18.10_26;removed;;
8171984857;Package;8171984857;;;;"Запчасти и аксессуары";;;;0;;;;;;new;;;;;;18.10_26;removed;;
8171984650;Package;8171984650;;;;"Запчасти и аксессуары";;;;0;;;;;;new;;;;;;18.10_26;removed;;
8171982427;Package;8171982427;;;;"Запчасти и аксессуары";;;;0;;;;;;new;;;;;;18.10_26;removed;;
8171982360;Package;8171982360;;;;"Запчасти и аксессуары";;;;0;;;;;;new;;;;;;18.10_26;removed;;
8171980759;Package;8171980759;;;;"Запчасти и аксессуары";;;;0;;;;;;new;;;;;;18.10_26;removed;;
8171976026;Package;8171976026;;;;"Запчасти и аксессуары";;;;0;;;;;;new;;;;;;18.10_26;removed;;
8171973869;Package;8171973869;;;;"Запчасти и аксессуары";;;;0;;;;;;new;;;;;;18.10_26;removed;;
8171973812;Package;8171973812;;;;"Запчасти и аксессуары";;;;0;;;;;;new;;;;;;18.10_26;removed;;
8171972030;Package;8171972030;;;;"Запчасти и аксессуары";;;;0;;;;;;new;;;;;;18.10_26;removed;;
8171969649;Package;8171969649;;;;"Запчасти и аксессуары";;;;0;;;;;;new;;;;;;18.10_26;removed;;
8171967463;Package;8171967463;;;;"Запчасти и аксессуары";;;;0;;;;;;new;;;;;;18.10_26;removed;;
8171965840;Package;8171965840;;;;"Запчасти и аксессуары";;;;0;;;;;;new;;;;;;18.10_26;removed;;
8171965820;Package;8171965820;;;;"Запчасти и аксессуары";;;;0;;;;;;new;;;;;;18.10_26;removed;;
8171964703;Package;8171964703;;;;"Запчасти и аксессуары";;;;0;;;;;;new;;;;;;18.10_26;removed;;
8171964694;Package;8171964694;;;;"Запчасти и аксессуары";;;;0;;;;;;new;;;;;;18.10_26;removed;;
8171959571;Package;8171959571;;;;"Запчасти и аксессуары";;;;0;;;;;;new;;;;;;18.10_26;removed;;
8171959289;Package;8171959289;;;;"Запчасти и аксессуары";;;;0;;;;;;new;;;;;;18.10_26;removed;;
8171956051;Package;8171956051;;;;"Запчасти и аксессуары";;;;0;;;;;;new;;;;;;18.10_26;removed;;
8171954151;Package;8171954151;;;;"Запчасти и аксессуары";;;;0;;;;;;new;;;;;;18.10_26;removed;;
8171953619;Package;8171953619;;;;"Запчасти и аксессуары";;;;0;;;;;;new;;;;;;18.10_26;removed;;
8171948147;Package;8171948147;;;;"Запчасти и аксессуары";;;;0;;;;;;new;;;;;;18.10_26;removed;;
8171947221;Package;8171947221;;;;"Запчасти и аксессуары";;;;0;;;;;;new;;;;;;18.10_26;removed;;
8171944642;Package;8171944642;;;;"Запчасти и аксессуары";;;;0;;;;;;new;;;;;;18.10_26;removed;;
8171943702;Package;8171943702;;;;"Запчасти и аксессуары";;;;0;;;;;;new;;;;;;18.10_26;removed;;
8171943377;Package;8171943377;;;;"Запчасти и аксессуары";;;;0;;;;;;new;;;;;;18.10_26;removed;;
8171933708;Package;8171933708;;;;"Запчасти и аксессуары";;;;0;;;;;;new;;;;;;18.10_26;removed;;
8171931878;Package;8171931878;;;;"Запчасти и аксессуары";;;;0;;;;;;new;;;;;;18.10_26;removed;;
8171931554;Package;8171931554;;;;"Запчасти и аксессуары";;;;0;;;;;;new;;;;;;18.10_26;removed;;
8171929428;Package;8171929428;;;;"Запчасти и аксессуары";;;;0;;;;;;new;;;;;;18.10_26;removed;;
8171925391;Package;8171925391;;;;"Запчасти и аксессуары";;;;0;;;;;;new;;;;;;18.10_26;removed;;
8171924428;Package;8171924428;;;;"Запчасти и аксессуары";;;;0;;;;;;new;;;;;;18.10_26;removed;;
8171923977;Package;8171923977;;;;"Запчасти и аксессуары";;;;0;;;;;;new;;;;;;18.10_26;removed;;
8171922932;Package;8171922932;;;;"Запчасти и аксессуары";;;;0;;;;;;new;;;;;;18.10_26;removed;;
8171922754;Package;8171922754;;;;"Запчасти и аксессуары";;;;0;;;;;;new;;;;;;18.10_26;removed;;
8171920983;Package;8171920983;;;;"Запчасти и аксессуары";;;;0;;;;;;new;;;;;;18.10_26;removed;;
8171918775;Package;8171918775;;;;"Запчасти и аксессуары";;;;0;;;;;;new;;;;;;18.10_26;removed;;
8171915764;Package;8171915764;;;;"Запчасти и аксессуары";;;;0;;;;;;new;;;;;;18.10_26;removed;;
8171912508;Package;8171912508;;;;"Запчасти и аксессуары";;;;0;;;;;;new;;;;;;18.10_26;removed;;
8171912321;Package;8171912321;;;;"Запчасти и аксессуары";;;;0;;;;;;new;;;;;;18.10_26;removed;;
8171910964;Package;8171910964;;;;"Запчасти и аксессуары";;;;0;;;;;;new;;;;;;18.10_26;removed;;
8171909947;Package;8171909947;;;;"Запчасти и аксессуары";;;;0;;;;;;new;;;;;;18.10_26;removed;;
8171908698;Package;8171908698;;;;"Запчасти и аксессуары";;;;0;;;;;;new;;;;;;18.10_26;removed;;
8171908389;Package;8171908389;;;;"Запчасти и аксессуары";;;;0;;;;;;new;;;;;;18.10_26;removed;;
8171907451;Package;8171907451;;;;"Запчасти и аксессуары";;;;0;;;;;;new;;;;;;18.10_26;removed;;
8171901956;Package;8171901956;;;;"Запчасти и аксессуары";;;;0;;;;;;new;;;;;;18.10_26;removed;;
8171895990;Package;8171895990;;;;"Запчасти и аксессуары";;;;0;;;;;;new;;;;;;18.10_26;removed;;
8171895075;Package;8171895075;;;;"Запчасти и аксессуары";;;;0;;;;;;new;;;;;;18.10_26;removed;;
8171894216;Package;8171894216;;;;"Запчасти и аксессуары";;;;0;;;;;;new;;;;;;18.10_26;removed;;
8171893939;Package;8171893939;;;;"Запчасти и аксессуары";;;;0;;;;;;new;;;;;;18.10_26;removed;;
8171893569;Package;8171893569;;;;"Запчасти и аксессуары";;;;0;;;;;;new;;;;;;18.10_26;removed;;
8171892591;Package;8171892591;;;;"Запчасти и аксессуары";;;;0;;;;;;new;;;;;;18.10_26;removed;;
8171890119;Package;8171890119;;;;"Запчасти и аксессуары";;;;0;;;;;;new;;;;;;18.10_26;removed;;
8171890043;Package;8171890043;;;;"Запчасти и аксессуары";;;;0;;;;;;new;;;;;;18.10_26;removed;;
8171889823;Package;8171889823;;;;"Запчасти и аксессуары";;;;0;;;;;;new;;;;;;18.10_26;removed;;
8171889606;Package;8171889606;;;;"Запчасти и аксессуары";;;;0;;;;;;new;;;;;;18.10_26;removed;;
8171889332;Package;8171889332;;;;"Запчасти и аксессуары";;;;0;;;;;;new;;;;;;18.10_26;removed;;
8171889144;Package;8171889144;;;;"Запчасти и аксессуары";;;;0;;;;;;new;;;;;;18.10_26;removed;;
8171888915;Package;8171888915;;;;"Запчасти и аксессуары";;;;0;;;;;;new;;;;;;18.10_26;removed;;
8171888284;Package;8171888284;;;;"Запчасти и аксессуары";;;;0;;;;;;new;;;;;;18.10_26;removed;;
8171888117;Package;8171888117;;;;"Запчасти и аксессуары";;;;0;;;;;;new;;;;;;18.10_26;removed;;
8171887820;Package;8171887820;;;;"Запчасти и аксессуары";;;;0;;;;;;new;;;;;;18.10_26;removed;;
8171887400;Package;8171887400;;;;"Запчасти и аксессуары";;;;0;;;;;;new;;;;;;18.10_26;removed;;
8171884394;Package;8171884394;;;;"Запчасти и аксессуары";;;;0;;;;;;new;;;;;;18.10_26;removed;;
8171882256;Package;8171882256;;;;"Запчасти и аксессуары";;;;0;;;;;;new;;;;;;18.10_26;removed;;
8140882919;Package;8140882919;;;;"Запчасти и аксессуары";;;;0;;;;;;new;;;;;;18.10_26;removed;;
8140882446;Package;8140882446;;;;"Запчасти и аксессуары";;;;0;;;;;;new;;;;;;18.10_26;removed;;
8140881904;Package;8140881904;;;;"Запчасти и аксессуары";;;;0;;;;;;new;;;;;;18.10_26;removed;;
8140881454;Package;8140881454;;;;"Запчасти и аксессуары";;;;0;;;;;;new;;;;;;18.10_26;removed;;
8140879633;Package;8140879633;;;;"Запчасти и аксессуары";;;;0;;;;;;new;;;;;;18.10_26;removed;;
8140878179;Package;8140878179;;;;"Запчасти и аксессуары";;;;0;;;;;;new;;;;;;18.10_26;removed;;
8140878048;Package;8140878048;;;;"Запчасти и аксессуары";;;;0;;;;;;new;;;;;;18.10_26;removed;;
8140876916;Package;8140876916;;;;"Запчасти и аксессуары";;;;0;;;;;;new;;;;;;18.10_26;removed;;
8140876873;Package;8140876873;;;;"Запчасти и аксессуары";;;;0;;;;;;new;;;;;;18.10_26;removed;;
8140876230;Package;8140876230;;;;"Запчасти и аксессуары";;;;0;;;;;;new;;;;;;18.10_26;removed;;
8140876053;Package;8140876053;;;;"Запчасти и аксессуары";;;;0;;;;;;new;;;;;;18.10_26;removed;;
8140875735;Package;8140875735;;;;"Запчасти и аксессуары";;;;0;;;;;;new;;;;;;18.10_26;removed;;
8140875692;Package;8140875692;;;;"Запчасти и аксессуары";;;;0;;;;;;new;;;;;;18.10_26;removed;;
8140874560;Package;8140874560;;;;"Запчасти и аксессуары";;;;0;;;;;;new;;;;;;18.10_26;removed;;
8140872717;Package;8140872717;;;;"Запчасти и аксессуары";;;;0;;;;;;new;;;;;;18.10_26;removed;;
8140870164;Package;8140870164;;;;"Запчасти и аксессуары";;;;0;;;;;;new;;;;;;18.10_26;removed;;
8140870107;Package;8140870107;;;;"Запчасти и аксессуары";;;;0;;;;;;new;;;;;;18.10_26;removed;;
8140869055;Package;8140869055;;;;"Запчасти и аксессуары";;;;0;;;;;;new;;;;;;18.10_26;removed;;
8140868392;Package;8140868392;;;;"Запчасти и аксессуары";;;;0;;;;;;new;;;;;;18.10_26;removed;;
8140868362;Package;8140868362;;;;"Запчасти и аксессуары";;;;0;;;;;;new;;;;;;18.10_26;removed;;
8140868297;Package;8140868297;;;;"Запчасти и аксессуары";;;;0;;;;;;new;;;;;;18.10_26;removed;;
8140867889;Package;8140867889;;;;"Запчасти и аксессуары";;;;0;;;;;;new;;;;;;18.10_26;removed;;
8140867650;Package;8140867650;;;;"Запчасти и аксессуары";;;;0;;;;;;new;;;;;;18.10_26;removed;;
8140867506;Package;8140867506;;;;"Запчасти и аксессуары";;;;0;;;;;;new;;;;;;18.10_26;removed;;
8140867405;Package;8140867405;;;;"Запчасти и аксессуары";;;;0;;;;;;new;;;;;;18.10_26;removed;;
8140866121;Package;8140866121;;;;"Запчасти и аксессуары";;;;0;;;;;;new;;;;;;18.10_26;removed;;
8140865235;Package;8140865235;;;;"Запчасти и аксессуары";;;;0;;;;;;new;;;;;;18.10_26;removed;;
8140865209;Package;8140865209;;;;"Запчасти и аксессуары";;;;0;;;;;;new;;;;;;18.10_26;removed;;
8140864914;Package;8140864914;;;;"Запчасти и аксессуары";;;;0;;;;;;new;;;;;;18.10_26;removed;;
8140861211;Package;8140861211;;;;"Запчасти и аксессуары";;;;0;;;;;;new;;;;;;18.10_26;removed;;
8140860535;Package;8140860535;;;;"Запчасти и аксессуары";;;;0;;;;;;new;;;;;;18.10_26;removed;;
8140859968;Package;8140859968;;;;"Запчасти и аксессуары";;;;0;;;;;;new;;;;;;18.10_26;removed;;
8140859494;Package;8140859494;;;;"Запчасти и аксессуары";;;;0;;;;;;new;;;;;;18.10_26;removed;;
8140858570;Package;8140858570;;;;"Запчасти и аксессуары";;;;0;;;;;;new;;;;;;18.10_26;removed;;
8140858244;Package;8140858244;;;;"Запчасти и аксессуары";;;;0;;;;;;new;;;;;;18.10_26;removed;;
8140857307;Package;8140857307;;;;"Запчасти и аксессуары";;;;0;;;;;;new;;;;;;18.10_26;removed;;
8140857085;Package;8140857085;;;;"Запчасти и аксессуары";;;;0;;;;;;new;;;;;;18.10_26;removed;;
8140855611;Package;8140855611;;;;"Запчасти и аксессуары";;;;0;;;;;;new;;;;;;18.10_26;removed;;
8140855525;Package;8140855525;;;;"Запчасти и аксессуары";;;;0;;;;;;new;;;;;;18.10_26;removed;;
8140854519;Package;8140854519;;;;"Запчасти и аксессуары";;;;0;;;;;;new;;;;;;18.10_26;removed;;
8140854079;Package;8140854079;;;;"Запчасти и аксессуары";;;;0;;;;;;new;;;;;;18.10_26;removed;;
8140853578;Package;8140853578;;;;"Запчасти и аксессуары";;;;0;;;;;;new;;;;;;18.10_26;removed;;
8140850543;Package;8140850543;;;;"Запчасти и аксессуары";;;;0;;;;;;new;;;;;;18.10_26;removed;;
8140850452;Package;8140850452;;;;"Запчасти и аксессуары";;;;0;;;;;;new;;;;;;18.10_26;removed;;
8140848898;Package;8140848898;;;;"Запчасти и аксессуары";;;;0;;;;;;new;;;;;;18.10_26;removed;;
8140848812;Package;8140848812;;;;"Запчасти и аксессуары";;;;0;;;;;;new;;;;;;18.10_26;removed;;
8140848160;Package;8140848160;;;;"Запчасти и аксессуары";;;;0;;;;;;new;;;;;;18.10_26;removed;;
8140848101;Package;8140848101;;;;"Запчасти и аксессуары";;;;0;;;;;;new;;;;;;18.10_26;removed;;
8140848009;Package;8140848009;;;;"Запчасти и аксессуары";;;;0;;;;;;new;;;;;;18.10_26;removed;;
8140846876;Package;8140846876;;;;"Запчасти и аксессуары";;;;0;;;;;;new;;;;;;18.10_26;removed;;
8140846082;Package;8140846082;;;;"Запчасти и аксессуары";;;;0;;;;;;new;;;;;;18.10_26;removed;;
8140845859;Package;8140845859;;;;"Запчасти и аксессуары";;;;0;;;;;;new;;;;;;18.10_26;removed;;
8140844982;Package;8140844982;;;;"Запчасти и аксессуары";;;;0;;;;;;new;;;;;;18.10_26;removed;;
8140844779;Package;8140844779;;;;"Запчасти и аксессуары";;;;0;;;;;;new;;;;;;18.10_26;removed;;
8140844456;Package;8140844456;;;;"Запчасти и аксессуары";;;;0;;;;;;new;;;;;;18.10_26;removed;;
8140843861;Package;8140843861;;;;"Запчасти и аксессуары";;;;0;;;;;;new;;;;;;18.10_26;removed;;
8140842579;Package;8140842579;;;;"Запчасти и аксессуары";;;;0;;;;;;new;;;;;;18.10_26;removed;;
8140840830;Package;8140840830;;;;"Запчасти и аксессуары";;;;0;;;;;;new;;;;;;18.10_26;removed;;
8140838119;Package;8140838119;;;;"Запчасти и аксессуары";;;;0;;;;;;new;;;;;;18.10_26;removed;;
8140838049;Package;8140838049;;;;"Запчасти и аксессуары";;;;0;;;;;;new;;;;;;18.10_26;removed;;
8140834141;Package;8140834141;;;;"Запчасти и аксессуары";;;;0;;;;;;new;;;;;;18.10_26;removed;;
8140833437;Package;8140833437;;;;"Запчасти и аксессуары";;;;0;;;;;;new;;;;;;18.10_26;removed;;
8140832836;Package;8140832836;;;;"Запчасти и аксессуары";;;;0;;;;;;new;;;;;;18.10_26;removed;;
8140832807;Package;8140832807;;;;"Запчасти и аксессуары";;;;0;;;;;;new;;;;;;18.10_26;removed;;
8140832481;Package;8140832481;;;;"Запчасти и аксессуары";;;;0;;;;;;new;;;;;;18.10_26;removed;;
8140832175;Package;8140832175;;;;"Запчасти и аксессуары";;;;0;;;;;;new;;;;;;18.10_26;removed;;
8140831530;Package;8140831530;;;;"Запчасти и аксессуары";;;;0;;;;;;new;;;;;;18.10_26;removed;;
8140830320;Package;8140830320;;;;"Запчасти и аксессуары";;;;0;;;;;;new;;;;;;18.10_26;removed;;
8140829924;Package;8140829924;;;;"Запчасти и аксессуары";;;;0;;;;;;new;;;;;;18.10_26;removed;;
8140829465;Package;8140829465;;;;"Запчасти и аксессуары";;;;0;;;;;;new;;;;;;18.10_26;removed;;
8140828779;Package;8140828779;;;;"Запчасти и аксессуары";;;;0;;;;;;new;;;;;;18.10_26;removed;;
8140828114;Package;8140828114;;;;"Запчасти и аксессуары";;;;0;;;;;;new;;;;;;18.10_26;removed;;
8140826878;Package;8140826878;;;;"Запчасти и аксессуары";;;;0;;;;;;new;;;;;;18.10_26;removed;;
8140826143;Package;8140826143;;;;"Запчасти и аксессуары";;;;0;;;;;;new;;;;;;18.10_26;removed;;
8140825780;Package;8140825780;;;;"Запчасти и аксессуары";;;;0;;;;;;new;;;;;;18.10_26;removed;;
8140825099;Package;8140825099;;;;"Запчасти и аксессуары";;;;0;;;;;;new;;;;;;18.10_26;removed;;
8140823159;Package;8140823159;;;;"Запчасти и аксессуары";;;;0;;;;;;new;;;;;;18.10_26;removed;;
8140823154;Package;8140823154;;;;"Запчасти и аксессуары";;;;0;;;;;;new;;;;;;18.10_26;removed;;
8140822992;Package;8140822992;;;;"Запчасти и аксессуары";;;;0;;;;;;new;;;;;;18.10_26;removed;;
8140821991;Package;8140821991;;;;"Запчасти и аксессуары";;;;0;;;;;;new;;;;;;18.10_26;removed;;
8140820782;Package;8140820782;;;;"Запчасти и аксессуары";;;;0;;;;;;new;;;;;;18.10_26;removed;;
8140820597;Package;8140820597;;;;"Запчасти и аксессуары";;;;0;;;;;;new;;;;;;18.10_26;removed;;
8140820281;Package;8140820281;;;;"Запчасти и аксессуары";;;;0;;;;;;new;;;;;;18.10_26;removed;;
8140819802;Package;8140819802;;;;"Запчасти и аксессуары";;;;0;;;;;;new;;;;;;18.10_26;removed;;
8140817791;Package;8140817791;;;;"Запчасти и аксессуары";;;;0;;;;;;new;;;;;;18.10_26;removed;;
8140817670;Package;8140817670;;;;"Запчасти и аксессуары";;;;0;;;;;;new;;;;;;18.10_26;removed;;
8140816332;Package;8140816332;;;;"Запчасти и аксессуары";;;;0;;;;;;new;;;;;;18.10_26;removed;;
8140815623;Package;8140815623;;;;"Запчасти и аксессуары";;;;0;;;;;;new;;;;;;18.10_26;removed;;
8140813966;Package;8140813966;;;;"Запчасти и аксессуары";;;;0;;;;;;new;;;;;;18.10_26;removed;;
8140813349;Package;8140813349;;;;"Запчасти и аксессуары";;;;0;;;;;;new;;;;;;18.10_26;removed;;
8140812572;Package;8140812572;;;;"Запчасти и аксессуары";;;;0;;;;;;new;;;;;;18.10_26;removed;;
8140812188;Package;8140812188;;;;"Запчасти и аксессуары";;;;0;;;;;;new;;;;;;18.10_26;removed;;
8140812166;Package;8140812166;;;;"Запчасти и аксессуары";;;;0;;;;;;new;;;;;;18.10_26;removed;;
8140811981;Package;8140811981;;;;"Запчасти и аксессуары";;;;0;;;;;;new;;;;;;18.10_26;removed;;
8140810612;Package;8140810612;;;;"Запчасти и аксессуары";;;;0;;;;;;new;;;;;;18.10_26;removed;;
8140810482;Package;8140810482;;;;"Запчасти и аксессуары";;;;0;;;;;;new;;;;;;18.10_26;removed;;
8140810242;Package;8140810242;;;;"Запчасти и аксессуары";;;;0;;;;;;new;;;;;;18.10_26;removed;;
8140809092;Package;8140809092;;;;"Запчасти и аксессуары";;;;0;;;;;;new;;;;;;18.10_26;removed;;
8140808925;Package;8140808925;;;;"Запчасти и аксессуары";;;;0;;;;;;new;;;;;;18.10_26;removed;;
8140808662;Package;8140808662;;;;"Запчасти и аксессуары";;;;0;;;;;;new;;;;;;18.10_26;removed;;
8140808591;Package;8140808591;;;;"Запчасти и аксессуары";;;;0;;;;;;new;;;;;;18.10_26;removed;;
8140806977;Package;8140806977;;;;"Запчасти и аксессуары";;;;0;;;;;;new;;;;;;18.10_26;removed;;
8140805398;Package;8140805398;;;;"Запчасти и аксессуары";;;;0;;;;;;new;;;;;;18.10_26;removed;;
8140804555;Package;8140804555;;;;"Запчасти и аксессуары";;;;0;;;;;;new;;;;;;18.10_26;removed;;
8140803346;Package;8140803346;;;;"Запчасти и аксессуары";;;;0;;;;;;new;;;;;;18.10_26;removed;;
8140802914;Package;8140802914;;;;"Запчасти и аксессуары";;;;0;;;;;;new;;;;;;18.10_26;removed;;
8140802704;Package;8140802704;;;;"Запчасти и аксессуары";;;;0;;;;;;new;;;;;;18.10_26;removed;;
8140801587;Package;8140801587;;;;"Запчасти и аксессуары";;;;0;;;;;;new;;;;;;18.10_26;removed;;
8140801575;Package;8140801575;;;;"Запчасти и аксессуары";;;;0;;;;;;new;;;;;;18.10_26;removed;;
8140801298;Package;8140801298;;;;"Запчасти и аксессуары";;;;0;;;;;;new;;;;;;18.10_26;removed;;
8140801244;Package;8140801244;;;;"Запчасти и аксессуары";;;;0;;;;;;new;;;;;;18.10_26;removed;;
8140801024;Package;8140801024;;;;"Запчасти и аксессуары";;;;0;;;;;;new;;;;;;18.10_26;removed;;
8140800501;Package;8140800501;;;;"Запчасти и аксессуары";;;;0;;;;;;new;;;;;;18.10_26;removed;;
8140800080;Package;8140800080;;;;"Запчасти и аксессуары";;;;0;;;;;;new;;;;;;18.10_26;removed;;
8140800017;Package;8140800017;;;;"Запчасти и аксессуары";;;;0;;;;;;new;;;;;;18.10_26;removed;;
8140799712;Package;8140799712;;;;"Запчасти и аксессуары";;;;0;;;;;;new;;;;;;18.10_26;removed;;
8140799605;Package;8140799605;;;;"Запчасти и аксессуары";;;;0;;;;;;new;;;;;;18.10_26;removed;;
8140798864;Package;8140798864;;;;"Запчасти и аксессуары";;;;0;;;;;;new;;;;;;18.10_26;removed;;
8140795417;Package;8140795417;;;;"Запчасти и аксессуары";;;;0;;;;;;new;;;;;;18.10_26;removed;;
8140795010;Package;8140795010;;;;"Запчасти и аксессуары";;;;0;;;;;;new;;;;;;18.10_26;removed;;
8140794119;Package;8140794119;;;;"Запчасти и аксессуары";;;;0;;;;;;new;;;;;;18.10_26;removed;;
8140793259;Package;8140793259;;;;"Запчасти и аксессуары";;;;0;;;;;;new;;;;;;18.10_26;removed;;
8140792454;Package;8140792454;;;;"Запчасти и аксессуары";;;;0;;;;;;new;;;;;;18.10_26;removed;;
8140790183;Package;8140790183;;;;"Запчасти и аксессуары";;;;0;;;;;;new;;;;;;18.10_26;removed;;
8140790001;Package;8140790001;;;;"Запчасти и аксессуары";;;;0;;;;;;new;;;;;;18.10_26;removed;;
8140789851;Package;8140789851;;;;"Запчасти и аксессуары";;;;0;;;;;;new;;;;;;18.10_26;removed;;
8140789493;Package;8140789493;;;;"Запчасти и аксессуары";;;;0;;;;;;new;;;;;;18.10_26;removed;;
8140788152;Package;8140788152;;;;"Запчасти и аксессуары";;;;0;;;;;;new;;;;;;18.10_26;removed;;
8140784851;Package;8140784851;;;;"Запчасти и аксессуары";;;;0;;;;;;new;;;;;;18.10_26;removed;;
8140783843;Package;8140783843;;;;"Запчасти и аксессуары";;;;0;;;;;;new;;;;;;18.10_26;removed;;
8140781092;Package;8140781092;;;;"Запчасти и аксессуары";;;;0;;;;;;new;;;;;;18.10_26;removed;;
8140780918;Package;8140780918;;;;"Запчасти и аксессуары";;;;0;;;;;;new;;;;;;18.10_26;removed;;
8140779105;Package;8140779105;;;;"Запчасти и аксессуары";;;;0;;;;;;new;;;;;;18.10_26;removed;;
8140778100;Package;8140778100;;;;"Запчасти и аксессуары";;;;0;;;;;;new;;;;;;18.10_26;removed;;
8140777035;Package;8140777035;;;;"Запчасти и аксессуары";;;;0;;;;;;new;;;;;;18.10_26;removed;;
8140776620;Package;8140776620;;;;"Запчасти и аксессуары";;;;0;;;;;;new;;;;;;18.10_26;removed;;
8140774747;Package;8140774747;;;;"Запчасти и аксессуары";;;;0;;;;;;new;;;;;;18.10_26;removed;;
8140774592;Package;8140774592;;;;"Запчасти и аксессуары";;;;0;;;;;;new;;;;;;18.10_26;removed;;
8140774224;Package;8140774224;;;;"Запчасти и аксессуары";;;;0;;;;;;new;;;;;;18.10_26;removed;;
8140772385;Package;8140772385;;;;"Запчасти и аксессуары";;;;0;;;;;;new;;;;;;18.10_26;removed;;
8140772212;Package;8140772212;;;;"Запчасти и аксессуары";;;;0;;;;;;new;;;;;;18.10_26;removed;;
8140771895;Package;8140771895;;;;"Запчасти и аксессуары";;;;0;;;;;;new;;;;;;18.10_26;removed;;
8140769173;Package;8140769173;;;;"Запчасти и аксессуары";;;;0;;;;;;new;;;;;;18.10_26;removed;;
8140768052;Package;8140768052;;;;"Запчасти и аксессуары";;;;0;;;;;;new;;;;;;18.10_26;removed;;
8140767800;Package;8140767800;;;;"Запчасти и аксессуары";;;;0;;;;;;new;;;;;;18.10_26;removed;;
8140767683;Package;8140767683;;;;"Запчасти и аксессуары";;;;0;;;;;;new;;;;;;18.10_26;removed;;
8140766634;Package;8140766634;;;;"Запчасти и аксессуары";;;;0;;;;;;new;;;;;;18.10_26;removed;;
8140764833;Package;8140764833;;;;"Запчасти и аксессуары";;;;0;;;;;;new;;;;;;18.10_26;removed;;
8140764749;Package;8140764749;;;;"Запчасти и аксессуары";;;;0;;;;;;new;;;;;;18.10_26;removed;;
8140763412;Package;8140763412;;;;"Запчасти и аксессуары";;;;0;;;;;;new;;;;;;18.10_26;removed;;
8140762977;Package;8140762977;;;;"Запчасти и аксессуары";;;;0;;;;;;new;;;;;;18.10_26;removed;;
8140761343;Package;8140761343;;;;"Запчасти и аксессуары";;;;0;;;;;;new;;;;;;18.10_26;removed;;
8140761125;Package;8140761125;;;;"Запчасти и аксессуары";;;;0;;;;;;new;;;;;;18.10_26;removed;;
8140761028;Package;8140761028;;;;"Запчасти и аксессуары";;;;0;;;;;;new;;;;;;18.10_26;removed;;
8140760546;Package;8140760546;;;;"Запчасти и аксессуары";;;;0;;;;;;new;;;;;;18.10_26;removed;;
8140759432;Package;8140759432;;;;"Запчасти и аксессуары";;;;0;;;;;;new;;;;;;18.10_26;removed;;
8140755376;Package;8140755376;;;;"Запчасти и аксессуары";;;;0;;;;;;new;;;;;;18.10_26;removed;;
8140754952;Package;8140754952;;;;"Запчасти и аксессуары";;;;0;;;;;;new;;;;;;18.10_26;removed;;
8140754438;Package;8140754438;;;;"Запчасти и аксессуары";;;;0;;;;;;new;;;;;;18.10_26;removed;;
8140754071;Package;8140754071;;;;"Запчасти и аксессуары";;;;0;;;;;;new;;;;;;18.10_26;removed;;
8140753684;Package;8140753684;;;;"Запчасти и аксессуары";;;;0;;;;;;new;;;;;;18.10_26;removed;;
8140753234;Package;8140753234;;;;"Запчасти и аксессуары";;;;0;;;;;;new;;;;;;18.10_26;removed;;
8140752432;Package;8140752432;;;;"Запчасти и аксессуары";;;;0;;;;;;new;;;;;;18.10_26;removed;;
8140749636;Package;8140749636;;;;"Запчасти и аксессуары";;;;0;;;;;;new;;;;;;18.10_26;removed;;
8140747540;Package;8140747540;;;;"Запчасти и аксессуары";;;;0;;;;;;new;;;;;;18.10_26;removed;;
8140747135;Package;8140747135;;;;"Запчасти и аксессуары";;;;0;;;;;;new;;;;;;18.10_26;removed;;
8140746286;Package;8140746286;;;;"Запчасти и аксессуары";;;;0;;;;;;new;;;;;;18.10_26;removed;;
8140746061;Package;8140746061;;;;"Запчасти и аксессуары";;;;0;;;;;;new;;;;;;18.10_26;removed;;
8140745570;Package;8140745570;;;;"Запчасти и аксессуары";;;;0;;;;;;new;;;;;;18.10_26;removed;;
8140743361;Package;8140743361;;;;"Запчасти и аксессуары";;;;0;;;;;;new;;;;;;18.10_26;removed;;
8140743026;Package;8140743026;;;;"Запчасти и аксессуары";;;;0;;;;;;new;;;;;;18.10_26;removed;;
8140742944;Package;8140742944;;;;"Запчасти и аксессуары";;;;0;;;;;;new;;;;;;18.10_26;removed;;
8140739248;Package;8140739248;;;;"Запчасти и аксессуары";;;;0;;;;;;new;;;;;;18.10_26;removed;;
8140738121;Package;8140738121;;;;"Запчасти и аксессуары";;;;0;;;;;;new;;;;;;18.10_26;removed;;
8140737478;Package;8140737478;;;;"Запчасти и аксессуары";;;;0;;;;;;new;;;;;;18.10_26;removed;;
8140736101;Package;8140736101;;;;"Запчасти и аксессуары";;;;0;;;;;;new;;;;;;18.10_26;removed;;
8140735903;Package;8140735903;;;;"Запчасти и аксессуары";;;;0;;;;;;new;;;;;;18.10_26;removed;;
8140735193;Package;8140735193;;;;"Запчасти и аксессуары";;;;0;;;;;;new;;;;;;18.10_26;removed;;
8140735137;Package;8140735137;;;;"Запчасти и аксессуары";;;;0;;;;;;new;;;;;;18.10_26;removed;;
8140734955;Package;8140734955;;;;"Запчасти и аксессуары";;;;0;;;;;;new;;;;;;18.10_26;removed;;
8140734840;Package;8140734840;;;;"Запчасти и аксессуары";;;;0;;;;;;new;;;;;;18.10_26;removed;;
8140734190;Package;8140734190;;;;"Запчасти и аксессуары";;;;0;;;;;;new;;;;;;18.10_26;removed;;
8140732706;Package;8140732706;;;;"Запчасти и аксессуары";;;;0;;;;;;new;;;;;;18.10_26;removed;;
8140732169;Package;8140732169;;;;"Запчасти и аксессуары";;;;0;;;;;;new;;;;;;18.10_26;removed;;
8140731787;Package;8140731787;;;;"Запчасти и аксессуары";;;;0;;;;;;new;;;;;;18.10_26;removed;;
8140728911;Package;8140728911;;;;"Запчасти и аксессуары";;;;0;;;;;;new;;;;;;18.10_26;removed;;
8140727968;Package;8140727968;;;;"Запчасти и аксессуары";;;;0;;;;;;new;;;;;;18.10_26;removed;;
8140726011;Package;8140726011;;;;"Запчасти и аксессуары";;;;0;;;;;;new;;;;;;18.10_26;removed;;
8140725912;Package;8140725912;;;;"Запчасти и аксессуары";;;;0;;;;;;new;;;;;;18.10_26;removed;;
8140724239;Package;8140724239;;;;"Запчасти и аксессуары";;;;0;;;;;;new;;;;;;18.10_26;removed;;
8140722665;Package;8140722665;;;;"Запчасти и аксессуары";;;;0;;;;;;new;;;;;;18.10_26;removed;;
8140721577;Package;8140721577;;;;"Запчасти и аксессуары";;;;0;;;;;;new;;;;;;18.10_26;removed;;
8140720457;Package;8140720457;;;;"Запчасти и аксессуары";;;;0;;;;;;new;;;;;;18.10_26;removed;;
8140719904;Package;8140719904;;;;"Запчасти и аксессуары";;;;0;;;;;;new;;;;;;18.10_26;removed;;
8140718741;Package;8140718741;;;;"Запчасти и аксессуары";;;;0;;;;;;new;;;;;;18.10_26;removed;;
8140716651;Package;8140716651;;;;"Запчасти и аксессуары";;;;0;;;;;;new;;;;;;18.10_26;removed;;
8140715897;Package;8140715897;;;;"Запчасти и аксессуары";;;;0;;;;;;new;;;;;;18.10_26;removed;;
8140714518;Package;8140714518;;;;"Запчасти и аксессуары";;;;0;;;;;;new;;;;;;18.10_26;removed;;
8140714505;Package;8140714505;;;;"Запчасти и аксессуары";;;;0;;;;;;new;;;;;;18.10_26;removed;;
8140714489;Package;8140714489;;;;"Запчасти и аксессуары";;;;0;;;;;;new;;;;;;18.10_26;removed;;
8140711869;Package;8140711869;;;;"Запчасти и аксессуары";;;;0;;;;;;new;;;;;;18.10_26;removed;;
8140710994;Package;8140710994;;;;"Запчасти и аксессуары";;;;0;;;;;;new;;;;;;18.10_26;removed;;
8140709459;Package;8140709459;;;;"Запчасти и аксессуары";;;;0;;;;;;new;;;;;;18.10_26;removed;;
8140709006;Package;8140709006;;;;"Запчасти и аксессуары";;;;0;;;;;;new;;;;;;18.10_26;removed;;
8140708236;Package;8140708236;;;;"Запчасти и аксессуары";;;;0;;;;;;new;;;;;;18.10_26;removed;;
8140707138;Package;8140707138;;;;"Запчасти и аксессуары";;;;0;;;;;;new;;;;;;18.10_26;removed;;
8140706042;Package;8140706042;;;;"Запчасти и аксессуары";;;;0;;;;;;new;;;;;;18.10_26;removed;;
8140705967;Package;8140705967;;;;"Запчасти и аксессуары";;;;0;;;;;;new;;;;;;18.10_26;removed;;
8140703984;Package;8140703984;;;;"Запчасти и аксессуары";;;;0;;;;;;new;;;;;;18.10_26;removed;;
8140702670;Package;8140702670;;;;"Запчасти и аксессуары";;;;0;;;;;;new;;;;;;18.10_26;removed;;
8140700557;Package;8140700557;;;;"Запчасти и аксессуары";;;;0;;;;;;new;;;;;;18.10_26;removed;;
8140699861;Package;8140699861;;;;"Запчасти и аксессуары";;;;0;;;;;;new;;;;;;18.10_26;removed;;
8140699790;Package;8140699790;;;;"Запчасти и аксессуары";;;;0;;;;;;new;;;;;;18.10_26;removed;;
8140698428;Package;8140698428;;;;"Запчасти и аксессуары";;;;0;;;;;;new;;;;;;18.10_26;removed;;
8140696054;Package;8140696054;;;;"Запчасти и аксессуары";;;;0;;;;;;new;;;;;;18.10_26;removed;;
8140695763;Package;8140695763;;;;"Запчасти и аксессуары";;;;0;;;;;;new;;;;;;18.10_26;removed;;
8140695448;Package;8140695448;;;;"Запчасти и аксессуары";;;;0;;;;;;new;;;;;;18.10_26;removed;;
8140695413;Package;8140695413;;;;"Запчасти и аксессуары";;;;0;;;;;;new;;;;;;18.10_26;removed;;
8140693817;Package;8140693817;;;;"Запчасти и аксессуары";;;;0;;;;;;new;;;;;;18.10_26;removed;;
8140693372;Package;8140693372;;;;"Запчасти и аксессуары";;;;0;;;;;;new;;;;;;18.10_26;removed;;
8140692417;Package;8140692417;;;;"Запчасти и аксессуары";;;;0;;;;;;new;;;;;;18.10_26;removed;;
8140691426;Package;8140691426;;;;"Запчасти и аксессуары";;;;0;;;;;;new;;;;;;18.10_26;removed;;
8140689449;Package;8140689449;;;;"Запчасти и аксессуары";;;;0;;;;;;new;;;;;;18.10_26;removed;;
8140688340;Package;8140688340;;;;"Запчасти и аксессуары";;;;0;;;;;;new;;;;;;18.10_26;removed;;
8140688277;Package;8140688277;;;;"Запчасти и аксессуары";;;;0;;;;;;new;;;;;;18.10_26;removed;;
8140687933;Package;8140687933;;;;"Запчасти и аксессуары";;;;0;;;;;;new;;;;;;18.10_26;removed;;
8140687376;Package;8140687376;;;;"Запчасти и аксессуары";;;;0;;;;;;new;;;;;;18.10_26;removed;;
8140687355;Package;8140687355;;;;"Запчасти и аксессуары";;;;0;;;;;;new;;;;;;18.10_26;removed;;
8140687023;Package;8140687023;;;;"Запчасти и аксессуары";;;;0;;;;;;new;;;;;;18.10_26;removed;;
8140686759;Package;8140686759;;;;"Запчасти и аксессуары";;;;0;;;;;;new;;;;;;18.10_26;removed;;
8140685966;Package;8140685966;;;;"Запчасти и аксессуары";;;;0;;;;;;new;;;;;;18.10_26;removed;;
8140684339;Package;8140684339;;;;"Запчасти и аксессуары";;;;0;;;;;;new;;;;;;18.10_26;removed;;
8140683696;Package;8140683696;;;;"Запчасти и аксессуары";;;;0;;;;;;new;;;;;;18.10_26;removed;;
8140682834;Package;8140682834;;;;"Запчасти и аксессуары";;;;0;;;;;;new;;;;;;18.10_26;removed;;
8140681866;Package;8140681866;;;;"Запчасти и аксессуары";;;;0;;;;;;new;;;;;;18.10_26;removed;;
8140681329;Package;8140681329;;;;"Запчасти и аксессуары";;;;0;;;;;;new;;;;;;18.10_26;removed;;
8140679884;Package;8140679884;;;;"Запчасти и аксессуары";;;;0;;;;;;new;;;;;;18.10_26;removed;;
8140677011;Package;8140677011;;;;"Запчасти и аксессуары";;;;0;;;;;;new;;;;;;18.10_26;removed;;
8140676664;Package;8140676664;;;;"Запчасти и аксессуары";;;;0;;;;;;new;;;;;;18.10_26;removed;;
8140676566;Package;8140676566;;;;"Запчасти и аксессуары";;;;0;;;;;;new;;;;;;18.10_26;removed;;
8140676485;Package;8140676485;;;;"Запчасти и аксессуары";;;;0;;;;;;new;;;;;;18.10_26;removed;;
8140676357;Package;8140676357;;;;"Запчасти и аксессуары";;;;0;;;;;;new;;;;;;18.10_26;removed;;
8140676029;Package;8140676029;;;;"Запчасти и аксессуары";;;;0;;;;;;new;;;;;;18.10_26;removed;;
8140674816;Package;8140674816;;;;"Запчасти и аксессуары";;;;0;;;;;;new;;;;;;18.10_26;removed;;
8140674205;Package;8140674205;;;;"Запчасти и аксессуары";;;;0;;;;;;new;;;;;;18.10_26;removed;;
8140672538;Package;8140672538;;;;"Запчасти и аксессуары";;;;0;;;;;;new;;;;;;18.10_26;removed;;
8140671766;Package;8140671766;;;;"Запчасти и аксессуары";;;;0;;;;;;new;;;;;;18.10_26;removed;;
8140670920;Package;8140670920;;;;"Запчасти и аксессуары";;;;0;;;;;;new;;;;;;18.10_26;removed;;
8140670129;Package;8140670129;;;;"Запчасти и аксессуары";;;;0;;;;;;new;;;;;;18.10_26;removed;;
8140668044;Package;8140668044;;;;"Запчасти и аксессуары";;;;0;;;;;;new;;;;;;18.10_26;removed;;
8140667122;Package;8140667122;;;;"Запчасти и аксессуары";;;;0;;;;;;new;;;;;;18.10_26;removed;;
8140666457;Package;8140666457;;;;"Запчасти и аксессуары";;;;0;;;;;;new;;;;;;18.10_26;removed;;
8140666448;Package;8140666448;;;;"Запчасти и аксессуары";;;;0;;;;;;new;;;;;;18.10_26;removed;;
8140666217;Package;8140666217;;;;"Запчасти и аксессуары";;;;0;;;;;;new;;;;;;18.10_26;removed;;
8140664714;Package;8140664714;;;;"Запчасти и аксессуары";;;;0;;;;;;new;;;;;;18.10_26;removed;;
8140662819;Package;8140662819;;;;"Запчасти и аксессуары";;;;0;;;;;;new;;;;;;18.10_26;removed;;
8140662615;Package;8140662615;;;;"Запчасти и аксессуары";;;;0;;;;;;new;;;;;;18.10_26;removed;;
8140662422;Package;8140662422;;;;"Запчасти и аксессуары";;;;0;;;;;;new;;;;;;18.10_26;removed;;
8140662028;Package;8140662028;;;;"Запчасти и аксессуары";;;;0;;;;;;new;;;;;;18.10_26;removed;;
8140661903;Package;8140661903;;;;"Запчасти и аксессуары";;;;0;;;;;;new;;;;;;18.10_26;removed;;
8140660585;Package;8140660585;;;;"Запчасти и аксессуары";;;;0;;;;;;new;;;;;;18.10_26;removed;;
8140660449;Package;8140660449;;;;"Запчасти и аксессуары";;;;0;;;;;;new;;;;;;18.10_26;removed;;
8140660010;Package;8140660010;;;;"Запчасти и аксессуары";;;;0;;;;;;new;;;;;;18.10_26;removed;;
8140658899;Package;8140658899;;;;"Запчасти и аксессуары";;;;0;;;;;;new;;;;;;18.10_26;removed;;
8140657433;Package;8140657433;;;;"Запчасти и аксессуары";;;;0;;;;;;new;;;;;;18.10_26;removed;;
8140656121;Package;8140656121;;;;"Запчасти и аксессуары";;;;0;;;;;;new;;;;;;18.10_26;removed;;
8140655881;Package;8140655881;;;;"Запчасти и аксессуары";;;;0;;;;;;new;;;;;;18.10_26;removed;;
8140655723;Package;8140655723;;;;"Запчасти и аксессуары";;;;0;;;;;;new;;;;;;18.10_26;removed;;
8140655187;Package;8140655187;;;;"Запчасти и аксессуары";;;;0;;;;;;new;;;;;;18.10_26;removed;;
8140654481;Package;8140654481;;;;"Запчасти и аксессуары";;;;0;;;;;;new;;;;;;18.10_26;removed;;
8140654460;Package;8140654460;;;;"Запчасти и аксессуары";;;;0;;;;;;new;;;;;;18.10_26;removed;;
8140654409;Package;8140654409;;;;"Запчасти и аксессуары";;;;0;;;;;;new;;;;;;18.10_26;removed;;
8140653873;Package;8140653873;;;;"Запчасти и аксессуары";;;;0;;;;;;new;;;;;;18.10_26;removed;;
8140653351;Package;8140653351;;;;"Запчасти и аксессуары";;;;0;;;;;;new;;;;;;18.10_26;removed;;
8140652173;Package;8140652173;;;;"Запчасти и аксессуары";;;;0;;;;;;new;;;;;;18.10_26;removed;;
8140650744;Package;8140650744;;;;"Запчасти и аксессуары";;;;0;;;;;;new;;;;;;18.10_26;removed;;
8140650601;Package;8140650601;;;;"Запчасти и аксессуары";;;;0;;;;;;new;;;;;;18.10_26;removed;;
8140650303;Package;8140650303;;;;"Запчасти и аксессуары";;;;0;;;;;;new;;;;;;18.10_26;removed;;
8140650185;Package;8140650185;;;;"Запчасти и аксессуары";;;;0;;;;;;new;;;;;;18.10_26;removed;;
8140649729;Package;8140649729;;;;"Запчасти и аксессуары";;;;0;;;;;;new;;;;;;18.10_26;removed;;
8140648491;Package;8140648491;;;;"Запчасти и аксессуары";;;;0;;;;;;new;;;;;;18.10_26;removed;;
8140648120;Package;8140648120;;;;"Запчасти и аксессуары";;;;0;;;;;;new;;;;;;18.10_26;removed;;
8140648068;Package;8140648068;;;;"Запчасти и аксессуары";;;;0;;;;;;new;;;;;;18.10_26;removed;;
8140647895;Package;8140647895;;;;"Запчасти и аксессуары";;;;0;;;;;;new;;;;;;18.10_26;removed;;
8140645504;Package;8140645504;;;;"Запчасти и аксессуары";;;;0;;;;;;new;;;;;;18.10_26;removed;;
8140645303;Package;8140645303;;;;"Запчасти и аксессуары";;;;0;;;;;;new;;;;;;18.10_26;removed;;
8140642420;Package;8140642420;;;;"Запчасти и аксессуары";;;;0;;;;;;new;;;;;;18.10_26;removed;;
8140641840;Package;8140641840;;;;"Запчасти и аксессуары";;;;0;;;;;;new;;;;;;18.10_26;removed;;
8140641670;Package;8140641670;;;;"Запчасти и аксессуары";;;;0;;;;;;new;;;;;;18.10_26;removed;;
8140640823;Package;8140640823;;;;"Запчасти и аксессуары";;;;0;;;;;;new;;;;;;18.10_26;removed;;
8140640103;Package;8140640103;;;;"Запчасти и аксессуары";;;;0;;;;;;new;;;;;;18.10_26;removed;;
8140639861;Package;8140639861;;;;"Запчасти и аксессуары";;;;0;;;;;;new;;;;;;18.10_26;removed;;
8140639377;Package;8140639377;;;;"Запчасти и аксессуары";;;;0;;;;;;new;;;;;;18.10_26;removed;;
8140637510;Package;8140637510;;;;"Запчасти и аксессуары";;;;0;;;;;;new;;;;;;18.10_26;removed;;
8140635579;Package;8140635579;;;;"Запчасти и аксессуары";;;;0;;;;;;new;;;;;;18.10_26;removed;;
8140635532;Package;8140635532;;;;"Запчасти и аксессуары";;;;0;;;;;;new;;;;;;18.10_26;removed;;
8140634312;Package;8140634312;;;;"Запчасти и аксессуары";;;;0;;;;;;new;;;;;;18.10_26;removed;;
8140633411;Package;8140633411;;;;"Запчасти и аксессуары";;;;0;;;;;;new;;;;;;18.10_26;removed;;
8140632189;Package;8140632189;;;;"Запчасти и аксессуары";;;;0;;;;;;new;;;;;;18.10_26;removed;;
8140632053;Package;8140632053;;;;"Запчасти и аксессуары";;;;0;;;;;;new;;;;;;18.10_26;removed;;
8140630732;Package;8140630732;;;;"Запчасти и аксессуары";;;;0;;;;;;new;;;;;;18.10_26;removed;;
8140630691;Package;8140630691;;;;"Запчасти и аксессуары";;;;0;;;;;;new;;;;;;18.10_26;removed;;
8140630326;Package;8140630326;;;;"Запчасти и аксессуары";;;;0;;;;;;new;;;;;;18.10_26;removed;;
8140630091;Package;8140630091;;;;"Запчасти и аксессуары";;;;0;;;;;;new;;;;;;18.10_26;removed;;
8140629725;Package;8140629725;;;;"Запчасти и аксессуары";;;;0;;;;;;new;;;;;;18.10_26;removed;;
8140629603;Package;8140629603;;;;"Запчасти и аксессуары";;;;0;;;;;;new;;;;;;18.10_26;removed;;
8140628334;Package;8140628334;;;;"Запчасти и аксессуары";;;;0;;;;;;new;;;;;;18.10_26;removed;;
8140628313;Package;8140628313;;;;"Запчасти и аксессуары";;;;0;;;;;;new;;;;;;18.10_26;removed;;
8140627900;Package;8140627900;;;;"Запчасти и аксессуары";;;;0;;;;;;new;;;;;;18.10_26;removed;;
8140627897;Package;8140627897;;;;"Запчасти и аксессуары";;;;0;;;;;;new;;;;;;18.10_26;removed;;
8140627778;Package;8140627778;;;;"Запчасти и аксессуары";;;;0;;;;;;new;;;;;;18.10_26;removed;;
8140627698;Package;8140627698;;;;"Запчасти и аксессуары";;;;0;;;;;;new;;;;;;18.10_26;removed;;
8140627178;Package;8140627178;;;;"Запчасти и аксессуары";;;;0;;;;;;new;;;;;;18.10_26;removed;;
8140626415;Package;8140626415;;;;"Запчасти и аксессуары";;;;0;;;;;;new;;;;;;18.10_26;removed;;
8140625593;Package;8140625593;;;;"Запчасти и аксессуары";;;;0;;;;;;new;;;;;;18.10_26;removed;;
8140625104;Package;8140625104;;;;"Запчасти и аксессуары";;;;0;;;;;;new;;;;;;18.10_26;removed;;
8140623982;Package;8140623982;;;;"Запчасти и аксессуары";;;;0;;;;;;new;;;;;;18.10_26;removed;;
8140623752;Package;8140623752;;;;"Запчасти и аксессуары";;;;0;;;;;;new;;;;;;18.10_26;removed;;
8140621660;Package;8140621660;;;;"Запчасти и аксессуары";;;;0;;;;;;new;;;;;;18.10_26;removed;;
8140620914;Package;8140620914;;;;"Запчасти и аксессуары";;;;0;;;;;;new;;;;;;18.10_26;removed;;
8140620511;Package;8140620511;;;;"Запчасти и аксессуары";;;;0;;;;;;new;;;;;;18.10_26;removed;;
8140619988;Package;8140619988;;;;"Запчасти и аксессуары";;;;0;;;;;;new;;;;;;18.10_26;removed;;
8140619894;Package;8140619894;;;;"Запчасти и аксессуары";;;;0;;;;;;new;;;;;;18.10_26;removed;;
8140619376;Package;8140619376;;;;"Запчасти и аксессуары";;;;0;;;;;;new;;;;;;18.10_26;removed;;
8140618967;Package;8140618967;;;;"Запчасти и аксессуары";;;;0;;;;;;new;;;;;;18.10_26;removed;;
8140617747;Package;8140617747;;;;"Запчасти и аксессуары";;;;0;;;;;;new;;;;;;18.10_26;removed;;
8140617518;Package;8140617518;;;;"Запчасти и аксессуары";;;;0;;;;;;new;;;;;;18.10_26;removed;;
8140615973;Package;8140615973;;;;"Запчасти и аксессуары";;;;0;;;;;;new;;;;;;18.10_26;removed;;
8140615144;Package;8140615144;;;;"Запчасти и аксессуары";;;;0;;;;;;new;;;;;;18.10_26;removed;;
8140612890;Package;8140612890;;;;"Запчасти и аксессуары";;;;0;;;;;;new;;;;;;18.10_26;removed;;
8140612536;Package;8140612536;;;;"Запчасти и аксессуары";;;;0;;;;;;new;;;;;;18.10_26;removed;;
8140612426;Package;8140612426;;;;"Запчасти и аксессуары";;;;0;;;;;;new;;;;;;18.10_26;removed;;
8140611775;Package;8140611775;;;;"Запчасти и аксессуары";;;;0;;;;;;new;;;;;;18.10_26;removed;;
8140611449;Package;8140611449;;;;"Запчасти и аксессуары";;;;0;;;;;;new;;;;;;18.10_26;removed;;
8140610781;Package;8140610781;;;;"Запчасти и аксессуары";;;;0;;;;;;new;;;;;;18.10_26;removed;;
8140606953;Package;8140606953;;;;"Запчасти и аксессуары";;;;0;;;;;;new;;;;;;18.10_26;removed;;
8140606100;Package;8140606100;;;;"Запчасти и аксессуары";;;;0;;;;;;new;;;;;;18.10_26;removed;;
8140605793;Package;8140605793;;;;"Запчасти и аксессуары";;;;0;;;;;;new;;;;;;18.10_26;removed;;
8140605092;Package;8140605092;;;;"Запчасти и аксессуары";;;;0;;;;;;new;;;;;;18.10_26;removed;;
8140604181;Package;8140604181;;;;"Запчасти и аксессуары";;;;0;;;;;;new;;;;;;18.10_26;removed;;
8140603945;Package;8140603945;;;;"Запчасти и аксессуары";;;;0;;;;;;new;;;;;;18.10_26;removed;;
8140602230;Package;8140602230;;;;"Запчасти и аксессуары";;;;0;;;;;;new;;;;;;18.10_26;removed;;
8140600710;Package;8140600710;;;;"Запчасти и аксессуары";;;;0;;;;;;new;;;;;;18.10_26;removed;;
8140600494;Package;8140600494;;;;"Запчасти и аксессуары";;;;0;;;;;;new;;;;;;18.10_26;removed;;
8140600430;Package;8140600430;;;;"Запчасти и аксессуары";;;;0;;;;;;new;;;;;;18.10_26;removed;;
8140599197;Package;8140599197;;;;"Запчасти и аксессуары";;;;0;;;;;;new;;;;;;18.10_26;removed;;
8140598889;Package;8140598889;;;;"Запчасти и аксессуары";;;;0;;;;;;new;;;;;;18.10_26;removed;;
8140598659;Package;8140598659;;;;"Запчасти и аксессуары";;;;0;;;;;;new;;;;;;18.10_26;removed;;
8140597401;Package;8140597401;;;;"Запчасти и аксессуары";;;;0;;;;;;new;;;;;;18.10_26;removed;;
8140596695;Package;8140596695;;;;"Запчасти и аксессуары";;;;0;;;;;;new;;;;;;18.10_26;removed;;
8140594384;Package;8140594384;;;;"Запчасти и аксессуары";;;;0;;;;;;new;;;;;;18.10_26;removed;;
8140593219;Package;8140593219;;;;"Запчасти и аксессуары";;;;0;;;;;;new;;;;;;18.10_26;removed;;
8140592473;Package;8140592473;;;;"Запчасти и аксессуары";;;;0;;;;;;new;;;;;;18.10_26;removed;;
8140592466;Package;8140592466;;;;"Запчасти и аксессуары";;;;0;;;;;;new;;;;;;18.10_26;removed;;
8140592321;Package;8140592321;;;;"Запчасти и аксессуары";;;;0;;;;;;new;;;;;;18.10_26;removed;;
8140591266;Package;8140591266;;;;"Запчасти и аксессуары";;;;0;;;;;;new;;;;;;18.10_26;removed;;
8140589691;Package;8140589691;;;;"Запчасти и аксессуары";;;;0;;;;;;new;;;;;;18.10_26;removed;;
8140588465;Package;8140588465;;;;"Запчасти и аксессуары";;;;0;;;;;;new;;;;;;18.10_26;removed;;
8140588392;Package;8140588392;;;;"Запчасти и аксессуары";;;;0;;;;;;new;;;;;;18.10_26;removed;;
8140586825;Package;8140586825;;;;"Запчасти и аксессуары";;;;0;;;;;;new;;;;;;18.10_26;removed;;
8140586580;Package;8140586580;;;;"Запчасти и аксессуары";;;;0;;;;;;new;;;;;;18.10_26;removed;;
8140586521;Package;8140586521;;;;"Запчасти и аксессуары";;;;0;;;;;;new;;;;;;18.10_26;removed;;
8140586194;Package;8140586194;;;;"Запчасти и аксессуары";;;;0;;;;;;new;;;;;;18.10_26;removed;;
8140585591;Package;8140585591;;;;"Запчасти и аксессуары";;;;0;;;;;;new;;;;;;18.10_26;removed;;
8140585298;Package;8140585298;;;;"Запчасти и аксессуары";;;;0;;;;;;new;;;;;;18.10_26;removed;;
8140585085;Package;8140585085;;;;"Запчасти и аксессуары";;;;0;;;;;;new;;;;;;18.10_26;removed;;
8140584039;Package;8140584039;;;;"Запчасти и аксессуары";;;;0;;;;;;new;;;;;;18.10_26;removed;;
8140583887;Package;8140583887;;;;"Запчасти и аксессуары";;;;0;;;;;;new;;;;;;18.10_26;removed;;
8140583864;Package;8140583864;;;;"Запчасти и аксессуары";;;;0;;;;;;new;;;;;;18.10_26;removed;;
8140583790;Package;8140583790;;;;"Запчасти и аксессуары";;;;0;;;;;;new;;;;;;18.10_26;removed;;
8140583462;Package;8140583462;;;;"Запчасти и аксессуары";;;;0;;;;;;new;;;;;;18.10_26;removed;;
8140581996;Package;8140581996;;;;"Запчасти и аксессуары";;;;0;;;;;;new;;;;;;18.10_26;removed;;
8140581187;Package;8140581187;;;;"Запчасти и аксессуары";;;;0;;;;;;new;;;;;;18.10_26;removed;;
8140579872;Package;8140579872;;;;"Запчасти и аксессуары";;;;0;;;;;;new;;;;;;18.10_26;removed;;
8140579800;Package;8140579800;;;;"Запчасти и аксессуары";;;;0;;;;;;new;;;;;;18.10_26;removed;;
8140579703;Package;8140579703;;;;"Запчасти и аксессуары";;;;0;;;;;;new;;;;;;18.10_26;removed;;
8140579530;Package;8140579530;;;;"Запчасти и аксессуары";;;;0;;;;;;new;;;;;;18.10_26;removed;;
8140579348;Package;8140579348;;;;"Запчасти и аксессуары";;;;0;;;;;;new;;;;;;18.10_26;removed;;
8140577910;Package;8140577910;;;;"Запчасти и аксессуары";;;;0;;;;;;new;;;;;;18.10_26;removed;;
8140577686;Package;8140577686;;;;"Запчасти и аксессуары";;;;0;;;;;;new;;;;;;18.10_26;removed;;
8140577419;Package;8140577419;;;;"Запчасти и аксессуары";;;;0;;;;;;new;;;;;;18.10_26;removed;;
8140574052;Package;8140574052;;;;"Запчасти и аксессуары";;;;0;;;;;;new;;;;;;18.10_26;removed;;
8140573293;Package;8140573293;;;;"Запчасти и аксессуары";;;;0;;;;;;new;;;;;;18.10_26;removed;;
8140571094;Package;8140571094;;;;"Запчасти и аксессуары";;;;0;;;;;;new;;;;;;18.10_26;removed;;
8140568395;Package;8140568395;;;;"Запчасти и аксессуары";;;;0;;;;;;new;;;;;;18.10_26;removed;;
8140566748;Package;8140566748;;;;"Запчасти и аксессуары";;;;0;;;;;;new;;;;;;18.10_26;removed;;
8140565229;Package;8140565229;;;;"Запчасти и аксессуары";;;;0;;;;;;new;;;;;;18.10_26;removed;;
8140565151;Package;8140565151;;;;"Запчасти и аксессуары";;;;0;;;;;;new;;;;;;18.10_26;removed;;
8140563598;Package;8140563598;;;;"Запчасти и аксессуары";;;;0;;;;;;new;;;;;;18.10_26;removed;;
8140563096;Package;8140563096;;;;"Запчасти и аксессуары";;;;0;;;;;;new;;;;;;18.10_26;removed;;
8140562073;Package;8140562073;;;;"Запчасти и аксессуары";;;;0;;;;;;new;;;;;;18.10_26;removed;;
8140561143;Package;8140561143;;;;"Запчасти и аксессуары";;;;0;;;;;;new;;;;;;18.10_26;removed;;
8140560956;Package;8140560956;;;;"Запчасти и аксессуары";;;;0;;;;;;new;;;;;;18.10_26;removed;;
8140560578;Package;8140560578;;;;"Запчасти и аксессуары";;;;0;;;;;;new;;;;;;18.10_26;removed;;
8140559025;Package;8140559025;;;;"Запчасти и аксессуары";;;;0;;;;;;new;;;;;;18.10_26;removed;;
8140558273;Package;8140558273;;;;"Запчасти и аксессуары";;;;0;;;;;;new;;;;;;18.10_26;removed;;
8140556639;Package;8140556639;;;;"Запчасти и аксессуары";;;;0;;;;;;new;;;;;;18.10_26;removed;;
8140556124;Package;8140556124;;;;"Запчасти и аксессуары";;;;0;;;;;;new;;;;;;18.10_26;removed;;
8140553391;Package;8140553391;;;;"Запчасти и аксессуары";;;;0;;;;;;new;;;;;;18.10_26;removed;;
8140553071;Package;8140553071;;;;"Запчасти и аксессуары";;;;0;;;;;;new;;;;;;18.10_26;removed;;
8140552576;Package;8140552576;;;;"Запчасти и аксессуары";;;;0;;;;;;new;;;;;;18.10_26;removed;;
8140552075;Package;8140552075;;;;"Запчасти и аксессуары";;;;0;;;;;;new;;;;;;18.10_26;removed;;
8140551778;Package;8140551778;;;;"Запчасти и аксессуары";;;;0;;;;;;new;;;;;;18.10_26;removed;;
8140550915;Package;8140550915;;;;"Запчасти и аксессуары";;;;0;;;;;;new;;;;;;18.10_26;removed;;
8140550873;Package;8140550873;;;;"Запчасти и аксессуары";;;;0;;;;;;new;;;;;;18.10_26;removed;;
8140549168;Package;8140549168;;;;"Запчасти и аксессуары";;;;0;;;;;;new;;;;;;18.10_26;removed;;
8140548932;Package;8140548932;;;;"Запчасти и аксессуары";;;;0;;;;;;new;;;;;;18.10_26;removed;;
8140548883;Package;8140548883;;;;"Запчасти и аксессуары";;;;0;;;;;;new;;;;;;18.10_26;removed;;
8140547493;Package;8140547493;;;;"Запчасти и аксессуары";;;;0;;;;;;new;;;;;;18.10_26;removed;;
8140547076;Package;8140547076;;;;"Запчасти и аксессуары";;;;0;;;;;;new;;;;;;18.10_26;removed;;
8140546611;Package;8140546611;;;;"Запчасти и аксессуары";;;;0;;;;;;new;;;;;;18.10_26;removed;;
8140546457;Package;8140546457;;;;"Запчасти и аксессуары";;;;0;;;;;;new;;;;;;18.10_26;removed;;
8140546189;Package;8140546189;;;;"Запчасти и аксессуары";;;;0;;;;;;new;;;;;;18.10_26;removed;;
8140545342;Package;8140545342;;;;"Запчасти и аксессуары";;;;0;;;;;;new;;;;;;18.10_26;removed;;
8140544913;Package;8140544913;;;;"Запчасти и аксессуары";;;;0;;;;;;new;;;;;;18.10_26;removed;;
8140544363;Package;8140544363;;;;"Запчасти и аксессуары";;;;0;;;;;;new;;;;;;18.10_26;removed;;
8140544269;Package;8140544269;;;;"Запчасти и аксессуары";;;;0;;;;;;new;;;;;;18.10_26;removed;;
8140543483;Package;8140543483;;;;"Запчасти и аксессуары";;;;0;;;;;;new;;;;;;18.10_26;removed;;
8140543228;Package;8140543228;;;;"Запчасти и аксессуары";;;;0;;;;;;new;;;;;;18.10_26;removed;;
8140543022;Package;8140543022;;;;"Запчасти и аксессуары";;;;0;;;;;;new;;;;;;18.10_26;removed;;
8140543020;Package;8140543020;;;;"Запчасти и аксессуары";;;;0;;;;;;new;;;;;;18.10_26;removed;;
8140540811;Package;8140540811;;;;"Запчасти и аксессуары";;;;0;;;;;;new;;;;;;18.10_26;removed;;
8140540215;Package;8140540215;;;;"Запчасти и аксессуары";;;;0;;;;;;new;;;;;;18.10_26;removed;;
8140540131;Package;8140540131;;;;"Запчасти и аксессуары";;;;0;;;;;;new;;;;;;18.10_26;removed;;
8140537423;Package;8140537423;;;;"Запчасти и аксессуары";;;;0;;;;;;new;;;;;;18.10_26;removed;;
8140536652;Package;8140536652;;;;"Запчасти и аксессуары";;;;0;;;;;;new;;;;;;18.10_26;removed;;
8140536211;Package;8140536211;;;;"Запчасти и аксессуары";;;;0;;;;;;new;;;;;;18.10_26;removed;;
8140535030;Package;8140535030;;;;"Запчасти и аксессуары";;;;0;;;;;;new;;;;;;18.10_26;removed;;
8140534913;Package;8140534913;;;;"Запчасти и аксессуары";;;;0;;;;;;new;;;;;;18.10_26;removed;;
8140534912;Package;8140534912;;;;"Запчасти и аксессуары";;;;0;;;;;;new;;;;;;18.10_26;removed;;
8140533332;Package;8140533332;;;;"Запчасти и аксессуары";;;;0;;;;;;new;;;;;;18.10_26;removed;;
8140533286;Package;8140533286;;;;"Запчасти и аксессуары";;;;0;;;;;;new;;;;;;18.10_26;removed;;
8140532175;Package;8140532175;;;;"Запчасти и аксессуары";;;;0;;;;;;new;;;;;;18.10_26;removed;;
8140531992;Package;8140531992;;;;"Запчасти и аксессуары";;;;0;;;;;;new;;;;;;18.10_26;removed;;
8140531791;Package;8140531791;;;;"Запчасти и аксессуары";;;;0;;;;;;new;;;;;;18.10_26;removed;;
8140531549;Package;8140531549;;;;"Запчасти и аксессуары";;;;0;;;;;;new;;;;;;18.10_26;removed;;
8140530290;Package;8140530290;;;;"Запчасти и аксессуары";;;;0;;;;;;new;;;;;;18.10_26;removed;;
8140529576;Package;8140529576;;;;"Запчасти и аксессуары";;;;0;;;;;;new;;;;;;18.10_26;removed;;
8140529247;Package;8140529247;;;;"Запчасти и аксессуары";;;;0;;;;;;new;;;;;;18.10_26;removed;;
8140529199;Package;8140529199;;;;"Запчасти и аксессуары";;;;0;;;;;;new;;;;;;18.10_26;removed;;
8140527242;Package;8140527242;;;;"Запчасти и аксессуары";;;;0;;;;;;new;;;;;;18.10_26;removed;;
8140525986;Package;8140525986;;;;"Запчасти и аксессуары";;;;0;;;;;;new;;;;;;18.10_26;removed;;
8140525877;Package;8140525877;;;;"Запчасти и аксессуары";;;;0;;;;;;new;;;;;;18.10_26;removed;;
8140525153;Package;8140525153;;;;"Запчасти и аксессуары";;;;0;;;;;;new;;;;;;18.10_26;removed;;
8140524445;Package;8140524445;;;;"Запчасти и аксессуары";;;;0;;;;;;new;;;;;;18.10_26;removed;;
8140524235;Package;8140524235;;;;"Запчасти и аксессуары";;;;0;;;;;;new;;;;;;18.10_26;removed;;
8140521256;Package;8140521256;;;;"Запчасти и аксессуары";;;;0;;;;;;new;;;;;;18.10_26;removed;;
8140520899;Package;8140520899;;;;"Запчасти и аксессуары";;;;0;;;;;;new;;;;;;18.10_26;removed;;
8140519720;Package;8140519720;;;;"Запчасти и аксессуары";;;;0;;;;;;new;;;;;;18.10_26;removed;;
8140518938;Package;8140518938;;;;"Запчасти и аксессуары";;;;0;;;;;;new;;;;;;18.10_26;removed;;
8140518324;Package;8140518324;;;;"Запчасти и аксессуары";;;;0;;;;;;new;;;;;;18.10_26;removed;;
8140517086;Package;8140517086;;;;"Запчасти и аксессуары";;;;0;;;;;;new;;;;;;18.10_26;removed;;
8140516985;Package;8140516985;;;;"Запчасти и аксессуары";;;;0;;;;;;new;;;;;;18.10_26;removed;;
8140515634;Package;8140515634;;;;"Запчасти и аксессуары";;;;0;;;;;;new;;;;;;18.10_26;removed;;
8140513029;Package;8140513029;;;;"Запчасти и аксессуары";;;;0;;;;;;new;;;;;;18.10_26;removed;;
8140512780;Package;8140512780;;;;"Запчасти и аксессуары";;;;0;;;;;;new;;;;;;18.10_26;removed;;
8140512760;Package;8140512760;;;;"Запчасти и аксессуары";;;;0;;;;;;new;;;;;;18.10_26;removed;;
8140512567;Package;8140512567;;;;"Запчасти и аксессуары";;;;0;;;;;;new;;;;;;18.10_26;removed;;
8140512375;Package;8140512375;;;;"Запчасти и аксессуары";;;;0;;;;;;new;;;;;;18.10_26;removed;;
8140511137;Package;8140511137;;;;"Запчасти и аксессуары";;;;0;;;;;;new;;;;;;18.10_26;removed;;
8140510702;Package;8140510702;;;;"Запчасти и аксессуары";;;;0;;;;;;new;;;;;;18.10_26;removed;;
8140510168;Package;8140510168;;;;"Запчасти и аксессуары";;;;0;;;;;;new;;;;;;18.10_26;removed;;
8140508775;Package;8140508775;;;;"Запчасти и аксессуары";;;;0;;;;;;new;;;;;;18.10_26;removed;;
8140508292;Package;8140508292;;;;"Запчасти и аксессуары";;;;0;;;;;;new;;;;;;18.10_26;removed;;
8140507577;Package;8140507577;;;;"Запчасти и аксессуары";;;;0;;;;;;new;;;;;;18.10_26;removed;;
8140507350;Package;8140507350;;;;"Запчасти и аксессуары";;;;0;;;;;;new;;;;;;18.10_26;removed;;
8140506680;Package;8140506680;;;;"Запчасти и аксессуары";;;;0;;;;;;new;;;;;;18.10_26;removed;;
8140504736;Package;8140504736;;;;"Запчасти и аксессуары";;;;0;;;;;;new;;;;;;18.10_26;removed;;
8140504396;Package;8140504396;;;;"Запчасти и аксессуары";;;;0;;;;;;new;;;;;;18.10_26;removed;;
8140503801;Package;8140503801;;;;"Запчасти и аксессуары";;;;0;;;;;;new;;;;;;18.10_26;removed;;
8140502884;Package;8140502884;;;;"Запчасти и аксессуары";;;;0;;;;;;new;;;;;;18.10_26;removed;;
8140500875;Package;8140500875;;;;"Запчасти и аксессуары";;;;0;;;;;;new;;;;;;18.10_26;removed;;
8140498157;Package;8140498157;;;;"Запчасти и аксессуары";;;;0;;;;;;new;;;;;;18.10_26;removed;;
8140497648;Package;8140497648;;;;"Запчасти и аксессуары";;;;0;;;;;;new;;;;;;18.10_26;removed;;
8140497142;Package;8140497142;;;;"Запчасти и аксессуары";;;;0;;;;;;new;;;;;;18.10_26;removed;;
8140496911;Package;8140496911;;;;"Запчасти и аксессуары";;;;0;;;;;;new;;;;;;18.10_26;removed;;
8140496250;Package;8140496250;;;;"Запчасти и аксессуары";;;;0;;;;;;new;;;;;;18.10_26;removed;;
8140495954;Package;8140495954;;;;"Запчасти и аксессуары";;;;0;;;;;;new;;;;;;18.10_26;removed;;
8140495285;Package;8140495285;;;;"Запчасти и аксессуары";;;;0;;;;;;new;;;;;;18.10_26;removed;;
8140494791;Package;8140494791;;;;"Запчасти и аксессуары";;;;0;;;;;;new;;;;;;18.10_26;removed;;
8140494701;Package;8140494701;;;;"Запчасти и аксессуары";;;;0;;;;;;new;;;;;;18.10_26;removed;;
8140494587;Package;8140494587;;;;"Запчасти и аксессуары";;;;0;;;;;;new;;;;;;18.10_26;removed;;
8140494026;Package;8140494026;;;;"Запчасти и аксессуары";;;;0;;;;;;new;;;;;;18.10_26;removed;;
8140493890;Package;8140493890;;;;"Запчасти и аксессуары";;;;0;;;;;;new;;;;;;18.10_26;removed;;
8140493881;Package;8140493881;;;;"Запчасти и аксессуары";;;;0;;;;;;new;;;;;;18.10_26;removed;;
8140493577;Package;8140493577;;;;"Запчасти и аксессуары";;;;0;;;;;;new;;;;;;18.10_26;removed;;
8140493152;Package;8140493152;;;;"Запчасти и аксессуары";;;;0;;;;;;new;;;;;;18.10_26;removed;;
8140492808;Package;8140492808;;;;"Запчасти и аксессуары";;;;0;;;;;;new;;;;;;18.10_26;removed;;
8140492282;Package;8140492282;;;;"Запчасти и аксессуары";;;;0;;;;;;new;;;;;;18.10_26;removed;;
8140491384;Package;8140491384;;;;"Запчасти и аксессуары";;;;0;;;;;;new;;;;;;18.10_26;removed;;
8140490971;Package;8140490971;;;;"Запчасти и аксессуары";;;;0;;;;;;new;;;;;;18.10_26;removed;;
8140490867;Package;8140490867;;;;"Запчасти и аксессуары";;;;0;;;;;;new;;;;;;18.10_26;removed;;
8140490603;Package;8140490603;;;;"Запчасти и аксессуары";;;;0;;;;;;new;;;;;;18.10_26;removed;;
8140489760;Package;8140489760;;;;"Запчасти и аксессуары";;;;0;;;;;;new;;;;;;18.10_26;removed;;
8140489503;Package;8140489503;;;;"Запчасти и аксессуары";;;;0;;;;;;new;;;;;;18.10_26;removed;;
8140489277;Package;8140489277;;;;"Запчасти и аксессуары";;;;0;;;;;;new;;;;;;18.10_26;removed;;
8140488456;Package;8140488456;;;;"Запчасти и аксессуары";;;;0;;;;;;new;;;;;;18.10_26;removed;;
8140487738;Package;8140487738;;;;"Запчасти и аксессуары";;;;0;;;;;;new;;;;;;18.10_26;removed;;
8140487419;Package;8140487419;;;;"Запчасти и аксессуары";;;;0;;;;;;new;;;;;;18.10_26;removed;;
8140486860;Package;8140486860;;;;"Запчасти и аксессуары";;;;0;;;;;;new;;;;;;18.10_26;removed;;
8140486746;Package;8140486746;;;;"Запчасти и аксессуары";;;;0;;;;;;new;;;;;;18.10_26;removed;;
8140486599;Package;8140486599;;;;"Запчасти и аксессуары";;;;0;;;;;;new;;;;;;18.10_26;removed;;
8140486362;Package;8140486362;;;;"Запчасти и аксессуары";;;;0;;;;;;new;;;;;;18.10_26;removed;;
8140485502;Package;8140485502;;;;"Запчасти и аксессуары";;;;0;;;;;;new;;;;;;18.10_26;removed;;
8140484517;Package;8140484517;;;;"Запчасти и аксессуары";;;;0;;;;;;new;;;;;;18.10_26;removed;;
8140483583;Package;8140483583;;;;"Запчасти и аксессуары";;;;0;;;;;;new;;;;;;18.10_26;removed;;
8140483016;Package;8140483016;;;;"Запчасти и аксессуары";;;;0;;;;;;new;;;;;;18.10_26;removed;;
8140482816;Package;8140482816;;;;"Запчасти и аксессуары";;;;0;;;;;;new;;;;;;18.10_26;removed;;
8140480988;Package;8140480988;;;;"Запчасти и аксессуары";;;;0;;;;;;new;;;;;;18.10_26;removed;;
8140480654;Package;8140480654;;;;"Запчасти и аксессуары";;;;0;;;;;;new;;;;;;18.10_26;removed;;
8140480426;Package;8140480426;;;;"Запчасти и аксессуары";;;;0;;;;;;new;;;;;;18.10_26;removed;;
8140478844;Package;8140478844;;;;"Запчасти и аксессуары";;;;0;;;;;;new;;;;;;18.10_26;removed;;
8140477031;Package;8140477031;;;;"Запчасти и аксессуары";;;;0;;;;;;new;;;;;;18.10_26;removed;;
8140476429;Package;8140476429;;;;"Запчасти и аксессуары";;;;0;;;;;;new;;;;;;18.10_26;removed;;
8140475293;Package;8140475293;;;;"Запчасти и аксессуары";;;;0;;;;;;new;;;;;;18.10_26;removed;;
8140475134;Package;8140475134;;;;"Запчасти и аксессуары";;;;0;;;;;;new;;;;;;18.10_26;removed;;
8140474744;Package;8140474744;;;;"Запчасти и аксессуары";;;;0;;;;;;new;;;;;;18.10_26;removed;;
8140474628;Package;8140474628;;;;"Запчасти и аксессуары";;;;0;;;;;;new;;;;;;18.10_26;removed;;
8140473242;Package;8140473242;;;;"Запчасти и аксессуары";;;;0;;;;;;new;;;;;;18.10_26;removed;;
8140472904;Package;8140472904;;;;"Запчасти и аксессуары";;;;0;;;;;;new;;;;;;18.10_26;removed;;
8140472829;Package;8140472829;;;;"Запчасти и аксессуары";;;;0;;;;;;new;;;;;;18.10_26;removed;;
8140472512;Package;8140472512;;;;"Запчасти и аксессуары";;;;0;;;;;;new;;;;;;18.10_26;removed;;
8140472331;Package;8140472331;;;;"Запчасти и аксессуары";;;;0;;;;;;new;;;;;;18.10_26;removed;;
8140471901;Package;8140471901;;;;"Запчасти и аксессуары";;;;0;;;;;;new;;;;;;18.10_26;removed;;
8140471887;Package;8140471887;;;;"Запчасти и аксессуары";;;;0;;;;;;new;;;;;;18.10_26;removed;;
8140471488;Package;8140471488;;;;"Запчасти и аксессуары";;;;0;;;;;;new;;;;;;18.10_26;removed;;
8140471339;Package;8140471339;;;;"Запчасти и аксессуары";;;;0;;;;;;new;;;;;;18.10_26;removed;;
8140467915;Package;8140467915;;;;"Запчасти и аксессуары";;;;0;;;;;;new;;;;;;18.10_26;removed;;
8140467818;Package;8140467818;;;;"Запчасти и аксессуары";;;;0;;;;;;new;;;;;;18.10_26;removed;;
8140466935;Package;8140466935;;;;"Запчасти и аксессуары";;;;0;;;;;;new;;;;;;18.10_26;removed;;
8140466094;Package;8140466094;;;;"Запчасти и аксессуары";;;;0;;;;;;new;;;;;;18.10_26;removed;;
8140465988;Package;8140465988;;;;"Запчасти и аксессуары";;;;0;;;;;;new;;;;;;18.10_26;removed;;
8140465274;Package;8140465274;;;;"Запчасти и аксессуары";;;;0;;;;;;new;;;;;;18.10_26;removed;;
8140463985;Package;8140463985;;;;"Запчасти и аксессуары";;;;0;;;;;;new;;;;;;18.10_26;removed;;
8140462613;Package;8140462613;;;;"Запчасти и аксессуары";;;;0;;;;;;new;;;;;;18.10_26;removed;;
8140462139;Package;8140462139;;;;"Запчасти и аксессуары";;;;0;;;;;;new;;;;;;18.10_26;removed;;
8140461229;Package;8140461229;;;;"Запчасти и аксессуары";;;;0;;;;;;new;;;;;;18.10_26;removed;;
8140460595;Package;8140460595;;;;"Запчасти и аксессуары";;;;0;;;;;;new;;;;;;18.10_26;removed;;
8140459976;Package;8140459976;;;;"Запчасти и аксессуары";;;;0;;;;;;new;;;;;;18.10_26;removed;;
8140459725;Package;8140459725;;;;"Запчасти и аксессуары";;;;0;;;;;;new;;;;;;18.10_26;removed;;
8140459340;Package;8140459340;;;;"Запчасти и аксессуары";;;;0;;;;;;new;;;;;;18.10_26;removed;;
8140458736;Package;8140458736;;;;"Запчасти и аксессуары";;;;0;;;;;;new;;;;;;18.10_26;removed;;
8140457639;Package;8140457639;;;;"Запчасти и аксессуары";;;;0;;;;;;new;;;;;;18.10_26;removed;;
8140454923;Package;8140454923;;;;"Запчасти и аксессуары";;;;0;;;;;;new;;;;;;18.10_26;removed;;
8140454813;Package;8140454813;;;;"Запчасти и аксессуары";;;;0;;;;;;new;;;;;;18.10_26;removed;;
8140454056;Package;8140454056;;;;"Запчасти и аксессуары";;;;0;;;;;;new;;;;;;18.10_26;removed;;
8140454040;Package;8140454040;;;;"Запчасти и аксессуары";;;;0;;;;;;new;;;;;;18.10_26;removed;;
8140453628;Package;8140453628;;;;"Запчасти и аксессуары";;;;0;;;;;;new;;;;;;18.10_26;removed;;
8140453517;Package;8140453517;;;;"Запчасти и аксессуары";;;;0;;;;;;new;;;;;;18.10_26;removed;;
8140452725;Package;8140452725;;;;"Запчасти и аксессуары";;;;0;;;;;;new;;;;;;18.10_26;removed;;
8140452419;Package;8140452419;;;;"Запчасти и аксессуары";;;;0;;;;;;new;;;;;;18.10_26;removed;;
8140452032;Package;8140452032;;;;"Запчасти и аксессуары";;;;0;;;;;;new;;;;;;18.10_26;removed;;
8140448224;Package;8140448224;;;;"Запчасти и аксессуары";;;;0;;;;;;new;;;;;;18.10_26;removed;;
8140445649;Package;8140445649;;;;"Запчасти и аксессуары";;;;0;;;;;;new;;;;;;18.10_26;removed;;
8140445373;Package;8140445373;;;;"Запчасти и аксессуары";;;;0;;;;;;new;;;;;;18.10_26;removed;;
8140444654;Package;8140444654;;;;"Запчасти и аксессуары";;;;0;;;;;;new;;;;;;18.10_26;removed;;
8140444126;Package;8140444126;;;;"Запчасти и аксессуары";;;;0;;;;;;new;;;;;;18.10_26;removed;;
8140443878;Package;8140443878;;;;"Запчасти и аксессуары";;;;0;;;;;;new;;;;;;18.10_26;removed;;
8140443717;Package;8140443717;;;;"Запчасти и аксессуары";;;;0;;;;;;new;;;;;;18.10_26;removed;;
8140442740;Package;8140442740;;;;"Запчасти и аксессуары";;;;0;;;;;;new;;;;;;18.10_26;removed;;
8140442730;Package;8140442730;;;;"Запчасти и аксессуары";;;;0;;;;;;new;;;;;;18.10_26;removed;;
8140442324;Package;8140442324;;;;"Запчасти и аксессуары";;;;0;;;;;;new;;;;;;18.10_26;removed;;
8140441998;Package;8140441998;;;;"Запчасти и аксессуары";;;;0;;;;;;new;;;;;;18.10_26;removed;;
8140439856;Package;8140439856;;;;"Запчасти и аксессуары";;;;0;;;;;;new;;;;;;18.10_26;removed;;
8140439596;Package;8140439596;;;;"Запчасти и аксессуары";;;;0;;;;;;new;;;;;;18.10_26;removed;;
8140439476;Package;8140439476;;;;"Запчасти и аксессуары";;;;0;;;;;;new;;;;;;18.10_26;removed;;
8140438947;Package;8140438947;;;;"Запчасти и аксессуары";;;;0;;;;;;new;;;;;;18.10_26;removed;;
8140438531;Package;8140438531;;;;"Запчасти и аксессуары";;;;0;;;;;;new;;;;;;18.10_26;removed;;
8140436049;Package;8140436049;;;;"Запчасти и аксессуары";;;;0;;;;;;new;;;;;;18.10_26;removed;;
8140435982;Package;8140435982;;;;"Запчасти и аксессуары";;;;0;;;;;;new;;;;;;18.10_26;removed;;
8140435513;Package;8140435513;;;;"Запчасти и аксессуары";;;;0;;;;;;new;;;;;;18.10_26;removed;;
8140435458;Package;8140435458;;;;"Запчасти и аксессуары";;;;0;;;;;;new;;;;;;18.10_26;removed;;
8140434948;Package;8140434948;;;;"Запчасти и аксессуары";;;;0;;;;;;new;;;;;;18.10_26;removed;;
8140434369;Package;8140434369;;;;"Запчасти и аксессуары";;;;0;;;;;;new;;;;;;18.10_26;removed;;
8140433791;Package;8140433791;;;;"Запчасти и аксессуары";;;;0;;;;;;new;;;;;;18.10_26;removed;;
8140433581;Package;8140433581;;;;"Запчасти и аксессуары";;;;0;;;;;;new;;;;;;18.10_26;removed;;
8140432117;Package;8140432117;;;;"Запчасти и аксессуары";;;;0;;;;;;new;;;;;;18.10_26;removed;;
8140430163;Package;8140430163;;;;"Запчасти и аксессуары";;;;0;;;;;;new;;;;;;18.10_26;removed;;
8140430128;Package;8140430128;;;;"Запчасти и аксессуары";;;;0;;;;;;new;;;;;;18.10_26;removed;;
8140430050;Package;8140430050;;;;"Запчасти и аксессуары";;;;0;;;;;;new;;;;;;18.10_26;removed;;
8140429691;Package;8140429691;;;;"Запчасти и аксессуары";;;;0;;;;;;new;;;;;;18.10_26;removed;;
8140426515;Package;8140426515;;;;"Запчасти и аксессуары";;;;0;;;;;;new;;;;;;18.10_26;removed;;
8140425888;Package;8140425888;;;;"Запчасти и аксессуары";;;;0;;;;;;new;;;;;;18.10_26;removed;;
8140425627;Package;8140425627;;;;"Запчасти и аксессуары";;;;0;;;;;;new;;;;;;18.10_26;removed;;
8140425309;Package;8140425309;;;;"Запчасти и аксессуары";;;;0;;;;;;new;;;;;;18.10_26;removed;;
8140425107;Package;8140425107;;;;"Запчасти и аксессуары";;;;0;;;;;;new;;;;;;18.10_26;removed;;
8140424199;Package;8140424199;;;;"Запчасти и аксессуары";;;;0;;;;;;new;;;;;;18.10_26;removed;;
8140423082;Package;8140423082;;;;"Запчасти и аксессуары";;;;0;;;;;;new;;;;;;18.10_26;removed;;
8140421092;Package;8140421092;;;;"Запчасти и аксессуары";;;;0;;;;;;new;;;;;;18.10_26;removed;;
8140420426;Package;8140420426;;;;"Запчасти и аксессуары";;;;0;;;;;;new;;;;;;18.10_26;removed;;
8140420365;Package;8140420365;;;;"Запчасти и аксессуары";;;;0;;;;;;new;;;;;;18.10_26;removed;;
8140418237;Package;8140418237;;;;"Запчасти и аксессуары";;;;0;;;;;;new;;;;;;18.10_26;removed;;
8140418013;Package;8140418013;;;;"Запчасти и аксессуары";;;;0;;;;;;new;;;;;;18.10_26;removed;;
8140417828;Package;8140417828;;;;"Запчасти и аксессуары";;;;0;;;;;;new;;;;;;18.10_26;removed;;
8140417282;Package;8140417282;;;;"Запчасти и аксессуары";;;;0;;;;;;new;;;;;;18.10_26;removed;;
8140416889;Package;8140416889;;;;"Запчасти и аксессуары";;;;0;;;;;;new;;;;;;18.10_26;removed;;
8140414564;Package;8140414564;;;;"Запчасти и аксессуары";;;;0;;;;;;new;;;;;;18.10_26;removed;;
8140413522;Package;8140413522;;;;"Запчасти и аксессуары";;;;0;;;;;;new;;;;;;18.10_26;removed;;
8140411991;Package;8140411991;;;;"Запчасти и аксессуары";;;;0;;;;;;new;;;;;;18.10_26;removed;;
8140410681;Package;8140410681;;;;"Запчасти и аксессуары";;;;0;;;;;;new;;;;;;18.10_26;removed;;
8140410552;Package;8140410552;;;;"Запчасти и аксессуары";;;;0;;;;;;new;;;;;;18.10_26;removed;;
8140409775;Package;8140409775;;;;"Запчасти и аксессуары";;;;0;;;;;;new;;;;;;18.10_26;removed;;
8140408591;Package;8140408591;;;;"Запчасти и аксессуары";;;;0;;;;;;new;;;;;;18.10_26;removed;;
8140408110;Package;8140408110;;;;"Запчасти и аксессуары";;;;0;;;;;;new;;;;;;18.10_26;removed;;
8140406912;Package;8140406912;;;;"Запчасти и аксессуары";;;;0;;;;;;new;;;;;;18.10_26;removed;;
8140406779;Package;8140406779;;;;"Запчасти и аксессуары";;;;0;;;;;;new;;;;;;18.10_26;removed;;
8140405660;Package;8140405660;;;;"Запчасти и аксессуары";;;;0;;;;;;new;;;;;;18.10_26;removed;;
8140405659;Package;8140405659;;;;"Запчасти и аксессуары";;;;0;;;;;;new;;;;;;18.10_26;removed;;
8140404274;Package;8140404274;;;;"Запчасти и аксессуары";;;;0;;;;;;new;;;;;;18.10_26;removed;;
8140400875;Package;8140400875;;;;"Запчасти и аксессуары";;;;0;;;;;;new;;;;;;18.10_26;removed;;
8140400262;Package;8140400262;;;;"Запчасти и аксессуары";;;;0;;;;;;new;;;;;;18.10_26;removed;;
8140399724;Package;8140399724;;;;"Запчасти и аксессуары";;;;0;;;;;;new;;;;;;18.10_26;removed;;
8140399526;Package;8140399526;;;;"Запчасти и аксессуары";;;;0;;;;;;new;;;;;;18.10_26;removed;;
8140399223;Package;8140399223;;;;"Запчасти и аксессуары";;;;0;;;;;;new;;;;;;18.10_26;removed;;
8140399165;Package;8140399165;;;;"Запчасти и аксессуары";;;;0;;;;;;new;;;;;;18.10_26;removed;;
8140399009;Package;8140399009;;;;"Запчасти и аксессуары";;;;0;;;;;;new;;;;;;18.10_26;removed;;
8140398750;Package;8140398750;;;;"Запчасти и аксессуары";;;;0;;;;;;new;;;;;;18.10_26;removed;;
8140398264;Package;8140398264;;;;"Запчасти и аксессуары";;;;0;;;;;;new;;;;;;18.10_26;removed;;
8140397033;Package;8140397033;;;;"Запчасти и аксессуары";;;;0;;;;;;new;;;;;;18.10_26;removed;;
8140396645;Package;8140396645;;;;"Запчасти и аксессуары";;;;0;;;;;;new;;;;;;18.10_26;removed;;
8140396605;Package;8140396605;;;;"Запчасти и аксессуары";;;;0;;;;;;new;;;;;;18.10_26;removed;;
8140396467;Package;8140396467;;;;"Запчасти и аксессуары";;;;0;;;;;;new;;;;;;18.10_26;removed;;
8140396156;Package;8140396156;;;;"Запчасти и аксессуары";;;;0;;;;;;new;;;;;;18.10_26;removed;;
8140394158;Package;8140394158;;;;"Запчасти и аксессуары";;;;0;;;;;;new;;;;;;18.10_26;removed;;
8140394061;Package;8140394061;;;;"Запчасти и аксессуары";;;;0;;;;;;new;;;;;;18.10_26;removed;;
8140393621;Package;8140393621;;;;"Запчасти и аксессуары";;;;0;;;;;;new;;;;;;18.10_26;removed;;
8140392543;Package;8140392543;;;;"Запчасти и аксессуары";;;;0;;;;;;new;;;;;;18.10_26;removed;;
8140392028;Package;8140392028;;;;"Запчасти и аксессуары";;;;0;;;;;;new;;;;;;18.10_26;removed;;
8140391872;Package;8140391872;;;;"Запчасти и аксессуары";;;;0;;;;;;new;;;;;;18.10_26;removed;;
8140391126;Package;8140391126;;;;"Запчасти и аксессуары";;;;0;;;;;;new;;;;;;18.10_26;removed;;
8140389986;Package;8140389986;;;;"Запчасти и аксессуары";;;;0;;;;;;new;;;;;;18.10_26;removed;;
8140388448;Package;8140388448;;;;"Запчасти и аксессуары";;;;0;;;;;;new;;;;;;18.10_26;removed;;
8140388354;Package;8140388354;;;;"Запчасти и аксессуары";;;;0;;;;;;new;;;;;;18.10_26;removed;;
8140386241;Package;8140386241;;;;"Запчасти и аксессуары";;;;0;;;;;;new;;;;;;18.10_26;removed;;
8140386077;Package;8140386077;;;;"Запчасти и аксессуары";;;;0;;;;;;new;;;;;;18.10_26;removed;;
8140384136;Package;8140384136;;;;"Запчасти и аксессуары";;;;0;;;;;;new;;;;;;18.10_26;removed;;
8140383937;Package;8140383937;;;;"Запчасти и аксессуары";;;;0;;;;;;new;;;;;;18.10_26;removed;;
8140383759;Package;8140383759;;;;"Запчасти и аксессуары";;;;0;;;;;;new;;;;;;18.10_26;removed;;
8140383641;Package;8140383641;;;;"Запчасти и аксессуары";;;;0;;;;;;new;;;;;;18.10_26;removed;;
8140380808;Package;8140380808;;;;"Запчасти и аксессуары";;;;0;;;;;;new;;;;;;18.10_26;removed;;
8140378401;Package;8140378401;;;;"Запчасти и аксессуары";;;;0;;;;;;new;;;;;;18.10_26;removed;;
8140377924;Package;8140377924;;;;"Запчасти и аксессуары";;;;0;;;;;;new;;;;;;18.10_26;removed;;
8140377263;Package;8140377263;;;;"Запчасти и аксессуары";;;;0;;;;;;new;;;;;;18.10_26;removed;;
8140376693;Package;8140376693;;;;"Запчасти и аксессуары";;;;0;;;;;;new;;;;;;18.10_26;removed;;
8140375503;Package;8140375503;;;;"Запчасти и аксессуары";;;;0;;;;;;new;;;;;;18.10_26;removed;;
8140375486;Package;8140375486;;;;"Запчасти и аксессуары";;;;0;;;;;;new;;;;;;18.10_26;removed;;
8140373649;Package;8140373649;;;;"Запчасти и аксессуары";;;;0;;;;;;new;;;;;;18.10_26;removed;;
8140372775;Package;8140372775;;;;"Запчасти и аксессуары";;;;0;;;;;;new;;;;;;18.10_26;removed;;
8140372772;Package;8140372772;;;;"Запчасти и аксессуары";;;;0;;;;;;new;;;;;;18.10_26;removed;;
8140372387;Package;8140372387;;;;"Запчасти и аксессуары";;;;0;;;;;;new;;;;;;18.10_26;removed;;
8140371823;Package;8140371823;;;;"Запчасти и аксессуары";;;;0;;;;;;new;;;;;;18.10_26;removed;;
8140370232;Package;8140370232;;;;"Запчасти и аксессуары";;;;0;;;;;;new;;;;;;18.10_26;removed;;
8140370118;Package;8140370118;;;;"Запчасти и аксессуары";;;;0;;;;;;new;;;;;;18.10_26;removed;;
8140369734;Package;8140369734;;;;"Запчасти и аксессуары";;;;0;;;;;;new;;;;;;18.10_26;removed;;
8140369137;Package;8140369137;;;;"Запчасти и аксессуары";;;;0;;;;;;new;;;;;;18.10_26;removed;;
8140367292;Package;8140367292;;;;"Запчасти и аксессуары";;;;0;;;;;;new;;;;;;18.10_26;removed;;
8140366907;Package;8140366907;;;;"Запчасти и аксессуары";;;;0;;;;;;new;;;;;;18.10_26;removed;;
8140366032;Package;8140366032;;;;"Запчасти и аксессуары";;;;0;;;;;;new;;;;;;18.10_26;removed;;
8140365818;Package;8140365818;;;;"Запчасти и аксессуары";;;;0;;;;;;new;;;;;;18.10_26;removed;;
8140364824;Package;8140364824;;;;"Запчасти и аксессуары";;;;0;;;;;;new;;;;;;18.10_26;removed;;
8140364260;Package;8140364260;;;;"Запчасти и аксессуары";;;;0;;;;;;new;;;;;;18.10_26;removed;;
8140362931;Package;8140362931;;;;"Запчасти и аксессуары";;;;0;;;;;;new;;;;;;18.10_26;removed;;
8140362514;Package;8140362514;;;;"Запчасти и аксессуары";;;;0;;;;;;new;;;;;;18.10_26;removed;;
8140362157;Package;8140362157;;;;"Запчасти и аксессуары";;;;0;;;;;;new;;;;;;18.10_26;removed;;
8140361557;Package;8140361557;;;;"Запчасти и аксессуары";;;;0;;;;;;new;;;;;;18.10_26;removed;;
8140359411;Package;8140359411;;;;"Запчасти и аксессуары";;;;0;;;;;;new;;;;;;18.10_26;removed;;
8140358779;Package;8140358779;;;;"Запчасти и аксессуары";;;;0;;;;;;new;;;;;;18.10_26;removed;;
8140358632;Package;8140358632;;;;"Запчасти и аксессуары";;;;0;;;;;;new;;;;;;18.10_26;removed;;
8140357908;Package;8140357908;;;;"Запчасти и аксессуары";;;;0;;;;;;new;;;;;;18.10_26;removed;;
8140355939;Package;8140355939;;;;"Запчасти и аксессуары";;;;0;;;;;;new;;;;;;18.10_26;removed;;
8140354838;Package;8140354838;;;;"Запчасти и аксессуары";;;;0;;;;;;new;;;;;;18.10_26;removed;;
8140353356;Package;8140353356;;;;"Запчасти и аксессуары";;;;0;;;;;;new;;;;;;18.10_26;removed;;
8140352627;Package;8140352627;;;;"Запчасти и аксессуары";;;;0;;;;;;new;;;;;;18.10_26;removed;;
8140352481;Package;8140352481;;;;"Запчасти и аксессуары";;;;0;;;;;;new;;;;;;18.10_26;removed;;
8140352072;Package;8140352072;;;;"Запчасти и аксессуары";;;;0;;;;;;new;;;;;;18.10_26;removed;;
8140349889;Package;8140349889;;;;"Запчасти и аксессуары";;;;0;;;;;;new;;;;;;18.10_26;removed;;
8140349367;Package;8140349367;;;;"Запчасти и аксессуары";;;;0;;;;;;new;;;;;;18.10_26;removed;;
8140349166;Package;8140349166;;;;"Запчасти и аксессуары";;;;0;;;;;;new;;;;;;18.10_26;removed;;
8140348908;Package;8140348908;;;;"Запчасти и аксессуары";;;;0;;;;;;new;;;;;;18.10_26;removed;;
8140348206;Package;8140348206;;;;"Запчасти и аксессуары";;;;0;;;;;;new;;;;;;18.10_26;removed;;
8140347449;Package;8140347449;;;;"Запчасти и аксессуары";;;;0;;;;;;new;;;;;;18.10_26;removed;;
8140347263;Package;8140347263;;;;"Запчасти и аксессуары";;;;0;;;;;;new;;;;;;18.10_26;removed;;
8140346809;Package;8140346809;;;;"Запчасти и аксессуары";;;;0;;;;;;new;;;;;;18.10_26;removed;;
8140346176;Package;8140346176;;;;"Запчасти и аксессуары";;;;0;;;;;;new;;;;;;18.10_26;removed;;
8140344067;Package;8140344067;;;;"Запчасти и аксессуары";;;;0;;;;;;new;;;;;;18.10_26;removed;;
8140343904;Package;8140343904;;;;"Запчасти и аксессуары";;;;0;;;;;;new;;;;;;18.10_26;removed;;
8140341935;Package;8140341935;;;;"Запчасти и аксессуары";;;;0;;;;;;new;;;;;;18.10_26;removed;;
8140341529;Package;8140341529;;;;"Запчасти и аксессуары";;;;0;;;;;;new;;;;;;18.10_26;removed;;
8140341450;Package;8140341450;;;;"Запчасти и аксессуары";;;;0;;;;;;new;;;;;;18.10_26;removed;;
8140341342;Package;8140341342;;;;"Запчасти и аксессуары";;;;0;;;;;;new;;;;;;18.10_26;removed;;
8140338555;Package;8140338555;;;;"Запчасти и аксессуары";;;;0;;;;;;new;;;;;;18.10_26;removed;;
8140338018;Package;8140338018;;;;"Запчасти и аксессуары";;;;0;;;;;;new;;;;;;18.10_26;removed;;
8140337700;Package;8140337700;;;;"Запчасти и аксессуары";;;;0;;;;;;new;;;;;;18.10_26;removed;;
8140337506;Package;8140337506;;;;"Запчасти и аксессуары";;;;0;;;;;;new;;;;;;18.10_26;removed;;
8140336694;Package;8140336694;;;;"Запчасти и аксессуары";;;;0;;;;;;new;;;;;;18.10_26;removed;;
8140334677;Package;8140334677;;;;"Запчасти и аксессуары";;;;0;;;;;;new;;;;;;18.10_26;removed;;
8140333925;Package;8140333925;;;;"Запчасти и аксессуары";;;;0;;;;;;new;;;;;;18.10_26;removed;;
8140333809;Package;8140333809;;;;"Запчасти и аксессуары";;;;0;;;;;;new;;;;;;18.10_26;removed;;
8140333619;Package;8140333619;;;;"Запчасти и аксессуары";;;;0;;;;;;new;;;;;;18.10_26;removed;;
8140332459;Package;8140332459;;;;"Запчасти и аксессуары";;;;0;;;;;;new;;;;;;18.10_26;removed;;
8140331319;Package;8140331319;;;;"Запчасти и аксессуары";;;;0;;;;;;new;;;;;;18.10_26;removed;;
8140330532;Package;8140330532;;;;"Запчасти и аксессуары";;;;0;;;;;;new;;;;;;18.10_26;removed;;
8140330144;Package;8140330144;;;;"Запчасти и аксессуары";;;;0;;;;;;new;;;;;;18.10_26;removed;;
8140330101;Package;8140330101;;;;"Запчасти и аксессуары";;;;0;;;;;;new;;;;;;18.10_26;removed;;
8140329999;Package;8140329999;;;;"Запчасти и аксессуары";;;;0;;;;;;new;;;;;;18.10_26;removed;;
8140329718;Package;8140329718;;;;"Запчасти и аксессуары";;;;0;;;;;;new;;;;;;18.10_26;removed;;
8140328896;Package;8140328896;;;;"Запчасти и аксессуары";;;;0;;;;;;new;;;;;;18.10_26;removed;;
8140328331;Package;8140328331;;;;"Запчасти и аксессуары";;;;0;;;;;;new;;;;;;18.10_26;removed;;
8140328020;Package;8140328020;;;;"Запчасти и аксессуары";;;;0;;;;;;new;;;;;;18.10_26;removed;;
8140327766;Package;8140327766;;;;"Запчасти и аксессуары";;;;0;;;;;;new;;;;;;18.10_26;removed;;
8140327158;Package;8140327158;;;;"Запчасти и аксессуары";;;;0;;;;;;new;;;;;;18.10_26;removed;;
8140326041;Package;8140326041;;;;"Запчасти и аксессуары";;;;0;;;;;;new;;;;;;18.10_26;removed;;
8140323644;Package;8140323644;;;;"Запчасти и аксессуары";;;;0;;;;;;new;;;;;;18.10_26;removed;;
8140323621;Package;8140323621;;;;"Запчасти и аксессуары";;;;0;;;;;;new;;;;;;18.10_26;removed;;
8140323542;Package;8140323542;;;;"Запчасти и аксессуары";;;;0;;;;;;new;;;;;;18.10_26;removed;;
8140323319;Package;8140323319;;;;"Запчасти и аксессуары";;;;0;;;;;;new;;;;;;18.10_26;removed;;
8140322730;Package;8140322730;;;;"Запчасти и аксессуары";;;;0;;;;;;new;;;;;;18.10_26;removed;;
8140322322;Package;8140322322;;;;"Запчасти и аксессуары";;;;0;;;;;;new;;;;;;18.10_26;removed;;
8140322256;Package;8140322256;;;;"Запчасти и аксессуары";;;;0;;;;;;new;;;;;;18.10_26;removed;;
8140320894;Package;8140320894;;;;"Запчасти и аксессуары";;;;0;;;;;;new;;;;;;18.10_26;removed;;
8140320792;Package;8140320792;;;;"Запчасти и аксессуары";;;;0;;;;;;new;;;;;;18.10_26;removed;;
8140319840;Package;8140319840;;;;"Запчасти и аксессуары";;;;0;;;;;;new;;;;;;18.10_26;removed;;
8140319454;Package;8140319454;;;;"Запчасти и аксессуары";;;;0;;;;;;new;;;;;;18.10_26;removed;;
8140319266;Package;8140319266;;;;"Запчасти и аксессуары";;;;0;;;;;;new;;;;;;18.10_26;removed;;
8140318863;Package;8140318863;;;;"Запчасти и аксессуары";;;;0;;;;;;new;;;;;;18.10_26;removed;;
8140317889;Package;8140317889;;;;"Запчасти и аксессуары";;;;0;;;;;;new;;;;;;18.10_26;removed;;
8140317767;Package;8140317767;;;;"Запчасти и аксессуары";;;;0;;;;;;new;;;;;;18.10_26;removed;;
8140317656;Package;8140317656;;;;"Запчасти и аксессуары";;;;0;;;;;;new;;;;;;18.10_26;removed;;
8140317251;Package;8140317251;;;;"Запчасти и аксессуары";;;;0;;;;;;new;;;;;;18.10_26;removed;;
8140314383;Package;8140314383;;;;"Запчасти и аксессуары";;;;0;;;;;;new;;;;;;18.10_26;removed;;
8140314355;Package;8140314355;;;;"Запчасти и аксессуары";;;;0;;;;;;new;;;;;;18.10_26;removed;;
8140313763;Package;8140313763;;;;"Запчасти и аксессуары";;;;0;;;;;;new;;;;;;18.10_26;removed;;
8140313169;Package;8140313169;;;;"Запчасти и аксессуары";;;;0;;;;;;new;;;;;;18.10_26;removed;;
8140310803;Package;8140310803;;;;"Запчасти и аксессуары";;;;0;;;;;;new;;;;;;18.10_26;removed;;
8140310207;Package;8140310207;;;;"Запчасти и аксессуары";;;;0;;;;;;new;;;;;;18.10_26;removed;;
8140308964;Package;8140308964;;;;"Запчасти и аксессуары";;;;0;;;;;;new;;;;;;18.10_26;removed;;
8140308608;Package;8140308608;;;;"Запчасти и аксессуары";;;;0;;;;;;new;;;;;;18.10_26;removed;;
8140308369;Package;8140308369;;;;"Запчасти и аксессуары";;;;0;;;;;;new;;;;;;18.10_26;removed;;
8140308048;Package;8140308048;;;;"Запчасти и аксессуары";;;;0;;;;;;new;;;;;;18.10_26;removed;;
8140306862;Package;8140306862;;;;"Запчасти и аксессуары";;;;0;;;;;;new;;;;;;18.10_26;removed;;
8140306158;Package;8140306158;;;;"Запчасти и аксессуары";;;;0;;;;;;new;;;;;;18.10_26;removed;;
8140305973;Package;8140305973;;;;"Запчасти и аксессуары";;;;0;;;;;;new;;;;;;18.10_26;removed;;
8140305967;Package;8140305967;;;;"Запчасти и аксессуары";;;;0;;;;;;new;;;;;;18.10_26;removed;;
8140305836;Package;8140305836;;;;"Запчасти и аксессуары";;;;0;;;;;;new;;;;;;18.10_26;removed;;
8140303103;Package;8140303103;;;;"Запчасти и аксессуары";;;;0;;;;;;new;;;;;;18.10_26;removed;;
8140302865;Package;8140302865;;;;"Запчасти и аксессуары";;;;0;;;;;;new;;;;;;18.10_26;removed;;
8140302420;Package;8140302420;;;;"Запчасти и аксессуары";;;;0;;;;;;new;;;;;;18.10_26;removed;;
8140302224;Package;8140302224;;;;"Запчасти и аксессуары";;;;0;;;;;;new;;;;;;18.10_26;removed;;
8140301884;Package;8140301884;;;;"Запчасти и аксессуары";;;;0;;;;;;new;;;;;;18.10_26;removed;;
8140301420;Package;8140301420;;;;"Запчасти и аксессуары";;;;0;;;;;;new;;;;;;18.10_26;removed;;
8140300895;Package;8140300895;;;;"Запчасти и аксессуары";;;;0;;;;;;new;;;;;;18.10_26;removed;;
8140300810;Package;8140300810;;;;"Запчасти и аксессуары";;;;0;;;;;;new;;;;;;18.10_26;removed;;
8140299875;Package;8140299875;;;;"Запчасти и аксессуары";;;;0;;;;;;new;;;;;;18.10_26;removed;;
8140299357;Package;8140299357;;;;"Запчасти и аксессуары";;;;0;;;;;;new;;;;;;18.10_26;removed;;
8140298583;Package;8140298583;;;;"Запчасти и аксессуары";;;;0;;;;;;new;;;;;;18.10_26;removed;;
8140298524;Package;8140298524;;;;"Запчасти и аксессуары";;;;0;;;;;;new;;;;;;18.10_26;removed;;
8140297220;Package;8140297220;;;;"Запчасти и аксессуары";;;;0;;;;;;new;;;;;;18.10_26;removed;;
8140296744;Package;8140296744;;;;"Запчасти и аксессуары";;;;0;;;;;;new;;;;;;18.10_26;removed;;
8140296232;Package;8140296232;;;;"Запчасти и аксессуары";;;;0;;;;;;new;;;;;;18.10_26;removed;;
8140295846;Package;8140295846;;;;"Запчасти и аксессуары";;;;0;;;;;;new;;;;;;18.10_26;removed;;
8140294579;Package;8140294579;;;;"Запчасти и аксессуары";;;;0;;;;;;new;;;;;;18.10_26;removed;;
8140294131;Package;8140294131;;;;"Запчасти и аксессуары";;;;0;;;;;;new;;;;;;18.10_26;removed;;
8140293061;Package;8140293061;;;;"Запчасти и аксессуары";;;;0;;;;;;new;;;;;;18.10_26;removed;;
8140292332;Package;8140292332;;;;"Запчасти и аксессуары";;;;0;;;;;;new;;;;;;18.10_26;removed;;
8140291011;Package;8140291011;;;;"Запчасти и аксессуары";;;;0;;;;;;new;;;;;;18.10_26;removed;;
8140290802;Package;8140290802;;;;"Запчасти и аксессуары";;;;0;;;;;;new;;;;;;18.10_26;removed;;
8140290001;Package;8140290001;;;;"Запчасти и аксессуары";;;;0;;;;;;new;;;;;;18.10_26;removed;;
8140289461;Package;8140289461;;;;"Запчасти и аксессуары";;;;0;;;;;;new;;;;;;18.10_26;removed;;
8140289374;Package;8140289374;;;;"Запчасти и аксессуары";;;;0;;;;;;new;;;;;;18.10_26;removed;;
8140289367;Package;8140289367;;;;"Запчасти и аксессуары";;;;0;;;;;;new;;;;;;18.10_26;removed;;
8140289088;Package;8140289088;;;;"Запчасти и аксессуары";;;;0;;;;;;new;;;;;;18.10_26;removed;;
8140286200;Package;8140286200;;;;"Запчасти и аксессуары";;;;0;;;;;;new;;;;;;18.10_26;removed;;
8140285857;Package;8140285857;;;;"Запчасти и аксессуары";;;;0;;;;;;new;;;;;;18.10_26;removed;;
8140285138;Package;8140285138;;;;"Запчасти и аксессуары";;;;0;;;;;;new;;;;;;18.10_26;removed;;
8140284583;Package;8140284583;;;;"Запчасти и аксессуары";;;;0;;;;;;new;;;;;;18.10_26;removed;;
8140283158;Package;8140283158;;;;"Запчасти и аксессуары";;;;0;;;;;;new;;;;;;18.10_26;removed;;
8140282736;Package;8140282736;;;;"Запчасти и аксессуары";;;;0;;;;;;new;;;;;;18.10_26;removed;;
8140282726;Package;8140282726;;;;"Запчасти и аксессуары";;;;0;;;;;;new;;;;;;18.10_26;removed;;
8140282394;Package;8140282394;;;;"Запчасти и аксессуары";;;;0;;;;;;new;;;;;;18.10_26;removed;;
8140282137;Package;8140282137;;;;"Запчасти и аксессуары";;;;0;;;;;;new;;;;;;18.10_26;removed;;
8140281730;Package;8140281730;;;;"Запчасти и аксессуары";;;;0;;;;;;new;;;;;;18.10_26;removed;;
8140281600;Package;8140281600;;;;"Запчасти и аксессуары";;;;0;;;;;;new;;;;;;18.10_26;removed;;
8140281226;Package;8140281226;;;;"Запчасти и аксессуары";;;;0;;;;;;new;;;;;;18.10_26;removed;;
8140281041;Package;8140281041;;;;"Запчасти и аксессуары";;;;0;;;;;;new;;;;;;18.10_26;removed;;
8140281008;Package;8140281008;;;;"Запчасти и аксессуары";;;;0;;;;;;new;;;;;;18.10_26;removed;;
8140279554;Package;8140279554;;;;"Запчасти и аксессуары";;;;0;;;;;;new;;;;;;18.10_26;removed;;
8140279255;Package;8140279255;;;;"Запчасти и аксессуары";;;;0;;;;;;new;;;;;;18.10_26;removed;;
8140278372;Package;8140278372;;;;"Запчасти и аксессуары";;;;0;;;;;;new;;;;;;18.10_26;removed;;
8140278095;Package;8140278095;;;;"Запчасти и аксессуары";;;;0;;;;;;new;;;;;;18.10_26;removed;;
8140277773;Package;8140277773;;;;"Запчасти и аксессуары";;;;0;;;;;;new;;;;;;18.10_26;removed;;
8140277479;Package;8140277479;;;;"Запчасти и аксессуары";;;;0;;;;;;new;;;;;;18.10_26;removed;;
8140276639;Package;8140276639;;;;"Запчасти и аксессуары";;;;0;;;;;;new;;;;;;18.10_26;removed;;
8140276397;Package;8140276397;;;;"Запчасти и аксессуары";;;;0;;;;;;new;;;;;;18.10_26;removed;;
8140275230;Package;8140275230;;;;"Запчасти и аксессуары";;;;0;;;;;;new;;;;;;18.10_26;removed;;
8140275110;Package;8140275110;;;;"Запчасти и аксессуары";;;;0;;;;;;new;;;;;;18.10_26;removed;;
8140273361;Package;8140273361;;;;"Запчасти и аксессуары";;;;0;;;;;;new;;;;;;18.10_26;removed;;
8140272489;Package;8140272489;;;;"Запчасти и аксессуары";;;;0;;;;;;new;;;;;;18.10_26;removed;;
8140268558;Package;8140268558;;;;"Запчасти и аксессуары";;;;0;;;;;;new;;;;;;18.10_26;removed;;
8140268095;Package;8140268095;;;;"Запчасти и аксессуары";;;;0;;;;;;new;;;;;;18.10_26;removed;;
8140267372;Package;8140267372;;;;"Запчасти и аксессуары";;;;0;;;;;;new;;;;;;18.10_26;removed;;
8140266752;Package;8140266752;;;;"Запчасти и аксессуары";;;;0;;;;;;new;;;;;;18.10_26;removed;;
8140264929;Package;8140264929;;;;"Запчасти и аксессуары";;;;0;;;;;;new;;;;;;18.10_26;removed;;
8140264194;Package;8140264194;;;;"Запчасти и аксессуары";;;;0;;;;;;new;;;;;;18.10_26;removed;;
8140261582;Package;8140261582;;;;"Запчасти и аксессуары";;;;0;;;;;;new;;;;;;18.10_26;removed;;
8140260777;Package;8140260777;;;;"Запчасти и аксессуары";;;;0;;;;;;new;;;;;;18.10_26;removed;;
8140260759;Package;8140260759;;;;"Запчасти и аксессуары";;;;0;;;;;;new;;;;;;18.10_26;removed;;
8140260548;Package;8140260548;;;;"Запчасти и аксессуары";;;;0;;;;;;new;;;;;;18.10_26;removed;;
8140259378;Package;8140259378;;;;"Запчасти и аксессуары";;;;0;;;;;;new;;;;;;18.10_26;removed;;
8140258286;Package;8140258286;;;;"Запчасти и аксессуары";;;;0;;;;;;new;;;;;;18.10_26;removed;;
8140257481;Package;8140257481;;;;"Запчасти и аксессуары";;;;0;;;;;;new;;;;;;18.10_26;removed;;
8140257383;Package;8140257383;;;;"Запчасти и аксессуары";;;;0;;;;;;new;;;;;;18.10_26;removed;;
8140256995;Package;8140256995;;;;"Запчасти и аксессуары";;;;0;;;;;;new;;;;;;18.10_26;removed;;
8140256604;Package;8140256604;;;;"Запчасти и аксессуары";;;;0;;;;;;new;;;;;;18.10_26;removed;;
8140255875;Package;8140255875;;;;"Запчасти и аксессуары";;;;0;;;;;;new;;;;;;18.10_26;removed;;
8140255068;Package;8140255068;;;;"Запчасти и аксессуары";;;;0;;;;;;new;;;;;;18.10_26;removed;;
8140254033;Package;8140254033;;;;"Запчасти и аксессуары";;;;0;;;;;;new;;;;;;18.10_26;removed;;
8140253676;Package;8140253676;;;;"Запчасти и аксессуары";;;;0;;;;;;new;;;;;;18.10_26;removed;;
8140252087;Package;8140252087;;;;"Запчасти и аксессуары";;;;0;;;;;;new;;;;;;18.10_26;removed;;
8140251692;Package;8140251692;;;;"Запчасти и аксессуары";;;;0;;;;;;new;;;;;;18.10_26;removed;;
8140251365;Package;8140251365;;;;"Запчасти и аксессуары";;;;0;;;;;;new;;;;;;18.10_26;removed;;
8140250220;Package;8140250220;;;;"Запчасти и аксессуары";;;;0;;;;;;new;;;;;;18.10_26;removed;;
8140250079;Package;8140250079;;;;"Запчасти и аксессуары";;;;0;;;;;;new;;;;;;18.10_26;removed;;
8140249479;Package;8140249479;;;;"Запчасти и аксессуары";;;;0;;;;;;new;;;;;;18.10_26;removed;;
8140248624;Package;8140248624;;;;"Запчасти и аксессуары";;;;0;;;;;;new;;;;;;18.10_26;removed;;
8140246526;Package;8140246526;;;;"Запчасти и аксессуары";;;;0;;;;;;new;;;;;;18.10_26;removed;;
8140244519;Package;8140244519;;;;"Запчасти и аксессуары";;;;0;;;;;;new;;;;;;18.10_26;removed;;
8140244245;Package;8140244245;;;;"Запчасти и аксессуары";;;;0;;;;;;new;;;;;;18.10_26;removed;;
8140244201;Package;8140244201;;;;"Запчасти и аксессуары";;;;0;;;;;;new;;;;;;18.10_26;removed;;
8140243768;Package;8140243768;;;;"Запчасти и аксессуары";;;;0;;;;;;new;;;;;;18.10_26;removed;;
8140243629;Package;8140243629;;;;"Запчасти и аксессуары";;;;0;;;;;;new;;;;;;18.10_26;removed;;
8140243528;Package;8140243528;;;;"Запчасти и аксессуары";;;;0;;;;;;new;;;;;;18.10_26;removed;;
8140243153;Package;8140243153;;;;"Запчасти и аксессуары";;;;0;;;;;;new;;;;;;18.10_26;removed;;
8140242898;Package;8140242898;;;;"Запчасти и аксессуары";;;;0;;;;;;new;;;;;;18.10_26;removed;;
8140242021;Package;8140242021;;;;"Запчасти и аксессуары";;;;0;;;;;;new;;;;;;18.10_26;removed;;
8140240690;Package;8140240690;;;;"Запчасти и аксессуары";;;;0;;;;;;new;;;;;;18.10_26;removed;;
8140240606;Package;8140240606;;;;"Запчасти и аксессуары";;;;0;;;;;;new;;;;;;18.10_26;removed;;
8140239850;Package;8140239850;;;;"Запчасти и аксессуары";;;;0;;;;;;new;;;;;;18.10_26;removed;;
8140239690;Package;8140239690;;;;"Запчасти и аксессуары";;;;0;;;;;;new;;;;;;18.10_26;removed;;
8140238869;Package;8140238869;;;;"Запчасти и аксессуары";;;;0;;;;;;new;;;;;;18.10_26;removed;;
8140237329;Package;8140237329;;;;"Запчасти и аксессуары";;;;0;;;;;;new;;;;;;18.10_26;removed;;
8140236900;Package;8140236900;;;;"Запчасти и аксессуары";;;;0;;;;;;new;;;;;;18.10_26;removed;;
8140236232;Package;8140236232;;;;"Запчасти и аксессуары";;;;0;;;;;;new;;;;;;18.10_26;removed;;
8140235643;Package;8140235643;;;;"Запчасти и аксессуары";;;;0;;;;;;new;;;;;;18.10_26;removed;;
8140233476;Package;8140233476;;;;"Запчасти и аксессуары";;;;0;;;;;;new;;;;;;18.10_26;removed;;
8140233234;Package;8140233234;;;;"Запчасти и аксессуары";;;;0;;;;;;new;;;;;;18.10_26;removed;;
8140232993;Package;8140232993;;;;"Запчасти и аксессуары";;;;0;;;;;;new;;;;;;18.10_26;removed;;
8140230360;Package;8140230360;;;;"Запчасти и аксессуары";;;;0;;;;;;new;;;;;;18.10_26;removed;;
8140227795;Package;8140227795;;;;"Запчасти и аксессуары";;;;0;;;;;;new;;;;;;18.10_26;removed;;
8140227611;Package;8140227611;;;;"Запчасти и аксессуары";;;;0;;;;;;new;;;;;;18.10_26;removed;;
8140223785;Package;8140223785;;;;"Запчасти и аксессуары";;;;0;;;;;;new;;;;;;18.10_26;removed;;
8140222870;Package;8140222870;;;;"Запчасти и аксессуары";;;;0;;;;;;new;;;;;;18.10_26;removed;;
8140222592;Package;8140222592;;;;"Запчасти и аксессуары";;;;0;;;;;;new;;;;;;18.10_26;removed;;
8140222456;Package;8140222456;;;;"Запчасти и аксессуары";;;;0;;;;;;new;;;;;;18.10_26;removed;;
8140222368;Package;8140222368;;;;"Запчасти и аксессуары";;;;0;;;;;;new;;;;;;18.10_26;removed;;
8140220385;Package;8140220385;;;;"Запчасти и аксессуары";;;;0;;;;;;new;;;;;;18.10_26;removed;;
8140220289;Package;8140220289;;;;"Запчасти и аксессуары";;;;0;;;;;;new;;;;;;18.10_26;removed;;
8140219562;Package;8140219562;;;;"Запчасти и аксессуары";;;;0;;;;;;new;;;;;;18.10_26;removed;;
8140219358;Package;8140219358;;;;"Запчасти и аксессуары";;;;0;;;;;;new;;;;;;18.10_26;removed;;
8140218909;Package;8140218909;;;;"Запчасти и аксессуары";;;;0;;;;;;new;;;;;;18.10_26;removed;;
8140218348;Package;8140218348;;;;"Запчасти и аксессуары";;;;0;;;;;;new;;;;;;18.10_26;removed;;
8140217816;Package;8140217816;;;;"Запчасти и аксессуары";;;;0;;;;;;new;;;;;;18.10_26;removed;;
8140217175;Package;8140217175;;;;"Запчасти и аксессуары";;;;0;;;;;;new;;;;;;18.10_26;removed;;
8140216582;Package;8140216582;;;;"Запчасти и аксессуары";;;;0;;;;;;new;;;;;;18.10_26;removed;;
8140216536;Package;8140216536;;;;"Запчасти и аксессуары";;;;0;;;;;;new;;;;;;18.10_26;removed;;
8140215942;Package;8140215942;;;;"Запчасти и аксессуары";;;;0;;;;;;new;;;;;;18.10_26;removed;;
8140215081;Package;8140215081;;;;"Запчасти и аксессуары";;;;0;;;;;;new;;;;;;18.10_26;removed;;
8140213946;Package;8140213946;;;;"Запчасти и аксессуары";;;;0;;;;;;new;;;;;;18.10_26;removed;;
8140209296;Package;8140209296;;;;"Запчасти и аксессуары";;;;0;;;;;;new;;;;;;18.10_26;removed;;
8140209004;Package;8140209004;;;;"Запчасти и аксессуары";;;;0;;;;;;new;;;;;;18.10_26;removed;;
8140208769;Package;8140208769;;;;"Запчасти и аксессуары";;;;0;;;;;;new;;;;;;18.10_26;removed;;
8140207525;Package;8140207525;;;;"Запчасти и аксессуары";;;;0;;;;;;new;;;;;;18.10_26;removed;;
8140207100;Package;8140207100;;;;"Запчасти и аксессуары";;;;0;;;;;;new;;;;;;18.10_26;removed;;
8140207020;Package;8140207020;;;;"Запчасти и аксессуары";;;;0;;;;;;new;;;;;;18.10_26;removed;;
8140205718;Package;8140205718;;;;"Запчасти и аксессуары";;;;0;;;;;;new;;;;;;18.10_26;removed;;
8140204956;Package;8140204956;;;;"Запчасти и аксессуары";;;;0;;;;;;new;;;;;;18.10_26;removed;;
8140204065;Package;8140204065;;;;"Запчасти и аксессуары";;;;0;;;;;;new;;;;;;18.10_26;removed;;
8140203823;Package;8140203823;;;;"Запчасти и аксессуары";;;;0;;;;;;new;;;;;;18.10_26;removed;;
8140200863;Package;8140200863;;;;"Запчасти и аксессуары";;;;0;;;;;;new;;;;;;18.10_26;removed;;
8140199648;Package;8140199648;;;;"Запчасти и аксессуары";;;;0;;;;;;new;;;;;;18.10_26;removed;;
8140197173;Package;8140197173;;;;"Запчасти и аксессуары";;;;0;;;;;;new;;;;;;18.10_26;removed;;
8140196959;Package;8140196959;;;;"Запчасти и аксессуары";;;;0;;;;;;new;;;;;;18.10_26;removed;;
8140196856;Package;8140196856;;;;"Запчасти и аксессуары";;;;0;;;;;;new;;;;;;18.10_26;removed;;
8140196084;Package;8140196084;;;;"Запчасти и аксессуары";;;;0;;;;;;new;;;;;;18.10_26;removed;;
8140195333;Package;8140195333;;;;"Запчасти и аксессуары";;;;0;;;;;;new;;;;;;18.10_26;removed;;
8140193655;Package;8140193655;;;;"Запчасти и аксессуары";;;;0;;;;;;new;;;;;;18.10_26;removed;;
8140192362;Package;8140192362;;;;"Запчасти и аксессуары";;;;0;;;;;;new;;;;;;18.10_26;removed;;
8140192295;Package;8140192295;;;;"Запчасти и аксессуары";;;;0;;;;;;new;;;;;;18.10_26;removed;;
8140191510;Package;8140191510;;;;"Запчасти и аксессуары";;;;0;;;;;;new;;;;;;18.10_26;removed;;
8140191502;Package;8140191502;;;;"Запчасти и аксессуары";;;;0;;;;;;new;;;;;;18.10_26;removed;;
8140190135;Package;8140190135;;;;"Запчасти и аксессуары";;;;0;;;;;;new;;;;;;18.10_26;removed;;
8140186246;Package;8140186246;;;;"Запчасти и аксессуары";;;;0;;;;;;new;;;;;;18.10_26;removed;;
8140186130;Package;8140186130;;;;"Запчасти и аксессуары";;;;0;;;;;;new;;;;;;18.10_26;removed;;
8140184789;Package;8140184789;;;;"Запчасти и аксессуары";;;;0;;;;;;new;;;;;;18.10_26;removed;;
8140183315;Package;8140183315;;;;"Запчасти и аксессуары";;;;0;;;;;;new;;;;;;18.10_26;removed;;
8140182652;Package;8140182652;;;;"Запчасти и аксессуары";;;;0;;;;;;new;;;;;;18.10_26;removed;;
8140181074;Package;8140181074;;;;"Запчасти и аксессуары";;;;0;;;;;;new;;;;;;18.10_26;removed;;
8140180148;Package;8140180148;;;;"Запчасти и аксессуары";;;;0;;;;;;new;;;;;;18.10_26;removed;;
8140180106;Package;8140180106;;;;"Запчасти и аксессуары";;;;0;;;;;;new;;;;;;18.10_26;removed;;
8140179871;Package;8140179871;;;;"Запчасти и аксессуары";;;;0;;;;;;new;;;;;;18.10_26;removed;;
8140179201;Package;8140179201;;;;"Запчасти и аксессуары";;;;0;;;;;;new;;;;;;18.10_26;removed;;
8140179078;Package;8140179078;;;;"Запчасти и аксессуары";;;;0;;;;;;new;;;;;;18.10_26;removed;;
8140179050;Package;8140179050;;;;"Запчасти и аксессуары";;;;0;;;;;;new;;;;;;18.10_26;removed;;
8140178747;Package;8140178747;;;;"Запчасти и аксессуары";;;;0;;;;;;new;;;;;;18.10_26;removed;;
8140178653;Package;8140178653;;;;"Запчасти и аксессуары";;;;0;;;;;;new;;;;;;18.10_26;removed;;
8140178030;Package;8140178030;;;;"Запчасти и аксессуары";;;;0;;;;;;new;;;;;;18.10_26;removed;;
8140176397;Package;8140176397;;;;"Запчасти и аксессуары";;;;0;;;;;;new;;;;;;18.10_26;removed;;
8140176264;Package;8140176264;;;;"Запчасти и аксессуары";;;;0;;;;;;new;;;;;;18.10_26;removed;;
8140175514;Package;8140175514;;;;"Запчасти и аксессуары";;;;0;;;;;;new;;;;;;18.10_26;removed;;
8140175029;Package;8140175029;;;;"Запчасти и аксессуары";;;;0;;;;;;new;;;;;;18.10_26;removed;;
8140173518;Package;8140173518;;;;"Запчасти и аксессуары";;;;0;;;;;;new;;;;;;18.10_26;removed;;
8140173301;Package;8140173301;;;;"Запчасти и аксессуары";;;;0;;;;;;new;;;;;;18.10_26;removed;;
8140172943;Package;8140172943;;;;"Запчасти и аксессуары";;;;0;;;;;;new;;;;;;18.10_26;removed;;
8140171827;Package;8140171827;;;;"Запчасти и аксессуары";;;;0;;;;;;new;;;;;;18.10_26;removed;;
8140171156;Package;8140171156;;;;"Запчасти и аксессуары";;;;0;;;;;;new;;;;;;18.10_26;removed;;
8140170691;Package;8140170691;;;;"Запчасти и аксессуары";;;;0;;;;;;new;;;;;;18.10_26;removed;;
8140170632;Package;8140170632;;;;"Запчасти и аксессуары";;;;0;;;;;;new;;;;;;18.10_26;removed;;
8140170481;Package;8140170481;;;;"Запчасти и аксессуары";;;;0;;;;;;new;;;;;;18.10_26;removed;;
8140169539;Package;8140169539;;;;"Запчасти и аксессуары";;;;0;;;;;;new;;;;;;18.10_26;removed;;
8140168822;Package;8140168822;;;;"Запчасти и аксессуары";;;;0;;;;;;new;;;;;;18.10_26;removed;;
8140168818;Package;8140168818;;;;"Запчасти и аксессуары";;;;0;;;;;;new;;;;;;18.10_26;removed;;
8140167595;Package;8140167595;;;;"Запчасти и аксессуары";;;;0;;;;;;new;;;;;;18.10_26;removed;;
8140167041;Package;8140167041;;;;"Запчасти и аксессуары";;;;0;;;;;;new;;;;;;18.10_26;removed;;
8140165930;Package;8140165930;;;;"Запчасти и аксессуары";;;;0;;;;;;new;;;;;;18.10_26;removed;;
8140165925;Package;8140165925;;;;"Запчасти и аксессуары";;;;0;;;;;;new;;;;;;18.10_26;removed;;
8140163559;Package;8140163559;;;;"Запчасти и аксессуары";;;;0;;;;;;new;;;;;;18.10_26;removed;;
8140160092;Package;8140160092;;;;"Запчасти и аксессуары";;;;0;;;;;;new;;;;;;18.10_26;removed;;
8140159087;Package;8140159087;;;;"Запчасти и аксессуары";;;;0;;;;;;new;;;;;;18.10_26;removed;;
8140159064;Package;8140159064;;;;"Запчасти и аксессуары";;;;0;;;;;;new;;;;;;18.10_26;removed;;
8140158795;Package;8140158795;;;;"Запчасти и аксессуары";;;;0;;;;;;new;;;;;;18.10_26;removed;;
8140158332;Package;8140158332;;;;"Запчасти и аксессуары";;;;0;;;;;;new;;;;;;18.10_26;removed;;
8140158320;Package;8140158320;;;;"Запчасти и аксессуары";;;;0;;;;;;new;;;;;;18.10_26;removed;;
8140156496;Package;8140156496;;;;"Запчасти и аксессуары";;;;0;;;;;;new;;;;;;18.10_26;removed;;
8140156374;Package;8140156374;;;;"Запчасти и аксессуары";;;;0;;;;;;new;;;;;;18.10_26;removed;;
8140154620;Package;8140154620;;;;"Запчасти и аксессуары";;;;0;;;;;;new;;;;;;18.10_26;removed;;
8140154186;Package;8140154186;;;;"Запчасти и аксессуары";;;;0;;;;;;new;;;;;;18.10_26;removed;;
8140153745;Package;8140153745;;;;"Запчасти и аксессуары";;;;0;;;;;;new;;;;;;18.10_26;removed;;
8140151841;Package;8140151841;;;;"Запчасти и аксессуары";;;;0;;;;;;new;;;;;;18.10_26;removed;;
8140149938;Package;8140149938;;;;"Запчасти и аксессуары";;;;0;;;;;;new;;;;;;18.10_26;removed;;
8140148918;Package;8140148918;;;;"Запчасти и аксессуары";;;;0;;;;;;new;;;;;;18.10_26;removed;;
8140148804;Package;8140148804;;;;"Запчасти и аксессуары";;;;0;;;;;;new;;;;;;18.10_26;removed;;
8140148713;Package;8140148713;;;;"Запчасти и аксессуары";;;;0;;;;;;new;;;;;;18.10_26;removed;;
8140148619;Package;8140148619;;;;"Запчасти и аксессуары";;;;0;;;;;;new;;;;;;18.10_26;removed;;
8140148548;Package;8140148548;;;;"Запчасти и аксессуары";;;;0;;;;;;new;;;;;;18.10_26;removed;;
8140147621;Package;8140147621;;;;"Запчасти и аксессуары";;;;0;;;;;;new;;;;;;18.10_26;removed;;
8140146857;Package;8140146857;;;;"Запчасти и аксессуары";;;;0;;;;;;new;;;;;;18.10_26;removed;;
8140146767;Package;8140146767;;;;"Запчасти и аксессуары";;;;0;;;;;;new;;;;;;18.10_26;removed;;
8140146524;Package;8140146524;;;;"Запчасти и аксессуары";;;;0;;;;;;new;;;;;;18.10_26;removed;;
8140145706;Package;8140145706;;;;"Запчасти и аксессуары";;;;0;;;;;;new;;;;;;18.10_26;removed;;
8140144846;Package;8140144846;;;;"Запчасти и аксессуары";;;;0;;;;;;new;;;;;;18.10_26;removed;;
8140141510;Package;8140141510;;;;"Запчасти и аксессуары";;;;0;;;;;;new;;;;;;18.10_26;removed;;
8140141482;Package;8140141482;;;;"Запчасти и аксессуары";;;;0;;;;;;new;;;;;;18.10_26;removed;;
8140141039;Package;8140141039;;;;"Запчасти и аксессуары";;;;0;;;;;;new;;;;;;18.10_26;removed;;
8140140597;Package;8140140597;;;;"Запчасти и аксессуары";;;;0;;;;;;new;;;;;;18.10_26;removed;;
8140139350;Package;8140139350;;;;"Запчасти и аксессуары";;;;0;;;;;;new;;;;;;18.10_26;removed;;
8140139281;Package;8140139281;;;;"Запчасти и аксессуары";;;;0;;;;;;new;;;;;;18.10_26;removed;;
8140138750;Package;8140138750;;;;"Запчасти и аксессуары";;;;0;;;;;;new;;;;;;18.10_26;removed;;
8140138110;Package;8140138110;;;;"Запчасти и аксессуары";;;;0;;;;;;new;;;;;;18.10_26;removed;;
8140137389;Package;8140137389;;;;"Запчасти и аксессуары";;;;0;;;;;;new;;;;;;18.10_26;removed;;
8140136460;Package;8140136460;;;;"Запчасти и аксессуары";;;;0;;;;;;new;;;;;;18.10_26;removed;;
8140135749;Package;8140135749;;;;"Запчасти и аксессуары";;;;0;;;;;;new;;;;;;18.10_26;removed;;
8140135472;Package;8140135472;;;;"Запчасти и аксессуары";;;;0;;;;;;new;;;;;;18.10_26;removed;;
8140135351;Package;8140135351;;;;"Запчасти и аксессуары";;;;0;;;;;;new;;;;;;18.10_26;removed;;
8140133413;Package;8140133413;;;;"Запчасти и аксессуары";;;;0;;;;;;new;;;;;;18.10_26;removed;;
8140132673;Package;8140132673;;;;"Запчасти и аксессуары";;;;0;;;;;;new;;;;;;18.10_26;removed;;
8140132317;Package;8140132317;;;;"Запчасти и аксессуары";;;;0;;;;;;new;;;;;;18.10_26;removed;;
8140132232;Package;8140132232;;;;"Запчасти и аксессуары";;;;0;;;;;;new;;;;;;18.10_26;removed;;
8140131635;Package;8140131635;;;;"Запчасти и аксессуары";;;;0;;;;;;new;;;;;;18.10_26;removed;;
8140131518;Package;8140131518;;;;"Запчасти и аксессуары";;;;0;;;;;;new;;;;;;18.10_26;removed;;
8140131290;Package;8140131290;;;;"Запчасти и аксессуары";;;;0;;;;;;new;;;;;;18.10_26;removed;;
8140130916;Package;8140130916;;;;"Запчасти и аксессуары";;;;0;;;;;;new;;;;;;18.10_26;removed;;
8140130175;Package;8140130175;;;;"Запчасти и аксессуары";;;;0;;;;;;new;;;;;;18.10_26;removed;;
8140128691;Package;8140128691;;;;"Запчасти и аксессуары";;;;0;;;;;;new;;;;;;18.10_26;removed;;
8140127010;Package;8140127010;;;;"Запчасти и аксессуары";;;;0;;;;;;new;;;;;;18.10_26;removed;;
8140126996;Package;8140126996;;;;"Запчасти и аксессуары";;;;0;;;;;;new;;;;;;18.10_26;removed;;
8140126882;Package;8140126882;;;;"Запчасти и аксессуары";;;;0;;;;;;new;;;;;;18.10_26;removed;;
8140126308;Package;8140126308;;;;"Запчасти и аксессуары";;;;0;;;;;;new;;;;;;18.10_26;removed;;
8140126187;Package;8140126187;;;;"Запчасти и аксессуары";;;;0;;;;;;new;;;;;;18.10_26;removed;;
8140125241;Package;8140125241;;;;"Запчасти и аксессуары";;;;0;;;;;;new;;;;;;18.10_26;removed;;
8140125037;Package;8140125037;;;;"Запчасти и аксессуары";;;;0;;;;;;new;;;;;;18.10_26;removed;;
8140124598;Package;8140124598;;;;"Запчасти и аксессуары";;;;0;;;;;;new;;;;;;18.10_26;removed;;
8140124298;Package;8140124298;;;;"Запчасти и аксессуары";;;;0;;;;;;new;;;;;;18.10_26;removed;;
8140124138;Package;8140124138;;;;"Запчасти и аксессуары";;;;0;;;;;;new;;;;;;18.10_26;removed;;
8140117824;Package;8140117824;;;;"Запчасти и аксессуары";;;;0;;;;;;new;;;;;;18.10_26;removed;;
8140117185;Package;8140117185;;;;"Запчасти и аксессуары";;;;0;;;;;;new;;;;;;18.10_26;removed;;
8140116271;Package;8140116271;;;;"Запчасти и аксессуары";;;;0;;;;;;new;;;;;;18.10_26;removed;;
8140115095;Package;8140115095;;;;"Запчасти и аксессуары";;;;0;;;;;;new;;;;;;18.10_26;removed;;
8140113553;Package;8140113553;;;;"Запчасти и аксессуары";;;;0;;;;;;new;;;;;;18.10_26;removed;;
8140113426;Package;8140113426;;;;"Запчасти и аксессуары";;;;0;;;;;;new;;;;;;18.10_26;removed;;
8140113423;Package;8140113423;;;;"Запчасти и аксессуары";;;;0;;;;;;new;;;;;;18.10_26;removed;;
8140110973;Package;8140110973;;;;"Запчасти и аксессуары";;;;0;;;;;;new;;;;;;18.10_26;removed;;
8140110869;Package;8140110869;;;;"Запчасти и аксессуары";;;;0;;;;;;new;;;;;;18.10_26;removed;;
8140110751;Package;8140110751;;;;"Запчасти и аксессуары";;;;0;;;;;;new;;;;;;18.10_26;removed;;
8140110559;Package;8140110559;;;;"Запчасти и аксессуары";;;;0;;;;;;new;;;;;;18.10_26;removed;;
8140110100;Package;8140110100;;;;"Запчасти и аксессуары";;;;0;;;;;;new;;;;;;18.10_26;removed;;
8140109913;Package;8140109913;;;;"Запчасти и аксессуары";;;;0;;;;;;new;;;;;;18.10_26;removed;;
8140109551;Package;8140109551;;;;"Запчасти и аксессуары";;;;0;;;;;;new;;;;;;18.10_26;removed;;
8140109170;Package;8140109170;;;;"Запчасти и аксессуары";;;;0;;;;;;new;;;;;;18.10_26;removed;;
8140108452;Package;8140108452;;;;"Запчасти и аксессуары";;;;0;;;;;;new;;;;;;18.10_26;removed;;
8140108413;Package;8140108413;;;;"Запчасти и аксессуары";;;;0;;;;;;new;;;;;;18.10_26;removed;;
8140107931;Package;8140107931;;;;"Запчасти и аксессуары";;;;0;;;;;;new;;;;;;18.10_26;removed;;
8140107152;Package;8140107152;;;;"Запчасти и аксессуары";;;;0;;;;;;new;;;;;;18.10_26;removed;;
8140106043;Package;8140106043;;;;"Запчасти и аксессуары";;;;0;;;;;;new;;;;;;18.10_26;removed;;
8140106022;Package;8140106022;;;;"Запчасти и аксессуары";;;;0;;;;;;new;;;;;;18.10_26;removed;;
8140105973;Package;8140105973;;;;"Запчасти и аксессуары";;;;0;;;;;;new;;;;;;18.10_26;removed;;
8140105617;Package;8140105617;;;;"Запчасти и аксессуары";;;;0;;;;;;new;;;;;;18.10_26;removed;;
8140104760;Package;8140104760;;;;"Запчасти и аксессуары";;;;0;;;;;;new;;;;;;18.10_26;removed;;
8140104025;Package;8140104025;;;;"Запчасти и аксессуары";;;;0;;;;;;new;;;;;;18.10_26;removed;;
8140103740;Package;8140103740;;;;"Запчасти и аксессуары";;;;0;;;;;;new;;;;;;18.10_26;removed;;
8140103609;Package;8140103609;;;;"Запчасти и аксессуары";;;;0;;;;;;new;;;;;;18.10_26;removed;;
8140103505;Package;8140103505;;;;"Запчасти и аксессуары";;;;0;;;;;;new;;;;;;18.10_26;removed;;
8140103085;Package;8140103085;;;;"Запчасти и аксессуары";;;;0;;;;;;new;;;;;;18.10_26;removed;;
8140102449;Package;8140102449;;;;"Запчасти и аксессуары";;;;0;;;;;;new;;;;;;18.10_26;removed;;
8140102254;Package;8140102254;;;;"Запчасти и аксессуары";;;;0;;;;;;new;;;;;;18.10_26;removed;;
8140100707;Package;8140100707;;;;"Запчасти и аксессуары";;;;0;;;;;;new;;;;;;18.10_26;removed;;
8140097226;Package;8140097226;;;;"Запчасти и аксессуары";;;;0;;;;;;new;;;;;;18.10_26;removed;;
8140097111;Package;8140097111;;;;"Запчасти и аксессуары";;;;0;;;;;;new;;;;;;18.10_26;removed;;
8140092463;Package;8140092463;;;;"Запчасти и аксессуары";;;;0;;;;;;new;;;;;;18.10_26;removed;;
8140090095;Package;8140090095;;;;"Запчасти и аксессуары";;;;0;;;;;;new;;;;;;18.10_26;removed;;
8140090081;Package;8140090081;;;;"Запчасти и аксессуары";;;;0;;;;;;new;;;;;;18.10_26;removed;;
8140087851;Package;8140087851;;;;"Запчасти и аксессуары";;;;0;;;;;;new;;;;;;18.10_26;removed;;
8140087774;Package;8140087774;;;;"Запчасти и аксессуары";;;;0;;;;;;new;;;;;;18.10_26;removed;;
8140086426;Package;8140086426;;;;"Запчасти и аксессуары";;;;0;;;;;;new;;;;;;18.10_26;removed;;
8140086341;Package;8140086341;;;;"Запчасти и аксессуары";;;;0;;;;;;new;;;;;;18.10_26;removed;;
8140085080;Package;8140085080;;;;"Запчасти и аксессуары";;;;0;;;;;;new;;;;;;18.10_26;removed;;
8140084911;Package;8140084911;;;;"Запчасти и аксессуары";;;;0;;;;;;new;;;;;;18.10_26;removed;;
8140084525;Package;8140084525;;;;"Запчасти и аксессуары";;;;0;;;;;;new;;;;;;18.10_26;removed;;
8140084455;Package;8140084455;;;;"Запчасти и аксессуары";;;;0;;;;;;new;;;;;;18.10_26;removed;;
8140084205;Package;8140084205;;;;"Запчасти и аксессуары";;;;0;;;;;;new;;;;;;18.10_26;removed;;
8140082452;Package;8140082452;;;;"Запчасти и аксессуары";;;;0;;;;;;new;;;;;;18.10_26;removed;;
8140081767;Package;8140081767;;;;"Запчасти и аксессуары";;;;0;;;;;;new;;;;;;18.10_26;removed;;
8140081540;Package;8140081540;;;;"Запчасти и аксессуары";;;;0;;;;;;new;;;;;;18.10_26;removed;;
8140080095;Package;8140080095;;;;"Запчасти и аксессуары";;;;0;;;;;;new;;;;;;18.10_26;removed;;
8140078714;Package;8140078714;;;;"Запчасти и аксессуары";;;;0;;;;;;new;;;;;;18.10_26;removed;;
8140078600;Package;8140078600;;;;"Запчасти и аксессуары";;;;0;;;;;;new;;;;;;18.10_26;removed;;
8140077317;Package;8140077317;;;;"Запчасти и аксессуары";;;;0;;;;;;new;;;;;;18.10_26;removed;;
8140076745;Package;8140076745;;;;"Запчасти и аксессуары";;;;0;;;;;;new;;;;;;18.10_26;removed;;
8140076643;Package;8140076643;;;;"Запчасти и аксессуары";;;;0;;;;;;new;;;;;;18.10_26;removed;;
8140075654;Package;8140075654;;;;"Запчасти и аксессуары";;;;0;;;;;;new;;;;;;18.10_26;removed;;
8140074224;Package;8140074224;;;;"Запчасти и аксессуары";;;;0;;;;;;new;;;;;;18.10_26;removed;;
8140073716;Package;8140073716;;;;"Запчасти и аксессуары";;;;0;;;;;;new;;;;;;18.10_26;removed;;
8140072245;Package;8140072245;;;;"Запчасти и аксессуары";;;;0;;;;;;new;;;;;;18.10_26;removed;;
8140072179;Package;8140072179;;;;"Запчасти и аксессуары";;;;0;;;;;;new;;;;;;18.10_26;removed;;
8140071548;Package;8140071548;;;;"Запчасти и аксессуары";;;;0;;;;;;new;;;;;;18.10_26;removed;;
8140069506;Package;8140069506;;;;"Запчасти и аксессуары";;;;0;;;;;;new;;;;;;18.10_26;removed;;
8140068007;Package;8140068007;;;;"Запчасти и аксессуары";;;;0;;;;;;new;;;;;;18.10_26;removed;;
8140066503;Package;8140066503;;;;"Запчасти и аксессуары";;;;0;;;;;;new;;;;;;18.10_26;removed;;
8140066226;Package;8140066226;;;;"Запчасти и аксессуары";;;;0;;;;;;new;;;;;;18.10_26;removed;;
8140066053;Package;8140066053;;;;"Запчасти и аксессуары";;;;0;;;;;;new;;;;;;18.10_26;removed;;
8140065865;Package;8140065865;;;;"Запчасти и аксессуары";;;;0;;;;;;new;;;;;;18.10_26;removed;;
8140064456;Package;8140064456;;;;"Запчасти и аксессуары";;;;0;;;;;;new;;;;;;18.10_26;removed;;
8140063532;Package;8140063532;;;;"Запчасти и аксессуары";;;;0;;;;;;new;;;;;;18.10_26;removed;;
8140062242;Package;8140062242;;;;"Запчасти и аксессуары";;;;0;;;;;;new;;;;;;18.10_26;removed;;
8140062166;Package;8140062166;;;;"Запчасти и аксессуары";;;;0;;;;;;new;;;;;;18.10_26;removed;;
8140060576;Package;8140060576;;;;"Запчасти и аксессуары";;;;0;;;;;;new;;;;;;18.10_26;removed;;
8140060552;Package;8140060552;;;;"Запчасти и аксессуары";;;;0;;;;;;new;;;;;;18.10_26;removed;;
8140059700;Package;8140059700;;;;"Запчасти и аксессуары";;;;0;;;;;;new;;;;;;18.10_26;removed;;
8140059187;Package;8140059187;;;;"Запчасти и аксессуары";;;;0;;;;;;new;;;;;;18.10_26;removed;;
8140058703;Package;8140058703;;;;"Запчасти и аксессуары";;;;0;;;;;;new;;;;;;18.10_26;removed;;
8140057751;Package;8140057751;;;;"Запчасти и аксессуары";;;;0;;;;;;new;;;;;;18.10_26;removed;;
8140057486;Package;8140057486;;;;"Запчасти и аксессуары";;;;0;;;;;;new;;;;;;18.10_26;removed;;
8140055999;Package;8140055999;;;;"Запчасти и аксессуары";;;;0;;;;;;new;;;;;;18.10_26;removed;;
8140055921;Package;8140055921;;;;"Запчасти и аксессуары";;;;0;;;;;;new;;;;;;18.10_26;removed;;
8140055219;Package;8140055219;;;;"Запчасти и аксессуары";;;;0;;;;;;new;;;;;;18.10_26;removed;;
8140054249;Package;8140054249;;;;"Запчасти и аксессуары";;;;0;;;;;;new;;;;;;18.10_26;removed;;
8140053950;Package;8140053950;;;;"Запчасти и аксессуары";;;;0;;;;;;new;;;;;;18.10_26;removed;;
8140053597;Package;8140053597;;;;"Запчасти и аксессуары";;;;0;;;;;;new;;;;;;18.10_26;removed;;
8140053397;Package;8140053397;;;;"Запчасти и аксессуары";;;;0;;;;;;new;;;;;;18.10_26;removed;;
8140052343;Package;8140052343;;;;"Запчасти и аксессуары";;;;0;;;;;;new;;;;;;18.10_26;removed;;
8140051156;Package;8140051156;;;;"Запчасти и аксессуары";;;;0;;;;;;new;;;;;;18.10_26;removed;;
8140050709;Package;8140050709;;;;"Запчасти и аксессуары";;;;0;;;;;;new;;;;;;18.10_26;removed;;
8140047964;Package;8140047964;;;;"Запчасти и аксессуары";;;;0;;;;;;new;;;;;;18.10_26;removed;;
8140046149;Package;8140046149;;;;"Запчасти и аксессуары";;;;0;;;;;;new;;;;;;18.10_26;removed;;
8140045893;Package;8140045893;;;;"Запчасти и аксессуары";;;;0;;;;;;new;;;;;;18.10_26;removed;;
8140045489;Package;8140045489;;;;"Запчасти и аксессуары";;;;0;;;;;;new;;;;;;18.10_26;removed;;
8140045483;Package;8140045483;;;;"Запчасти и аксессуары";;;;0;;;;;;new;;;;;;18.10_26;removed;;
8140045360;Package;8140045360;;;;"Запчасти и аксессуары";;;;0;;;;;;new;;;;;;18.10_26;removed;;
8140045009;Package;8140045009;;;;"Запчасти и аксессуары";;;;0;;;;;;new;;;;;;18.10_26;removed;;
8140044679;Package;8140044679;;;;"Запчасти и аксессуары";;;;0;;;;;;new;;;;;;18.10_26;removed;;
8140044655;Package;8140044655;;;;"Запчасти и аксессуары";;;;0;;;;;;new;;;;;;18.10_26;removed;;
8140044545;Package;8140044545;;;;"Запчасти и аксессуары";;;;0;;;;;;new;;;;;;18.10_26;removed;;
8140044461;Package;8140044461;;;;"Запчасти и аксессуары";;;;0;;;;;;new;;;;;;18.10_26;removed;;
8140044356;Package;8140044356;;;;"Запчасти и аксессуары";;;;0;;;;;;new;;;;;;18.10_26;removed;;
8140044171;Package;8140044171;;;;"Запчасти и аксессуары";;;;0;;;;;;new;;;;;;18.10_26;removed;;
8140042472;Package;8140042472;;;;"Запчасти и аксессуары";;;;0;;;;;;new;;;;;;18.10_26;removed;;
8140042209;Package;8140042209;;;;"Запчасти и аксессуары";;;;0;;;;;;new;;;;;;18.10_26;removed;;
8140041979;Package;8140041979;;;;"Запчасти и аксессуары";;;;0;;;;;;new;;;;;;18.10_26;removed;;
8140041191;Package;8140041191;;;;"Запчасти и аксессуары";;;;0;;;;;;new;;;;;;18.10_26;removed;;
8140039690;Package;8140039690;;;;"Запчасти и аксессуары";;;;0;;;;;;new;;;;;;18.10_26;removed;;
8140039327;Package;8140039327;;;;"Запчасти и аксессуары";;;;0;;;;;;new;;;;;;18.10_26;removed;;
8140038516;Package;8140038516;;;;"Запчасти и аксессуары";;;;0;;;;;;new;;;;;;18.10_26;removed;;
8140037700;Package;8140037700;;;;"Запчасти и аксессуары";;;;0;;;;;;new;;;;;;18.10_26;removed;;
8140036393;Package;8140036393;;;;"Запчасти и аксессуары";;;;0;;;;;;new;;;;;;18.10_26;removed;;
8140035883;Package;8140035883;;;;"Запчасти и аксессуары";;;;0;;;;;;new;;;;;;18.10_26;removed;;
8140035741;Package;8140035741;;;;"Запчасти и аксессуары";;;;0;;;;;;new;;;;;;18.10_26;removed;;
8140035622;Package;8140035622;;;;"Запчасти и аксессуары";;;;0;;;;;;new;;;;;;18.10_26;removed;;
8140035348;Package;8140035348;;;;"Запчасти и аксессуары";;;;0;;;;;;new;;;;;;18.10_26;removed;;
8140035241;Package;8140035241;;;;"Запчасти и аксессуары";;;;0;;;;;;new;;;;;;18.10_26;removed;;
8140034669;Package;8140034669;;;;"Запчасти и аксессуары";;;;0;;;;;;new;;;;;;18.10_26;removed;;
8140033891;Package;8140033891;;;;"Запчасти и аксессуары";;;;0;;;;;;new;;;;;;18.10_26;removed;;
8140032873;Package;8140032873;;;;"Запчасти и аксессуары";;;;0;;;;;;new;;;;;;18.10_26;removed;;
8140032463;Package;8140032463;;;;"Запчасти и аксессуары";;;;0;;;;;;new;;;;;;18.10_26;removed;;
8140031879;Package;8140031879;;;;"Запчасти и аксессуары";;;;0;;;;;;new;;;;;;18.10_26;removed;;
8140030928;Package;8140030928;;;;"Запчасти и аксессуары";;;;0;;;;;;new;;;;;;18.10_26;removed;;
8140028190;Package;8140028190;;;;"Запчасти и аксессуары";;;;0;;;;;;new;;;;;;18.10_26;removed;;
8140027898;Package;8140027898;;;;"Запчасти и аксессуары";;;;0;;;;;;new;;;;;;18.10_26;removed;;
8140027504;Package;8140027504;;;;"Запчасти и аксессуары";;;;0;;;;;;new;;;;;;18.10_26;removed;;
8140026613;Package;8140026613;;;;"Запчасти и аксессуары";;;;0;;;;;;new;;;;;;18.10_26;removed;;
8140026397;Package;8140026397;;;;"Запчасти и аксессуары";;;;0;;;;;;new;;;;;;18.10_26;removed;;
8140025885;Package;8140025885;;;;"Запчасти и аксессуары";;;;0;;;;;;new;;;;;;18.10_26;removed;;
8140023054;Package;8140023054;;;;"Запчасти и аксессуары";;;;0;;;;;;new;;;;;;18.10_26;removed;;
8140023014;Package;8140023014;;;;"Запчасти и аксессуары";;;;0;;;;;;new;;;;;;18.10_26;removed;;
8140022698;Package;8140022698;;;;"Запчасти и аксессуары";;;;0;;;;;;new;;;;;;18.10_26;removed;;
8140020066;Package;8140020066;;;;"Запчасти и аксессуары";;;;0;;;;;;new;;;;;;18.10_26;removed;;
8140019400;Package;8140019400;;;;"Запчасти и аксессуары";;;;0;;;;;;new;;;;;;18.10_26;removed;;
8140019324;Package;8140019324;;;;"Запчасти и аксессуары";;;;0;;;;;;new;;;;;;18.10_26;removed;;
8140017399;Package;8140017399;;;;"Запчасти и аксессуары";;;;0;;;;;;new;;;;;;18.10_26;removed;;
8140016951;Package;8140016951;;;;"Запчасти и аксессуары";;;;0;;;;;;new;;;;;;18.10_26;removed;;
8140015217;Package;8140015217;;;;"Запчасти и аксессуары";;;;0;;;;;;new;;;;;;18.10_26;removed;;
8140013680;Package;8140013680;;;;"Запчасти и аксессуары";;;;0;;;;;;new;;;;;;18.10_26;removed;;
8140012548;Package;8140012548;;;;"Запчасти и аксессуары";;;;0;;;;;;new;;;;;;18.10_26;removed;;
8140012068;Package;8140012068;;;;"Запчасти и аксессуары";;;;0;;;;;;new;;;;;;18.10_26;removed;;
8140011890;Package;8140011890;;;;"Запчасти и аксессуары";;;;0;;;;;;new;;;;;;18.10_26;removed;;
8140011489;Package;8140011489;;;;"Запчасти и аксессуары";;;;0;;;;;;new;;;;;;18.10_26;removed;;
8140010833;Package;8140010833;;;;"Запчасти и аксессуары";;;;0;;;;;;new;;;;;;18.10_26;removed;;
8140010343;Package;8140010343;;;;"Запчасти и аксессуары";;;;0;;;;;;new;;;;;;18.10_26;removed;;
8140009258;Package;8140009258;;;;"Запчасти и аксессуары";;;;0;;;;;;new;;;;;;18.10_26;removed;;
8140009242;Package;8140009242;;;;"Запчасти и аксессуары";;;;0;;;;;;new;;;;;;18.10_26;removed;;
8140008294;Package;8140008294;;;;"Запчасти и аксессуары";;;;0;;;;;;new;;;;;;18.10_26;removed;;
8140007840;Package;8140007840;;;;"Запчасти и аксессуары";;;;0;;;;;;new;;;;;;18.10_26;removed;;
8140007074;Package;8140007074;;;;"Запчасти и аксессуары";;;;0;;;;;;new;;;;;;18.10_26;removed;;
8140006815;Package;8140006815;;;;"Запчасти и аксессуары";;;;0;;;;;;new;;;;;;18.10_26;removed;;
8140006644;Package;8140006644;;;;"Запчасти и аксессуары";;;;0;;;;;;new;;;;;;18.10_26;removed;;
8140005686;Package;8140005686;;;;"Запчасти и аксессуары";;;;0;;;;;;new;;;;;;18.10_26;removed;;
8140005660;Package;8140005660;;;;"Запчасти и аксессуары";;;;0;;;;;;new;;;;;;18.10_26;removed;;
8140004934;Package;8140004934;;;;"Запчасти и аксессуары";;;;0;;;;;;new;;;;;;18.10_26;removed;;
8140003413;Package;8140003413;;;;"Запчасти и аксессуары";;;;0;;;;;;new;;;;;;18.10_26;removed;;
8140002644;Package;8140002644;;;;"Запчасти и аксессуары";;;;0;;;;;;new;;;;;;18.10_26;removed;;
8139999230;Package;8139999230;;;;"Запчасти и аксессуары";;;;0;;;;;;new;;;;;;18.10_26;removed;;
8139998927;Package;8139998927;;;;"Запчасти и аксессуары";;;;0;;;;;;new;;;;;;18.10_26;removed;;
8139998896;Package;8139998896;;;;"Запчасти и аксессуары";;;;0;;;;;;new;;;;;;18.10_26;removed;;
8139998889;Package;8139998889;;;;"Запчасти и аксессуары";;;;0;;;;;;new;;;;;;18.10_26;removed;;
8139997572;Package;8139997572;;;;"Запчасти и аксессуары";;;;0;;;;;;new;;;;;;18.10_26;removed;;
8139997099;Package;8139997099;;;;"Запчасти и аксессуары";;;;0;;;;;;new;;;;;;18.10_26;removed;;
8139996743;Package;8139996743;;;;"Запчасти и аксессуары";;;;0;;;;;;new;;;;;;18.10_26;removed;;
8139996696;Package;8139996696;;;;"Запчасти и аксессуары";;;;0;;;;;;new;;;;;;18.10_26;removed;;
8139996594;Package;8139996594;;;;"Запчасти и аксессуары";;;;0;;;;;;new;;;;;;18.10_26;removed;;
8139994655;Package;8139994655;;;;"Запчасти и аксессуары";;;;0;;;;;;new;;;;;;18.10_26;removed;;
8139993659;Package;8139993659;;;;"Запчасти и аксессуары";;;;0;;;;;;new;;;;;;18.10_26;removed;;
8139992735;Package;8139992735;;;;"Запчасти и аксессуары";;;;0;;;;;;new;;;;;;18.10_26;removed;;
8139992563;Package;8139992563;;;;"Запчасти и аксессуары";;;;0;;;;;;new;;;;;;18.10_26;removed;;
8139991682;Package;8139991682;;;;"Запчасти и аксессуары";;;;0;;;;;;new;;;;;;18.10_26;removed;;
8139991633;Package;8139991633;;;;"Запчасти и аксессуары";;;;0;;;;;;new;;;;;;18.10_26;removed;;
8139991187;Package;8139991187;;;;"Запчасти и аксессуары";;;;0;;;;;;new;;;;;;18.10_26;removed;;
8139990660;Package;8139990660;;;;"Запчасти и аксессуары";;;;0;;;;;;new;;;;;;18.10_26;removed;;
8139990246;Package;8139990246;;;;"Запчасти и аксессуары";;;;0;;;;;;new;;;;;;18.10_26;removed;;
8139988798;Package;8139988798;;;;"Запчасти и аксессуары";;;;0;;;;;;new;;;;;;18.10_26;removed;;
8139988377;Package;8139988377;;;;"Запчасти и аксессуары";;;;0;;;;;;new;;;;;;18.10_26;removed;;
8139985279;Package;8139985279;;;;"Запчасти и аксессуары";;;;0;;;;;;new;;;;;;18.10_26;removed;;
8139985250;Package;8139985250;;;;"Запчасти и аксессуары";;;;0;;;;;;new;;;;;;18.10_26;removed;;
8139982482;Package;8139982482;;;;"Запчасти и аксессуары";;;;0;;;;;;new;;;;;;18.10_26;removed;;
8139981796;Package;8139981796;;;;"Запчасти и аксессуары";;;;0;;;;;;new;;;;;;18.10_26;removed;;
8139981353;Package;8139981353;;;;"Запчасти и аксессуары";;;;0;;;;;;new;;;;;;18.10_26;removed;;
8139980695;Package;8139980695;;;;"Запчасти и аксессуары";;;;0;;;;;;new;;;;;;18.10_26;removed;;
8139980424;Package;8139980424;;;;"Запчасти и аксессуары";;;;0;;;;;;new;;;;;;18.10_26;removed;;
8139980085;Package;8139980085;;;;"Запчасти и аксессуары";;;;0;;;;;;new;;;;;;18.10_26;removed;;
8139979584;Package;8139979584;;;;"Запчасти и аксессуары";;;;0;;;;;;new;;;;;;18.10_26;removed;;
8139978276;Package;8139978276;;;;"Запчасти и аксессуары";;;;0;;;;;;new;;;;;;18.10_26;removed;;
8139977854;Package;8139977854;;;;"Запчасти и аксессуары";;;;0;;;;;;new;;;;;;18.10_26;removed;;
8139975251;Package;8139975251;;;;"Запчасти и аксессуары";;;;0;;;;;;new;;;;;;18.10_26;removed;;
8139975148;Package;8139975148;;;;"Запчасти и аксессуары";;;;0;;;;;;new;;;;;;18.10_26;removed;;
8139974604;Package;8139974604;;;;"Запчасти и аксессуары";;;;0;;;;;;new;;;;;;18.10_26;removed;;
8139973866;Package;8139973866;;;;"Запчасти и аксессуары";;;;0;;;;;;new;;;;;;18.10_26;removed;;
8139973316;Package;8139973316;;;;"Запчасти и аксессуары";;;;0;;;;;;new;;;;;;18.10_26;removed;;
8139972850;Package;8139972850;;;;"Запчасти и аксессуары";;;;0;;;;;;new;;;;;;18.10_26;removed;;
8139972651;Package;8139972651;;;;"Запчасти и аксессуары";;;;0;;;;;;new;;;;;;18.10_26;removed;;
8139972083;Package;8139972083;;;;"Запчасти и аксессуары";;;;0;;;;;;new;;;;;;18.10_26;removed;;
8139970531;Package;8139970531;;;;"Запчасти и аксессуары";;;;0;;;;;;new;;;;;;18.10_26;removed;;
8139970407;Package;8139970407;;;;"Запчасти и аксессуары";;;;0;;;;;;new;;;;;;18.10_26;removed;;
8139970329;Package;8139970329;;;;"Запчасти и аксессуары";;;;0;;;;;;new;;;;;;18.10_26;removed;;
8139970172;Package;8139970172;;;;"Запчасти и аксессуары";;;;0;;;;;;new;;;;;;18.10_26;removed;;
8139969832;Package;8139969832;;;;"Запчасти и аксессуары";;;;0;;;;;;new;;;;;;18.10_26;removed;;
8139969662;Package;8139969662;;;;"Запчасти и аксессуары";;;;0;;;;;;new;;;;;;18.10_26;removed;;
8139969250;Package;8139969250;;;;"Запчасти и аксессуары";;;;0;;;;;;new;;;;;;18.10_26;removed;;
8139968469;Package;8139968469;;;;"Запчасти и аксессуары";;;;0;;;;;;new;;;;;;18.10_26;removed;;
8139968446;Package;8139968446;;;;"Запчасти и аксессуары";;;;0;;;;;;new;;;;;;18.10_26;removed;;
8139968301;Package;8139968301;;;;"Запчасти и аксессуары";;;;0;;;;;;new;;;;;;18.10_26;removed;;
8139968118;Package;8139968118;;;;"Запчасти и аксессуары";;;;0;;;;;;new;;;;;;18.10_26;removed;;
8139968079;Package;8139968079;;;;"Запчасти и аксессуары";;;;0;;;;;;new;;;;;;18.10_26;removed;;
8139965934;Package;8139965934;;;;"Запчасти и аксессуары";;;;0;;;;;;new;;;;;;18.10_26;removed;;
8139965854;Package;8139965854;;;;"Запчасти и аксессуары";;;;0;;;;;;new;;;;;;18.10_26;removed;;
8139964433;Package;8139964433;;;;"Запчасти и аксессуары";;;;0;;;;;;new;;;;;;18.10_26;removed;;
8139964110;Package;8139964110;;;;"Запчасти и аксессуары";;;;0;;;;;;new;;;;;;18.10_26;removed;;
8139963143;Package;8139963143;;;;"Запчасти и аксессуары";;;;0;;;;;;new;;;;;;18.10_26;removed;;
8139961554;Package;8139961554;;;;"Запчасти и аксессуары";;;;0;;;;;;new;;;;;;18.10_26;removed;;
8139960540;Package;8139960540;;;;"Запчасти и аксессуары";;;;0;;;;;;new;;;;;;18.10_26;removed;;
8139959909;Package;8139959909;;;;"Запчасти и аксессуары";;;;0;;;;;;new;;;;;;18.10_26;removed;;
8139958618;Package;8139958618;;;;"Запчасти и аксессуары";;;;0;;;;;;new;;;;;;18.10_26;removed;;
8139958594;Package;8139958594;;;;"Запчасти и аксессуары";;;;0;;;;;;new;;;;;;18.10_26;removed;;
8139958320;Package;8139958320;;;;"Запчасти и аксессуары";;;;0;;;;;;new;;;;;;18.10_26;removed;;
8139956735;Package;8139956735;;;;"Запчасти и аксессуары";;;;0;;;;;;new;;;;;;18.10_26;removed;;
8139956679;Package;8139956679;;;;"Запчасти и аксессуары";;;;0;;;;;;new;;;;;;18.10_26;removed;;
8139956261;Package;8139956261;;;;"Запчасти и аксессуары";;;;0;;;;;;new;;;;;;18.10_26;removed;;
8139956222;Package;8139956222;;;;"Запчасти и аксессуары";;;;0;;;;;;new;;;;;;18.10_26;removed;;
8139955128;Package;8139955128;;;;"Запчасти и аксессуары";;;;0;;;;;;new;;;;;;18.10_26;removed;;
8139953930;Package;8139953930;;;;"Запчасти и аксессуары";;;;0;;;;;;new;;;;;;18.10_26;removed;;
8139953562;Package;8139953562;;;;"Запчасти и аксессуары";;;;0;;;;;;new;;;;;;18.10_26;removed;;
8139953506;Package;8139953506;;;;"Запчасти и аксессуары";;;;0;;;;;;new;;;;;;18.10_26;removed;;
8139953429;Package;8139953429;;;;"Запчасти и аксессуары";;;;0;;;;;;new;;;;;;18.10_26;removed;;
8139951622;Package;8139951622;;;;"Запчасти и аксессуары";;;;0;;;;;;new;;;;;;18.10_26;removed;;
8139951451;Package;8139951451;;;;"Запчасти и аксессуары";;;;0;;;;;;new;;;;;;18.10_26;removed;;
8139950880;Package;8139950880;;;;"Запчасти и аксессуары";;;;0;;;;;;new;;;;;;18.10_26;removed;;
8139950475;Package;8139950475;;;;"Запчасти и аксессуары";;;;0;;;;;;new;;;;;;18.10_26;removed;;
8139947933;Package;8139947933;;;;"Запчасти и аксессуары";;;;0;;;;;;new;;;;;;18.10_26;removed;;
8139946988;Package;8139946988;;;;"Запчасти и аксессуары";;;;0;;;;;;new;;;;;;18.10_26;removed;;
8139946837;Package;8139946837;;;;"Запчасти и аксессуары";;;;0;;;;;;new;;;;;;18.10_26;removed;;
8139946229;Package;8139946229;;;;"Запчасти и аксессуары";;;;0;;;;;;new;;;;;;18.10_26;removed;;
8139945685;Package;8139945685;;;;"Запчасти и аксессуары";;;;0;;;;;;new;;;;;;18.10_26;removed;;
8139945375;Package;8139945375;;;;"Запчасти и аксессуары";;;;0;;;;;;new;;;;;;18.10_26;removed;;
8139943479;Package;8139943479;;;;"Запчасти и аксессуары";;;;0;;;;;;new;;;;;;18.10_26;removed;;
8139943078;Package;8139943078;;;;"Запчасти и аксессуары";;;;0;;;;;;new;;;;;;18.10_26;removed;;
8139939838;Package;8139939838;;;;"Запчасти и аксессуары";;;;0;;;;;;new;;;;;;18.10_26;removed;;
8139938236;Package;8139938236;;;;"Запчасти и аксессуары";;;;0;;;;;;new;;;;;;18.10_26;removed;;
8139936367;Package;8139936367;;;;"Запчасти и аксессуары";;;;0;;;;;;new;;;;;;18.10_26;removed;;
8139935969;Package;8139935969;;;;"Запчасти и аксессуары";;;;0;;;;;;new;;;;;;18.10_26;removed;;
8139934758;Package;8139934758;;;;"Запчасти и аксессуары";;;;0;;;;;;new;;;;;;18.10_26;removed;;
8139934099;Package;8139934099;;;;"Запчасти и аксессуары";;;;0;;;;;;new;;;;;;18.10_26;removed;;
8139933274;Package;8139933274;;;;"Запчасти и аксессуары";;;;0;;;;;;new;;;;;;18.10_26;removed;;
8139931782;Package;8139931782;;;;"Запчасти и аксессуары";;;;0;;;;;;new;;;;;;18.10_26;removed;;
8139931334;Package;8139931334;;;;"Запчасти и аксессуары";;;;0;;;;;;new;;;;;;18.10_26;removed;;
8139929952;Package;8139929952;;;;"Запчасти и аксессуары";;;;0;;;;;;new;;;;;;18.10_26;removed;;
8139928594;Package;8139928594;;;;"Запчасти и аксессуары";;;;0;;;;;;new;;;;;;18.10_26;removed;;
8139927210;Package;8139927210;;;;"Запчасти и аксессуары";;;;0;;;;;;new;;;;;;18.10_26;removed;;
8139923993;Package;8139923993;;;;"Запчасти и аксессуары";;;;0;;;;;;new;;;;;;18.10_26;removed;;
8139922874;Package;8139922874;;;;"Запчасти и аксессуары";;;;0;;;;;;new;;;;;;18.10_26;removed;;
8139922861;Package;8139922861;;;;"Запчасти и аксессуары";;;;0;;;;;;new;;;;;;18.10_26;removed;;
8139920998;Package;8139920998;;;;"Запчасти и аксессуары";;;;0;;;;;;new;;;;;;18.10_26;removed;;
8139920121;Package;8139920121;;;;"Запчасти и аксессуары";;;;0;;;;;;new;;;;;;18.10_26;removed;;
8139916304;Package;8139916304;;;;"Запчасти и аксессуары";;;;0;;;;;;new;;;;;;18.10_26;removed;;
8139916121;Package;8139916121;;;;"Запчасти и аксессуары";;;;0;;;;;;new;;;;;;18.10_26;removed;;
8139915731;Package;8139915731;;;;"Запчасти и аксессуары";;;;0;;;;;;new;;;;;;18.10_26;removed;;
8139915425;Package;8139915425;;;;"Запчасти и аксессуары";;;;0;;;;;;new;;;;;;18.10_26;removed;;
8139915083;Package;8139915083;;;;"Запчасти и аксессуары";;;;0;;;;;;new;;;;;;18.10_26;removed;;
8139914808;Package;8139914808;;;;"Запчасти и аксессуары";;;;0;;;;;;new;;;;;;18.10_26;removed;;
8139913768;Package;8139913768;;;;"Запчасти и аксессуары";;;;0;;;;;;new;;;;;;18.10_26;removed;;
8139913681;Package;8139913681;;;;"Запчасти и аксессуары";;;;0;;;;;;new;;;;;;18.10_26;removed;;
8139913613;Package;8139913613;;;;"Запчасти и аксессуары";;;;0;;;;;;new;;;;;;18.10_26;removed;;
8139913272;Package;8139913272;;;;"Запчасти и аксессуары";;;;0;;;;;;new;;;;;;18.10_26;removed;;
8139912856;Package;8139912856;;;;"Запчасти и аксессуары";;;;0;;;;;;new;;;;;;18.10_26;removed;;
8139912664;Package;8139912664;;;;"Запчасти и аксессуары";;;;0;;;;;;new;;;;;;18.10_26;removed;;
8139911975;Package;8139911975;;;;"Запчасти и аксессуары";;;;0;;;;;;new;;;;;;18.10_26;removed;;
8139911004;Package;8139911004;;;;"Запчасти и аксессуары";;;;0;;;;;;new;;;;;;18.10_26;removed;;
8139910866;Package;8139910866;;;;"Запчасти и аксессуары";;;;0;;;;;;new;;;;;;18.10_26;removed;;
8139909527;Package;8139909527;;;;"Запчасти и аксессуары";;;;0;;;;;;new;;;;;;18.10_26;removed;;
8139909100;Package;8139909100;;;;"Запчасти и аксессуары";;;;0;;;;;;new;;;;;;18.10_26;removed;;
8139909011;Package;8139909011;;;;"Запчасти и аксессуары";;;;0;;;;;;new;;;;;;18.10_26;removed;;
8139907268;Package;8139907268;;;;"Запчасти и аксессуары";;;;0;;;;;;new;;;;;;18.10_26;removed;;
8139907173;Package;8139907173;;;;"Запчасти и аксессуары";;;;0;;;;;;new;;;;;;18.10_26;removed;;
8139907042;Package;8139907042;;;;"Запчасти и аксессуары";;;;0;;;;;;new;;;;;;18.10_26;removed;;
8139906701;Package;8139906701;;;;"Запчасти и аксессуары";;;;0;;;;;;new;;;;;;18.10_26;removed;;
8139906124;Package;8139906124;;;;"Запчасти и аксессуары";;;;0;;;;;;new;;;;;;18.10_26;removed;;
8139905458;Package;8139905458;;;;"Запчасти и аксессуары";;;;0;;;;;;new;;;;;;18.10_26;removed;;
8139905168;Package;8139905168;;;;"Запчасти и аксессуары";;;;0;;;;;;new;;;;;;18.10_26;removed;;
8139905062;Package;8139905062;;;;"Запчасти и аксессуары";;;;0;;;;;;new;;;;;;18.10_26;removed;;
8139904016;Package;8139904016;;;;"Запчасти и аксессуары";;;;0;;;;;;new;;;;;;18.10_26;removed;;
8139902307;Package;8139902307;;;;"Запчасти и аксессуары";;;;0;;;;;;new;;;;;;18.10_26;removed;;
8139901685;Package;8139901685;;;;"Запчасти и аксессуары";;;;0;;;;;;new;;;;;;18.10_26;removed;;
8139901423;Package;8139901423;;;;"Запчасти и аксессуары";;;;0;;;;;;new;;;;;;18.10_26;removed;;
8139900308;Package;8139900308;;;;"Запчасти и аксессуары";;;;0;;;;;;new;;;;;;18.10_26;removed;;
8139900104;Package;8139900104;;;;"Запчасти и аксессуары";;;;0;;;;;;new;;;;;;18.10_26;removed;;
8139899655;Package;8139899655;;;;"Запчасти и аксессуары";;;;0;;;;;;new;;;;;;18.10_26;removed;;
8139899365;Package;8139899365;;;;"Запчасти и аксессуары";;;;0;;;;;;new;;;;;;18.10_26;removed;;
8139899047;Package;8139899047;;;;"Запчасти и аксессуары";;;;0;;;;;;new;;;;;;18.10_26;removed;;
8139898634;Package;8139898634;;;;"Запчасти и аксессуары";;;;0;;;;;;new;;;;;;18.10_26;removed;;
8139897998;Package;8139897998;;;;"Запчасти и аксессуары";;;;0;;;;;;new;;;;;;18.10_26;removed;;
8139895421;Package;8139895421;;;;"Запчасти и аксессуары";;;;0;;;;;;new;;;;;;18.10_26;removed;;
8139895011;Package;8139895011;;;;"Запчасти и аксессуары";;;;0;;;;;;new;;;;;;18.10_26;removed;;
8139893514;Package;8139893514;;;;"Запчасти и аксессуары";;;;0;;;;;;new;;;;;;18.10_26;removed;;
8139893452;Package;8139893452;;;;"Запчасти и аксессуары";;;;0;;;;;;new;;;;;;18.10_26;removed;;
8139891435;Package;8139891435;;;;"Запчасти и аксессуары";;;;0;;;;;;new;;;;;;18.10_26;removed;;
8139891127;Package;8139891127;;;;"Запчасти и аксессуары";;;;0;;;;;;new;;;;;;18.10_26;removed;;
8139889517;Package;8139889517;;;;"Запчасти и аксессуары";;;;0;;;;;;new;;;;;;18.10_26;removed;;
8139889415;Package;8139889415;;;;"Запчасти и аксессуары";;;;0;;;;;;new;;;;;;18.10_26;removed;;
8139889308;Package;8139889308;;;;"Запчасти и аксессуары";;;;0;;;;;;new;;;;;;18.10_26;removed;;
8139888368;Package;8139888368;;;;"Запчасти и аксессуары";;;;0;;;;;;new;;;;;;18.10_26;removed;;
8139887869;Package;8139887869;;;;"Запчасти и аксессуары";;;;0;;;;;;new;;;;;;18.10_26;removed;;
8139887663;Package;8139887663;;;;"Запчасти и аксессуары";;;;0;;;;;;new;;;;;;18.10_26;removed;;
8139887326;Package;8139887326;;;;"Запчасти и аксессуары";;;;0;;;;;;new;;;;;;18.10_26;removed;;
8139887212;Package;8139887212;;;;"Запчасти и аксессуары";;;;0;;;;;;new;;;;;;18.10_26;removed;;
8139885945;Package;8139885945;;;;"Запчасти и аксессуары";;;;0;;;;;;new;;;;;;18.10_26;removed;;
8139885034;Package;8139885034;;;;"Запчасти и аксессуары";;;;0;;;;;;new;;;;;;18.10_26;removed;;
8139884762;Package;8139884762;;;;"Запчасти и аксессуары";;;;0;;;;;;new;;;;;;18.10_26;removed;;
8139884681;Package;8139884681;;;;"Запчасти и аксессуары";;;;0;;;;;;new;;;;;;18.10_26;removed;;
8108889468;Package;8108889468;;;;"Запчасти и аксессуары";;;;0;;;;;;new;;;;;;18.10_26;removed;;
8108888767;Package;8108888767;;;;"Запчасти и аксессуары";;;;0;;;;;;new;;;;;;18.10_26;removed;;
8108888071;Package;8108888071;;;;"Запчасти и аксессуары";;;;0;;;;;;new;;;;;;18.10_26;removed;;
8108887327;Package;8108887327;;;;"Запчасти и аксессуары";;;;0;;;;;;new;;;;;;18.10_26;removed;;
8108887255;Package;8108887255;;;;"Запчасти и аксессуары";;;;0;;;;;;new;;;;;;18.10_26;removed;;
8108887225;Package;8108887225;;;;"Запчасти и аксессуары";;;;0;;;;;;new;;;;;;18.10_26;removed;;
8108885413;Package;8108885413;;;;"Запчасти и аксессуары";;;;0;;;;;;new;;;;;;18.10_26;removed;;
8108885138;Package;8108885138;;;;"Запчасти и аксессуары";;;;0;;;;;;new;;;;;;18.10_26;removed;;
8108883862;Package;8108883862;;;;"Запчасти и аксессуары";;;;0;;;;;;new;;;;;;18.10_26;removed;;
8108882903;Package;8108882903;;;;"Запчасти и аксессуары";;;;0;;;;;;new;;;;;;18.10_26;removed;;
8108881401;Package;8108881401;;;;"Запчасти и аксессуары";;;;0;;;;;;new;;;;;;18.10_26;removed;;
8108880297;Package;8108880297;;;;"Запчасти и аксессуары";;;;0;;;;;;new;;;;;;18.10_26;removed;;
8108879332;Package;8108879332;;;;"Запчасти и аксессуары";;;;0;;;;;;new;;;;;;18.10_26;removed;;
8108878010;Package;8108878010;;;;"Запчасти и аксессуары";;;;0;;;;;;new;;;;;;18.10_26;removed;;
8108877483;Package;8108877483;;;;"Запчасти и аксессуары";;;;0;;;;;;new;;;;;;18.10_26;removed;;
8108877251;Package;8108877251;;;;"Запчасти и аксессуары";;;;0;;;;;;new;;;;;;18.10_26;removed;;
8108875905;Package;8108875905;;;;"Запчасти и аксессуары";;;;0;;;;;;new;;;;;;18.10_26;removed;;
8108875363;Package;8108875363;;;;"Запчасти и аксессуары";;;;0;;;;;;new;;;;;;18.10_26;removed;;
8108874216;Package;8108874216;;;;"Запчасти и аксессуары";;;;0;;;;;;new;;;;;;18.10_26;removed;;
8108873995;Package;8108873995;;;;"Запчасти и аксессуары";;;;0;;;;;;new;;;;;;18.10_26;removed;;
8108873609;Package;8108873609;;;;"Запчасти и аксессуары";;;;0;;;;;;new;;;;;;18.10_26;removed;;
8108873591;Package;8108873591;;;;"Запчасти и аксессуары";;;;0;;;;;;new;;;;;;18.10_26;removed;;
8108873084;Package;8108873084;;;;"Запчасти и аксессуары";;;;0;;;;;;new;;;;;;18.10_26;removed;;
8108873052;Package;8108873052;;;;"Запчасти и аксессуары";;;;0;;;;;;new;;;;;;18.10_26;removed;;
8108872198;Package;8108872198;;;;"Запчасти и аксессуары";;;;0;;;;;;new;;;;;;18.10_26;removed;;
8108871450;Package;8108871450;;;;"Запчасти и аксессуары";;;;0;;;;;;new;;;;;;18.10_26;removed;;
8108871139;Package;8108871139;;;;"Запчасти и аксессуары";;;;0;;;;;;new;;;;;;18.10_26;removed;;
8108867379;Package;8108867379;;;;"Запчасти и аксессуары";;;;0;;;;;;new;;;;;;18.10_26;removed;;
8108867220;Package;8108867220;;;;"Запчасти и аксессуары";;;;0;;;;;;new;;;;;;18.10_26;removed;;
8108866882;Package;8108866882;;;;"Запчасти и аксессуары";;;;0;;;;;;new;;;;;;18.10_26;removed;;
8108864814;Package;8108864814;;;;"Запчасти и аксессуары";;;;0;;;;;;new;;;;;;18.10_26;removed;;
8108864708;Package;8108864708;;;;"Запчасти и аксессуары";;;;0;;;;;;new;;;;;;18.10_26;removed;;
8108864655;Package;8108864655;;;;"Запчасти и аксессуары";;;;0;;;;;;new;;;;;;18.10_26;removed;;
8108862889;Package;8108862889;;;;"Запчасти и аксессуары";;;;0;;;;;;new;;;;;;18.10_26;removed;;
8108861347;Package;8108861347;;;;"Запчасти и аксессуары";;;;0;;;;;;new;;;;;;18.10_26;removed;;
8108861338;Package;8108861338;;;;"Запчасти и аксессуары";;;;0;;;;;;new;;;;;;18.10_26;removed;;
8108860579;Package;8108860579;;;;"Запчасти и аксессуары";;;;0;;;;;;new;;;;;;18.10_26;removed;;
8108859361;Package;8108859361;;;;"Запчасти и аксессуары";;;;0;;;;;;new;;;;;;18.10_26;removed;;
8108858814;Package;8108858814;;;;"Запчасти и аксессуары";;;;0;;;;;;new;;;;;;18.10_26;removed;;
8108857541;Package;8108857541;;;;"Запчасти и аксессуары";;;;0;;;;;;new;;;;;;18.10_26;removed;;
8108851631;Package;8108851631;;;;"Запчасти и аксессуары";;;;0;;;;;;new;;;;;;18.10_26;removed;;
8108851573;Package;8108851573;;;;"Запчасти и аксессуары";;;;0;;;;;;new;;;;;;18.10_26;removed;;
8108850769;Package;8108850769;;;;"Запчасти и аксессуары";;;;0;;;;;;new;;;;;;18.10_26;removed;;
8108846980;Package;8108846980;;;;"Запчасти и аксессуары";;;;0;;;;;;new;;;;;;18.10_26;removed;;
8108846060;Package;8108846060;;;;"Запчасти и аксессуары";;;;0;;;;;;new;;;;;;18.10_26;removed;;
8108845759;Package;8108845759;;;;"Запчасти и аксессуары";;;;0;;;;;;new;;;;;;18.10_26;removed;;
8108840190;Package;8108840190;;;;"Запчасти и аксессуары";;;;0;;;;;;new;;;;;;18.10_26;removed;;
8108840120;Package;8108840120;;;;"Запчасти и аксессуары";;;;0;;;;;;new;;;;;;18.10_26;removed;;
8108839503;Package;8108839503;;;;"Запчасти и аксессуары";;;;0;;;;;;new;;;;;;18.10_26;removed;;
8108836035;Package;8108836035;;;;"Запчасти и аксессуары";;;;0;;;;;;new;;;;;;18.10_26;removed;;
8108835505;Package;8108835505;;;;"Запчасти и аксессуары";;;;0;;;;;;new;;;;;;18.10_26;removed;;
8108834611;Package;8108834611;;;;"Запчасти и аксессуары";;;;0;;;;;;new;;;;;;18.10_26;removed;;
8108833989;Package;8108833989;;;;"Запчасти и аксессуары";;;;0;;;;;;new;;;;;;18.10_26;removed;;
8108833683;Package;8108833683;;;;"Запчасти и аксессуары";;;;0;;;;;;new;;;;;;18.10_26;removed;;
8108833564;Package;8108833564;;;;"Запчасти и аксессуары";;;;0;;;;;;new;;;;;;18.10_26;removed;;
8108832176;Package;8108832176;;;;"Запчасти и аксессуары";;;;0;;;;;;new;;;;;;18.10_26;removed;;
8108831904;Package;8108831904;;;;"Запчасти и аксессуары";;;;0;;;;;;new;;;;;;18.10_26;removed;;
8108831753;Package;8108831753;;;;"Запчасти и аксессуары";;;;0;;;;;;new;;;;;;18.10_26;removed;;
8108831151;Package;8108831151;;;;"Запчасти и аксессуары";;;;0;;;;;;new;;;;;;18.10_26;removed;;
8108830959;Package;8108830959;;;;"Запчасти и аксессуары";;;;0;;;;;;new;;;;;;18.10_26;removed;;
8108830444;Package;8108830444;;;;"Запчасти и аксессуары";;;;0;;;;;;new;;;;;;18.10_26;removed;;
8108828735;Package;8108828735;;;;"Запчасти и аксессуары";;;;0;;;;;;new;;;;;;18.10_26;removed;;
8108828447;Package;8108828447;;;;"Запчасти и аксессуары";;;;0;;;;;;new;;;;;;18.10_26;removed;;
8108828211;Package;8108828211;;;;"Запчасти и аксессуары";;;;0;;;;;;new;;;;;;18.10_26;removed;;
8108827182;Package;8108827182;;;;"Запчасти и аксессуары";;;;0;;;;;;new;;;;;;18.10_26;removed;;
8108826928;Package;8108826928;;;;"Запчасти и аксессуары";;;;0;;;;;;new;;;;;;18.10_26;removed;;
8108826872;Package;8108826872;;;;"Запчасти и аксессуары";;;;0;;;;;;new;;;;;;18.10_26;removed;;
8108826854;Package;8108826854;;;;"Запчасти и аксессуары";;;;0;;;;;;new;;;;;;18.10_26;removed;;
8108825456;Package;8108825456;;;;"Запчасти и аксессуары";;;;0;;;;;;new;;;;;;18.10_26;removed;;
8108825446;Package;8108825446;;;;"Запчасти и аксессуары";;;;0;;;;;;new;;;;;;18.10_26;removed;;
8108824060;Package;8108824060;;;;"Запчасти и аксессуары";;;;0;;;;;;new;;;;;;18.10_26;removed;;
8108823784;Package;8108823784;;;;"Запчасти и аксессуары";;;;0;;;;;;new;;;;;;18.10_26;removed;;
8108823639;Package;8108823639;;;;"Запчасти и аксессуары";;;;0;;;;;;new;;;;;;18.10_26;removed;;
8108823632;Package;8108823632;;;;"Запчасти и аксессуары";;;;0;;;;;;new;;;;;;18.10_26;removed;;
8108823302;Package;8108823302;;;;"Запчасти и аксессуары";;;;0;;;;;;new;;;;;;18.10_26;removed;;
8108821284;Package;8108821284;;;;"Запчасти и аксессуары";;;;0;;;;;;new;;;;;;18.10_26;removed;;
8108819453;Package;8108819453;;;;"Запчасти и аксессуары";;;;0;;;;;;new;;;;;;18.10_26;removed;;
8108818438;Package;8108818438;;;;"Запчасти и аксессуары";;;;0;;;;;;new;;;;;;18.10_26;removed;;
8108818159;Package;8108818159;;;;"Запчасти и аксессуары";;;;0;;;;;;new;;;;;;18.10_26;removed;;
8108817858;Package;8108817858;;;;"Запчасти и аксессуары";;;;0;;;;;;new;;;;;;18.10_26;removed;;
8108816592;Package;8108816592;;;;"Запчасти и аксессуары";;;;0;;;;;;new;;;;;;18.10_26;removed;;
8108815951;Package;8108815951;;;;"Запчасти и аксессуары";;;;0;;;;;;new;;;;;;18.10_26;removed;;
8108815887;Package;8108815887;;;;"Запчасти и аксессуары";;;;0;;;;;;new;;;;;;18.10_26;removed;;
8108813118;Package;8108813118;;;;"Запчасти и аксессуары";;;;0;;;;;;new;;;;;;18.10_26;removed;;
8108811713;Package;8108811713;;;;"Запчасти и аксессуары";;;;0;;;;;;new;;;;;;18.10_26;removed;;
8108810957;Package;8108810957;;;;"Запчасти и аксессуары";;;;0;;;;;;new;;;;;;18.10_26;removed;;
8108809327;Package;8108809327;;;;"Запчасти и аксессуары";;;;0;;;;;;new;;;;;;18.10_26;removed;;
8108807828;Package;8108807828;;;;"Запчасти и аксессуары";;;;0;;;;;;new;;;;;;18.10_26;removed;;
8108807212;Package;8108807212;;;;"Запчасти и аксессуары";;;;0;;;;;;new;;;;;;18.10_26;removed;;
8108807045;Package;8108807045;;;;"Запчасти и аксессуары";;;;0;;;;;;new;;;;;;18.10_26;removed;;
8108804994;Package;8108804994;;;;"Запчасти и аксессуары";;;;0;;;;;;new;;;;;;18.10_26;removed;;
8108804436;Package;8108804436;;;;"Запчасти и аксессуары";;;;0;;;;;;new;;;;;;18.10_26;removed;;
8108804157;Package;8108804157;;;;"Запчасти и аксессуары";;;;0;;;;;;new;;;;;;18.10_26;removed;;
8108802179;Package;8108802179;;;;"Запчасти и аксессуары";;;;0;;;;;;new;;;;;;18.10_26;removed;;
8108799849;Package;8108799849;;;;"Запчасти и аксессуары";;;;0;;;;;;new;;;;;;18.10_26;removed;;
8108799715;Package;8108799715;;;;"Запчасти и аксессуары";;;;0;;;;;;new;;;;;;18.10_26;removed;;
8108797302;Package;8108797302;;;;"Запчасти и аксессуары";;;;0;;;;;;new;;;;;;18.10_26;removed;;
8108796691;Package;8108796691;;;;"Запчасти и аксессуары";;;;0;;;;;;new;;;;;;18.10_26;removed;;
8108796487;Package;8108796487;;;;"Запчасти и аксессуары";;;;0;;;;;;new;;;;;;18.10_26;removed;;
8108796356;Package;8108796356;;;;"Запчасти и аксессуары";;;;0;;;;;;new;;;;;;18.10_26;removed;;
8108794862;Package;8108794862;;;;"Запчасти и аксессуары";;;;0;;;;;;new;;;;;;18.10_26;removed;;
8108794062;Package;8108794062;;;;"Запчасти и аксессуары";;;;0;;;;;;new;;;;;;18.10_26;removed;;
8108793820;Package;8108793820;;;;"Запчасти и аксессуары";;;;0;;;;;;new;;;;;;18.10_26;removed;;
8108792641;Package;8108792641;;;;"Запчасти и аксессуары";;;;0;;;;;;new;;;;;;18.10_26;removed;;
8108792091;Package;8108792091;;;;"Запчасти и аксессуары";;;;0;;;;;;new;;;;;;18.10_26;removed;;
8108791679;Package;8108791679;;;;"Запчасти и аксессуары";;;;0;;;;;;new;;;;;;18.10_26;removed;;
8108790906;Package;8108790906;;;;"Запчасти и аксессуары";;;;0;;;;;;new;;;;;;18.10_26;removed;;
8108790307;Package;8108790307;;;;"Запчасти и аксессуары";;;;0;;;;;;new;;;;;;18.10_26;removed;;
8108790122;Package;8108790122;;;;"Запчасти и аксессуары";;;;0;;;;;;new;;;;;;18.10_26;removed;;
8108790091;Package;8108790091;;;;"Запчасти и аксессуары";;;;0;;;;;;new;;;;;;18.10_26;removed;;
8108789845;Package;8108789845;;;;"Запчасти и аксессуары";;;;0;;;;;;new;;;;;;18.10_26;removed;;
8108789502;Package;8108789502;;;;"Запчасти и аксессуары";;;;0;;;;;;new;;;;;;18.10_26;removed;;
8108788961;Package;8108788961;;;;"Запчасти и аксессуары";;;;0;;;;;;new;;;;;;18.10_26;removed;;
8108788187;Package;8108788187;;;;"Запчасти и аксессуары";;;;0;;;;;;new;;;;;;18.10_26;removed;;
8108787120;Package;8108787120;;;;"Запчасти и аксессуары";;;;0;;;;;;new;;;;;;18.10_26;removed;;
8108786229;Package;8108786229;;;;"Запчасти и аксессуары";;;;0;;;;;;new;;;;;;18.10_26;removed;;
8108785447;Package;8108785447;;;;"Запчасти и аксессуары";;;;0;;;;;;new;;;;;;18.10_26;removed;;
8108785415;Package;8108785415;;;;"Запчасти и аксессуары";;;;0;;;;;;new;;;;;;18.10_26;removed;;
8108779977;Package;8108779977;;;;"Запчасти и аксессуары";;;;0;;;;;;new;;;;;;18.10_26;removed;;
8108778281;Package;8108778281;;;;"Запчасти и аксессуары";;;;0;;;;;;new;;;;;;18.10_26;removed;;
8108774649;Package;8108774649;;;;"Запчасти и аксессуары";;;;0;;;;;;new;;;;;;18.10_26;removed;;
8108774384;Package;8108774384;;;;"Запчасти и аксессуары";;;;0;;;;;;new;;;;;;18.10_26;removed;;
8108773309;Package;8108773309;;;;"Запчасти и аксессуары";;;;0;;;;;;new;;;;;;18.10_26;removed;;
8108773069;Package;8108773069;;;;"Запчасти и аксессуары";;;;0;;;;;;new;;;;;;18.10_26;removed;;
8108772051;Package;8108772051;;;;"Запчасти и аксессуары";;;;0;;;;;;new;;;;;;18.10_26;removed;;
8108771950;Package;8108771950;;;;"Запчасти и аксессуары";;;;0;;;;;;new;;;;;;18.10_26;removed;;
8108771907;Package;8108771907;;;;"Запчасти и аксессуары";;;;0;;;;;;new;;;;;;18.10_26;removed;;
8108771021;Package;8108771021;;;;"Запчасти и аксессуары";;;;0;;;;;;new;;;;;;18.10_26;removed;;
8108770345;Package;8108770345;;;;"Запчасти и аксессуары";;;;0;;;;;;new;;;;;;18.10_26;removed;;
8108770026;Package;8108770026;;;;"Запчасти и аксессуары";;;;0;;;;;;new;;;;;;18.10_26;removed;;
8108769950;Package;8108769950;;;;"Запчасти и аксессуары";;;;0;;;;;;new;;;;;;18.10_26;removed;;
8108769666;Package;8108769666;;;;"Запчасти и аксессуары";;;;0;;;;;;new;;;;;;18.10_26;removed;;
8108768087;Package;8108768087;;;;"Запчасти и аксессуары";;;;0;;;;;;new;;;;;;18.10_26;removed;;
8108768002;Package;8108768002;;;;"Запчасти и аксессуары";;;;0;;;;;;new;;;;;;18.10_26;removed;;
8108767154;Package;8108767154;;;;"Запчасти и аксессуары";;;;0;;;;;;new;;;;;;18.10_26;removed;;
8108767061;Package;8108767061;;;;"Запчасти и аксессуары";;;;0;;;;;;new;;;;;;18.10_26;removed;;
8108766728;Package;8108766728;;;;"Запчасти и аксессуары";;;;0;;;;;;new;;;;;;18.10_26;removed;;
8108765619;Package;8108765619;;;;"Запчасти и аксессуары";;;;0;;;;;;new;;;;;;18.10_26;removed;;
8108764258;Package;8108764258;;;;"Запчасти и аксессуары";;;;0;;;;;;new;;;;;;18.10_26;removed;;
8108762763;Package;8108762763;;;;"Запчасти и аксессуары";;;;0;;;;;;new;;;;;;18.10_26;removed;;
8108762703;Package;8108762703;;;;"Запчасти и аксессуары";;;;0;;;;;;new;;;;;;18.10_26;removed;;
8108759545;Package;8108759545;;;;"Запчасти и аксессуары";;;;0;;;;;;new;;;;;;18.10_26;removed;;
8108757686;Package;8108757686;;;;"Запчасти и аксессуары";;;;0;;;;;;new;;;;;;18.10_26;removed;;
8108756332;Package;8108756332;;;;"Запчасти и аксессуары";;;;0;;;;;;new;;;;;;18.10_26;removed;;
8108754498;Package;8108754498;;;;"Запчасти и аксессуары";;;;0;;;;;;new;;;;;;18.10_26;removed;;
8108753542;Package;8108753542;;;;"Запчасти и аксессуары";;;;0;;;;;;new;;;;;;18.10_26;removed;;
8108751941;Package;8108751941;;;;"Запчасти и аксессуары";;;;0;;;;;;new;;;;;;18.10_26;removed;;
8108751902;Package;8108751902;;;;"Запчасти и аксессуары";;;;0;;;;;;new;;;;;;18.10_26;removed;;
8108748461;Package;8108748461;;;;"Запчасти и аксессуары";;;;0;;;;;;new;;;;;;18.10_26;removed;;
8108747211;Package;8108747211;;;;"Запчасти и аксессуары";;;;0;;;;;;new;;;;;;18.10_26;removed;;
8108747064;Package;8108747064;;;;"Запчасти и аксессуары";;;;0;;;;;;new;;;;;;18.10_26;removed;;
8108741931;Package;8108741931;;;;"Запчасти и аксессуары";;;;0;;;;;;new;;;;;;18.10_26;removed;;
8108741778;Package;8108741778;;;;"Запчасти и аксессуары";;;;0;;;;;;new;;;;;;18.10_26;removed;;
8108739930;Package;8108739930;;;;"Запчасти и аксессуары";;;;0;;;;;;new;;;;;;18.10_26;removed;;
8108738899;Package;8108738899;;;;"Запчасти и аксессуары";;;;0;;;;;;new;;;;;;18.10_26;removed;;
8108738866;Package;8108738866;;;;"Запчасти и аксессуары";;;;0;;;;;;new;;;;;;18.10_26;removed;;
8108737576;Package;8108737576;;;;"Запчасти и аксессуары";;;;0;;;;;;new;;;;;;18.10_26;removed;;
8108737509;Package;8108737509;;;;"Запчасти и аксессуары";;;;0;;;;;;new;;;;;;18.10_26;removed;;
8108735429;Package;8108735429;;;;"Запчасти и аксессуары";;;;0;;;;;;new;;;;;;18.10_26;removed;;
8108735321;Package;8108735321;;;;"Запчасти и аксессуары";;;;0;;;;;;new;;;;;;18.10_26;removed;;
8108735006;Package;8108735006;;;;"Запчасти и аксессуары";;;;0;;;;;;new;;;;;;18.10_26;removed;;
8108734528;Package;8108734528;;;;"Запчасти и аксессуары";;;;0;;;;;;new;;;;;;18.10_26;removed;;
8108734165;Package;8108734165;;;;"Запчасти и аксессуары";;;;0;;;;;;new;;;;;;18.10_26;removed;;
8108733767;Package;8108733767;;;;"Запчасти и аксессуары";;;;0;;;;;;new;;;;;;18.10_26;removed;;
8108733237;Package;8108733237;;;;"Запчасти и аксессуары";;;;0;;;;;;new;;;;;;18.10_26;removed;;
8108732985;Package;8108732985;;;;"Запчасти и аксессуары";;;;0;;;;;;new;;;;;;18.10_26;removed;;
8108731291;Package;8108731291;;;;"Запчасти и аксессуары";;;;0;;;;;;new;;;;;;18.10_26;removed;;
8108729501;Package;8108729501;;;;"Запчасти и аксессуары";;;;0;;;;;;new;;;;;;18.10_26;removed;;
8108727843;Package;8108727843;;;;"Запчасти и аксессуары";;;;0;;;;;;new;;;;;;18.10_26;removed;;
8108727759;Package;8108727759;;;;"Запчасти и аксессуары";;;;0;;;;;;new;;;;;;18.10_26;removed;;
8108724662;Package;8108724662;;;;"Запчасти и аксессуары";;;;0;;;;;;new;;;;;;18.10_26;removed;;
8108723480;Package;8108723480;;;;"Запчасти и аксессуары";;;;0;;;;;;new;;;;;;18.10_26;removed;;
8108722574;Package;8108722574;;;;"Запчасти и аксессуары";;;;0;;;;;;new;;;;;;18.10_26;removed;;
8108720056;Package;8108720056;;;;"Запчасти и аксессуары";;;;0;;;;;;new;;;;;;18.10_26;removed;;
8108718829;Package;8108718829;;;;"Запчасти и аксессуары";;;;0;;;;;;new;;;;;;18.10_26;removed;;
8108717479;Package;8108717479;;;;"Запчасти и аксессуары";;;;0;;;;;;new;;;;;;18.10_26;removed;;
8108716577;Package;8108716577;;;;"Запчасти и аксессуары";;;;0;;;;;;new;;;;;;18.10_26;removed;;
8108716038;Package;8108716038;;;;"Запчасти и аксессуары";;;;0;;;;;;new;;;;;;18.10_26;removed;;
8108715953;Package;8108715953;;;;"Запчасти и аксессуары";;;;0;;;;;;new;;;;;;18.10_26;removed;;
8108714773;Package;8108714773;;;;"Запчасти и аксессуары";;;;0;;;;;;new;;;;;;18.10_26;removed;;
8108714353;Package;8108714353;;;;"Запчасти и аксессуары";;;;0;;;;;;new;;;;;;18.10_26;removed;;
8108713792;Package;8108713792;;;;"Запчасти и аксессуары";;;;0;;;;;;new;;;;;;18.10_26;removed;;
8108712921;Package;8108712921;;;;"Запчасти и аксессуары";;;;0;;;;;;new;;;;;;18.10_26;removed;;
8108712660;Package;8108712660;;;;"Запчасти и аксессуары";;;;0;;;;;;new;;;;;;18.10_26;removed;;
8108711615;Package;8108711615;;;;"Запчасти и аксессуары";;;;0;;;;;;new;;;;;;18.10_26;removed;;
8108711086;Package;8108711086;;;;"Запчасти и аксессуары";;;;0;;;;;;new;;;;;;18.10_26;removed;;
8108709398;Package;8108709398;;;;"Запчасти и аксессуары";;;;0;;;;;;new;;;;;;18.10_26;removed;;
8108709396;Package;8108709396;;;;"Запчасти и аксессуары";;;;0;;;;;;new;;;;;;18.10_26;removed;;
8108707521;Package;8108707521;;;;"Запчасти и аксессуары";;;;0;;;;;;new;;;;;;18.10_26;removed;;
8108706852;Package;8108706852;;;;"Запчасти и аксессуары";;;;0;;;;;;new;;;;;;18.10_26;removed;;
8108706587;Package;8108706587;;;;"Запчасти и аксессуары";;;;0;;;;;;new;;;;;;18.10_26;removed;;
8108705757;Package;8108705757;;;;"Запчасти и аксессуары";;;;0;;;;;;new;;;;;;18.10_26;removed;;
8108705502;Package;8108705502;;;;"Запчасти и аксессуары";;;;0;;;;;;new;;;;;;18.10_26;removed;;
8108703788;Package;8108703788;;;;"Запчасти и аксессуары";;;;0;;;;;;new;;;;;;18.10_26;removed;;
8108703768;Package;8108703768;;;;"Запчасти и аксессуары";;;;0;;;;;;new;;;;;;18.10_26;removed;;
8108702810;Package;8108702810;;;;"Запчасти и аксессуары";;;;0;;;;;;new;;;;;;18.10_26;removed;;
8108702612;Package;8108702612;;;;"Запчасти и аксессуары";;;;0;;;;;;new;;;;;;18.10_26;removed;;
8108701255;Package;8108701255;;;;"Запчасти и аксессуары";;;;0;;;;;;new;;;;;;18.10_26;removed;;
8108698607;Package;8108698607;;;;"Запчасти и аксессуары";;;;0;;;;;;new;;;;;;18.10_26;removed;;
8108698337;Package;8108698337;;;;"Запчасти и аксессуары";;;;0;;;;;;new;;;;;;18.10_26;removed;;
8108698031;Package;8108698031;;;;"Запчасти и аксессуары";;;;0;;;;;;new;;;;;;18.10_26;removed;;
8108696814;Package;8108696814;;;;"Запчасти и аксессуары";;;;0;;;;;;new;;;;;;18.10_26;removed;;
8108695856;Package;8108695856;;;;"Запчасти и аксессуары";;;;0;;;;;;new;;;;;;18.10_26;removed;;
8108695265;Package;8108695265;;;;"Запчасти и аксессуары";;;;0;;;;;;new;;;;;;18.10_26;removed;;
8108694181;Package;8108694181;;;;"Запчасти и аксессуары";;;;0;;;;;;new;;;;;;18.10_26;removed;;
8108693314;Package;8108693314;;;;"Запчасти и аксессуары";;;;0;;;;;;new;;;;;;18.10_26;removed;;
8108693127;Package;8108693127;;;;"Запчасти и аксессуары";;;;0;;;;;;new;;;;;;18.10_26;removed;;
8108692322;Package;8108692322;;;;"Запчасти и аксессуары";;;;0;;;;;;new;;;;;;18.10_26;removed;;
8108690699;Package;8108690699;;;;"Запчасти и аксессуары";;;;0;;;;;;new;;;;;;18.10_26;removed;;
8108690652;Package;8108690652;;;;"Запчасти и аксессуары";;;;0;;;;;;new;;;;;;18.10_26;removed;;
8108690482;Package;8108690482;;;;"Запчасти и аксессуары";;;;0;;;;;;new;;;;;;18.10_26;removed;;
8108689338;Package;8108689338;;;;"Запчасти и аксессуары";;;;0;;;;;;new;;;;;;18.10_26;removed;;
8108684740;Package;8108684740;;;;"Запчасти и аксессуары";;;;0;;;;;;new;;;;;;18.10_26;removed;;
8108684305;Package;8108684305;;;;"Запчасти и аксессуары";;;;0;;;;;;new;;;;;;18.10_26;removed;;
8108684222;Package;8108684222;;;;"Запчасти и аксессуары";;;;0;;;;;;new;;;;;;18.10_26;removed;;
8108683902;Package;8108683902;;;;"Запчасти и аксессуары";;;;0;;;;;;new;;;;;;18.10_26;removed;;
8108683651;Package;8108683651;;;;"Запчасти и аксессуары";;;;0;;;;;;new;;;;;;18.10_26;removed;;
8108682864;Package;8108682864;;;;"Запчасти и аксессуары";;;;0;;;;;;new;;;;;;18.10_26;removed;;
8108682699;Package;8108682699;;;;"Запчасти и аксессуары";;;;0;;;;;;new;;;;;;18.10_26;removed;;
8108680387;Package;8108680387;;;;"Запчасти и аксессуары";;;;0;;;;;;new;;;;;;18.10_26;removed;;
8108679311;Package;8108679311;;;;"Запчасти и аксессуары";;;;0;;;;;;new;;;;;;18.10_26;removed;;
8108678199;Package;8108678199;;;;"Запчасти и аксессуары";;;;0;;;;;;new;;;;;;18.10_26;removed;;
8108678068;Package;8108678068;;;;"Запчасти и аксессуары";;;;0;;;;;;new;;;;;;18.10_26;removed;;
8108677640;Package;8108677640;;;;"Запчасти и аксессуары";;;;0;;;;;;new;;;;;;18.10_26;removed;;
8108677095;Package;8108677095;;;;"Запчасти и аксессуары";;;;0;;;;;;new;;;;;;18.10_26;removed;;
8108676713;Package;8108676713;;;;"Запчасти и аксессуары";;;;0;;;;;;new;;;;;;18.10_26;removed;;
8108674477;Package;8108674477;;;;"Запчасти и аксессуары";;;;0;;;;;;new;;;;;;18.10_26;removed;;
8108674445;Package;8108674445;;;;"Запчасти и аксессуары";;;;0;;;;;;new;;;;;;18.10_26;removed;;
8108672513;Package;8108672513;;;;"Запчасти и аксессуары";;;;0;;;;;;new;;;;;;18.10_26;removed;;
8108672478;Package;8108672478;;;;"Запчасти и аксессуары";;;;0;;;;;;new;;;;;;18.10_26;removed;;
8108671982;Package;8108671982;;;;"Запчасти и аксессуары";;;;0;;;;;;new;;;;;;18.10_26;removed;;
8108671738;Package;8108671738;;;;"Запчасти и аксессуары";;;;0;;;;;;new;;;;;;18.10_26;removed;;
8108671610;Package;8108671610;;;;"Запчасти и аксессуары";;;;0;;;;;;new;;;;;;18.10_26;removed;;
8108671523;Package;8108671523;;;;"Запчасти и аксессуары";;;;0;;;;;;new;;;;;;18.10_26;removed;;
8108671078;Package;8108671078;;;;"Запчасти и аксессуары";;;;0;;;;;;new;;;;;;18.10_26;removed;;
8108670986;Package;8108670986;;;;"Запчасти и аксессуары";;;;0;;;;;;new;;;;;;18.10_26;removed;;
8108670819;Package;8108670819;;;;"Запчасти и аксессуары";;;;0;;;;;;new;;;;;;18.10_26;removed;;
8108670793;Package;8108670793;;;;"Запчасти и аксессуары";;;;0;;;;;;new;;;;;;18.10_26;removed;;
8108670474;Package;8108670474;;;;"Запчасти и аксессуары";;;;0;;;;;;new;;;;;;18.10_26;removed;;
8108670304;Package;8108670304;;;;"Запчасти и аксессуары";;;;0;;;;;;new;;;;;;18.10_26;removed;;
8108669828;Package;8108669828;;;;"Запчасти и аксессуары";;;;0;;;;;;new;;;;;;18.10_26;removed;;
8108669720;Package;8108669720;;;;"Запчасти и аксессуары";;;;0;;;;;;new;;;;;;18.10_26;removed;;
8108669504;Package;8108669504;;;;"Запчасти и аксессуары";;;;0;;;;;;new;;;;;;18.10_26;removed;;
8108669484;Package;8108669484;;;;"Запчасти и аксессуары";;;;0;;;;;;new;;;;;;18.10_26;removed;;
8108668140;Package;8108668140;;;;"Запчасти и аксессуары";;;;0;;;;;;new;;;;;;18.10_26;removed;;
8108667941;Package;8108667941;;;;"Запчасти и аксессуары";;;;0;;;;;;new;;;;;;18.10_26;removed;;
8108667764;Package;8108667764;;;;"Запчасти и аксессуары";;;;0;;;;;;new;;;;;;18.10_26;removed;;
8108665248;Package;8108665248;;;;"Запчасти и аксессуары";;;;0;;;;;;new;;;;;;18.10_26;removed;;
8108665017;Package;8108665017;;;;"Запчасти и аксессуары";;;;0;;;;;;new;;;;;;18.10_26;removed;;
8108664562;Package;8108664562;;;;"Запчасти и аксессуары";;;;0;;;;;;new;;;;;;18.10_26;removed;;
8108664387;Package;8108664387;;;;"Запчасти и аксессуары";;;;0;;;;;;new;;;;;;18.10_26;removed;;
8108664319;Package;8108664319;;;;"Запчасти и аксессуары";;;;0;;;;;;new;;;;;;18.10_26;removed;;
8108663943;Package;8108663943;;;;"Запчасти и аксессуары";;;;0;;;;;;new;;;;;;18.10_26;removed;;
8108663915;Package;8108663915;;;;"Запчасти и аксессуары";;;;0;;;;;;new;;;;;;18.10_26;removed;;
8108663612;Package;8108663612;;;;"Запчасти и аксессуары";;;;0;;;;;;new;;;;;;18.10_26;removed;;
8108661765;Package;8108661765;;;;"Запчасти и аксессуары";;;;0;;;;;;new;;;;;;18.10_26;removed;;
8108661592;Package;8108661592;;;;"Запчасти и аксессуары";;;;0;;;;;;new;;;;;;18.10_26;removed;;
8108655445;Package;8108655445;;;;"Запчасти и аксессуары";;;;0;;;;;;new;;;;;;18.10_26;removed;;
8108653770;Package;8108653770;;;;"Запчасти и аксессуары";;;;0;;;;;;new;;;;;;18.10_26;removed;;
8108652516;Package;8108652516;;;;"Запчасти и аксессуары";;;;0;;;;;;new;;;;;;18.10_26;removed;;
8108652322;Package;8108652322;;;;"Запчасти и аксессуары";;;;0;;;;;;new;;;;;;18.10_26;removed;;
8108651411;Package;8108651411;;;;"Запчасти и аксессуары";;;;0;;;;;;new;;;;;;18.10_26;removed;;
8108650234;Package;8108650234;;;;"Запчасти и аксессуары";;;;0;;;;;;new;;;;;;18.10_26;removed;;
8108649848;Package;8108649848;;;;"Запчасти и аксессуары";;;;0;;;;;;new;;;;;;18.10_26;removed;;
8108648470;Package;8108648470;;;;"Запчасти и аксессуары";;;;0;;;;;;new;;;;;;18.10_26;removed;;
8108646672;Package;8108646672;;;;"Запчасти и аксессуары";;;;0;;;;;;new;;;;;;18.10_26;removed;;
8108642957;Package;8108642957;;;;"Запчасти и аксессуары";;;;0;;;;;;new;;;;;;18.10_26;removed;;
8108642740;Package;8108642740;;;;"Запчасти и аксессуары";;;;0;;;;;;new;;;;;;18.10_26;removed;;
8108642351;Package;8108642351;;;;"Запчасти и аксессуары";;;;0;;;;;;new;;;;;;18.10_26;removed;;
8108641714;Package;8108641714;;;;"Запчасти и аксессуары";;;;0;;;;;;new;;;;;;18.10_26;removed;;
8108641410;Package;8108641410;;;;"Запчасти и аксессуары";;;;0;;;;;;new;;;;;;18.10_26;removed;;
8108639609;Package;8108639609;;;;"Запчасти и аксессуары";;;;0;;;;;;new;;;;;;18.10_26;removed;;
8108639440;Package;8108639440;;;;"Запчасти и аксессуары";;;;0;;;;;;new;;;;;;18.10_26;removed;;
8108637915;Package;8108637915;;;;"Запчасти и аксессуары";;;;0;;;;;;new;;;;;;18.10_26;removed;;
8108636740;Package;8108636740;;;;"Запчасти и аксессуары";;;;0;;;;;;new;;;;;;18.10_26;removed;;
8108634633;Package;8108634633;;;;"Запчасти и аксессуары";;;;0;;;;;;new;;;;;;18.10_26;removed;;
8108633997;Package;8108633997;;;;"Запчасти и аксессуары";;;;0;;;;;;new;;;;;;18.10_26;removed;;
8108633157;Package;8108633157;;;;"Запчасти и аксессуары";;;;0;;;;;;new;;;;;;18.10_26;removed;;
8108629591;Package;8108629591;;;;"Запчасти и аксессуары";;;;0;;;;;;new;;;;;;18.10_26;removed;;
8108628521;Package;8108628521;;;;"Запчасти и аксессуары";;;;0;;;;;;new;;;;;;18.10_26;removed;;
8108628489;Package;8108628489;;;;"Запчасти и аксессуары";;;;0;;;;;;new;;;;;;18.10_26;removed;;
8108627633;Package;8108627633;;;;"Запчасти и аксессуары";;;;0;;;;;;new;;;;;;18.10_26;removed;;
8108627450;Package;8108627450;;;;"Запчасти и аксессуары";;;;0;;;;;;new;;;;;;18.10_26;removed;;
8108627244;Package;8108627244;;;;"Запчасти и аксессуары";;;;0;;;;;;new;;;;;;18.10_26;removed;;
8108627159;Package;8108627159;;;;"Запчасти и аксессуары";;;;0;;;;;;new;;;;;;18.10_26;removed;;
8108626758;Package;8108626758;;;;"Запчасти и аксессуары";;;;0;;;;;;new;;;;;;18.10_26;removed;;
8108623552;Package;8108623552;;;;"Запчасти и аксессуары";;;;0;;;;;;new;;;;;;18.10_26;removed;;
8108622173;Package;8108622173;;;;"Запчасти и аксессуары";;;;0;;;;;;new;;;;;;18.10_26;removed;;
8108621417;Package;8108621417;;;;"Запчасти и аксессуары";;;;0;;;;;;new;;;;;;18.10_26;removed;;
8108619761;Package;8108619761;;;;"Запчасти и аксессуары";;;;0;;;;;;new;;;;;;18.10_26;removed;;
8108619341;Package;8108619341;;;;"Запчасти и аксессуары";;;;0;;;;;;new;;;;;;18.10_26;removed;;
8108618699;Package;8108618699;;;;"Запчасти и аксессуары";;;;0;;;;;;new;;;;;;18.10_26;removed;;
8108618155;Package;8108618155;;;;"Запчасти и аксессуары";;;;0;;;;;;new;;;;;;18.10_26;removed;;
8108617785;Package;8108617785;;;;"Запчасти и аксессуары";;;;0;;;;;;new;;;;;;18.10_26;removed;;
8108617701;Package;8108617701;;;;"Запчасти и аксессуары";;;;0;;;;;;new;;;;;;18.10_26;removed;;
8108616876;Package;8108616876;;;;"Запчасти и аксессуары";;;;0;;;;;;new;;;;;;18.10_26;removed;;
8108616353;Package;8108616353;;;;"Запчасти и аксессуары";;;;0;;;;;;new;;;;;;18.10_26;removed;;
8108615822;Package;8108615822;;;;"Запчасти и аксессуары";;;;0;;;;;;new;;;;;;18.10_26;removed;;
8108615613;Package;8108615613;;;;"Запчасти и аксессуары";;;;0;;;;;;new;;;;;;18.10_26;removed;;
8108615464;Package;8108615464;;;;"Запчасти и аксессуары";;;;0;;;;;;new;;;;;;18.10_26;removed;;
8108614762;Package;8108614762;;;;"Запчасти и аксессуары";;;;0;;;;;;new;;;;;;18.10_26;removed;;
8108613964;Package;8108613964;;;;"Запчасти и аксессуары";;;;0;;;;;;new;;;;;;18.10_26;removed;;
8108611463;Package;8108611463;;;;"Запчасти и аксессуары";;;;0;;;;;;new;;;;;;18.10_26;removed;;
8108611108;Package;8108611108;;;;"Запчасти и аксессуары";;;;0;;;;;;new;;;;;;18.10_26;removed;;
8108609720;Package;8108609720;;;;"Запчасти и аксессуары";;;;0;;;;;;new;;;;;;18.10_26;removed;;
8108609363;Package;8108609363;;;;"Запчасти и аксессуары";;;;0;;;;;;new;;;;;;18.10_26;removed;;
8108608210;Package;8108608210;;;;"Запчасти и аксессуары";;;;0;;;;;;new;;;;;;18.10_26;removed;;
8108607506;Package;8108607506;;;;"Запчасти и аксессуары";;;;0;;;;;;new;;;;;;18.10_26;removed;;
8108607186;Package;8108607186;;;;"Запчасти и аксессуары";;;;0;;;;;;new;;;;;;18.10_26;removed;;
8108606646;Package;8108606646;;;;"Запчасти и аксессуары";;;;0;;;;;;new;;;;;;18.10_26;removed;;
8108603579;Package;8108603579;;;;"Запчасти и аксессуары";;;;0;;;;;;new;;;;;;18.10_26;removed;;
8108602897;Package;8108602897;;;;"Запчасти и аксессуары";;;;0;;;;;;new;;;;;;18.10_26;removed;;
8108602530;Package;8108602530;;;;"Запчасти и аксессуары";;;;0;;;;;;new;;;;;;18.10_26;removed;;
8108602441;Package;8108602441;;;;"Запчасти и аксессуары";;;;0;;;;;;new;;;;;;18.10_26;removed;;
8108602191;Package;8108602191;;;;"Запчасти и аксессуары";;;;0;;;;;;new;;;;;;18.10_26;removed;;
8108602182;Package;8108602182;;;;"Запчасти и аксессуары";;;;0;;;;;;new;;;;;;18.10_26;removed;;
8108601773;Package;8108601773;;;;"Запчасти и аксессуары";;;;0;;;;;;new;;;;;;18.10_26;removed;;
8108601304;Package;8108601304;;;;"Запчасти и аксессуары";;;;0;;;;;;new;;;;;;18.10_26;removed;;
8108601182;Package;8108601182;;;;"Запчасти и аксессуары";;;;0;;;;;;new;;;;;;18.10_26;removed;;
8108600334;Package;8108600334;;;;"Запчасти и аксессуары";;;;0;;;;;;new;;;;;;18.10_26;removed;;
8108597990;Package;8108597990;;;;"Запчасти и аксессуары";;;;0;;;;;;new;;;;;;18.10_26;removed;;
8108597554;Package;8108597554;;;;"Запчасти и аксессуары";;;;0;;;;;;new;;;;;;18.10_26;removed;;
8108597309;Package;8108597309;;;;"Запчасти и аксессуары";;;;0;;;;;;new;;;;;;18.10_26;removed;;
8108597143;Package;8108597143;;;;"Запчасти и аксессуары";;;;0;;;;;;new;;;;;;18.10_26;removed;;
8108595476;Package;8108595476;;;;"Запчасти и аксессуары";;;;0;;;;;;new;;;;;;18.10_26;removed;;
8108595291;Package;8108595291;;;;"Запчасти и аксессуары";;;;0;;;;;;new;;;;;;18.10_26;removed;;
8108594712;Package;8108594712;;;;"Запчасти и аксессуары";;;;0;;;;;;new;;;;;;18.10_26;removed;;
8108593896;Package;8108593896;;;;"Запчасти и аксессуары";;;;0;;;;;;new;;;;;;18.10_26;removed;;
8108593648;Package;8108593648;;;;"Запчасти и аксессуары";;;;0;;;;;;new;;;;;;18.10_26;removed;;
8108593571;Package;8108593571;;;;"Запчасти и аксессуары";;;;0;;;;;;new;;;;;;18.10_26;removed;;
8108593141;Package;8108593141;;;;"Запчасти и аксессуары";;;;0;;;;;;new;;;;;;18.10_26;removed;;
8108592808;Package;8108592808;;;;"Запчасти и аксессуары";;;;0;;;;;;new;;;;;;18.10_26;removed;;
8108592159;Package;8108592159;;;;"Запчасти и аксессуары";;;;0;;;;;;new;;;;;;18.10_26;removed;;
8108591583;Package;8108591583;;;;"Запчасти и аксессуары";;;;0;;;;;;new;;;;;;18.10_26;removed;;
8108589887;Package;8108589887;;;;"Запчасти и аксессуары";;;;0;;;;;;new;;;;;;18.10_26;removed;;
8108589867;Package;8108589867;;;;"Запчасти и аксессуары";;;;0;;;;;;new;;;;;;18.10_26;removed;;
8108588862;Package;8108588862;;;;"Запчасти и аксессуары";;;;0;;;;;;new;;;;;;18.10_26;removed;;
8108588083;Package;8108588083;;;;"Запчасти и аксессуары";;;;0;;;;;;new;;;;;;18.10_26;removed;;
8108588033;Package;8108588033;;;;"Запчасти и аксессуары";;;;0;;;;;;new;;;;;;18.10_26;removed;;
8108587742;Package;8108587742;;;;"Запчасти и аксессуары";;;;0;;;;;;new;;;;;;18.10_26;removed;;
8108586200;Package;8108586200;;;;"Запчасти и аксессуары";;;;0;;;;;;new;;;;;;18.10_26;removed;;
8108584978;Package;8108584978;;;;"Запчасти и аксессуары";;;;0;;;;;;new;;;;;;18.10_26;removed;;
8108583998;Package;8108583998;;;;"Запчасти и аксессуары";;;;0;;;;;;new;;;;;;18.10_26;removed;;
8108583612;Package;8108583612;;;;"Запчасти и аксессуары";;;;0;;;;;;new;;;;;;18.10_26;removed;;
8108583473;Package;8108583473;;;;"Запчасти и аксессуары";;;;0;;;;;;new;;;;;;18.10_26;removed;;
8108581759;Package;8108581759;;;;"Запчасти и аксессуары";;;;0;;;;;;new;;;;;;18.10_26;removed;;
8108581474;Package;8108581474;;;;"Запчасти и аксессуары";;;;0;;;;;;new;;;;;;18.10_26;removed;;
8108581444;Package;8108581444;;;;"Запчасти и аксессуары";;;;0;;;;;;new;;;;;;18.10_26;removed;;
8108580919;Package;8108580919;;;;"Запчасти и аксессуары";;;;0;;;;;;new;;;;;;18.10_26;removed;;
8108580889;Package;8108580889;;;;"Запчасти и аксессуары";;;;0;;;;;;new;;;;;;18.10_26;removed;;
8108580733;Package;8108580733;;;;"Запчасти и аксессуары";;;;0;;;;;;new;;;;;;18.10_26;removed;;
8108580689;Package;8108580689;;;;"Запчасти и аксессуары";;;;0;;;;;;new;;;;;;18.10_26;removed;;
8108580447;Package;8108580447;;;;"Запчасти и аксессуары";;;;0;;;;;;new;;;;;;18.10_26;removed;;
8108576990;Package;8108576990;;;;"Запчасти и аксессуары";;;;0;;;;;;new;;;;;;18.10_26;removed;;
8108575663;Package;8108575663;;;;"Запчасти и аксессуары";;;;0;;;;;;new;;;;;;18.10_26;removed;;
8108575617;Package;8108575617;;;;"Запчасти и аксессуары";;;;0;;;;;;new;;;;;;18.10_26;removed;;
8108574812;Package;8108574812;;;;"Запчасти и аксессуары";;;;0;;;;;;new;;;;;;18.10_26;removed;;
8108574615;Package;8108574615;;;;"Запчасти и аксессуары";;;;0;;;;;;new;;;;;;18.10_26;removed;;
8108574470;Package;8108574470;;;;"Запчасти и аксессуары";;;;0;;;;;;new;;;;;;18.10_26;removed;;
8108573440;Package;8108573440;;;;"Запчасти и аксессуары";;;;0;;;;;;new;;;;;;18.10_26;removed;;
8108572218;Package;8108572218;;;;"Запчасти и аксессуары";;;;0;;;;;;new;;;;;;18.10_26;removed;;
8108569617;Package;8108569617;;;;"Запчасти и аксессуары";;;;0;;;;;;new;;;;;;18.10_26;removed;;
8108567655;Package;8108567655;;;;"Запчасти и аксессуары";;;;0;;;;;;new;;;;;;18.10_26;removed;;
8108566592;Package;8108566592;;;;"Запчасти и аксессуары";;;;0;;;;;;new;;;;;;18.10_26;removed;;
8108566289;Package;8108566289;;;;"Запчасти и аксессуары";;;;0;;;;;;new;;;;;;18.10_26;removed;;
8108563320;Package;8108563320;;;;"Запчасти и аксессуары";;;;0;;;;;;new;;;;;;18.10_26;removed;;
8108563083;Package;8108563083;;;;"Запчасти и аксессуары";;;;0;;;;;;new;;;;;;18.10_26;removed;;
8108560266;Package;8108560266;;;;"Запчасти и аксессуары";;;;0;;;;;;new;;;;;;18.10_26;removed;;
8108559702;Package;8108559702;;;;"Запчасти и аксессуары";;;;0;;;;;;new;;;;;;18.10_26;removed;;
8108559390;Package;8108559390;;;;"Запчасти и аксессуары";;;;0;;;;;;new;;;;;;18.10_26;removed;;
8108559139;Package;8108559139;;;;"Запчасти и аксессуары";;;;0;;;;;;new;;;;;;18.10_26;removed;;
8108558378;Package;8108558378;;;;"Запчасти и аксессуары";;;;0;;;;;;new;;;;;;18.10_26;removed;;
8108557940;Package;8108557940;;;;"Запчасти и аксессуары";;;;0;;;;;;new;;;;;;18.10_26;removed;;
8108557706;Package;8108557706;;;;"Запчасти и аксессуары";;;;0;;;;;;new;;;;;;18.10_26;removed;;
8108557370;Package;8108557370;;;;"Запчасти и аксессуары";;;;0;;;;;;new;;;;;;18.10_26;removed;;
8108556593;Package;8108556593;;;;"Запчасти и аксессуары";;;;0;;;;;;new;;;;;;18.10_26;removed;;
8108556475;Package;8108556475;;;;"Запчасти и аксессуары";;;;0;;;;;;new;;;;;;18.10_26;removed;;
8108556188;Package;8108556188;;;;"Запчасти и аксессуары";;;;0;;;;;;new;;;;;;18.10_26;removed;;
8108555514;Package;8108555514;;;;"Запчасти и аксессуары";;;;0;;;;;;new;;;;;;18.10_26;removed;;
8108554590;Package;8108554590;;;;"Запчасти и аксессуары";;;;0;;;;;;new;;;;;;18.10_26;removed;;
8108554362;Package;8108554362;;;;"Запчасти и аксессуары";;;;0;;;;;;new;;;;;;18.10_26;removed;;
8108552192;Package;8108552192;;;;"Запчасти и аксессуары";;;;0;;;;;;new;;;;;;18.10_26;removed;;
8108551632;Package;8108551632;;;;"Запчасти и аксессуары";;;;0;;;;;;new;;;;;;18.10_26;removed;;
8108551032;Package;8108551032;;;;"Запчасти и аксессуары";;;;0;;;;;;new;;;;;;18.10_26;removed;;
8108550952;Package;8108550952;;;;"Запчасти и аксессуары";;;;0;;;;;;new;;;;;;18.10_26;removed;;
8108550528;Package;8108550528;;;;"Запчасти и аксессуары";;;;0;;;;;;new;;;;;;18.10_26;removed;;
8108549714;Package;8108549714;;;;"Запчасти и аксессуары";;;;0;;;;;;new;;;;;;18.10_26;removed;;
8108546472;Package;8108546472;;;;"Запчасти и аксессуары";;;;0;;;;;;new;;;;;;18.10_26;removed;;
8108545940;Package;8108545940;;;;"Запчасти и аксессуары";;;;0;;;;;;new;;;;;;18.10_26;removed;;
8108545114;Package;8108545114;;;;"Запчасти и аксессуары";;;;0;;;;;;new;;;;;;18.10_26;removed;;
8108545002;Package;8108545002;;;;"Запчасти и аксессуары";;;;0;;;;;;new;;;;;;18.10_26;removed;;
8108544849;Package;8108544849;;;;"Запчасти и аксессуары";;;;0;;;;;;new;;;;;;18.10_26;removed;;
8108544651;Package;8108544651;;;;"Запчасти и аксессуары";;;;0;;;;;;new;;;;;;18.10_26;removed;;
8108544356;Package;8108544356;;;;"Запчасти и аксессуары";;;;0;;;;;;new;;;;;;18.10_26;removed;;
8108543855;Package;8108543855;;;;"Запчасти и аксессуары";;;;0;;;;;;new;;;;;;18.10_26;removed;;
8108542736;Package;8108542736;;;;"Запчасти и аксессуары";;;;0;;;;;;new;;;;;;18.10_26;removed;;
8108540661;Package;8108540661;;;;"Запчасти и аксессуары";;;;0;;;;;;new;;;;;;18.10_26;removed;;
8108540383;Package;8108540383;;;;"Запчасти и аксессуары";;;;0;;;;;;new;;;;;;18.10_26;removed;;
8108537302;Package;8108537302;;;;"Запчасти и аксессуары";;;;0;;;;;;new;;;;;;18.10_26;removed;;
8108535258;Package;8108535258;;;;"Запчасти и аксессуары";;;;0;;;;;;new;;;;;;18.10_26;removed;;
8108535096;Package;8108535096;;;;"Запчасти и аксессуары";;;;0;;;;;;new;;;;;;18.10_26;removed;;
8108531654;Package;8108531654;;;;"Запчасти и аксессуары";;;;0;;;;;;new;;;;;;18.10_26;removed;;
8108531372;Package;8108531372;;;;"Запчасти и аксессуары";;;;0;;;;;;new;;;;;;18.10_26;removed;;
8108530246;Package;8108530246;;;;"Запчасти и аксессуары";;;;0;;;;;;new;;;;;;18.10_26;removed;;
8108529885;Package;8108529885;;;;"Запчасти и аксессуары";;;;0;;;;;;new;;;;;;18.10_26;removed;;
8108528860;Package;8108528860;;;;"Запчасти и аксессуары";;;;0;;;;;;new;;;;;;18.10_26;removed;;
8108528813;Package;8108528813;;;;"Запчасти и аксессуары";;;;0;;;;;;new;;;;;;18.10_26;removed;;
8108528548;Package;8108528548;;;;"Запчасти и аксессуары";;;;0;;;;;;new;;;;;;18.10_26;removed;;
8108527295;Package;8108527295;;;;"Запчасти и аксессуары";;;;0;;;;;;new;;;;;;18.10_26;removed;;
8108527036;Package;8108527036;;;;"Запчасти и аксессуары";;;;0;;;;;;new;;;;;;18.10_26;removed;;
8108526179;Package;8108526179;;;;"Запчасти и аксессуары";;;;0;;;;;;new;;;;;;18.10_26;removed;;
8108526139;Package;8108526139;;;;"Запчасти и аксессуары";;;;0;;;;;;new;;;;;;18.10_26;removed;;
8108525713;Package;8108525713;;;;"Запчасти и аксессуары";;;;0;;;;;;new;;;;;;18.10_26;removed;;
8108525435;Package;8108525435;;;;"Запчасти и аксессуары";;;;0;;;;;;new;;;;;;18.10_26;removed;;
8108525083;Package;8108525083;;;;"Запчасти и аксессуары";;;;0;;;;;;new;;;;;;18.10_26;removed;;
8108524526;Package;8108524526;;;;"Запчасти и аксессуары";;;;0;;;;;;new;;;;;;18.10_26;removed;;
8108524170;Package;8108524170;;;;"Запчасти и аксессуары";;;;0;;;;;;new;;;;;;18.10_26;removed;;
8108523232;Package;8108523232;;;;"Запчасти и аксессуары";;;;0;;;;;;new;;;;;;18.10_26;removed;;
8108522623;Package;8108522623;;;;"Запчасти и аксессуары";;;;0;;;;;;new;;;;;;18.10_26;removed;;
8108521734;Package;8108521734;;;;"Запчасти и аксессуары";;;;0;;;;;;new;;;;;;18.10_26;removed;;
8108521137;Package;8108521137;;;;"Запчасти и аксессуары";;;;0;;;;;;new;;;;;;18.10_26;removed;;
8108520768;Package;8108520768;;;;"Запчасти и аксессуары";;;;0;;;;;;new;;;;;;18.10_26;removed;;
8108519946;Package;8108519946;;;;"Запчасти и аксессуары";;;;0;;;;;;new;;;;;;18.10_26;removed;;
8108519576;Package;8108519576;;;;"Запчасти и аксессуары";;;;0;;;;;;new;;;;;;18.10_26;removed;;
8108519239;Package;8108519239;;;;"Запчасти и аксессуары";;;;0;;;;;;new;;;;;;18.10_26;removed;;
8108517623;Package;8108517623;;;;"Запчасти и аксессуары";;;;0;;;;;;new;;;;;;18.10_26;removed;;
8108517539;Package;8108517539;;;;"Запчасти и аксессуары";;;;0;;;;;;new;;;;;;18.10_26;removed;;
8108517076;Package;8108517076;;;;"Запчасти и аксессуары";;;;0;;;;;;new;;;;;;18.10_26;removed;;
8108516394;Package;8108516394;;;;"Запчасти и аксессуары";;;;0;;;;;;new;;;;;;18.10_26;removed;;
8108514664;Package;8108514664;;;;"Запчасти и аксессуары";;;;0;;;;;;new;;;;;;18.10_26;removed;;
8108514299;Package;8108514299;;;;"Запчасти и аксессуары";;;;0;;;;;;new;;;;;;18.10_26;removed;;
8108513539;Package;8108513539;;;;"Запчасти и аксессуары";;;;0;;;;;;new;;;;;;18.10_26;removed;;
8108512789;Package;8108512789;;;;"Запчасти и аксессуары";;;;0;;;;;;new;;;;;;18.10_26;removed;;
8108511243;Package;8108511243;;;;"Запчасти и аксессуары";;;;0;;;;;;new;;;;;;18.10_26;removed;;
8108511041;Package;8108511041;;;;"Запчасти и аксессуары";;;;0;;;;;;new;;;;;;18.10_26;removed;;
8108510968;Package;8108510968;;;;"Запчасти и аксессуары";;;;0;;;;;;new;;;;;;18.10_26;removed;;
8108510627;Package;8108510627;;;;"Запчасти и аксессуары";;;;0;;;;;;new;;;;;;18.10_26;removed;;
8108509784;Package;8108509784;;;;"Запчасти и аксессуары";;;;0;;;;;;new;;;;;;18.10_26;removed;;
8108509026;Package;8108509026;;;;"Запчасти и аксессуары";;;;0;;;;;;new;;;;;;18.10_26;removed;;
8108506327;Package;8108506327;;;;"Запчасти и аксессуары";;;;0;;;;;;new;;;;;;18.10_26;removed;;
8108505574;Package;8108505574;;;;"Запчасти и аксессуары";;;;0;;;;;;new;;;;;;18.10_26;removed;;
8108505158;Package;8108505158;;;;"Запчасти и аксессуары";;;;0;;;;;;new;;;;;;18.10_26;removed;;
8108504323;Package;8108504323;;;;"Запчасти и аксессуары";;;;0;;;;;;new;;;;;;18.10_26;removed;;
8108504255;Package;8108504255;;;;"Запчасти и аксессуары";;;;0;;;;;;new;;;;;;18.10_26;removed;;
8108503813;Package;8108503813;;;;"Запчасти и аксессуары";;;;0;;;;;;new;;;;;;18.10_26;removed;;
8108503435;Package;8108503435;;;;"Запчасти и аксессуары";;;;0;;;;;;new;;;;;;18.10_26;removed;;
8108503250;Package;8108503250;;;;"Запчасти и аксессуары";;;;0;;;;;;new;;;;;;18.10_26;removed;;
8108503128;Package;8108503128;;;;"Запчасти и аксессуары";;;;0;;;;;;new;;;;;;18.10_26;removed;;
8108500411;Package;8108500411;;;;"Запчасти и аксессуары";;;;0;;;;;;new;;;;;;18.10_26;removed;;
8108497386;Package;8108497386;;;;"Запчасти и аксессуары";;;;0;;;;;;new;;;;;;18.10_26;removed;;
8108496899;Package;8108496899;;;;"Запчасти и аксессуары";;;;0;;;;;;new;;;;;;18.10_26;removed;;
8108495968;Package;8108495968;;;;"Запчасти и аксессуары";;;;0;;;;;;new;;;;;;18.10_26;removed;;
8108495788;Package;8108495788;;;;"Запчасти и аксессуары";;;;0;;;;;;new;;;;;;18.10_26;removed;;
8108495520;Package;8108495520;;;;"Запчасти и аксессуары";;;;0;;;;;;new;;;;;;18.10_26;removed;;
8108495143;Package;8108495143;;;;"Запчасти и аксессуары";;;;0;;;;;;new;;;;;;18.10_26;removed;;
8108494856;Package;8108494856;;;;"Запчасти и аксессуары";;;;0;;;;;;new;;;;;;18.10_26;removed;;
8108492683;Package;8108492683;;;;"Запчасти и аксессуары";;;;0;;;;;;new;;;;;;18.10_26;removed;;
8108490728;Package;8108490728;;;;"Запчасти и аксессуары";;;;0;;;;;;new;;;;;;18.10_26;removed;;
8108489838;Package;8108489838;;;;"Запчасти и аксессуары";;;;0;;;;;;new;;;;;;18.10_26;removed;;
8108489272;Package;8108489272;;;;"Запчасти и аксессуары";;;;0;;;;;;new;;;;;;18.10_26;removed;;
8108489001;Package;8108489001;;;;"Запчасти и аксессуары";;;;0;;;;;;new;;;;;;18.10_26;removed;;
8108485000;Package;8108485000;;;;"Запчасти и аксессуары";;;;0;;;;;;new;;;;;;18.10_26;removed;;
8108484152;Package;8108484152;;;;"Запчасти и аксессуары";;;;0;;;;;;new;;;;;;18.10_26;removed;;
8108483879;Package;8108483879;;;;"Запчасти и аксессуары";;;;0;;;;;;new;;;;;;18.10_26;removed;;
8108480504;Package;8108480504;;;;"Запчасти и аксессуары";;;;0;;;;;;new;;;;;;18.10_26;removed;;
8108480288;Package;8108480288;;;;"Запчасти и аксессуары";;;;0;;;;;;new;;;;;;18.10_26;removed;;
8108480137;Package;8108480137;;;;"Запчасти и аксессуары";;;;0;;;;;;new;;;;;;18.10_26;removed;;
8108479406;Package;8108479406;;;;"Запчасти и аксессуары";;;;0;;;;;;new;;;;;;18.10_26;removed;;
8108478990;Package;8108478990;;;;"Запчасти и аксессуары";;;;0;;;;;;new;;;;;;18.10_26;removed;;
8108478406;Package;8108478406;;;;"Запчасти и аксессуары";;;;0;;;;;;new;;;;;;18.10_26;removed;;
8108475533;Package;8108475533;;;;"Запчасти и аксессуары";;;;0;;;;;;new;;;;;;18.10_26;removed;;
8108473637;Package;8108473637;;;;"Запчасти и аксессуары";;;;0;;;;;;new;;;;;;18.10_26;removed;;
8108470292;Package;8108470292;;;;"Запчасти и аксессуары";;;;0;;;;;;new;;;;;;18.10_26;removed;;
8108470131;Package;8108470131;;;;"Запчасти и аксессуары";;;;0;;;;;;new;;;;;;18.10_26;removed;;
8108468752;Package;8108468752;;;;"Запчасти и аксессуары";;;;0;;;;;;new;;;;;;18.10_26;removed;;
8108466789;Package;8108466789;;;;"Запчасти и аксессуары";;;;0;;;;;;new;;;;;;18.10_26;removed;;
8108466469;Package;8108466469;;;;"Запчасти и аксессуары";;;;0;;;;;;new;;;;;;18.10_26;removed;;
8108466010;Package;8108466010;;;;"Запчасти и аксессуары";;;;0;;;;;;new;;;;;;18.10_26;removed;;
8108465212;Package;8108465212;;;;"Запчасти и аксессуары";;;;0;;;;;;new;;;;;;18.10_26;removed;;
8108463780;Package;8108463780;;;;"Запчасти и аксессуары";;;;0;;;;;;new;;;;;;18.10_26;removed;;
8108462612;Package;8108462612;;;;"Запчасти и аксессуары";;;;0;;;;;;new;;;;;;18.10_26;removed;;
8108462532;Package;8108462532;;;;"Запчасти и аксессуары";;;;0;;;;;;new;;;;;;18.10_26;removed;;
8108462337;Package;8108462337;;;;"Запчасти и аксессуары";;;;0;;;;;;new;;;;;;18.10_26;removed;;
8108461488;Package;8108461488;;;;"Запчасти и аксессуары";;;;0;;;;;;new;;;;;;18.10_26;removed;;
8108461009;Package;8108461009;;;;"Запчасти и аксессуары";;;;0;;;;;;new;;;;;;18.10_26;removed;;
8108460945;Package;8108460945;;;;"Запчасти и аксессуары";;;;0;;;;;;new;;;;;;18.10_26;removed;;
8108460337;Package;8108460337;;;;"Запчасти и аксессуары";;;;0;;;;;;new;;;;;;18.10_26;removed;;
8108460187;Package;8108460187;;;;"Запчасти и аксессуары";;;;0;;;;;;new;;;;;;18.10_26;removed;;
8108460088;Package;8108460088;;;;"Запчасти и аксессуары";;;;0;;;;;;new;;;;;;18.10_26;removed;;
8108459986;Package;8108459986;;;;"Запчасти и аксессуары";;;;0;;;;;;new;;;;;;18.10_26;removed;;
8108459144;Package;8108459144;;;;"Запчасти и аксессуары";;;;0;;;;;;new;;;;;;18.10_26;removed;;
8108457338;Package;8108457338;;;;"Запчасти и аксессуары";;;;0;;;;;;new;;;;;;18.10_26;removed;;
8108456598;Package;8108456598;;;;"Запчасти и аксессуары";;;;0;;;;;;new;;;;;;18.10_26;removed;;
8108455513;Package;8108455513;;;;"Запчасти и аксессуары";;;;0;;;;;;new;;;;;;18.10_26;removed;;
8108451008;Package;8108451008;;;;"Запчасти и аксессуары";;;;0;;;;;;new;;;;;;18.10_26;removed;;
8108450849;Package;8108450849;;;;"Запчасти и аксессуары";;;;0;;;;;;new;;;;;;18.10_26;removed;;
8108450178;Package;8108450178;;;;"Запчасти и аксессуары";;;;0;;;;;;new;;;;;;18.10_26;removed;;
8108448717;Package;8108448717;;;;"Запчасти и аксессуары";;;;0;;;;;;new;;;;;;18.10_26;removed;;
8108448379;Package;8108448379;;;;"Запчасти и аксессуары";;;;0;;;;;;new;;;;;;18.10_26;removed;;
8108447506;Package;8108447506;;;;"Запчасти и аксессуары";;;;0;;;;;;new;;;;;;18.10_26;removed;;
8108447421;Package;8108447421;;;;"Запчасти и аксессуары";;;;0;;;;;;new;;;;;;18.10_26;removed;;
8108445627;Package;8108445627;;;;"Запчасти и аксессуары";;;;0;;;;;;new;;;;;;18.10_26;removed;;
8108445339;Package;8108445339;;;;"Запчасти и аксессуары";;;;0;;;;;;new;;;;;;18.10_26;removed;;
8108445334;Package;8108445334;;;;"Запчасти и аксессуары";;;;0;;;;;;new;;;;;;18.10_26;removed;;
8108445110;Package;8108445110;;;;"Запчасти и аксессуары";;;;0;;;;;;new;;;;;;18.10_26;removed;;
8108443386;Package;8108443386;;;;"Запчасти и аксессуары";;;;0;;;;;;new;;;;;;18.10_26;removed;;
8108441383;Package;8108441383;;;;"Запчасти и аксессуары";;;;0;;;;;;new;;;;;;18.10_26;removed;;
8108441035;Package;8108441035;;;;"Запчасти и аксессуары";;;;0;;;;;;new;;;;;;18.10_26;removed;;
8108440709;Package;8108440709;;;;"Запчасти и аксессуары";;;;0;;;;;;new;;;;;;18.10_26;removed;;
8108440067;Package;8108440067;;;;"Запчасти и аксессуары";;;;0;;;;;;new;;;;;;18.10_26;removed;;
8108439221;Package;8108439221;;;;"Запчасти и аксессуары";;;;0;;;;;;new;;;;;;18.10_26;removed;;
8108439011;Package;8108439011;;;;"Запчасти и аксессуары";;;;0;;;;;;new;;;;;;18.10_26;removed;;
8108434825;Package;8108434825;;;;"Запчасти и аксессуары";;;;0;;;;;;new;;;;;;18.10_26;removed;;
8108434310;Package;8108434310;;;;"Запчасти и аксессуары";;;;0;;;;;;new;;;;;;18.10_26;removed;;
8108433904;Package;8108433904;;;;"Запчасти и аксессуары";;;;0;;;;;;new;;;;;;18.10_26;removed;;
8108433030;Package;8108433030;;;;"Запчасти и аксессуары";;;;0;;;;;;new;;;;;;18.10_26;removed;;
8108431123;Package;8108431123;;;;"Запчасти и аксессуары";;;;0;;;;;;new;;;;;;18.10_26;removed;;
8108429318;Package;8108429318;;;;"Запчасти и аксессуары";;;;0;;;;;;new;;;;;;18.10_26;removed;;
8108428673;Package;8108428673;;;;"Запчасти и аксессуары";;;;0;;;;;;new;;;;;;18.10_26;removed;;
8108427369;Package;8108427369;;;;"Запчасти и аксессуары";;;;0;;;;;;new;;;;;;18.10_26;removed;;
8108425990;Package;8108425990;;;;"Запчасти и аксессуары";;;;0;;;;;;new;;;;;;18.10_26;removed;;
8108425467;Package;8108425467;;;;"Запчасти и аксессуары";;;;0;;;;;;new;;;;;;18.10_26;removed;;
8108424115;Package;8108424115;;;;"Запчасти и аксессуары";;;;0;;;;;;new;;;;;;18.10_26;removed;;
8108424029;Package;8108424029;;;;"Запчасти и аксессуары";;;;0;;;;;;new;;;;;;18.10_26;removed;;
8108423414;Package;8108423414;;;;"Запчасти и аксессуары";;;;0;;;;;;new;;;;;;18.10_26;removed;;
8108422099;Package;8108422099;;;;"Запчасти и аксессуары";;;;0;;;;;;new;;;;;;18.10_26;removed;;
8108420253;Package;8108420253;;;;"Запчасти и аксессуары";;;;0;;;;;;new;;;;;;18.10_26;removed;;
8108420007;Package;8108420007;;;;"Запчасти и аксессуары";;;;0;;;;;;new;;;;;;18.10_26;removed;;
8108419495;Package;8108419495;;;;"Запчасти и аксессуары";;;;0;;;;;;new;;;;;;18.10_26;removed;;
8108419191;Package;8108419191;;;;"Запчасти и аксессуары";;;;0;;;;;;new;;;;;;18.10_26;removed;;
8108418927;Package;8108418927;;;;"Запчасти и аксессуары";;;;0;;;;;;new;;;;;;18.10_26;removed;;
8108415967;Package;8108415967;;;;"Запчасти и аксессуары";;;;0;;;;;;new;;;;;;18.10_26;removed;;
8108415665;Package;8108415665;;;;"Запчасти и аксессуары";;;;0;;;;;;new;;;;;;18.10_26;removed;;
8108415639;Package;8108415639;;;;"Запчасти и аксессуары";;;;0;;;;;;new;;;;;;18.10_26;removed;;
8108415198;Package;8108415198;;;;"Запчасти и аксессуары";;;;0;;;;;;new;;;;;;18.10_26;removed;;
8108415189;Package;8108415189;;;;"Запчасти и аксессуары";;;;0;;;;;;new;;;;;;18.10_26;removed;;
8108415132;Package;8108415132;;;;"Запчасти и аксессуары";;;;0;;;;;;new;;;;;;18.10_26;removed;;
8108414168;Package;8108414168;;;;"Запчасти и аксессуары";;;;0;;;;;;new;;;;;;18.10_26;removed;;
8108413609;Package;8108413609;;;;"Запчасти и аксессуары";;;;0;;;;;;new;;;;;;18.10_26;removed;;
8108413356;Package;8108413356;;;;"Запчасти и аксессуары";;;;0;;;;;;new;;;;;;18.10_26;removed;;
8108413295;Package;8108413295;;;;"Запчасти и аксессуары";;;;0;;;;;;new;;;;;;18.10_26;removed;;
8108412163;Package;8108412163;;;;"Запчасти и аксессуары";;;;0;;;;;;new;;;;;;18.10_26;removed;;
8108411916;Package;8108411916;;;;"Запчасти и аксессуары";;;;0;;;;;;new;;;;;;18.10_26;removed;;
8108411763;Package;8108411763;;;;"Запчасти и аксессуары";;;;0;;;;;;new;;;;;;18.10_26;removed;;
8108410891;Package;8108410891;;;;"Запчасти и аксессуары";;;;0;;;;;;new;;;;;;18.10_26;removed;;
8108410294;Package;8108410294;;;;"Запчасти и аксессуары";;;;0;;;;;;new;;;;;;18.10_26;removed;;
8108409471;Package;8108409471;;;;"Запчасти и аксессуары";;;;0;;;;;;new;;;;;;18.10_26;removed;;
8108408796;Package;8108408796;;;;"Запчасти и аксессуары";;;;0;;;;;;new;;;;;;18.10_26;removed;;
8108407791;Package;8108407791;;;;"Запчасти и аксессуары";;;;0;;;;;;new;;;;;;18.10_26;removed;;
8108405863;Package;8108405863;;;;"Запчасти и аксессуары";;;;0;;;;;;new;;;;;;18.10_26;removed;;
8108405525;Package;8108405525;;;;"Запчасти и аксессуары";;;;0;;;;;;new;;;;;;18.10_26;removed;;
8108405142;Package;8108405142;;;;"Запчасти и аксессуары";;;;0;;;;;;new;;;;;;18.10_26;removed;;
8108404276;Package;8108404276;;;;"Запчасти и аксессуары";;;;0;;;;;;new;;;;;;18.10_26;removed;;
8108404250;Package;8108404250;;;;"Запчасти и аксессуары";;;;0;;;;;;new;;;;;;18.10_26;removed;;
8108403449;Package;8108403449;;;;"Запчасти и аксессуары";;;;0;;;;;;new;;;;;;18.10_26;removed;;
8108401323;Package;8108401323;;;;"Запчасти и аксессуары";;;;0;;;;;;new;;;;;;18.10_26;removed;;
8108399506;Package;8108399506;;;;"Запчасти и аксессуары";;;;0;;;;;;new;;;;;;18.10_26;removed;;
8108397969;Package;8108397969;;;;"Запчасти и аксессуары";;;;0;;;;;;new;;;;;;18.10_26;removed;;
8108397928;Package;8108397928;;;;"Запчасти и аксессуары";;;;0;;;;;;new;;;;;;18.10_26;removed;;
8108397833;Package;8108397833;;;;"Запчасти и аксессуары";;;;0;;;;;;new;;;;;;18.10_26;removed;;
8108396934;Package;8108396934;;;;"Запчасти и аксессуары";;;;0;;;;;;new;;;;;;18.10_26;removed;;
8108396372;Package;8108396372;;;;"Запчасти и аксессуары";;;;0;;;;;;new;;;;;;18.10_26;removed;;
8108396268;Package;8108396268;;;;"Запчасти и аксессуары";;;;0;;;;;;new;;;;;;18.10_26;removed;;
8108394211;Package;8108394211;;;;"Запчасти и аксессуары";;;;0;;;;;;new;;;;;;18.10_26;removed;;
8108393474;Package;8108393474;;;;"Запчасти и аксессуары";;;;0;;;;;;new;;;;;;18.10_26;removed;;
8108392883;Package;8108392883;;;;"Запчасти и аксессуары";;;;0;;;;;;new;;;;;;18.10_26;removed;;
8108392724;Package;8108392724;;;;"Запчасти и аксессуары";;;;0;;;;;;new;;;;;;18.10_26;removed;;
8108392639;Package;8108392639;;;;"Запчасти и аксессуары";;;;0;;;;;;new;;;;;;18.10_26;removed;;
8108392534;Package;8108392534;;;;"Запчасти и аксессуары";;;;0;;;;;;new;;;;;;18.10_26;removed;;
8108391801;Package;8108391801;;;;"Запчасти и аксессуары";;;;0;;;;;;new;;;;;;18.10_26;removed;;
8108391716;Package;8108391716;;;;"Запчасти и аксессуары";;;;0;;;;;;new;;;;;;18.10_26;removed;;
8108391280;Package;8108391280;;;;"Запчасти и аксессуары";;;;0;;;;;;new;;;;;;18.10_26;removed;;
8108390051;Package;8108390051;;;;"Запчасти и аксессуары";;;;0;;;;;;new;;;;;;18.10_26;removed;;
8108388523;Package;8108388523;;;;"Запчасти и аксессуары";;;;0;;;;;;new;;;;;;18.10_26;removed;;
8108382271;Package;8108382271;;;;"Запчасти и аксессуары";;;;0;;;;;;new;;;;;;18.10_26;removed;;
8108381423;Package;8108381423;;;;"Запчасти и аксессуары";;;;0;;;;;;new;;;;;;18.10_26;removed;;
8108380878;Package;8108380878;;;;"Запчасти и аксессуары";;;;0;;;;;;new;;;;;;18.10_26;removed;;
8108378726;Package;8108378726;;;;"Запчасти и аксессуары";;;;0;;;;;;new;;;;;;18.10_26;removed;;
8108378504;Package;8108378504;;;;"Запчасти и аксессуары";;;;0;;;;;;new;;;;;;18.10_26;removed;;
8108377355;Package;8108377355;;;;"Запчасти и аксессуары";;;;0;;;;;;new;;;;;;18.10_26;removed;;
8108377135;Package;8108377135;;;;"Запчасти и аксессуары";;;;0;;;;;;new;;;;;;18.10_26;removed;;
8108376548;Package;8108376548;;;;"Запчасти и аксессуары";;;;0;;;;;;new;;;;;;18.10_26;removed;;
8108375973;Package;8108375973;;;;"Запчасти и аксессуары";;;;0;;;;;;new;;;;;;18.10_26;removed;;
8108375620;Package;8108375620;;;;"Запчасти и аксессуары";;;;0;;;;;;new;;;;;;18.10_26;removed;;
8108374981;Package;8108374981;;;;"Запчасти и аксессуары";;;;0;;;;;;new;;;;;;18.10_26;removed;;
8108373728;Package;8108373728;;;;"Запчасти и аксессуары";;;;0;;;;;;new;;;;;;18.10_26;removed;;
8108372685;Package;8108372685;;;;"Запчасти и аксессуары";;;;0;;;;;;new;;;;;;18.10_26;removed;;
8108371966;Package;8108371966;;;;"Запчасти и аксессуары";;;;0;;;;;;new;;;;;;18.10_26;removed;;
8108371533;Package;8108371533;;;;"Запчасти и аксессуары";;;;0;;;;;;new;;;;;;18.10_26;removed;;
8108371216;Package;8108371216;;;;"Запчасти и аксессуары";;;;0;;;;;;new;;;;;;18.10_26;removed;;
8108371213;Package;8108371213;;;;"Запчасти и аксессуары";;;;0;;;;;;new;;;;;;18.10_26;removed;;
8108368733;Package;8108368733;;;;"Запчасти и аксессуары";;;;0;;;;;;new;;;;;;18.10_26;removed;;
8108368046;Package;8108368046;;;;"Запчасти и аксессуары";;;;0;;;;;;new;;;;;;18.10_26;removed;;
8108367753;Package;8108367753;;;;"Запчасти и аксессуары";;;;0;;;;;;new;;;;;;18.10_26;removed;;
8108367678;Package;8108367678;;;;"Запчасти и аксессуары";;;;0;;;;;;new;;;;;;18.10_26;removed;;
8108367507;Package;8108367507;;;;"Запчасти и аксессуары";;;;0;;;;;;new;;;;;;18.10_26;removed;;
8108367202;Package;8108367202;;;;"Запчасти и аксессуары";;;;0;;;;;;new;;;;;;18.10_26;removed;;
8108366793;Package;8108366793;;;;"Запчасти и аксессуары";;;;0;;;;;;new;;;;;;18.10_26;removed;;
8108366690;Package;8108366690;;;;"Запчасти и аксессуары";;;;0;;;;;;new;;;;;;18.10_26;removed;;
8108366648;Package;8108366648;;;;"Запчасти и аксессуары";;;;0;;;;;;new;;;;;;18.10_26;removed;;
8108365403;Package;8108365403;;;;"Запчасти и аксессуары";;;;0;;;;;;new;;;;;;18.10_26;removed;;
8108364522;Package;8108364522;;;;"Запчасти и аксессуары";;;;0;;;;;;new;;;;;;18.10_26;removed;;
8108364449;Package;8108364449;;;;"Запчасти и аксессуары";;;;0;;;;;;new;;;;;;18.10_26;removed;;
8108364333;Package;8108364333;;;;"Запчасти и аксессуары";;;;0;;;;;;new;;;;;;18.10_26;removed;;
8108363826;Package;8108363826;;;;"Запчасти и аксессуары";;;;0;;;;;;new;;;;;;18.10_26;removed;;
8108363439;Package;8108363439;;;;"Запчасти и аксессуары";;;;0;;;;;;new;;;;;;18.10_26;removed;;
8108361044;Package;8108361044;;;;"Запчасти и аксессуары";;;;0;;;;;;new;;;;;;18.10_26;removed;;
8108360769;Package;8108360769;;;;"Запчасти и аксессуары";;;;0;;;;;;new;;;;;;18.10_26;removed;;
8108357590;Package;8108357590;;;;"Запчасти и аксессуары";;;;0;;;;;;new;;;;;;18.10_26;removed;;
8108357475;Package;8108357475;;;;"Запчасти и аксессуары";;;;0;;;;;;new;;;;;;18.10_26;removed;;
8108355547;Package;8108355547;;;;"Запчасти и аксессуары";;;;0;;;;;;new;;;;;;18.10_26;removed;;
8108352655;Package;8108352655;;;;"Запчасти и аксессуары";;;;0;;;;;;new;;;;;;18.10_26;removed;;
8108352221;Package;8108352221;;;;"Запчасти и аксессуары";;;;0;;;;;;new;;;;;;18.10_26;removed;;
8108351176;Package;8108351176;;;;"Запчасти и аксессуары";;;;0;;;;;;new;;;;;;18.10_26;removed;;
8108351013;Package;8108351013;;;;"Запчасти и аксессуары";;;;0;;;;;;new;;;;;;18.10_26;removed;;
8108350548;Package;8108350548;;;;"Запчасти и аксессуары";;;;0;;;;;;new;;;;;;18.10_26;removed;;
8108350375;Package;8108350375;;;;"Запчасти и аксессуары";;;;0;;;;;;new;;;;;;18.10_26;removed;;
8108349827;Package;8108349827;;;;"Запчасти и аксессуары";;;;0;;;;;;new;;;;;;18.10_26;removed;;
8108348694;Package;8108348694;;;;"Запчасти и аксессуары";;;;0;;;;;;new;;;;;;18.10_26;removed;;
8108347211;Package;8108347211;;;;"Запчасти и аксессуары";;;;0;;;;;;new;;;;;;18.10_26;removed;;
8108346838;Package;8108346838;;;;"Запчасти и аксессуары";;;;0;;;;;;new;;;;;;18.10_26;removed;;
8108345736;Package;8108345736;;;;"Запчасти и аксессуары";;;;0;;;;;;new;;;;;;18.10_26;removed;;
8108345671;Package;8108345671;;;;"Запчасти и аксессуары";;;;0;;;;;;new;;;;;;18.10_26;removed;;
8108345584;Package;8108345584;;;;"Запчасти и аксессуары";;;;0;;;;;;new;;;;;;18.10_26;removed;;
8108345416;Package;8108345416;;;;"Запчасти и аксессуары";;;;0;;;;;;new;;;;;;18.10_26;removed;;
8108344084;Package;8108344084;;;;"Запчасти и аксессуары";;;;0;;;;;;new;;;;;;18.10_26;removed;;
8108343824;Package;8108343824;;;;"Запчасти и аксессуары";;;;0;;;;;;new;;;;;;18.10_26;removed;;
8108342485;Package;8108342485;;;;"Запчасти и аксессуары";;;;0;;;;;;new;;;;;;18.10_26;removed;;
8108340129;Package;8108340129;;;;"Запчасти и аксессуары";;;;0;;;;;;new;;;;;;18.10_26;removed;;
8108339196;Package;8108339196;;;;"Запчасти и аксессуары";;;;0;;;;;;new;;;;;;18.10_26;removed;;
8108337932;Package;8108337932;;;;"Запчасти и аксессуары";;;;0;;;;;;new;;;;;;18.10_26;removed;;
8108337165;Package;8108337165;;;;"Запчасти и аксессуары";;;;0;;;;;;new;;;;;;18.10_26;removed;;
8108336180;Package;8108336180;;;;"Запчасти и аксессуары";;;;0;;;;;;new;;;;;;18.10_26;removed;;
8108334939;Package;8108334939;;;;"Запчасти и аксессуары";;;;0;;;;;;new;;;;;;18.10_26;removed;;
8108333462;Package;8108333462;;;;"Запчасти и аксессуары";;;;0;;;;;;new;;;;;;18.10_26;removed;;
8108333068;Package;8108333068;;;;"Запчасти и аксессуары";;;;0;;;;;;new;;;;;;18.10_26;removed;;
8108331406;Package;8108331406;;;;"Запчасти и аксессуары";;;;0;;;;;;new;;;;;;18.10_26;removed;;
8108330058;Package;8108330058;;;;"Запчасти и аксессуары";;;;0;;;;;;new;;;;;;18.10_26;removed;;
8108329755;Package;8108329755;;;;"Запчасти и аксессуары";;;;0;;;;;;new;;;;;;18.10_26;removed;;
8108329675;Package;8108329675;;;;"Запчасти и аксессуары";;;;0;;;;;;new;;;;;;18.10_26;removed;;
8108327312;Package;8108327312;;;;"Запчасти и аксессуары";;;;0;;;;;;new;;;;;;18.10_26;removed;;
8108326561;Package;8108326561;;;;"Запчасти и аксессуары";;;;0;;;;;;new;;;;;;18.10_26;removed;;
8108326458;Package;8108326458;;;;"Запчасти и аксессуары";;;;0;;;;;;new;;;;;;18.10_26;removed;;
8108326059;Package;8108326059;;;;"Запчасти и аксессуары";;;;0;;;;;;new;;;;;;18.10_26;removed;;
8108325637;Package;8108325637;;;;"Запчасти и аксессуары";;;;0;;;;;;new;;;;;;18.10_26;removed;;
8108325424;Package;8108325424;;;;"Запчасти и аксессуары";;;;0;;;;;;new;;;;;;18.10_26;removed;;
8108324811;Package;8108324811;;;;"Запчасти и аксессуары";;;;0;;;;;;new;;;;;;18.10_26;removed;;
8108324704;Package;8108324704;;;;"Запчасти и аксессуары";;;;0;;;;;;new;;;;;;18.10_26;removed;;
8108321951;Package;8108321951;;;;"Запчасти и аксессуары";;;;0;;;;;;new;;;;;;18.10_26;removed;;
8108321649;Package;8108321649;;;;"Запчасти и аксессуары";;;;0;;;;;;new;;;;;;18.10_26;removed;;
8108321591;Package;8108321591;;;;"Запчасти и аксессуары";;;;0;;;;;;new;;;;;;18.10_26;removed;;
8108320753;Package;8108320753;;;;"Запчасти и аксессуары";;;;0;;;;;;new;;;;;;18.10_26;removed;;
8108320257;Package;8108320257;;;;"Запчасти и аксессуары";;;;0;;;;;;new;;;;;;18.10_26;removed;;
8108317424;Package;8108317424;;;;"Запчасти и аксессуары";;;;0;;;;;;new;;;;;;18.10_26;removed;;
8108316506;Package;8108316506;;;;"Запчасти и аксессуары";;;;0;;;;;;new;;;;;;18.10_26;removed;;
8108314736;Package;8108314736;;;;"Запчасти и аксессуары";;;;0;;;;;;new;;;;;;18.10_26;removed;;
8108314135;Package;8108314135;;;;"Запчасти и аксессуары";;;;0;;;;;;new;;;;;;18.10_26;removed;;
8108313540;Package;8108313540;;;;"Запчасти и аксессуары";;;;0;;;;;;new;;;;;;18.10_26;removed;;
8108313470;Package;8108313470;;;;"Запчасти и аксессуары";;;;0;;;;;;new;;;;;;18.10_26;removed;;
8108313233;Package;8108313233;;;;"Запчасти и аксессуары";;;;0;;;;;;new;;;;;;18.10_26;removed;;
8108313159;Package;8108313159;;;;"Запчасти и аксессуары";;;;0;;;;;;new;;;;;;18.10_26;removed;;
8108313144;Package;8108313144;;;;"Запчасти и аксессуары";;;;0;;;;;;new;;;;;;18.10_26;removed;;
8108312099;Package;8108312099;;;;"Запчасти и аксессуары";;;;0;;;;;;new;;;;;;18.10_26;removed;;
8108311697;Package;8108311697;;;;"Запчасти и аксессуары";;;;0;;;;;;new;;;;;;18.10_26;removed;;
8108311568;Package;8108311568;;;;"Запчасти и аксессуары";;;;0;;;;;;new;;;;;;18.10_26;removed;;
8108310111;Package;8108310111;;;;"Запчасти и аксессуары";;;;0;;;;;;new;;;;;;18.10_26;removed;;
8108309654;Package;8108309654;;;;"Запчасти и аксессуары";;;;0;;;;;;new;;;;;;18.10_26;removed;;
8108309425;Package;8108309425;;;;"Запчасти и аксессуары";;;;0;;;;;;new;;;;;;18.10_26;removed;;
8108308399;Package;8108308399;;;;"Запчасти и аксессуары";;;;0;;;;;;new;;;;;;18.10_26;removed;;
8108307856;Package;8108307856;;;;"Запчасти и аксессуары";;;;0;;;;;;new;;;;;;18.10_26;removed;;
8108307064;Package;8108307064;;;;"Запчасти и аксессуары";;;;0;;;;;;new;;;;;;18.10_26;removed;;
8108306574;Package;8108306574;;;;"Запчасти и аксессуары";;;;0;;;;;;new;;;;;;18.10_26;removed;;
8108305204;Package;8108305204;;;;"Запчасти и аксессуары";;;;0;;;;;;new;;;;;;18.10_26;removed;;
8108305177;Package;8108305177;;;;"Запчасти и аксессуары";;;;0;;;;;;new;;;;;;18.10_26;removed;;
8108304548;Package;8108304548;;;;"Запчасти и аксессуары";;;;0;;;;;;new;;;;;;18.10_26;removed;;
8108304132;Package;8108304132;;;;"Запчасти и аксессуары";;;;0;;;;;;new;;;;;;18.10_26;removed;;
8108303560;Package;8108303560;;;;"Запчасти и аксессуары";;;;0;;;;;;new;;;;;;18.10_26;removed;;
8108303365;Package;8108303365;;;;"Запчасти и аксессуары";;;;0;;;;;;new;;;;;;18.10_26;removed;;
8108303241;Package;8108303241;;;;"Запчасти и аксессуары";;;;0;;;;;;new;;;;;;18.10_26;removed;;
8108303202;Package;8108303202;;;;"Запчасти и аксессуары";;;;0;;;;;;new;;;;;;18.10_26;removed;;
8108302830;Package;8108302830;;;;"Запчасти и аксессуары";;;;0;;;;;;new;;;;;;18.10_26;removed;;
8108302426;Package;8108302426;;;;"Запчасти и аксессуары";;;;0;;;;;;new;;;;;;18.10_26;removed;;
8108299903;Package;8108299903;;;;"Запчасти и аксессуары";;;;0;;;;;;new;;;;;;18.10_26;removed;;
8108299311;Package;8108299311;;;;"Запчасти и аксессуары";;;;0;;;;;;new;;;;;;18.10_26;removed;;
8108297867;Package;8108297867;;;;"Запчасти и аксессуары";;;;0;;;;;;new;;;;;;18.10_26;removed;;
8108294533;Package;8108294533;;;;"Запчасти и аксессуары";;;;0;;;;;;new;;;;;;18.10_26;removed;;
8108293797;Package;8108293797;;;;"Запчасти и аксессуары";;;;0;;;;;;new;;;;;;18.10_26;removed;;
8108292835;Package;8108292835;;;;"Запчасти и аксессуары";;;;0;;;;;;new;;;;;;18.10_26;removed;;
8108292750;Package;8108292750;;;;"Запчасти и аксессуары";;;;0;;;;;;new;;;;;;18.10_26;removed;;
8108291517;Package;8108291517;;;;"Запчасти и аксессуары";;;;0;;;;;;new;;;;;;18.10_26;removed;;
8108287910;Package;8108287910;;;;"Запчасти и аксессуары";;;;0;;;;;;new;;;;;;18.10_26;removed;;
8108287075;Package;8108287075;;;;"Запчасти и аксессуары";;;;0;;;;;;new;;;;;;18.10_26;removed;;
8108286754;Package;8108286754;;;;"Запчасти и аксессуары";;;;0;;;;;;new;;;;;;18.10_26;removed;;
8108285708;Package;8108285708;;;;"Запчасти и аксессуары";;;;0;;;;;;new;;;;;;18.10_26;removed;;
8108284163;Package;8108284163;;;;"Запчасти и аксессуары";;;;0;;;;;;new;;;;;;18.10_26;removed;;
8108277867;Package;8108277867;;;;"Запчасти и аксессуары";;;;0;;;;;;new;;;;;;18.10_26;removed;;
8108276172;Package;8108276172;;;;"Запчасти и аксессуары";;;;0;;;;;;new;;;;;;18.10_26;removed;;
8108275858;Package;8108275858;;;;"Запчасти и аксессуары";;;;0;;;;;;new;;;;;;18.10_26;removed;;
8108275692;Package;8108275692;;;;"Запчасти и аксессуары";;;;0;;;;;;new;;;;;;18.10_26;removed;;
8108275564;Package;8108275564;;;;"Запчасти и аксессуары";;;;0;;;;;;new;;;;;;18.10_26;removed;;
8108275517;Package;8108275517;;;;"Запчасти и аксессуары";;;;0;;;;;;new;;;;;;18.10_26;removed;;
8108273981;Package;8108273981;;;;"Запчасти и аксессуары";;;;0;;;;;;new;;;;;;18.10_26;removed;;
8108273041;Package;8108273041;;;;"Запчасти и аксессуары";;;;0;;;;;;new;;;;;;18.10_26;removed;;
8108272504;Package;8108272504;;;;"Запчасти и аксессуары";;;;0;;;;;;new;;;;;;18.10_26;removed;;
8108272054;Package;8108272054;;;;"Запчасти и аксессуары";;;;0;;;;;;new;;;;;;18.10_26;removed;;
8108271195;Package;8108271195;;;;"Запчасти и аксессуары";;;;0;;;;;;new;;;;;;18.10_26;removed;;
8108270578;Package;8108270578;;;;"Запчасти и аксессуары";;;;0;;;;;;new;;;;;;18.10_26;removed;;
8108270506;Package;8108270506;;;;"Запчасти и аксессуары";;;;0;;;;;;new;;;;;;18.10_26;removed;;
8108270223;Package;8108270223;;;;"Запчасти и аксессуары";;;;0;;;;;;new;;;;;;18.10_26;removed;;
8108267467;Package;8108267467;;;;"Запчасти и аксессуары";;;;0;;;;;;new;;;;;;18.10_26;removed;;
8108264894;Package;8108264894;;;;"Запчасти и аксессуары";;;;0;;;;;;new;;;;;;18.10_26;removed;;
8108264546;Package;8108264546;;;;"Запчасти и аксессуары";;;;0;;;;;;new;;;;;;18.10_26;removed;;
8108263930;Package;8108263930;;;;"Запчасти и аксессуары";;;;0;;;;;;new;;;;;;18.10_26;removed;;
8108263581;Package;8108263581;;;;"Запчасти и аксессуары";;;;0;;;;;;new;;;;;;18.10_26;removed;;
8108263041;Package;8108263041;;;;"Запчасти и аксессуары";;;;0;;;;;;new;;;;;;18.10_26;removed;;
8108263004;Package;8108263004;;;;"Запчасти и аксессуары";;;;0;;;;;;new;;;;;;18.10_26;removed;;
8108261628;Package;8108261628;;;;"Запчасти и аксессуары";;;;0;;;;;;new;;;;;;18.10_26;removed;;
8108261093;Package;8108261093;;;;"Запчасти и аксессуары";;;;0;;;;;;new;;;;;;18.10_26;removed;;
8108261092;Package;8108261092;;;;"Запчасти и аксессуары";;;;0;;;;;;new;;;;;;18.10_26;removed;;
8108260917;Package;8108260917;;;;"Запчасти и аксессуары";;;;0;;;;;;new;;;;;;18.10_26;removed;;
8108260597;Package;8108260597;;;;"Запчасти и аксессуары";;;;0;;;;;;new;;;;;;18.10_26;removed;;
8108260282;Package;8108260282;;;;"Запчасти и аксессуары";;;;0;;;;;;new;;;;;;18.10_26;removed;;
8108259624;Package;8108259624;;;;"Запчасти и аксессуары";;;;0;;;;;;new;;;;;;18.10_26;removed;;
8108258679;Package;8108258679;;;;"Запчасти и аксессуары";;;;0;;;;;;new;;;;;;18.10_26;removed;;
8108256408;Package;8108256408;;;;"Запчасти и аксессуары";;;;0;;;;;;new;;;;;;18.10_26;removed;;
8108254994;Package;8108254994;;;;"Запчасти и аксессуары";;;;0;;;;;;new;;;;;;18.10_26;removed;;
8108254817;Package;8108254817;;;;"Запчасти и аксессуары";;;;0;;;;;;new;;;;;;18.10_26;removed;;
8108254426;Package;8108254426;;;;"Запчасти и аксессуары";;;;0;;;;;;new;;;;;;18.10_26;removed;;
8108254303;Package;8108254303;;;;"Запчасти и аксессуары";;;;0;;;;;;new;;;;;;18.10_26;removed;;
8108254073;Package;8108254073;;;;"Запчасти и аксессуары";;;;0;;;;;;new;;;;;;18.10_26;removed;;
8108253805;Package;8108253805;;;;"Запчасти и аксессуары";;;;0;;;;;;new;;;;;;18.10_26;removed;;
8108252327;Package;8108252327;;;;"Запчасти и аксессуары";;;;0;;;;;;new;;;;;;18.10_26;removed;;
8108250882;Package;8108250882;;;;"Запчасти и аксессуары";;;;0;;;;;;new;;;;;;18.10_26;removed;;
8108249982;Package;8108249982;;;;"Запчасти и аксессуары";;;;0;;;;;;new;;;;;;18.10_26;removed;;
8108249552;Package;8108249552;;;;"Запчасти и аксессуары";;;;0;;;;;;new;;;;;;18.10_26;removed;;
8108248959;Package;8108248959;;;;"Запчасти и аксессуары";;;;0;;;;;;new;;;;;;18.10_26;removed;;
8108248617;Package;8108248617;;;;"Запчасти и аксессуары";;;;0;;;;;;new;;;;;;18.10_26;removed;;
8108248005;Package;8108248005;;;;"Запчасти и аксессуары";;;;0;;;;;;new;;;;;;18.10_26;removed;;
8108247838;Package;8108247838;;;;"Запчасти и аксессуары";;;;0;;;;;;new;;;;;;18.10_26;removed;;
8108247785;Package;8108247785;;;;"Запчасти и аксессуары";;;;0;;;;;;new;;;;;;18.10_26;removed;;
8108247578;Package;8108247578;;;;"Запчасти и аксессуары";;;;0;;;;;;new;;;;;;18.10_26;removed;;
8108245732;Package;8108245732;;;;"Запчасти и аксессуары";;;;0;;;;;;new;;;;;;18.10_26;removed;;
8108244076;Package;8108244076;;;;"Запчасти и аксессуары";;;;0;;;;;;new;;;;;;18.10_26;removed;;
8108243916;Package;8108243916;;;;"Запчасти и аксессуары";;;;0;;;;;;new;;;;;;18.10_26;removed;;
8108243124;Package;8108243124;;;;"Запчасти и аксессуары";;;;0;;;;;;new;;;;;;18.10_26;removed;;
8108241204;Package;8108241204;;;;"Запчасти и аксессуары";;;;0;;;;;;new;;;;;;18.10_26;removed;;
8108240704;Package;8108240704;;;;"Запчасти и аксессуары";;;;0;;;;;;new;;;;;;18.10_26;removed;;
8108239905;Package;8108239905;;;;"Запчасти и аксессуары";;;;0;;;;;;new;;;;;;18.10_26;removed;;
8108238701;Package;8108238701;;;;"Запчасти и аксессуары";;;;0;;;;;;new;;;;;;18.10_26;removed;;
8108236881;Package;8108236881;;;;"Запчасти и аксессуары";;;;0;;;;;;new;;;;;;18.10_26;removed;;
8108236676;Package;8108236676;;;;"Запчасти и аксессуары";;;;0;;;;;;new;;;;;;18.10_26;removed;;
8108236331;Package;8108236331;;;;"Запчасти и аксессуары";;;;0;;;;;;new;;;;;;18.10_26;removed;;
8108235037;Package;8108235037;;;;"Запчасти и аксессуары";;;;0;;;;;;new;;;;;;18.10_26;removed;;
8108234844;Package;8108234844;;;;"Запчасти и аксессуары";;;;0;;;;;;new;;;;;;18.10_26;removed;;
8108233268;Package;8108233268;;;;"Запчасти и аксессуары";;;;0;;;;;;new;;;;;;18.10_26;removed;;
8108232412;Package;8108232412;;;;"Запчасти и аксессуары";;;;0;;;;;;new;;;;;;18.10_26;removed;;
8108232111;Package;8108232111;;;;"Запчасти и аксессуары";;;;0;;;;;;new;;;;;;18.10_26;removed;;
8108231412;Package;8108231412;;;;"Запчасти и аксессуары";;;;0;;;;;;new;;;;;;18.10_26;removed;;
8108229340;Package;8108229340;;;;"Запчасти и аксессуары";;;;0;;;;;;new;;;;;;18.10_26;removed;;
8108229210;Package;8108229210;;;;"Запчасти и аксессуары";;;;0;;;;;;new;;;;;;18.10_26;removed;;
8108225690;Package;8108225690;;;;"Запчасти и аксессуары";;;;0;;;;;;new;;;;;;18.10_26;removed;;
8108222765;Package;8108222765;;;;"Запчасти и аксессуары";;;;0;;;;;;new;;;;;;18.10_26;removed;;
8108222726;Package;8108222726;;;;"Запчасти и аксессуары";;;;0;;;;;;new;;;;;;18.10_26;removed;;
8108222124;Package;8108222124;;;;"Запчасти и аксессуары";;;;0;;;;;;new;;;;;;18.10_26;removed;;
8108221514;Package;8108221514;;;;"Запчасти и аксессуары";;;;0;;;;;;new;;;;;;18.10_26;removed;;
8108220806;Package;8108220806;;;;"Запчасти и аксессуары";;;;0;;;;;;new;;;;;;18.10_26;removed;;
8108219617;Package;8108219617;;;;"Запчасти и аксессуары";;;;0;;;;;;new;;;;;;18.10_26;removed;;
8108218650;Package;8108218650;;;;"Запчасти и аксессуары";;;;0;;;;;;new;;;;;;18.10_26;removed;;
8108217156;Package;8108217156;;;;"Запчасти и аксессуары";;;;0;;;;;;new;;;;;;18.10_26;removed;;
8108216819;Package;8108216819;;;;"Запчасти и аксессуары";;;;0;;;;;;new;;;;;;18.10_26;removed;;
8108216556;Package;8108216556;;;;"Запчасти и аксессуары";;;;0;;;;;;new;;;;;;18.10_26;removed;;
8108213655;Package;8108213655;;;;"Запчасти и аксессуары";;;;0;;;;;;new;;;;;;18.10_26;removed;;
8108212029;Package;8108212029;;;;"Запчасти и аксессуары";;;;0;;;;;;new;;;;;;18.10_26;removed;;
8108210841;Package;8108210841;;;;"Запчасти и аксессуары";;;;0;;;;;;new;;;;;;18.10_26;removed;;
8108209935;Package;8108209935;;;;"Запчасти и аксессуары";;;;0;;;;;;new;;;;;;18.10_26;removed;;
8108209789;Package;8108209789;;;;"Запчасти и аксессуары";;;;0;;;;;;new;;;;;;18.10_26;removed;;
8108208169;Package;8108208169;;;;"Запчасти и аксессуары";;;;0;;;;;;new;;;;;;18.10_26;removed;;
8108205897;Package;8108205897;;;;"Запчасти и аксессуары";;;;0;;;;;;new;;;;;;18.10_26;removed;;
8108205727;Package;8108205727;;;;"Запчасти и аксессуары";;;;0;;;;;;new;;;;;;18.10_26;removed;;
8108203915;Package;8108203915;;;;"Запчасти и аксессуары";;;;0;;;;;;new;;;;;;18.10_26;removed;;
8108202879;Package;8108202879;;;;"Запчасти и аксессуары";;;;0;;;;;;new;;;;;;18.10_26;removed;;
8108202492;Package;8108202492;;;;"Запчасти и аксессуары";;;;0;;;;;;new;;;;;;18.10_26;removed;;
8108202180;Package;8108202180;;;;"Запчасти и аксессуары";;;;0;;;;;;new;;;;;;18.10_26;removed;;
8108197254;Package;8108197254;;;;"Запчасти и аксессуары";;;;0;;;;;;new;;;;;;18.10_26;removed;;
8108196170;Package;8108196170;;;;"Запчасти и аксессуары";;;;0;;;;;;new;;;;;;18.10_26;removed;;
8108196157;Package;8108196157;;;;"Запчасти и аксессуары";;;;0;;;;;;new;;;;;;18.10_26;removed;;
8108194663;Package;8108194663;;;;"Запчасти и аксессуары";;;;0;;;;;;new;;;;;;18.10_26;removed;;
8108194618;Package;8108194618;;;;"Запчасти и аксессуары";;;;0;;;;;;new;;;;;;18.10_26;removed;;
8108194319;Package;8108194319;;;;"Запчасти и аксессуары";;;;0;;;;;;new;;;;;;18.10_26;removed;;
8108193479;Package;8108193479;;;;"Запчасти и аксессуары";;;;0;;;;;;new;;;;;;18.10_26;removed;;
8108193256;Package;8108193256;;;;"Запчасти и аксессуары";;;;0;;;;;;new;;;;;;18.10_26;removed;;
8108192897;Package;8108192897;;;;"Запчасти и аксессуары";;;;0;;;;;;new;;;;;;18.10_26;removed;;
8108192239;Package;8108192239;;;;"Запчасти и аксессуары";;;;0;;;;;;new;;;;;;18.10_26;removed;;
8108191969;Package;8108191969;;;;"Запчасти и аксессуары";;;;0;;;;;;new;;;;;;18.10_26;removed;;
8108191126;Package;8108191126;;;;"Запчасти и аксессуары";;;;0;;;;;;new;;;;;;18.10_26;removed;;
8108188890;Package;8108188890;;;;"Запчасти и аксессуары";;;;0;;;;;;new;;;;;;18.10_26;removed;;
8108187848;Package;8108187848;;;;"Запчасти и аксессуары";;;;0;;;;;;new;;;;;;18.10_26;removed;;
8108187845;Package;8108187845;;;;"Запчасти и аксессуары";;;;0;;;;;;new;;;;;;18.10_26;removed;;
8108187171;Package;8108187171;;;;"Запчасти и аксессуары";;;;0;;;;;;new;;;;;;18.10_26;removed;;
8108186383;Package;8108186383;;;;"Запчасти и аксессуары";;;;0;;;;;;new;;;;;;18.10_26;removed;;
8108184090;Package;8108184090;;;;"Запчасти и аксессуары";;;;0;;;;;;new;;;;;;18.10_26;removed;;
8108183274;Package;8108183274;;;;"Запчасти и аксессуары";;;;0;;;;;;new;;;;;;18.10_26;removed;;
8108182679;Package;8108182679;;;;"Запчасти и аксессуары";;;;0;;;;;;new;;;;;;18.10_26;removed;;
8108182398;Package;8108182398;;;;"Запчасти и аксессуары";;;;0;;;;;;new;;;;;;18.10_26;removed;;
8108182189;Package;8108182189;;;;"Запчасти и аксессуары";;;;0;;;;;;new;;;;;;18.10_26;removed;;
8108181249;Package;8108181249;;;;"Запчасти и аксессуары";;;;0;;;;;;new;;;;;;18.10_26;removed;;
8108180871;Package;8108180871;;;;"Запчасти и аксессуары";;;;0;;;;;;new;;;;;;18.10_26;removed;;
8108180155;Package;8108180155;;;;"Запчасти и аксессуары";;;;0;;;;;;new;;;;;;18.10_26;removed;;
8108177807;Package;8108177807;;;;"Запчасти и аксессуары";;;;0;;;;;;new;;;;;;18.10_26;removed;;
8108177696;Package;8108177696;;;;"Запчасти и аксессуары";;;;0;;;;;;new;;;;;;18.10_26;removed;;
8108177584;Package;8108177584;;;;"Запчасти и аксессуары";;;;0;;;;;;new;;;;;;18.10_26;removed;;
8108177526;Package;8108177526;;;;"Запчасти и аксессуары";;;;0;;;;;;new;;;;;;18.10_26;removed;;
8108175711;Package;8108175711;;;;"Запчасти и аксессуары";;;;0;;;;;;new;;;;;;18.10_26;removed;;
8108174741;Package;8108174741;;;;"Запчасти и аксессуары";;;;0;;;;;;new;;;;;;18.10_26;removed;;
8108174624;Package;8108174624;;;;"Запчасти и аксессуары";;;;0;;;;;;new;;;;;;18.10_26;removed;;
8108174126;Package;8108174126;;;;"Запчасти и аксессуары";;;;0;;;;;;new;;;;;;18.10_26;removed;;
8108172962;Package;8108172962;;;;"Запчасти и аксессуары";;;;0;;;;;;new;;;;;;18.10_26;removed;;
8108172783;Package;8108172783;;;;"Запчасти и аксессуары";;;;0;;;;;;new;;;;;;18.10_26;removed;;
8108172469;Package;8108172469;;;;"Запчасти и аксессуары";;;;0;;;;;;new;;;;;;18.10_26;removed;;
8108171622;Package;8108171622;;;;"Запчасти и аксессуары";;;;0;;;;;;new;;;;;;18.10_26;removed;;
8108171283;Package;8108171283;;;;"Запчасти и аксессуары";;;;0;;;;;;new;;;;;;18.10_26;removed;;
8108170502;Package;8108170502;;;;"Запчасти и аксессуары";;;;0;;;;;;new;;;;;;18.10_26;removed;;
8108170167;Package;8108170167;;;;"Запчасти и аксессуары";;;;0;;;;;;new;;;;;;18.10_26;removed;;
8108169214;Package;8108169214;;;;"Запчасти и аксессуары";;;;0;;;;;;new;;;;;;18.10_26;removed;;
8108168944;Package;8108168944;;;;"Запчасти и аксессуары";;;;0;;;;;;new;;;;;;18.10_26;removed;;
8108167312;Package;8108167312;;;;"Запчасти и аксессуары";;;;0;;;;;;new;;;;;;18.10_26;removed;;
8108166506;Package;8108166506;;;;"Запчасти и аксессуары";;;;0;;;;;;new;;;;;;18.10_26;removed;;
8108166449;Package;8108166449;;;;"Запчасти и аксессуары";;;;0;;;;;;new;;;;;;18.10_26;removed;;
8108166268;Package;8108166268;;;;"Запчасти и аксессуары";;;;0;;;;;;new;;;;;;18.10_26;removed;;
8108165129;Package;8108165129;;;;"Запчасти и аксессуары";;;;0;;;;;;new;;;;;;18.10_26;removed;;
8108164628;Package;8108164628;;;;"Запчасти и аксессуары";;;;0;;;;;;new;;;;;;18.10_26;removed;;
8108163742;Package;8108163742;;;;"Запчасти и аксессуары";;;;0;;;;;;new;;;;;;18.10_26;removed;;
8108163218;Package;8108163218;;;;"Запчасти и аксессуары";;;;0;;;;;;new;;;;;;18.10_26;removed;;
8108163119;Package;8108163119;;;;"Запчасти и аксессуары";;;;0;;;;;;new;;;;;;18.10_26;removed;;
8108163108;Package;8108163108;;;;"Запчасти и аксессуары";;;;0;;;;;;new;;;;;;18.10_26;removed;;
8108161931;Package;8108161931;;;;"Запчасти и аксессуары";;;;0;;;;;;new;;;;;;18.10_26;removed;;
8108161292;Package;8108161292;;;;"Запчасти и аксессуары";;;;0;;;;;;new;;;;;;18.10_26;removed;;
8108161224;Package;8108161224;;;;"Запчасти и аксессуары";;;;0;;;;;;new;;;;;;18.10_26;removed;;
8108161193;Package;8108161193;;;;"Запчасти и аксессуары";;;;0;;;;;;new;;;;;;18.10_26;removed;;
8108160354;Package;8108160354;;;;"Запчасти и аксессуары";;;;0;;;;;;new;;;;;;18.10_26;removed;;
8108158232;Package;8108158232;;;;"Запчасти и аксессуары";;;;0;;;;;;new;;;;;;18.10_26;removed;;
8108158037;Package;8108158037;;;;"Запчасти и аксессуары";;;;0;;;;;;new;;;;;;18.10_26;removed;;
8108157354;Package;8108157354;;;;"Запчасти и аксессуары";;;;0;;;;;;new;;;;;;18.10_26;removed;;
8108156399;Package;8108156399;;;;"Запчасти и аксессуары";;;;0;;;;;;new;;;;;;18.10_26;removed;;
8108155984;Package;8108155984;;;;"Запчасти и аксессуары";;;;0;;;;;;new;;;;;;18.10_26;removed;;
8108154789;Package;8108154789;;;;"Запчасти и аксессуары";;;;0;;;;;;new;;;;;;18.10_26;removed;;
8108153787;Package;8108153787;;;;"Запчасти и аксессуары";;;;0;;;;;;new;;;;;;18.10_26;removed;;
8108153672;Package;8108153672;;;;"Запчасти и аксессуары";;;;0;;;;;;new;;;;;;18.10_26;removed;;
8108153627;Package;8108153627;;;;"Запчасти и аксессуары";;;;0;;;;;;new;;;;;;18.10_26;removed;;
8108153474;Package;8108153474;;;;"Запчасти и аксессуары";;;;0;;;;;;new;;;;;;18.10_26;removed;;
8108152787;Package;8108152787;;;;"Запчасти и аксессуары";;;;0;;;;;;new;;;;;;18.10_26;removed;;
8108152207;Package;8108152207;;;;"Запчасти и аксессуары";;;;0;;;;;;new;;;;;;18.10_26;removed;;
8108151660;Package;8108151660;;;;"Запчасти и аксессуары";;;;0;;;;;;new;;;;;;18.10_26;removed;;
8108150100;Package;8108150100;;;;"Запчасти и аксессуары";;;;0;;;;;;new;;;;;;18.10_26;removed;;
8108148858;Package;8108148858;;;;"Запчасти и аксессуары";;;;0;;;;;;new;;;;;;18.10_26;removed;;
8108146898;Package;8108146898;;;;"Запчасти и аксессуары";;;;0;;;;;;new;;;;;;18.10_26;removed;;
8108145804;Package;8108145804;;;;"Запчасти и аксессуары";;;;0;;;;;;new;;;;;;18.10_26;removed;;
8108144322;Package;8108144322;;;;"Запчасти и аксессуары";;;;0;;;;;;new;;;;;;18.10_26;removed;;
8108144294;Package;8108144294;;;;"Запчасти и аксессуары";;;;0;;;;;;new;;;;;;18.10_26;removed;;
8108144146;Package;8108144146;;;;"Запчасти и аксессуары";;;;0;;;;;;new;;;;;;18.10_26;removed;;
8108141937;Package;8108141937;;;;"Запчасти и аксессуары";;;;0;;;;;;new;;;;;;18.10_26;removed;;
8108141598;Package;8108141598;;;;"Запчасти и аксессуары";;;;0;;;;;;new;;;;;;18.10_26;removed;;
8108140627;Package;8108140627;;;;"Запчасти и аксессуары";;;;0;;;;;;new;;;;;;18.10_26;removed;;
8108138411;Package;8108138411;;;;"Запчасти и аксессуары";;;;0;;;;;;new;;;;;;18.10_26;removed;;
8108138157;Package;8108138157;;;;"Запчасти и аксессуары";;;;0;;;;;;new;;;;;;18.10_26;removed;;
8108136453;Package;8108136453;;;;"Запчасти и аксессуары";;;;0;;;;;;new;;;;;;18.10_26;removed;;
8108136409;Package;8108136409;;;;"Запчасти и аксессуары";;;;0;;;;;;new;;;;;;18.10_26;removed;;
8108136384;Package;8108136384;;;;"Запчасти и аксессуары";;;;0;;;;;;new;;;;;;18.10_26;removed;;
8108136316;Package;8108136316;;;;"Запчасти и аксессуары";;;;0;;;;;;new;;;;;;18.10_26;removed;;
8108135921;Package;8108135921;;;;"Запчасти и аксессуары";;;;0;;;;;;new;;;;;;18.10_26;removed;;
8108135828;Package;8108135828;;;;"Запчасти и аксессуары";;;;0;;;;;;new;;;;;;18.10_26;removed;;
8108135004;Package;8108135004;;;;"Запчасти и аксессуары";;;;0;;;;;;new;;;;;;18.10_26;removed;;
8108134789;Package;8108134789;;;;"Запчасти и аксессуары";;;;0;;;;;;new;;;;;;18.10_26;removed;;
8108134297;Package;8108134297;;;;"Запчасти и аксессуары";;;;0;;;;;;new;;;;;;18.10_26;removed;;
8108133086;Package;8108133086;;;;"Запчасти и аксессуары";;;;0;;;;;;new;;;;;;18.10_26;removed;;
8108131692;Package;8108131692;;;;"Запчасти и аксессуары";;;;0;;;;;;new;;;;;;18.10_26;removed;;
8108131577;Package;8108131577;;;;"Запчасти и аксессуары";;;;0;;;;;;new;;;;;;18.10_26;removed;;
8108129301;Package;8108129301;;;;"Запчасти и аксессуары";;;;0;;;;;;new;;;;;;18.10_26;removed;;
8108128415;Package;8108128415;;;;"Запчасти и аксессуары";;;;0;;;;;;new;;;;;;18.10_26;removed;;
8108128031;Package;8108128031;;;;"Запчасти и аксессуары";;;;0;;;;;;new;;;;;;18.10_26;removed;;
8108127667;Package;8108127667;;;;"Запчасти и аксессуары";;;;0;;;;;;new;;;;;;18.10_26;removed;;
8108124202;Package;8108124202;;;;"Запчасти и аксессуары";;;;0;;;;;;new;;;;;;18.10_26;removed;;
8108123357;Package;8108123357;;;;"Запчасти и аксессуары";;;;0;;;;;;new;;;;;;18.10_26;removed;;
8108122288;Package;8108122288;;;;"Запчасти и аксессуары";;;;0;;;;;;new;;;;;;18.10_26;removed;;
8108120293;Package;8108120293;;;;"Запчасти и аксессуары";;;;0;;;;;;new;;;;;;18.10_26;removed;;
8108120002;Package;8108120002;;;;"Запчасти и аксессуары";;;;0;;;;;;new;;;;;;18.10_26;removed;;
8108119492;Package;8108119492;;;;"Запчасти и аксессуары";;;;0;;;;;;new;;;;;;18.10_26;removed;;
8108119346;Package;8108119346;;;;"Запчасти и аксессуары";;;;0;;;;;;new;;;;;;18.10_26;removed;;
8108118382;Package;8108118382;;;;"Запчасти и аксессуары";;;;0;;;;;;new;;;;;;18.10_26;removed;;
8108116819;Package;8108116819;;;;"Запчасти и аксессуары";;;;0;;;;;;new;;;;;;18.10_26;removed;;
8108113876;Package;8108113876;;;;"Запчасти и аксессуары";;;;0;;;;;;new;;;;;;18.10_26;removed;;
8108112998;Package;8108112998;;;;"Запчасти и аксессуары";;;;0;;;;;;new;;;;;;18.10_26;removed;;
8108110506;Package;8108110506;;;;"Запчасти и аксессуары";;;;0;;;;;;new;;;;;;18.10_26;removed;;
8108108821;Package;8108108821;;;;"Запчасти и аксессуары";;;;0;;;;;;new;;;;;;18.10_26;removed;;
8108108445;Package;8108108445;;;;"Запчасти и аксессуары";;;;0;;;;;;new;;;;;;18.10_26;removed;;
8108108440;Package;8108108440;;;;"Запчасти и аксессуары";;;;0;;;;;;new;;;;;;18.10_26;removed;;
8108108418;Package;8108108418;;;;"Запчасти и аксессуары";;;;0;;;;;;new;;;;;;18.10_26;removed;;
8108107681;Package;8108107681;;;;"Запчасти и аксессуары";;;;0;;;;;;new;;;;;;18.10_26;removed;;
8108107458;Package;8108107458;;;;"Запчасти и аксессуары";;;;0;;;;;;new;;;;;;18.10_26;removed;;
8108105367;Package;8108105367;;;;"Запчасти и аксессуары";;;;0;;;;;;new;;;;;;18.10_26;removed;;
8108105253;Package;8108105253;;;;"Запчасти и аксессуары";;;;0;;;;;;new;;;;;;18.10_26;removed;;
8108105092;Package;8108105092;;;;"Запчасти и аксессуары";;;;0;;;;;;new;;;;;;18.10_26;removed;;
8108101295;Package;8108101295;;;;"Запчасти и аксессуары";;;;0;;;;;;new;;;;;;18.10_26;removed;;
8108100006;Package;8108100006;;;;"Запчасти и аксессуары";;;;0;;;;;;new;;;;;;18.10_26;removed;;
8108099928;Package;8108099928;;;;"Запчасти и аксессуары";;;;0;;;;;;new;;;;;;18.10_26;removed;;
8108097776;Package;8108097776;;;;"Запчасти и аксессуары";;;;0;;;;;;new;;;;;;18.10_26;removed;;
8108096716;Package;8108096716;;;;"Запчасти и аксессуары";;;;0;;;;;;new;;;;;;18.10_26;removed;;
8108095970;Package;8108095970;;;;"Запчасти и аксессуары";;;;0;;;;;;new;;;;;;18.10_26;removed;;
8108094197;Package;8108094197;;;;"Запчасти и аксессуары";;;;0;;;;;;new;;;;;;18.10_26;removed;;
8108093874;Package;8108093874;;;;"Запчасти и аксессуары";;;;0;;;;;;new;;;;;;18.10_26;removed;;
8108093419;Package;8108093419;;;;"Запчасти и аксессуары";;;;0;;;;;;new;;;;;;18.10_26;removed;;
8108093349;Package;8108093349;;;;"Запчасти и аксессуары";;;;0;;;;;;new;;;;;;18.10_26;removed;;
8108093214;Package;8108093214;;;;"Запчасти и аксессуары";;;;0;;;;;;new;;;;;;18.10_26;removed;;
8108091772;Package;8108091772;;;;"Запчасти и аксессуары";;;;0;;;;;;new;;;;;;18.10_26;removed;;
8108091719;Package;8108091719;;;;"Запчасти и аксессуары";;;;0;;;;;;new;;;;;;18.10_26;removed;;
8108091373;Package;8108091373;;;;"Запчасти и аксессуары";;;;0;;;;;;new;;;;;;18.10_26;removed;;
8108090181;Package;8108090181;;;;"Запчасти и аксессуары";;;;0;;;;;;new;;;;;;18.10_26;removed;;
8108090175;Package;8108090175;;;;"Запчасти и аксессуары";;;;0;;;;;;new;;;;;;18.10_26;removed;;
8108090130;Package;8108090130;;;;"Запчасти и аксессуары";;;;0;;;;;;new;;;;;;18.10_26;removed;;
8108089597;Package;8108089597;;;;"Запчасти и аксессуары";;;;0;;;;;;new;;;;;;18.10_26;removed;;
8108087996;Package;8108087996;;;;"Запчасти и аксессуары";;;;0;;;;;;new;;;;;;18.10_26;removed;;
8108087619;Package;8108087619;;;;"Запчасти и аксессуары";;;;0;;;;;;new;;;;;;18.10_26;removed;;
8108086604;Package;8108086604;;;;"Запчасти и аксессуары";;;;0;;;;;;new;;;;;;18.10_26;removed;;
8108086255;Package;8108086255;;;;"Запчасти и аксессуары";;;;0;;;;;;new;;;;;;18.10_26;removed;;
8108084354;Package;8108084354;;;;"Запчасти и аксессуары";;;;0;;;;;;new;;;;;;18.10_26;removed;;
8108082375;Package;8108082375;;;;"Запчасти и аксессуары";;;;0;;;;;;new;;;;;;18.10_26;removed;;
8108081788;Package;8108081788;;;;"Запчасти и аксессуары";;;;0;;;;;;new;;;;;;18.10_26;removed;;
8108081450;Package;8108081450;;;;"Запчасти и аксессуары";;;;0;;;;;;new;;;;;;18.10_26;removed;;
8108081277;Package;8108081277;;;;"Запчасти и аксессуары";;;;0;;;;;;new;;;;;;18.10_26;removed;;
8108080739;Package;8108080739;;;;"Запчасти и аксессуары";;;;0;;;;;;new;;;;;;18.10_26;removed;;
8108079587;Package;8108079587;;;;"Запчасти и аксессуары";;;;0;;;;;;new;;;;;;18.10_26;removed;;
8108077822;Package;8108077822;;;;"Запчасти и аксессуары";;;;0;;;;;;new;;;;;;18.10_26;removed;;
8108077460;Package;8108077460;;;;"Запчасти и аксессуары";;;;0;;;;;;new;;;;;;18.10_26;removed;;
8108077349;Package;8108077349;;;;"Запчасти и аксессуары";;;;0;;;;;;new;;;;;;18.10_26;removed;;
8108073861;Package;8108073861;;;;"Запчасти и аксессуары";;;;0;;;;;;new;;;;;;18.10_26;removed;;
8108073346;Package;8108073346;;;;"Запчасти и аксессуары";;;;0;;;;;;new;;;;;;18.10_26;removed;;
8108073269;Package;8108073269;;;;"Запчасти и аксессуары";;;;0;;;;;;new;;;;;;18.10_26;removed;;
8108072997;Package;8108072997;;;;"Запчасти и аксессуары";;;;0;;;;;;new;;;;;;18.10_26;removed;;
8108072620;Package;8108072620;;;;"Запчасти и аксессуары";;;;0;;;;;;new;;;;;;18.10_26;removed;;
8108070404;Package;8108070404;;;;"Запчасти и аксессуары";;;;0;;;;;;new;;;;;;18.10_26;removed;;
8108070332;Package;8108070332;;;;"Запчасти и аксессуары";;;;0;;;;;;new;;;;;;18.10_26;removed;;
8108070305;Package;8108070305;;;;"Запчасти и аксессуары";;;;0;;;;;;new;;;;;;18.10_26;removed;;
8108069719;Package;8108069719;;;;"Запчасти и аксессуары";;;;0;;;;;;new;;;;;;18.10_26;removed;;
8108067109;Package;8108067109;;;;"Запчасти и аксессуары";;;;0;;;;;;new;;;;;;18.10_26;removed;;
8108066959;Package;8108066959;;;;"Запчасти и аксессуары";;;;0;;;;;;new;;;;;;18.10_26;removed;;
8108066178;Package;8108066178;;;;"Запчасти и аксессуары";;;;0;;;;;;new;;;;;;18.10_26;removed;;
8108065944;Package;8108065944;;;;"Запчасти и аксессуары";;;;0;;;;;;new;;;;;;18.10_26;removed;;
8108065082;Package;8108065082;;;;"Запчасти и аксессуары";;;;0;;;;;;new;;;;;;18.10_26;removed;;
8108063768;Package;8108063768;;;;"Запчасти и аксессуары";;;;0;;;;;;new;;;;;;18.10_26;removed;;
8108063584;Package;8108063584;;;;"Запчасти и аксессуары";;;;0;;;;;;new;;;;;;18.10_26;removed;;
8108062419;Package;8108062419;;;;"Запчасти и аксессуары";;;;0;;;;;;new;;;;;;18.10_26;removed;;
8108061658;Package;8108061658;;;;"Запчасти и аксессуары";;;;0;;;;;;new;;;;;;18.10_26;removed;;
8108060283;Package;8108060283;;;;"Запчасти и аксессуары";;;;0;;;;;;new;;;;;;18.10_26;removed;;
8108060124;Package;8108060124;;;;"Запчасти и аксессуары";;;;0;;;;;;new;;;;;;18.10_26;removed;;
8108059948;Package;8108059948;;;;"Запчасти и аксессуары";;;;0;;;;;;new;;;;;;18.10_26;removed;;
8108059408;Package;8108059408;;;;"Запчасти и аксессуары";;;;0;;;;;;new;;;;;;18.10_26;removed;;
8108059189;Package;8108059189;;;;"Запчасти и аксессуары";;;;0;;;;;;new;;;;;;18.10_26;removed;;
8108058005;Package;8108058005;;;;"Запчасти и аксессуары";;;;0;;;;;;new;;;;;;18.10_26;removed;;
8108057575;Package;8108057575;;;;"Запчасти и аксессуары";;;;0;;;;;;new;;;;;;18.10_26;removed;;
8108057448;Package;8108057448;;;;"Запчасти и аксессуары";;;;0;;;;;;new;;;;;;18.10_26;removed;;
8108057328;Package;8108057328;;;;"Запчасти и аксессуары";;;;0;;;;;;new;;;;;;18.10_26;removed;;
8108056730;Package;8108056730;;;;"Запчасти и аксессуары";;;;0;;;;;;new;;;;;;18.10_26;removed;;
8108055312;Package;8108055312;;;;"Запчасти и аксессуары";;;;0;;;;;;new;;;;;;18.10_26;removed;;
8108054630;Package;8108054630;;;;"Запчасти и аксессуары";;;;0;;;;;;new;;;;;;18.10_26;removed;;
8108051614;Package;8108051614;;;;"Запчасти и аксессуары";;;;0;;;;;;new;;;;;;18.10_26;removed;;
8108051553;Package;8108051553;;;;"Запчасти и аксессуары";;;;0;;;;;;new;;;;;;18.10_26;removed;;
8108051439;Package;8108051439;;;;"Запчасти и аксессуары";;;;0;;;;;;new;;;;;;18.10_26;removed;;
8108050098;Package;8108050098;;;;"Запчасти и аксессуары";;;;0;;;;;;new;;;;;;18.10_26;removed;;
8108050059;Package;8108050059;;;;"Запчасти и аксессуары";;;;0;;;;;;new;;;;;;18.10_26;removed;;
8108049912;Package;8108049912;;;;"Запчасти и аксессуары";;;;0;;;;;;new;;;;;;18.10_26;removed;;
8108048230;Package;8108048230;;;;"Запчасти и аксессуары";;;;0;;;;;;new;;;;;;18.10_26;removed;;
8108047618;Package;8108047618;;;;"Запчасти и аксессуары";;;;0;;;;;;new;;;;;;18.10_26;removed;;
8108047228;Package;8108047228;;;;"Запчасти и аксессуары";;;;0;;;;;;new;;;;;;18.10_26;removed;;
8108046407;Package;8108046407;;;;"Запчасти и аксессуары";;;;0;;;;;;new;;;;;;18.10_26;removed;;
8108046153;Package;8108046153;;;;"Запчасти и аксессуары";;;;0;;;;;;new;;;;;;18.10_26;removed;;
8108045845;Package;8108045845;;;;"Запчасти и аксессуары";;;;0;;;;;;new;;;;;;18.10_26;removed;;
8108043308;Package;8108043308;;;;"Запчасти и аксессуары";;;;0;;;;;;new;;;;;;18.10_26;removed;;
8108042005;Package;8108042005;;;;"Запчасти и аксессуары";;;;0;;;;;;new;;;;;;18.10_26;removed;;
8108041433;Package;8108041433;;;;"Запчасти и аксессуары";;;;0;;;;;;new;;;;;;18.10_26;removed;;
8108040235;Package;8108040235;;;;"Запчасти и аксессуары";;;;0;;;;;;new;;;;;;18.10_26;removed;;
8108040079;Package;8108040079;;;;"Запчасти и аксессуары";;;;0;;;;;;new;;;;;;18.10_26;removed;;
8108039082;Package;8108039082;;;;"Запчасти и аксессуары";;;;0;;;;;;new;;;;;;18.10_26;removed;;
8108037531;Package;8108037531;;;;"Запчасти и аксессуары";;;;0;;;;;;new;;;;;;18.10_26;removed;;
8108036647;Package;8108036647;;;;"Запчасти и аксессуары";;;;0;;;;;;new;;;;;;18.10_26;removed;;
8108036626;Package;8108036626;;;;"Запчасти и аксессуары";;;;0;;;;;;new;;;;;;18.10_26;removed;;
8108035372;Package;8108035372;;;;"Запчасти и аксессуары";;;;0;;;;;;new;;;;;;18.10_26;removed;;
8108034955;Package;8108034955;;;;"Запчасти и аксессуары";;;;0;;;;;;new;;;;;;18.10_26;removed;;
8108034874;Package;8108034874;;;;"Запчасти и аксессуары";;;;0;;;;;;new;;;;;;18.10_26;removed;;
8108033994;Package;8108033994;;;;"Запчасти и аксессуары";;;;0;;;;;;new;;;;;;18.10_26;removed;;
8108033334;Package;8108033334;;;;"Запчасти и аксессуары";;;;0;;;;;;new;;;;;;18.10_26;removed;;
8108032928;Package;8108032928;;;;"Запчасти и аксессуары";;;;0;;;;;;new;;;;;;18.10_26;removed;;
8108032916;Package;8108032916;;;;"Запчасти и аксессуары";;;;0;;;;;;new;;;;;;18.10_26;removed;;
8108031612;Package;8108031612;;;;"Запчасти и аксессуары";;;;0;;;;;;new;;;;;;18.10_26;removed;;
8108029116;Package;8108029116;;;;"Запчасти и аксессуары";;;;0;;;;;;new;;;;;;18.10_26;removed;;
8108028420;Package;8108028420;;;;"Запчасти и аксессуары";;;;0;;;;;;new;;;;;;18.10_26;removed;;
8108027874;Package;8108027874;;;;"Запчасти и аксессуары";;;;0;;;;;;new;;;;;;18.10_26;removed;;
8108026535;Package;8108026535;;;;"Запчасти и аксессуары";;;;0;;;;;;new;;;;;;18.10_26;removed;;
8108025386;Package;8108025386;;;;"Запчасти и аксессуары";;;;0;;;;;;new;;;;;;18.10_26;removed;;
8108025148;Package;8108025148;;;;"Запчасти и аксессуары";;;;0;;;;;;new;;;;;;18.10_26;removed;;
8108023763;Package;8108023763;;;;"Запчасти и аксессуары";;;;0;;;;;;new;;;;;;18.10_26;removed;;
8108021662;Package;8108021662;;;;"Запчасти и аксессуары";;;;0;;;;;;new;;;;;;18.10_26;removed;;
8108021279;Package;8108021279;;;;"Запчасти и аксессуары";;;;0;;;;;;new;;;;;;18.10_26;removed;;
8108020501;Package;8108020501;;;;"Запчасти и аксессуары";;;;0;;;;;;new;;;;;;18.10_26;removed;;
8108019091;Package;8108019091;;;;"Запчасти и аксессуары";;;;0;;;;;;new;;;;;;18.10_26;removed;;
8108018848;Package;8108018848;;;;"Запчасти и аксессуары";;;;0;;;;;;new;;;;;;18.10_26;removed;;
8108018503;Package;8108018503;;;;"Запчасти и аксессуары";;;;0;;;;;;new;;;;;;18.10_26;removed;;
8108017911;Package;8108017911;;;;"Запчасти и аксессуары";;;;0;;;;;;new;;;;;;18.10_26;removed;;
8108015320;Package;8108015320;;;;"Запчасти и аксессуары";;;;0;;;;;;new;;;;;;18.10_26;removed;;
8108014367;Package;8108014367;;;;"Запчасти и аксессуары";;;;0;;;;;;new;;;;;;18.10_26;removed;;
8108013296;Package;8108013296;;;;"Запчасти и аксессуары";;;;0;;;;;;new;;;;;;18.10_26;removed;;
8108012973;Package;8108012973;;;;"Запчасти и аксессуары";;;;0;;;;;;new;;;;;;18.10_26;removed;;
8108010866;Package;8108010866;;;;"Запчасти и аксессуары";;;;0;;;;;;new;;;;;;18.10_26;removed;;
8108010618;Package;8108010618;;;;"Запчасти и аксессуары";;;;0;;;;;;new;;;;;;18.10_26;removed;;
8108008496;Package;8108008496;;;;"Запчасти и аксессуары";;;;0;;;;;;new;;;;;;18.10_26;removed;;
8108008234;Package;8108008234;;;;"Запчасти и аксессуары";;;;0;;;;;;new;;;;;;18.10_26;removed;;
8108007785;Package;8108007785;;;;"Запчасти и аксессуары";;;;0;;;;;;new;;;;;;18.10_26;removed;;
8108007150;Package;8108007150;;;;"Запчасти и аксессуары";;;;0;;;;;;new;;;;;;18.10_26;removed;;
8108005873;Package;8108005873;;;;"Запчасти и аксессуары";;;;0;;;;;;new;;;;;;18.10_26;removed;;
8108004264;Package;8108004264;;;;"Запчасти и аксессуары";;;;0;;;;;;new;;;;;;18.10_26;removed;;
8108001771;Package;8108001771;;;;"Запчасти и аксессуары";;;;0;;;;;;new;;;;;;18.10_26;removed;;
8108001738;Package;8108001738;;;;"Запчасти и аксессуары";;;;0;;;;;;new;;;;;;18.10_26;removed;;
8108001243;Package;8108001243;;;;"Запчасти и аксессуары";;;;0;;;;;;new;;;;;;18.10_26;removed;;
8108000717;Package;8108000717;;;;"Запчасти и аксессуары";;;;0;;;;;;new;;;;;;18.10_26;removed;;
8107999014;Package;8107999014;;;;"Запчасти и аксессуары";;;;0;;;;;;new;;;;;;18.10_26;removed;;
8107998026;Package;8107998026;;;;"Запчасти и аксессуары";;;;0;;;;;;new;;;;;;18.10_26;removed;;
8107997347;Package;8107997347;;;;"Запчасти и аксессуары";;;;0;;;;;;new;;;;;;18.10_26;removed;;
8107994881;Package;8107994881;;;;"Запчасти и аксессуары";;;;0;;;;;;new;;;;;;18.10_26;removed;;
8107993898;Package;8107993898;;;;"Запчасти и аксессуары";;;;0;;;;;;new;;;;;;18.10_26;removed;;
8107992193;Package;8107992193;;;;"Запчасти и аксессуары";;;;0;;;;;;new;;;;;;18.10_26;removed;;
8107992129;Package;8107992129;;;;"Запчасти и аксессуары";;;;0;;;;;;new;;;;;;18.10_26;removed;;
8107991314;Package;8107991314;;;;"Запчасти и аксессуары";;;;0;;;;;;new;;;;;;18.10_26;removed;;
8107991128;Package;8107991128;;;;"Запчасти и аксессуары";;;;0;;;;;;new;;;;;;18.10_26;removed;;
8107991089;Package;8107991089;;;;"Запчасти и аксессуары";;;;0;;;;;;new;;;;;;18.10_26;removed;;
8107991049;Package;8107991049;;;;"Запчасти и аксессуары";;;;0;;;;;;new;;;;;;18.10_26;removed;;
8107990323;Package;8107990323;;;;"Запчасти и аксессуары";;;;0;;;;;;new;;;;;;18.10_26;removed;;
8107988300;Package;8107988300;;;;"Запчасти и аксессуары";;;;0;;;;;;new;;;;;;18.10_26;removed;;
8107987365;Package;8107987365;;;;"Запчасти и аксессуары";;;;0;;;;;;new;;;;;;18.10_26;removed;;
8107986652;Package;8107986652;;;;"Запчасти и аксессуары";;;;0;;;;;;new;;;;;;18.10_26;removed;;
8107986566;Package;8107986566;;;;"Запчасти и аксессуары";;;;0;;;;;;new;;;;;;18.10_26;removed;;
8107986154;Package;8107986154;;;;"Запчасти и аксессуары";;;;0;;;;;;new;;;;;;18.10_26;removed;;
8107985881;Package;8107985881;;;;"Запчасти и аксессуары";;;;0;;;;;;new;;;;;;18.10_26;removed;;
8107985650;Package;8107985650;;;;"Запчасти и аксессуары";;;;0;;;;;;new;;;;;;18.10_26;removed;;
8107985483;Package;8107985483;;;;"Запчасти и аксессуары";;;;0;;;;;;new;;;;;;18.10_26;removed;;
8107979843;Package;8107979843;;;;"Запчасти и аксессуары";;;;0;;;;;;new;;;;;;18.10_26;removed;;
8107979831;Package;8107979831;;;;"Запчасти и аксессуары";;;;0;;;;;;new;;;;;;18.10_26;removed;;
8107979213;Package;8107979213;;;;"Запчасти и аксессуары";;;;0;;;;;;new;;;;;;18.10_26;removed;;
8107978902;Package;8107978902;;;;"Запчасти и аксессуары";;;;0;;;;;;new;;;;;;18.10_26;removed;;
8107978208;Package;8107978208;;;;"Запчасти и аксессуары";;;;0;;;;;;new;;;;;;18.10_26;removed;;
8107976669;Package;8107976669;;;;"Запчасти и аксессуары";;;;0;;;;;;new;;;;;;18.10_26;removed;;
8107972643;Package;8107972643;;;;"Запчасти и аксессуары";;;;0;;;;;;new;;;;;;18.10_26;removed;;
8107972484;Package;8107972484;;;;"Запчасти и аксессуары";;;;0;;;;;;new;;;;;;18.10_26;removed;;
8107971459;Package;8107971459;;;;"Запчасти и аксессуары";;;;0;;;;;;new;;;;;;18.10_26;removed;;
8107971091;Package;8107971091;;;;"Запчасти и аксессуары";;;;0;;;;;;new;;;;;;18.10_26;removed;;
8107970449;Package;8107970449;;;;"Запчасти и аксессуары";;;;0;;;;;;new;;;;;;18.10_26;removed;;
8107970417;Package;8107970417;;;;"Запчасти и аксессуары";;;;0;;;;;;new;;;;;;18.10_26;removed;;
8107970375;Package;8107970375;;;;"Запчасти и аксессуары";;;;0;;;;;;new;;;;;;18.10_26;removed;;
8107969452;Package;8107969452;;;;"Запчасти и аксессуары";;;;0;;;;;;new;;;;;;18.10_26;removed;;
8107969228;Package;8107969228;;;;"Запчасти и аксессуары";;;;0;;;;;;new;;;;;;18.10_26;removed;;
8107968752;Package;8107968752;;;;"Запчасти и аксессуары";;;;0;;;;;;new;;;;;;18.10_26;removed;;
8107968024;Package;8107968024;;;;"Запчасти и аксессуары";;;;0;;;;;;new;;;;;;18.10_26;removed;;
8107966320;Package;8107966320;;;;"Запчасти и аксессуары";;;;0;;;;;;new;;;;;;18.10_26;removed;;
8107964546;Package;8107964546;;;;"Запчасти и аксессуары";;;;0;;;;;;new;;;;;;18.10_26;removed;;
8107964412;Package;8107964412;;;;"Запчасти и аксессуары";;;;0;;;;;;new;;;;;;18.10_26;removed;;
8107963360;Package;8107963360;;;;"Запчасти и аксессуары";;;;0;;;;;;new;;;;;;18.10_26;removed;;
8107961822;Package;8107961822;;;;"Запчасти и аксессуары";;;;0;;;;;;new;;;;;;18.10_26;removed;;
8107961550;Package;8107961550;;;;"Запчасти и аксессуары";;;;0;;;;;;new;;;;;;18.10_26;removed;;
8107960560;Package;8107960560;;;;"Запчасти и аксессуары";;;;0;;;;;;new;;;;;;18.10_26;removed;;
8107960503;Package;8107960503;;;;"Запчасти и аксессуары";;;;0;;;;;;new;;;;;;18.10_26;removed;;
8107960441;Package;8107960441;;;;"Запчасти и аксессуары";;;;0;;;;;;new;;;;;;18.10_26;removed;;
8107955501;Package;8107955501;;;;"Запчасти и аксессуары";;;;0;;;;;;new;;;;;;18.10_26;removed;;
8107955401;Package;8107955401;;;;"Запчасти и аксессуары";;;;0;;;;;;new;;;;;;18.10_26;removed;;
8107954421;Package;8107954421;;;;"Запчасти и аксессуары";;;;0;;;;;;new;;;;;;18.10_26;removed;;
8107954310;Package;8107954310;;;;"Запчасти и аксессуары";;;;0;;;;;;new;;;;;;18.10_26;removed;;
8107953858;Package;8107953858;;;;"Запчасти и аксессуары";;;;0;;;;;;new;;;;;;18.10_26;removed;;
8107951884;Package;8107951884;;;;"Запчасти и аксессуары";;;;0;;;;;;new;;;;;;18.10_26;removed;;
8107951498;Package;8107951498;;;;"Запчасти и аксессуары";;;;0;;;;;;new;;;;;;18.10_26;removed;;
8107951307;Package;8107951307;;;;"Запчасти и аксессуары";;;;0;;;;;;new;;;;;;18.10_26;removed;;
8107949732;Package;8107949732;;;;"Запчасти и аксессуары";;;;0;;;;;;new;;;;;;18.10_26;removed;;
8107948917;Package;8107948917;;;;"Запчасти и аксессуары";;;;0;;;;;;new;;;;;;18.10_26;removed;;
8107948829;Package;8107948829;;;;"Запчасти и аксессуары";;;;0;;;;;;new;;;;;;18.10_26;removed;;
8107948486;Package;8107948486;;;;"Запчасти и аксессуары";;;;0;;;;;;new;;;;;;18.10_26;removed;;
8107946924;Package;8107946924;;;;"Запчасти и аксессуары";;;;0;;;;;;new;;;;;;18.10_26;removed;;
8107946485;Package;8107946485;;;;"Запчасти и аксессуары";;;;0;;;;;;new;;;;;;18.10_26;removed;;
8107946462;Package;8107946462;;;;"Запчасти и аксессуары";;;;0;;;;;;new;;;;;;18.10_26;removed;;
8107945583;Package;8107945583;;;;"Запчасти и аксессуары";;;;0;;;;;;new;;;;;;18.10_26;removed;;
8107943281;Package;8107943281;;;;"Запчасти и аксессуары";;;;0;;;;;;new;;;;;;18.10_26;removed;;
8107943200;Package;8107943200;;;;"Запчасти и аксессуары";;;;0;;;;;;new;;;;;;18.10_26;removed;;
8107942875;Package;8107942875;;;;"Запчасти и аксессуары";;;;0;;;;;;new;;;;;;18.10_26;removed;;
8107942391;Package;8107942391;;;;"Запчасти и аксессуары";;;;0;;;;;;new;;;;;;18.10_26;removed;;
8107941999;Package;8107941999;;;;"Запчасти и аксессуары";;;;0;;;;;;new;;;;;;18.10_26;removed;;
8107938476;Package;8107938476;;;;"Запчасти и аксессуары";;;;0;;;;;;new;;;;;;18.10_26;removed;;
8107937023;Package;8107937023;;;;"Запчасти и аксессуары";;;;0;;;;;;new;;;;;;18.10_26;removed;;
8107936031;Package;8107936031;;;;"Запчасти и аксессуары";;;;0;;;;;;new;;;;;;18.10_26;removed;;
8107935607;Package;8107935607;;;;"Запчасти и аксессуары";;;;0;;;;;;new;;;;;;18.10_26;removed;;
8107935326;Package;8107935326;;;;"Запчасти и аксессуары";;;;0;;;;;;new;;;;;;18.10_26;removed;;
8107933103;Package;8107933103;;;;"Запчасти и аксессуары";;;;0;;;;;;new;;;;;;18.10_26;removed;;
8107932944;Package;8107932944;;;;"Запчасти и аксессуары";;;;0;;;;;;new;;;;;;18.10_26;removed;;
8107932544;Package;8107932544;;;;"Запчасти и аксессуары";;;;0;;;;;;new;;;;;;18.10_26;removed;;
8107931674;Package;8107931674;;;;"Запчасти и аксессуары";;;;0;;;;;;new;;;;;;18.10_26;removed;;
8107931038;Package;8107931038;;;;"Запчасти и аксессуары";;;;0;;;;;;new;;;;;;18.10_26;removed;;
8107930696;Package;8107930696;;;;"Запчасти и аксессуары";;;;0;;;;;;new;;;;;;18.10_26;removed;;
8107929572;Package;8107929572;;;;"Запчасти и аксессуары";;;;0;;;;;;new;;;;;;18.10_26;removed;;
8107928875;Package;8107928875;;;;"Запчасти и аксессуары";;;;0;;;;;;new;;;;;;18.10_26;removed;;
8107927432;Package;8107927432;;;;"Запчасти и аксессуары";;;;0;;;;;;new;;;;;;18.10_26;removed;;
8107925196;Package;8107925196;;;;"Запчасти и аксессуары";;;;0;;;;;;new;;;;;;18.10_26;removed;;
8107925171;Package;8107925171;;;;"Запчасти и аксессуары";;;;0;;;;;;new;;;;;;18.10_26;removed;;
8107924957;Package;8107924957;;;;"Запчасти и аксессуары";;;;0;;;;;;new;;;;;;18.10_26;removed;;
8107923405;Package;8107923405;;;;"Запчасти и аксессуары";;;;0;;;;;;new;;;;;;18.10_26;removed;;
8107921822;Package;8107921822;;;;"Запчасти и аксессуары";;;;0;;;;;;new;;;;;;18.10_26;removed;;
8107921144;Package;8107921144;;;;"Запчасти и аксессуары";;;;0;;;;;;new;;;;;;18.10_26;removed;;
8107919720;Package;8107919720;;;;"Запчасти и аксессуары";;;;0;;;;;;new;;;;;;18.10_26;removed;;
8107919226;Package;8107919226;;;;"Запчасти и аксессуары";;;;0;;;;;;new;;;;;;18.10_26;removed;;
8107918931;Package;8107918931;;;;"Запчасти и аксессуары";;;;0;;;;;;new;;;;;;18.10_26;removed;;
8107918382;Package;8107918382;;;;"Запчасти и аксессуары";;;;0;;;;;;new;;;;;;18.10_26;removed;;
8107915954;Package;8107915954;;;;"Запчасти и аксессуары";;;;0;;;;;;new;;;;;;18.10_26;removed;;
8107914335;Package;8107914335;;;;"Запчасти и аксессуары";;;;0;;;;;;new;;;;;;18.10_26;removed;;
8107914007;Package;8107914007;;;;"Запчасти и аксессуары";;;;0;;;;;;new;;;;;;18.10_26;removed;;
8107913361;Package;8107913361;;;;"Запчасти и аксессуары";;;;0;;;;;;new;;;;;;18.10_26;removed;;
8107912812;Package;8107912812;;;;"Запчасти и аксессуары";;;;0;;;;;;new;;;;;;18.10_26;removed;;
8107912464;Package;8107912464;;;;"Запчасти и аксессуары";;;;0;;;;;;new;;;;;;18.10_26;removed;;
8107911291;Package;8107911291;;;;"Запчасти и аксессуары";;;;0;;;;;;new;;;;;;18.10_26;removed;;
8107911256;Package;8107911256;;;;"Запчасти и аксессуары";;;;0;;;;;;new;;;;;;18.10_26;removed;;
8107911127;Package;8107911127;;;;"Запчасти и аксессуары";;;;0;;;;;;new;;;;;;18.10_26;removed;;
8107910449;Package;8107910449;;;;"Запчасти и аксессуары";;;;0;;;;;;new;;;;;;18.10_26;removed;;
8107908366;Package;8107908366;;;;"Запчасти и аксессуары";;;;0;;;;;;new;;;;;;18.10_26;removed;;
8107906341;Package;8107906341;;;;"Запчасти и аксессуары";;;;0;;;;;;new;;;;;;18.10_26;removed;;
8107905733;Package;8107905733;;;;"Запчасти и аксессуары";;;;0;;;;;;new;;;;;;18.10_26;removed;;
8107905549;Package;8107905549;;;;"Запчасти и аксессуары";;;;0;;;;;;new;;;;;;18.10_26;removed;;
8107905023;Package;8107905023;;;;"Запчасти и аксессуары";;;;0;;;;;;new;;;;;;18.10_26;removed;;
8107904991;Package;8107904991;;;;"Запчасти и аксессуары";;;;0;;;;;;new;;;;;;18.10_26;removed;;
8107903977;Package;8107903977;;;;"Запчасти и аксессуары";;;;0;;;;;;new;;;;;;18.10_26;removed;;
8107899723;Package;8107899723;;;;"Запчасти и аксессуары";;;;0;;;;;;new;;;;;;18.10_26;removed;;
8107899620;Package;8107899620;;;;"Запчасти и аксессуары";;;;0;;;;;;new;;;;;;18.10_26;removed;;
8107898968;Package;8107898968;;;;"Запчасти и аксессуары";;;;0;;;;;;new;;;;;;18.10_26;removed;;
8107898160;Package;8107898160;;;;"Запчасти и аксессуары";;;;0;;;;;;new;;;;;;18.10_26;removed;;
8107897190;Package;8107897190;;;;"Запчасти и аксессуары";;;;0;;;;;;new;;;;;;18.10_26;removed;;
8107896963;Package;8107896963;;;;"Запчасти и аксессуары";;;;0;;;;;;new;;;;;;18.10_26;removed;;
8107896829;Package;8107896829;;;;"Запчасти и аксессуары";;;;0;;;;;;new;;;;;;18.10_26;removed;;
8107895150;Package;8107895150;;;;"Запчасти и аксессуары";;;;0;;;;;;new;;;;;;18.10_26;removed;;
8107895008;Package;8107895008;;;;"Запчасти и аксессуары";;;;0;;;;;;new;;;;;;18.10_26;removed;;
8107894434;Package;8107894434;;;;"Запчасти и аксессуары";;;;0;;;;;;new;;;;;;18.10_26;removed;;
8107890980;Package;8107890980;;;;"Запчасти и аксессуары";;;;0;;;;;;new;;;;;;18.10_26;removed;;
8107890643;Package;8107890643;;;;"Запчасти и аксессуары";;;;0;;;;;;new;;;;;;18.10_26;removed;;
8107890558;Package;8107890558;;;;"Запчасти и аксессуары";;;;0;;;;;;new;;;;;;18.10_26;removed;;
8107890045;Package;8107890045;;;;"Запчасти и аксессуары";;;;0;;;;;;new;;;;;;18.10_26;removed;;
8076893136;Package;8076893136;;;;"Запчасти и аксессуары";;;;0;;;;;;new;;;;;;18.10_26;removed;;
8076891148;Package;8076891148;;;;"Запчасти и аксессуары";;;;0;;;;;;new;;;;;;18.10_26;removed;;
8076887726;Package;8076887726;;;;"Запчасти и аксессуары";;;;0;;;;;;new;;;;;;18.10_26;removed;;
8076887472;Package;8076887472;;;;"Запчасти и аксессуары";;;;0;;;;;;new;;;;;;18.10_26;removed;;
8076886088;Package;8076886088;;;;"Запчасти и аксессуары";;;;0;;;;;;new;;;;;;18.10_26;removed;;
8076885694;Package;8076885694;;;;"Запчасти и аксессуары";;;;0;;;;;;new;;;;;;18.10_26;removed;;
8076883151;Package;8076883151;;;;"Запчасти и аксессуары";;;;0;;;;;;new;;;;;;18.10_26;removed;;
8076882467;Package;8076882467;;;;"Запчасти и аксессуары";;;;0;;;;;;new;;;;;;18.10_26;removed;;
8076882455;Package;8076882455;;;;"Запчасти и аксессуары";;;;0;;;;;;new;;;;;;18.10_26;removed;;
8076880454;Package;8076880454;;;;"Запчасти и аксессуары";;;;0;;;;;;new;;;;;;18.10_26;removed;;
8076879844;Package;8076879844;;;;"Запчасти и аксессуары";;;;0;;;;;;new;;;;;;18.10_26;removed;;
8076878401;Package;8076878401;;;;"Запчасти и аксессуары";;;;0;;;;;;new;;;;;;18.10_26;removed;;
8076878176;Package;8076878176;;;;"Запчасти и аксессуары";;;;0;;;;;;new;;;;;;18.10_26;removed;;
8076875839;Package;8076875839;;;;"Запчасти и аксессуары";;;;0;;;;;;new;;;;;;18.10_26;removed;;
8076874164;Package;8076874164;;;;"Запчасти и аксессуары";;;;0;;;;;;new;;;;;;18.10_26;removed;;
8076873730;Package;8076873730;;;;"Запчасти и аксессуары";;;;0;;;;;;new;;;;;;18.10_26;removed;;
8076873484;Package;8076873484;;;;"Запчасти и аксессуары";;;;0;;;;;;new;;;;;;18.10_26;removed;;
8076872348;Package;8076872348;;;;"Запчасти и аксессуары";;;;0;;;;;;new;;;;;;18.10_26;removed;;
8076869908;Package;8076869908;;;;"Запчасти и аксессуары";;;;0;;;;;;new;;;;;;18.10_26;removed;;
8076867988;Package;8076867988;;;;"Запчасти и аксессуары";;;;0;;;;;;new;;;;;;18.10_26;removed;;
8076867074;Package;8076867074;;;;"Запчасти и аксессуары";;;;0;;;;;;new;;;;;;18.10_26;removed;;
8076866041;Package;8076866041;;;;"Запчасти и аксессуары";;;;0;;;;;;new;;;;;;18.10_26;removed;;
8076865011;Package;8076865011;;;;"Запчасти и аксессуары";;;;0;;;;;;new;;;;;;18.10_26;removed;;
8076864675;Package;8076864675;;;;"Запчасти и аксессуары";;;;0;;;;;;new;;;;;;18.10_26;removed;;
8076863764;Package;8076863764;;;;"Запчасти и аксессуары";;;;0;;;;;;new;;;;;;18.10_26;removed;;
8076863657;Package;8076863657;;;;"Запчасти и аксессуары";;;;0;;;;;;new;;;;;;18.10_26;removed;;
8076863199;Package;8076863199;;;;"Запчасти и аксессуары";;;;0;;;;;;new;;;;;;18.10_26;removed;;
8076859890;Package;8076859890;;;;"Запчасти и аксессуары";;;;0;;;;;;new;;;;;;18.10_26;removed;;
8076858586;Package;8076858586;;;;"Запчасти и аксессуары";;;;0;;;;;;new;;;;;;18.10_26;removed;;
8076858333;Package;8076858333;;;;"Запчасти и аксессуары";;;;0;;;;;;new;;;;;;18.10_26;removed;;
8076856354;Package;8076856354;;;;"Запчасти и аксессуары";;;;0;;;;;;new;;;;;;18.10_26;removed;;
8076855272;Package;8076855272;;;;"Запчасти и аксессуары";;;;0;;;;;;new;;;;;;18.10_26;removed;;
8076855025;Package;8076855025;;;;"Запчасти и аксессуары";;;;0;;;;;;new;;;;;;18.10_26;removed;;
8076853478;Package;8076853478;;;;"Запчасти и аксессуары";;;;0;;;;;;new;;;;;;18.10_26;removed;;
8076852223;Package;8076852223;;;;"Запчасти и аксессуары";;;;0;;;;;;new;;;;;;18.10_26;removed;;
8076851633;Package;8076851633;;;;"Запчасти и аксессуары";;;;0;;;;;;new;;;;;;18.10_26;removed;;
8076850383;Package;8076850383;;;;"Запчасти и аксессуары";;;;0;;;;;;new;;;;;;18.10_26;removed;;
8076850057;Package;8076850057;;;;"Запчасти и аксессуары";;;;0;;;;;;new;;;;;;18.10_26;removed;;
8076849073;Package;8076849073;;;;"Запчасти и аксессуары";;;;0;;;;;;new;;;;;;18.10_26;removed;;
8076848171;Package;8076848171;;;;"Запчасти и аксессуары";;;;0;;;;;;new;;;;;;18.10_26;removed;;
8076847500;Package;8076847500;;;;"Запчасти и аксессуары";;;;0;;;;;;new;;;;;;18.10_26;removed;;
8076846771;Package;8076846771;;;;"Запчасти и аксессуары";;;;0;;;;;;new;;;;;;18.10_26;removed;;
8076846356;Package;8076846356;;;;"Запчасти и аксессуары";;;;0;;;;;;new;;;;;;18.10_26;removed;;
8076844297;Package;8076844297;;;;"Запчасти и аксессуары";;;;0;;;;;;new;;;;;;18.10_26;removed;;
8076844049;Package;8076844049;;;;"Запчасти и аксессуары";;;;0;;;;;;new;;;;;;18.10_26;removed;;
8076843003;Package;8076843003;;;;"Запчасти и аксессуары";;;;0;;;;;;new;;;;;;18.10_26;removed;;
8076842874;Package;8076842874;;;;"Запчасти и аксессуары";;;;0;;;;;;new;;;;;;18.10_26;removed;;
8076841698;Package;8076841698;;;;"Запчасти и аксессуары";;;;0;;;;;;new;;;;;;18.10_26;removed;;
8076840440;Package;8076840440;;;;"Запчасти и аксессуары";;;;0;;;;;;new;;;;;;18.10_26;removed;;
8076840040;Package;8076840040;;;;"Запчасти и аксессуары";;;;0;;;;;;new;;;;;;18.10_26;removed;;
8076838255;Package;8076838255;;;;"Запчасти и аксессуары";;;;0;;;;;;new;;;;;;18.10_26;removed;;
8076838216;Package;8076838216;;;;"Запчасти и аксессуары";;;;0;;;;;;new;;;;;;18.10_26;removed;;
8076837725;Package;8076837725;;;;"Запчасти и аксессуары";;;;0;;;;;;new;;;;;;18.10_26;removed;;
8076836345;Package;8076836345;;;;"Запчасти и аксессуары";;;;0;;;;;;new;;;;;;18.10_26;removed;;
8076836103;Package;8076836103;;;;"Запчасти и аксессуары";;;;0;;;;;;new;;;;;;18.10_26;removed;;
8076835868;Package;8076835868;;;;"Запчасти и аксессуары";;;;0;;;;;;new;;;;;;18.10_26;removed;;
8076835154;Package;8076835154;;;;"Запчасти и аксессуары";;;;0;;;;;;new;;;;;;18.10_26;removed;;
8076832361;Package;8076832361;;;;"Запчасти и аксессуары";;;;0;;;;;;new;;;;;;18.10_26;removed;;
8076830926;Package;8076830926;;;;"Запчасти и аксессуары";;;;0;;;;;;new;;;;;;18.10_26;removed;;
8076830368;Package;8076830368;;;;"Запчасти и аксессуары";;;;0;;;;;;new;;;;;;18.10_26;removed;;
8076828527;Package;8076828527;;;;"Запчасти и аксессуары";;;;0;;;;;;new;;;;;;18.10_26;removed;;
8076828434;Package;8076828434;;;;"Запчасти и аксессуары";;;;0;;;;;;new;;;;;;18.10_26;removed;;
8076826553;Package;8076826553;;;;"Запчасти и аксессуары";;;;0;;;;;;new;;;;;;18.10_26;removed;;
8076825465;Package;8076825465;;;;"Запчасти и аксессуары";;;;0;;;;;;new;;;;;;18.10_26;removed;;
8076824537;Package;8076824537;;;;"Запчасти и аксессуары";;;;0;;;;;;new;;;;;;18.10_26;removed;;
8076824338;Package;8076824338;;;;"Запчасти и аксессуары";;;;0;;;;;;new;;;;;;18.10_26;removed;;
8076824092;Package;8076824092;;;;"Запчасти и аксессуары";;;;0;;;;;;new;;;;;;18.10_26;removed;;
8076822019;Package;8076822019;;;;"Запчасти и аксессуары";;;;0;;;;;;new;;;;;;18.10_26;removed;;
8076820802;Package;8076820802;;;;"Запчасти и аксессуары";;;;0;;;;;;new;;;;;;18.10_26;removed;;
8076820184;Package;8076820184;;;;"Запчасти и аксессуары";;;;0;;;;;;new;;;;;;18.10_26;removed;;
8076816293;Package;8076816293;;;;"Запчасти и аксессуары";;;;0;;;;;;new;;;;;;18.10_26;removed;;
8076816125;Package;8076816125;;;;"Запчасти и аксессуары";;;;0;;;;;;new;;;;;;18.10_26;removed;;
8076815690;Package;8076815690;;;;"Запчасти и аксессуары";;;;0;;;;;;new;;;;;;18.10_26;removed;;
8076815639;Package;8076815639;;;;"Запчасти и аксессуары";;;;0;;;;;;new;;;;;;18.10_26;removed;;
8076815562;Package;8076815562;;;;"Запчасти и аксессуары";;;;0;;;;;;new;;;;;;18.10_26;removed;;
8076814683;Package;8076814683;;;;"Запчасти и аксессуары";;;;0;;;;;;new;;;;;;18.10_26;removed;;
8076814063;Package;8076814063;;;;"Запчасти и аксессуары";;;;0;;;;;;new;;;;;;18.10_26;removed;;
8076813774;Package;8076813774;;;;"Запчасти и аксессуары";;;;0;;;;;;new;;;;;;18.10_26;removed;;
8076810855;Package;8076810855;;;;"Запчасти и аксессуары";;;;0;;;;;;new;;;;;;18.10_26;removed;;
8076810116;Package;8076810116;;;;"Запчасти и аксессуары";;;;0;;;;;;new;;;;;;18.10_26;removed;;
8076807451;Package;8076807451;;;;"Запчасти и аксессуары";;;;0;;;;;;new;;;;;;18.10_26;removed;;
8076807443;Package;8076807443;;;;"Запчасти и аксессуары";;;;0;;;;;;new;;;;;;18.10_26;removed;;
8076807339;Package;8076807339;;;;"Запчасти и аксессуары";;;;0;;;;;;new;;;;;;18.10_26;removed;;
8076807230;Package;8076807230;;;;"Запчасти и аксессуары";;;;0;;;;;;new;;;;;;18.10_26;removed;;
8076806631;Package;8076806631;;;;"Запчасти и аксессуары";;;;0;;;;;;new;;;;;;18.10_26;removed;;
8076806470;Package;8076806470;;;;"Запчасти и аксессуары";;;;0;;;;;;new;;;;;;18.10_26;removed;;
8076806156;Package;8076806156;;;;"Запчасти и аксессуары";;;;0;;;;;;new;;;;;;18.10_26;removed;;
8076801366;Package;8076801366;;;;"Запчасти и аксессуары";;;;0;;;;;;new;;;;;;18.10_26;removed;;
8076799348;Package;8076799348;;;;"Запчасти и аксессуары";;;;0;;;;;;new;;;;;;18.10_26;removed;;
8076799048;Package;8076799048;;;;"Запчасти и аксессуары";;;;0;;;;;;new;;;;;;18.10_26;removed;;
8076795895;Package;8076795895;;;;"Запчасти и аксессуары";;;;0;;;;;;new;;;;;;18.10_26;removed;;
8076795714;Package;8076795714;;;;"Запчасти и аксессуары";;;;0;;;;;;new;;;;;;18.10_26;removed;;
8076794199;Package;8076794199;;;;"Запчасти и аксессуары";;;;0;;;;;;new;;;;;;18.10_26;removed;;
8076793103;Package;8076793103;;;;"Запчасти и аксессуары";;;;0;;;;;;new;;;;;;18.10_26;removed;;
8076792340;Package;8076792340;;;;"Запчасти и аксессуары";;;;0;;;;;;new;;;;;;18.10_26;removed;;
8076792057;Package;8076792057;;;;"Запчасти и аксессуары";;;;0;;;;;;new;;;;;;18.10_26;removed;;
8076790253;Package;8076790253;;;;"Запчасти и аксессуары";;;;0;;;;;;new;;;;;;18.10_26;removed;;
8076789692;Package;8076789692;;;;"Запчасти и аксессуары";;;;0;;;;;;new;;;;;;18.10_26;removed;;
8076789099;Package;8076789099;;;;"Запчасти и аксессуары";;;;0;;;;;;new;;;;;;18.10_26;removed;;
8076788893;Package;8076788893;;;;"Запчасти и аксессуары";;;;0;;;;;;new;;;;;;18.10_26;removed;;
8076788238;Package;8076788238;;;;"Запчасти и аксессуары";;;;0;;;;;;new;;;;;;18.10_26;removed;;
8076787375;Package;8076787375;;;;"Запчасти и аксессуары";;;;0;;;;;;new;;;;;;18.10_26;removed;;
8076786175;Package;8076786175;;;;"Запчасти и аксессуары";;;;0;;;;;;new;;;;;;18.10_26;removed;;
8076786113;Package;8076786113;;;;"Запчасти и аксессуары";;;;0;;;;;;new;;;;;;18.10_26;removed;;
8076784248;Package;8076784248;;;;"Запчасти и аксессуары";;;;0;;;;;;new;;;;;;18.10_26;removed;;
8076782791;Package;8076782791;;;;"Запчасти и аксессуары";;;;0;;;;;;new;;;;;;18.10_26;removed;;
8076782433;Package;8076782433;;;;"Запчасти и аксессуары";;;;0;;;;;;new;;;;;;18.10_26;removed;;
8076780659;Package;8076780659;;;;"Запчасти и аксессуары";;;;0;;;;;;new;;;;;;18.10_26;removed;;
8076777027;Package;8076777027;;;;"Запчасти и аксессуары";;;;0;;;;;;new;;;;;;18.10_26;removed;;
8076776577;Package;8076776577;;;;"Запчасти и аксессуары";;;;0;;;;;;new;;;;;;18.10_26;removed;;
8076773378;Package;8076773378;;;;"Запчасти и аксессуары";;;;0;;;;;;new;;;;;;18.10_26;removed;;
8076771369;Package;8076771369;;;;"Запчасти и аксессуары";;;;0;;;;;;new;;;;;;18.10_26;removed;;
8076770944;Package;8076770944;;;;"Запчасти и аксессуары";;;;0;;;;;;new;;;;;;18.10_26;removed;;
8076770189;Package;8076770189;;;;"Запчасти и аксессуары";;;;0;;;;;;new;;;;;;18.10_26;removed;;
8076768356;Package;8076768356;;;;"Запчасти и аксессуары";;;;0;;;;;;new;;;;;;18.10_26;removed;;
8076764806;Package;8076764806;;;;"Запчасти и аксессуары";;;;0;;;;;;new;;;;;;18.10_26;removed;;
8076764451;Package;8076764451;;;;"Запчасти и аксессуары";;;;0;;;;;;new;;;;;;18.10_26;removed;;
8076764406;Package;8076764406;;;;"Запчасти и аксессуары";;;;0;;;;;;new;;;;;;18.10_26;removed;;
8076764037;Package;8076764037;;;;"Запчасти и аксессуары";;;;0;;;;;;new;;;;;;18.10_26;removed;;
8076763139;Package;8076763139;;;;"Запчасти и аксессуары";;;;0;;;;;;new;;;;;;18.10_26;removed;;
8076762956;Package;8076762956;;;;"Запчасти и аксессуары";;;;0;;;;;;new;;;;;;18.10_26;removed;;
8076762776;Package;8076762776;;;;"Запчасти и аксессуары";;;;0;;;;;;new;;;;;;18.10_26;removed;;
8076761633;Package;8076761633;;;;"Запчасти и аксессуары";;;;0;;;;;;new;;;;;;18.10_26;removed;;
8076760501;Package;8076760501;;;;"Запчасти и аксессуары";;;;0;;;;;;new;;;;;;18.10_26;removed;;
8076759481;Package;8076759481;;;;"Запчасти и аксессуары";;;;0;;;;;;new;;;;;;18.10_26;removed;;
8076758900;Package;8076758900;;;;"Запчасти и аксессуары";;;;0;;;;;;new;;;;;;18.10_26;removed;;
8076752921;Package;8076752921;;;;"Запчасти и аксессуары";;;;0;;;;;;new;;;;;;18.10_26;removed;;
8076752061;Package;8076752061;;;;"Запчасти и аксессуары";;;;0;;;;;;new;;;;;;18.10_26;removed;;
8076750046;Package;8076750046;;;;"Запчасти и аксессуары";;;;0;;;;;;new;;;;;;18.10_26;removed;;
8076747121;Package;8076747121;;;;"Запчасти и аксессуары";;;;0;;;;;;new;;;;;;18.10_26;removed;;
8076746300;Package;8076746300;;;;"Запчасти и аксессуары";;;;0;;;;;;new;;;;;;18.10_26;removed;;
8076744930;Package;8076744930;;;;"Запчасти и аксессуары";;;;0;;;;;;new;;;;;;18.10_26;removed;;
8076744660;Package;8076744660;;;;"Запчасти и аксессуары";;;;0;;;;;;new;;;;;;18.10_26;removed;;
8076743533;Package;8076743533;;;;"Запчасти и аксессуары";;;;0;;;;;;new;;;;;;18.10_26;removed;;
8076738553;Package;8076738553;;;;"Запчасти и аксессуары";;;;0;;;;;;new;;;;;;18.10_26;removed;;
8076737564;Package;8076737564;;;;"Запчасти и аксессуары";;;;0;;;;;;new;;;;;;18.10_26;removed;;
8076735896;Package;8076735896;;;;"Запчасти и аксессуары";;;;0;;;;;;new;;;;;;18.10_26;removed;;
8076735309;Package;8076735309;;;;"Запчасти и аксессуары";;;;0;;;;;;new;;;;;;18.10_26;removed;;
8076734018;Package;8076734018;;;;"Запчасти и аксессуары";;;;0;;;;;;new;;;;;;18.10_26;removed;;
8076733692;Package;8076733692;;;;"Запчасти и аксессуары";;;;0;;;;;;new;;;;;;18.10_26;removed;;
8076732505;Package;8076732505;;;;"Запчасти и аксессуары";;;;0;;;;;;new;;;;;;18.10_26;removed;;
8076731747;Package;8076731747;;;;"Запчасти и аксессуары";;;;0;;;;;;new;;;;;;18.10_26;removed;;
8076731266;Package;8076731266;;;;"Запчасти и аксессуары";;;;0;;;;;;new;;;;;;18.10_26;removed;;
8076730583;Package;8076730583;;;;"Запчасти и аксессуары";;;;0;;;;;;new;;;;;;18.10_26;removed;;
8076729847;Package;8076729847;;;;"Запчасти и аксессуары";;;;0;;;;;;new;;;;;;18.10_26;removed;;
8076726662;Package;8076726662;;;;"Запчасти и аксессуары";;;;0;;;;;;new;;;;;;18.10_26;removed;;
8076726472;Package;8076726472;;;;"Запчасти и аксессуары";;;;0;;;;;;new;;;;;;18.10_26;removed;;
8076726150;Package;8076726150;;;;"Запчасти и аксессуары";;;;0;;;;;;new;;;;;;18.10_26;removed;;
8076725736;Package;8076725736;;;;"Запчасти и аксессуары";;;;0;;;;;;new;;;;;;18.10_26;removed;;
8076725533;Package;8076725533;;;;"Запчасти и аксессуары";;;;0;;;;;;new;;;;;;18.10_26;removed;;
8076724458;Package;8076724458;;;;"Запчасти и аксессуары";;;;0;;;;;;new;;;;;;18.10_26;removed;;
8076724266;Package;8076724266;;;;"Запчасти и аксессуары";;;;0;;;;;;new;;;;;;18.10_26;removed;;
8076721889;Package;8076721889;;;;"Запчасти и аксессуары";;;;0;;;;;;new;;;;;;18.10_26;removed;;
8076721172;Package;8076721172;;;;"Запчасти и аксессуары";;;;0;;;;;;new;;;;;;18.10_26;removed;;
8076720161;Package;8076720161;;;;"Запчасти и аксессуары";;;;0;;;;;;new;;;;;;18.10_26;removed;;
8076719873;Package;8076719873;;;;"Запчасти и аксессуары";;;;0;;;;;;new;;;;;;18.10_26;removed;;
8076717842;Package;8076717842;;;;"Запчасти и аксессуары";;;;0;;;;;;new;;;;;;18.10_26;removed;;
8076717524;Package;8076717524;;;;"Запчасти и аксессуары";;;;0;;;;;;new;;;;;;18.10_26;removed;;
8076717101;Package;8076717101;;;;"Запчасти и аксессуары";;;;0;;;;;;new;;;;;;18.10_26;removed;;
8076716768;Package;8076716768;;;;"Запчасти и аксессуары";;;;0;;;;;;new;;;;;;18.10_26;removed;;
8076716242;Package;8076716242;;;;"Запчасти и аксессуары";;;;0;;;;;;new;;;;;;18.10_26;removed;;
8076716151;Package;8076716151;;;;"Запчасти и аксессуары";;;;0;;;;;;new;;;;;;18.10_26;removed;;
8076715850;Package;8076715850;;;;"Запчасти и аксессуары";;;;0;;;;;;new;;;;;;18.10_26;removed;;
8076715005;Package;8076715005;;;;"Запчасти и аксессуары";;;;0;;;;;;new;;;;;;18.10_26;removed;;
8076712350;Package;8076712350;;;;"Запчасти и аксессуары";;;;0;;;;;;new;;;;;;18.10_26;removed;;
8076711439;Package;8076711439;;;;"Запчасти и аксессуары";;;;0;;;;;;new;;;;;;18.10_26;removed;;
8076711236;Package;8076711236;;;;"Запчасти и аксессуары";;;;0;;;;;;new;;;;;;18.10_26;removed;;
8076710790;Package;8076710790;;;;"Запчасти и аксессуары";;;;0;;;;;;new;;;;;;18.10_26;removed;;
8076710681;Package;8076710681;;;;"Запчасти и аксессуары";;;;0;;;;;;new;;;;;;18.10_26;removed;;
8076708781;Package;8076708781;;;;"Запчасти и аксессуары";;;;0;;;;;;new;;;;;;18.10_26;removed;;
8076708657;Package;8076708657;;;;"Запчасти и аксессуары";;;;0;;;;;;new;;;;;;18.10_26;removed;;
8076707885;Package;8076707885;;;;"Запчасти и аксессуары";;;;0;;;;;;new;;;;;;18.10_26;removed;;
8076707630;Package;8076707630;;;;"Запчасти и аксессуары";;;;0;;;;;;new;;;;;;18.10_26;removed;;
8076707435;Package;8076707435;;;;"Запчасти и аксессуары";;;;0;;;;;;new;;;;;;18.10_26;removed;;
8076707310;Package;8076707310;;;;"Запчасти и аксессуары";;;;0;;;;;;new;;;;;;18.10_26;removed;;
8076706555;Package;8076706555;;;;"Запчасти и аксессуары";;;;0;;;;;;new;;;;;;18.10_26;removed;;
8076704840;Package;8076704840;;;;"Запчасти и аксессуары";;;;0;;;;;;new;;;;;;18.10_26;removed;;
8076703215;Package;8076703215;;;;"Запчасти и аксессуары";;;;0;;;;;;new;;;;;;18.10_26;removed;;
8076701267;Package;8076701267;;;;"Запчасти и аксессуары";;;;0;;;;;;new;;;;;;18.10_26;removed;;
8076700774;Package;8076700774;;;;"Запчасти и аксессуары";;;;0;;;;;;new;;;;;;18.10_26;removed;;
8076699546;Package;8076699546;;;;"Запчасти и аксессуары";;;;0;;;;;;new;;;;;;18.10_26;removed;;
8076699418;Package;8076699418;;;;"Запчасти и аксессуары";;;;0;;;;;;new;;;;;;18.10_26;removed;;
8076699244;Package;8076699244;;;;"Запчасти и аксессуары";;;;0;;;;;;new;;;;;;18.10_26;removed;;
8076697323;Package;8076697323;;;;"Запчасти и аксессуары";;;;0;;;;;;new;;;;;;18.10_26;removed;;
8076696022;Package;8076696022;;;;"Запчасти и аксессуары";;;;0;;;;;;new;;;;;;18.10_26;removed;;
8076695798;Package;8076695798;;;;"Запчасти и аксессуары";;;;0;;;;;;new;;;;;;18.10_26;removed;;
8076695026;Package;8076695026;;;;"Запчасти и аксессуары";;;;0;;;;;;new;;;;;;18.10_26;removed;;
8076693496;Package;8076693496;;;;"Запчасти и аксессуары";;;;0;;;;;;new;;;;;;18.10_26;removed;;
8076692514;Package;8076692514;;;;"Запчасти и аксессуары";;;;0;;;;;;new;;;;;;18.10_26;removed;;
8076690833;Package;8076690833;;;;"Запчасти и аксессуары";;;;0;;;;;;new;;;;;;18.10_26;removed;;
8076690479;Package;8076690479;;;;"Запчасти и аксессуары";;;;0;;;;;;new;;;;;;18.10_26;removed;;
8076689127;Package;8076689127;;;;"Запчасти и аксессуары";;;;0;;;;;;new;;;;;;18.10_26;removed;;
8076688743;Package;8076688743;;;;"Запчасти и аксессуары";;;;0;;;;;;new;;;;;;18.10_26;removed;;
8076688560;Package;8076688560;;;;"Запчасти и аксессуары";;;;0;;;;;;new;;;;;;18.10_26;removed;;
8076688107;Package;8076688107;;;;"Запчасти и аксессуары";;;;0;;;;;;new;;;;;;18.10_26;removed;;
8076684471;Package;8076684471;;;;"Запчасти и аксессуары";;;;0;;;;;;new;;;;;;18.10_26;removed;;
8076684434;Package;8076684434;;;;"Запчасти и аксессуары";;;;0;;;;;;new;;;;;;18.10_26;removed;;
8076683191;Package;8076683191;;;;"Запчасти и аксессуары";;;;0;;;;;;new;;;;;;18.10_26;removed;;
8076681805;Package;8076681805;;;;"Запчасти и аксессуары";;;;0;;;;;;new;;;;;;18.10_26;removed;;
8076681510;Package;8076681510;;;;"Запчасти и аксессуары";;;;0;;;;;;new;;;;;;18.10_26;removed;;
8076679543;Package;8076679543;;;;"Запчасти и аксессуары";;;;0;;;;;;new;;;;;;18.10_26;removed;;
8076679387;Package;8076679387;;;;"Запчасти и аксессуары";;;;0;;;;;;new;;;;;;18.10_26;removed;;
8076678851;Package;8076678851;;;;"Запчасти и аксессуары";;;;0;;;;;;new;;;;;;18.10_26;removed;;
8076678472;Package;8076678472;;;;"Запчасти и аксессуары";;;;0;;;;;;new;;;;;;18.10_26;removed;;
8076678195;Package;8076678195;;;;"Запчасти и аксессуары";;;;0;;;;;;new;;;;;;18.10_26;removed;;
8076677485;Package;8076677485;;;;"Запчасти и аксессуары";;;;0;;;;;;new;;;;;;18.10_26;removed;;
8076675337;Package;8076675337;;;;"Запчасти и аксессуары";;;;0;;;;;;new;;;;;;18.10_26;removed;;
8076675316;Package;8076675316;;;;"Запчасти и аксессуары";;;;0;;;;;;new;;;;;;18.10_26;removed;;
8076675232;Package;8076675232;;;;"Запчасти и аксессуары";;;;0;;;;;;new;;;;;;18.10_26;removed;;
8076674513;Package;8076674513;;;;"Запчасти и аксессуары";;;;0;;;;;;new;;;;;;18.10_26;removed;;
8076673109;Package;8076673109;;;;"Запчасти и аксессуары";;;;0;;;;;;new;;;;;;18.10_26;removed;;
8076672360;Package;8076672360;;;;"Запчасти и аксессуары";;;;0;;;;;;new;;;;;;18.10_26;removed;;
8076668555;Package;8076668555;;;;"Запчасти и аксессуары";;;;0;;;;;;new;;;;;;18.10_26;removed;;
8076668003;Package;8076668003;;;;"Запчасти и аксессуары";;;;0;;;;;;new;;;;;;18.10_26;removed;;
8076666995;Package;8076666995;;;;"Запчасти и аксессуары";;;;0;;;;;;new;;;;;;18.10_26;removed;;
8076666516;Package;8076666516;;;;"Запчасти и аксессуары";;;;0;;;;;;new;;;;;;18.10_26;removed;;
8076666128;Package;8076666128;;;;"Запчасти и аксессуары";;;;0;;;;;;new;;;;;;18.10_26;removed;;
8076666018;Package;8076666018;;;;"Запчасти и аксессуары";;;;0;;;;;;new;;;;;;18.10_26;removed;;
8076664193;Package;8076664193;;;;"Запчасти и аксессуары";;;;0;;;;;;new;;;;;;18.10_26;removed;;
8076663052;Package;8076663052;;;;"Запчасти и аксессуары";;;;0;;;;;;new;;;;;;18.10_26;removed;;
8076662953;Package;8076662953;;;;"Запчасти и аксессуары";;;;0;;;;;;new;;;;;;18.10_26;removed;;
8076660989;Package;8076660989;;;;"Запчасти и аксессуары";;;;0;;;;;;new;;;;;;18.10_26;removed;;
8076660805;Package;8076660805;;;;"Запчасти и аксессуары";;;;0;;;;;;new;;;;;;18.10_26;removed;;
8076660058;Package;8076660058;;;;"Запчасти и аксессуары";;;;0;;;;;;new;;;;;;18.10_26;removed;;
8076659992;Package;8076659992;;;;"Запчасти и аксессуары";;;;0;;;;;;new;;;;;;18.10_26;removed;;
8076657600;Package;8076657600;;;;"Запчасти и аксессуары";;;;0;;;;;;new;;;;;;18.10_26;removed;;
8076657341;Package;8076657341;;;;"Запчасти и аксессуары";;;;0;;;;;;new;;;;;;18.10_26;removed;;
8076657100;Package;8076657100;;;;"Запчасти и аксессуары";;;;0;;;;;;new;;;;;;18.10_26;removed;;
8076656988;Package;8076656988;;;;"Запчасти и аксессуары";;;;0;;;;;;new;;;;;;18.10_26;removed;;
8076656637;Package;8076656637;;;;"Запчасти и аксессуары";;;;0;;;;;;new;;;;;;18.10_26;removed;;
8076654904;Package;8076654904;;;;"Запчасти и аксессуары";;;;0;;;;;;new;;;;;;18.10_26;removed;;
8076653162;Package;8076653162;;;;"Запчасти и аксессуары";;;;0;;;;;;new;;;;;;18.10_26;removed;;
8076650276;Package;8076650276;;;;"Запчасти и аксессуары";;;;0;;;;;;new;;;;;;18.10_26;removed;;
8076649620;Package;8076649620;;;;"Запчасти и аксессуары";;;;0;;;;;;new;;;;;;18.10_26;removed;;
8076649237;Package;8076649237;;;;"Запчасти и аксессуары";;;;0;;;;;;new;;;;;;18.10_26;removed;;
8076648158;Package;8076648158;;;;"Запчасти и аксессуары";;;;0;;;;;;new;;;;;;18.10_26;removed;;
8076648044;Package;8076648044;;;;"Запчасти и аксессуары";;;;0;;;;;;new;;;;;;18.10_26;removed;;
8076646694;Package;8076646694;;;;"Запчасти и аксессуары";;;;0;;;;;;new;;;;;;18.10_26;removed;;
8076645178;Package;8076645178;;;;"Запчасти и аксессуары";;;;0;;;;;;new;;;;;;18.10_26;removed;;
8076644595;Package;8076644595;;;;"Запчасти и аксессуары";;;;0;;;;;;new;;;;;;18.10_26;removed;;
8076643135;Package;8076643135;;;;"Запчасти и аксессуары";;;;0;;;;;;new;;;;;;18.10_26;removed;;
8076642900;Package;8076642900;;;;"Запчасти и аксессуары";;;;0;;;;;;new;;;;;;18.10_26;removed;;
8076642539;Package;8076642539;;;;"Запчасти и аксессуары";;;;0;;;;;;new;;;;;;18.10_26;removed;;
8076641665;Package;8076641665;;;;"Запчасти и аксессуары";;;;0;;;;;;new;;;;;;18.10_26;removed;;
8076641435;Package;8076641435;;;;"Запчасти и аксессуары";;;;0;;;;;;new;;;;;;18.10_26;removed;;
8076640828;Package;8076640828;;;;"Запчасти и аксессуары";;;;0;;;;;;new;;;;;;18.10_26;removed;;
8076638883;Package;8076638883;;;;"Запчасти и аксессуары";;;;0;;;;;;new;;;;;;18.10_26;removed;;
8076637591;Package;8076637591;;;;"Запчасти и аксессуары";;;;0;;;;;;new;;;;;;18.10_26;removed;;
8076636287;Package;8076636287;;;;"Запчасти и аксессуары";;;;0;;;;;;new;;;;;;18.10_26;removed;;
8076635574;Package;8076635574;;;;"Запчасти и аксессуары";;;;0;;;;;;new;;;;;;18.10_26;removed;;
8076635070;Package;8076635070;;;;"Запчасти и аксессуары";;;;0;;;;;;new;;;;;;18.10_26;removed;;
8076634510;Package;8076634510;;;;"Запчасти и аксессуары";;;;0;;;;;;new;;;;;;18.10_26;removed;;
8076633983;Package;8076633983;;;;"Запчасти и аксессуары";;;;0;;;;;;new;;;;;;18.10_26;removed;;
8076633429;Package;8076633429;;;;"Запчасти и аксессуары";;;;0;;;;;;new;;;;;;18.10_26;removed;;
8076633314;Package;8076633314;;;;"Запчасти и аксессуары";;;;0;;;;;;new;;;;;;18.10_26;removed;;
8076627276;Package;8076627276;;;;"Запчасти и аксессуары";;;;0;;;;;;new;;;;;;18.10_26;removed;;
8076625444;Package;8076625444;;;;"Запчасти и аксессуары";;;;0;;;;;;new;;;;;;18.10_26;removed;;
8076624509;Package;8076624509;;;;"Запчасти и аксессуары";;;;0;;;;;;new;;;;;;18.10_26;removed;;
8076620769;Package;8076620769;;;;"Запчасти и аксессуары";;;;0;;;;;;new;;;;;;18.10_26;removed;;
8076620622;Package;8076620622;;;;"Запчасти и аксессуары";;;;0;;;;;;new;;;;;;18.10_26;removed;;
8076620605;Package;8076620605;;;;"Запчасти и аксессуары";;;;0;;;;;;new;;;;;;18.10_26;removed;;
8076619752;Package;8076619752;;;;"Запчасти и аксессуары";;;;0;;;;;;new;;;;;;18.10_26;removed;;
8076619748;Package;8076619748;;;;"Запчасти и аксессуары";;;;0;;;;;;new;;;;;;18.10_26;removed;;
8076619663;Package;8076619663;;;;"Запчасти и аксессуары";;;;0;;;;;;new;;;;;;18.10_26;removed;;
8076617837;Package;8076617837;;;;"Запчасти и аксессуары";;;;0;;;;;;new;;;;;;18.10_26;removed;;
8076617051;Package;8076617051;;;;"Запчасти и аксессуары";;;;0;;;;;;new;;;;;;18.10_26;removed;;
8076616637;Package;8076616637;;;;"Запчасти и аксессуары";;;;0;;;;;;new;;;;;;18.10_26;removed;;
8076615746;Package;8076615746;;;;"Запчасти и аксессуары";;;;0;;;;;;new;;;;;;18.10_26;removed;;
8076615573;Package;8076615573;;;;"Запчасти и аксессуары";;;;0;;;;;;new;;;;;;18.10_26;removed;;
8076614627;Package;8076614627;;;;"Запчасти и аксессуары";;;;0;;;;;;new;;;;;;18.10_26;removed;;
8076614044;Package;8076614044;;;;"Запчасти и аксессуары";;;;0;;;;;;new;;;;;;18.10_26;removed;;
8076613891;Package;8076613891;;;;"Запчасти и аксессуары";;;;0;;;;;;new;;;;;;18.10_26;removed;;
8076613002;Package;8076613002;;;;"Запчасти и аксессуары";;;;0;;;;;;new;;;;;;18.10_26;removed;;
8076612058;Package;8076612058;;;;"Запчасти и аксессуары";;;;0;;;;;;new;;;;;;18.10_26;removed;;
8076611818;Package;8076611818;;;;"Запчасти и аксессуары";;;;0;;;;;;new;;;;;;18.10_26;removed;;
8076611023;Package;8076611023;;;;"Запчасти и аксессуары";;;;0;;;;;;new;;;;;;18.10_26;removed;;
8076610521;Package;8076610521;;;;"Запчасти и аксессуары";;;;0;;;;;;new;;;;;;18.10_26;removed;;
8076608838;Package;8076608838;;;;"Запчасти и аксессуары";;;;0;;;;;;new;;;;;;18.10_26;removed;;
8076607575;Package;8076607575;;;;"Запчасти и аксессуары";;;;0;;;;;;new;;;;;;18.10_26;removed;;
8076606637;Package;8076606637;;;;"Запчасти и аксессуары";;;;0;;;;;;new;;;;;;18.10_26;removed;;
8076606395;Package;8076606395;;;;"Запчасти и аксессуары";;;;0;;;;;;new;;;;;;18.10_26;removed;;
8076605831;Package;8076605831;;;;"Запчасти и аксессуары";;;;0;;;;;;new;;;;;;18.10_26;removed;;
8076605658;Package;8076605658;;;;"Запчасти и аксессуары";;;;0;;;;;;new;;;;;;18.10_26;removed;;
8076605600;Package;8076605600;;;;"Запчасти и аксессуары";;;;0;;;;;;new;;;;;;18.10_26;removed;;
8076604600;Package;8076604600;;;;"Запчасти и аксессуары";;;;0;;;;;;new;;;;;;18.10_26;removed;;
8076604308;Package;8076604308;;;;"Запчасти и аксессуары";;;;0;;;;;;new;;;;;;18.10_26;removed;;
8076603966;Package;8076603966;;;;"Запчасти и аксессуары";;;;0;;;;;;new;;;;;;18.10_26;removed;;
8076603145;Package;8076603145;;;;"Запчасти и аксессуары";;;;0;;;;;;new;;;;;;18.10_26;removed;;
8076599113;Package;8076599113;;;;"Запчасти и аксессуары";;;;0;;;;;;new;;;;;;18.10_26;removed;;
8076598663;Package;8076598663;;;;"Запчасти и аксессуары";;;;0;;;;;;new;;;;;;18.10_26;removed;;
8076598235;Package;8076598235;;;;"Запчасти и аксессуары";;;;0;;;;;;new;;;;;;18.10_26;removed;;
8076597781;Package;8076597781;;;;"Запчасти и аксессуары";;;;0;;;;;;new;;;;;;18.10_26;removed;;
8076596502;Package;8076596502;;;;"Запчасти и аксессуары";;;;0;;;;;;new;;;;;;18.10_26;removed;;
8076595807;Package;8076595807;;;;"Запчасти и аксессуары";;;;0;;;;;;new;;;;;;18.10_26;removed;;
8076594789;Package;8076594789;;;;"Запчасти и аксессуары";;;;0;;;;;;new;;;;;;18.10_26;removed;;
8076593133;Package;8076593133;;;;"Запчасти и аксессуары";;;;0;;;;;;new;;;;;;18.10_26;removed;;
8076591835;Package;8076591835;;;;"Запчасти и аксессуары";;;;0;;;;;;new;;;;;;18.10_26;removed;;
8076588499;Package;8076588499;;;;"Запчасти и аксессуары";;;;0;;;;;;new;;;;;;18.10_26;removed;;
8076587123;Package;8076587123;;;;"Запчасти и аксессуары";;;;0;;;;;;new;;;;;;18.10_26;removed;;
8076586778;Package;8076586778;;;;"Запчасти и аксессуары";;;;0;;;;;;new;;;;;;18.10_26;removed;;
8076585297;Package;8076585297;;;;"Запчасти и аксессуары";;;;0;;;;;;new;;;;;;18.10_26;removed;;
8076584996;Package;8076584996;;;;"Запчасти и аксессуары";;;;0;;;;;;new;;;;;;18.10_26;removed;;
8076583933;Package;8076583933;;;;"Запчасти и аксессуары";;;;0;;;;;;new;;;;;;18.10_26;removed;;
8076581326;Package;8076581326;;;;"Запчасти и аксессуары";;;;0;;;;;;new;;;;;;18.10_26;removed;;
8076580465;Package;8076580465;;;;"Запчасти и аксессуары";;;;0;;;;;;new;;;;;;18.10_26;removed;;
8076576977;Package;8076576977;;;;"Запчасти и аксессуары";;;;0;;;;;;new;;;;;;18.10_26;removed;;
8076576680;Package;8076576680;;;;"Запчасти и аксессуары";;;;0;;;;;;new;;;;;;18.10_26;removed;;
8076576394;Package;8076576394;;;;"Запчасти и аксессуары";;;;0;;;;;;new;;;;;;18.10_26;removed;;
8076575126;Package;8076575126;;;;"Запчасти и аксессуары";;;;0;;;;;;new;;;;;;18.10_26;removed;;
8076574772;Package;8076574772;;;;"Запчасти и аксессуары";;;;0;;;;;;new;;;;;;18.10_26;removed;;
8076574205;Package;8076574205;;;;"Запчасти и аксессуары";;;;0;;;;;;new;;;;;;18.10_26;removed;;
8076573345;Package;8076573345;;;;"Запчасти и аксессуары";;;;0;;;;;;new;;;;;;18.10_26;removed;;
8076573295;Package;8076573295;;;;"Запчасти и аксессуары";;;;0;;;;;;new;;;;;;18.10_26;removed;;
8076572241;Package;8076572241;;;;"Запчасти и аксессуары";;;;0;;;;;;new;;;;;;18.10_26;removed;;
8076571544;Package;8076571544;;;;"Запчасти и аксессуары";;;;0;;;;;;new;;;;;;18.10_26;removed;;
8076570131;Package;8076570131;;;;"Запчасти и аксессуары";;;;0;;;;;;new;;;;;;18.10_26;removed;;
8076568929;Package;8076568929;;;;"Запчасти и аксессуары";;;;0;;;;;;new;;;;;;18.10_26;removed;;
8076568813;Package;8076568813;;;;"Запчасти и аксессуары";;;;0;;;;;;new;;;;;;18.10_26;removed;;
8076567310;Package;8076567310;;;;"Запчасти и аксессуары";;;;0;;;;;;new;;;;;;18.10_26;removed;;
8076566618;Package;8076566618;;;;"Запчасти и аксессуары";;;;0;;;;;;new;;;;;;18.10_26;removed;;
8076566056;Package;8076566056;;;;"Запчасти и аксессуары";;;;0;;;;;;new;;;;;;18.10_26;removed;;
8076564869;Package;8076564869;;;;"Запчасти и аксессуары";;;;0;;;;;;new;;;;;;18.10_26;removed;;
8076564152;Package;8076564152;;;;"Запчасти и аксессуары";;;;0;;;;;;new;;;;;;18.10_26;removed;;
8076563738;Package;8076563738;;;;"Запчасти и аксессуары";;;;0;;;;;;new;;;;;;18.10_26;removed;;
8076563696;Package;8076563696;;;;"Запчасти и аксессуары";;;;0;;;;;;new;;;;;;18.10_26;removed;;
8076563065;Package;8076563065;;;;"Запчасти и аксессуары";;;;0;;;;;;new;;;;;;18.10_26;removed;;
8076561149;Package;8076561149;;;;"Запчасти и аксессуары";;;;0;;;;;;new;;;;;;18.10_26;removed;;
8076556987;Package;8076556987;;;;"Запчасти и аксессуары";;;;0;;;;;;new;;;;;;18.10_26;removed;;
8076554408;Package;8076554408;;;;"Запчасти и аксессуары";;;;0;;;;;;new;;;;;;18.10_26;removed;;
8076554235;Package;8076554235;;;;"Запчасти и аксессуары";;;;0;;;;;;new;;;;;;18.10_26;removed;;
8076553000;Package;8076553000;;;;"Запчасти и аксессуары";;;;0;;;;;;new;;;;;;18.10_26;removed;;
8076550951;Package;8076550951;;;;"Запчасти и аксессуары";;;;0;;;;;;new;;;;;;18.10_26;removed;;
8076550622;Package;8076550622;;;;"Запчасти и аксессуары";;;;0;;;;;;new;;;;;;18.10_26;removed;;
8076550362;Package;8076550362;;;;"Запчасти и аксессуары";;;;0;;;;;;new;;;;;;18.10_26;removed;;
8076549515;Package;8076549515;;;;"Запчасти и аксессуары";;;;0;;;;;;new;;;;;;18.10_26;removed;;
8076549409;Package;8076549409;;;;"Запчасти и аксессуары";;;;0;;;;;;new;;;;;;18.10_26;removed;;
8076549046;Package;8076549046;;;;"Запчасти и аксессуары";;;;0;;;;;;new;;;;;;18.10_26;removed;;
8076547763;Package;8076547763;;;;"Запчасти и аксессуары";;;;0;;;;;;new;;;;;;18.10_26;removed;;
8076546183;Package;8076546183;;;;"Запчасти и аксессуары";;;;0;;;;;;new;;;;;;18.10_26;removed;;
8076544790;Package;8076544790;;;;"Запчасти и аксессуары";;;;0;;;;;;new;;;;;;18.10_26;removed;;
8076544579;Package;8076544579;;;;"Запчасти и аксессуары";;;;0;;;;;;new;;;;;;18.10_26;removed;;
8076543454;Package;8076543454;;;;"Запчасти и аксессуары";;;;0;;;;;;new;;;;;;18.10_26;removed;;
8076542722;Package;8076542722;;;;"Запчасти и аксессуары";;;;0;;;;;;new;;;;;;18.10_26;removed;;
8076540677;Package;8076540677;;;;"Запчасти и аксессуары";;;;0;;;;;;new;;;;;;18.10_26;removed;;
8076540320;Package;8076540320;;;;"Запчасти и аксессуары";;;;0;;;;;;new;;;;;;18.10_26;removed;;
8076539963;Package;8076539963;;;;"Запчасти и аксессуары";;;;0;;;;;;new;;;;;;18.10_26;removed;;
8076539410;Package;8076539410;;;;"Запчасти и аксессуары";;;;0;;;;;;new;;;;;;18.10_26;removed;;
8076539405;Package;8076539405;;;;"Запчасти и аксессуары";;;;0;;;;;;new;;;;;;18.10_26;removed;;
8076536793;Package;8076536793;;;;"Запчасти и аксессуары";;;;0;;;;;;new;;;;;;18.10_26;removed;;
8076536616;Package;8076536616;;;;"Запчасти и аксессуары";;;;0;;;;;;new;;;;;;18.10_26;removed;;
8076530976;Package;8076530976;;;;"Запчасти и аксессуары";;;;0;;;;;;new;;;;;;18.10_26;removed;;
8076530684;Package;8076530684;;;;"Запчасти и аксессуары";;;;0;;;;;;new;;;;;;18.10_26;removed;;
8076530626;Package;8076530626;;;;"Запчасти и аксессуары";;;;0;;;;;;new;;;;;;18.10_26;removed;;
8076530349;Package;8076530349;;;;"Запчасти и аксессуары";;;;0;;;;;;new;;;;;;18.10_26;removed;;
8076527445;Package;8076527445;;;;"Запчасти и аксессуары";;;;0;;;;;;new;;;;;;18.10_26;removed;;
8076525948;Package;8076525948;;;;"Запчасти и аксессуары";;;;0;;;;;;new;;;;;;18.10_26;removed;;
8076525237;Package;8076525237;;;;"Запчасти и аксессуары";;;;0;;;;;;new;;;;;;18.10_26;removed;;
8076523585;Package;8076523585;;;;"Запчасти и аксессуары";;;;0;;;;;;new;;;;;;18.10_26;removed;;
8076522146;Package;8076522146;;;;"Запчасти и аксессуары";;;;0;;;;;;new;;;;;;18.10_26;removed;;
8076521271;Package;8076521271;;;;"Запчасти и аксессуары";;;;0;;;;;;new;;;;;;18.10_26;removed;;
8076517034;Package;8076517034;;;;"Запчасти и аксессуары";;;;0;;;;;;new;;;;;;18.10_26;removed;;
8076516823;Package;8076516823;;;;"Запчасти и аксессуары";;;;0;;;;;;new;;;;;;18.10_26;removed;;
8076516767;Package;8076516767;;;;"Запчасти и аксессуары";;;;0;;;;;;new;;;;;;18.10_26;removed;;
8076516128;Package;8076516128;;;;"Запчасти и аксессуары";;;;0;;;;;;new;;;;;;18.10_26;removed;;
8076514305;Package;8076514305;;;;"Запчасти и аксессуары";;;;0;;;;;;new;;;;;;18.10_26;removed;;
8076512906;Package;8076512906;;;;"Запчасти и аксессуары";;;;0;;;;;;new;;;;;;18.10_26;removed;;
8076512346;Package;8076512346;;;;"Запчасти и аксессуары";;;;0;;;;;;new;;;;;;18.10_26;removed;;
8076512134;Package;8076512134;;;;"Запчасти и аксессуары";;;;0;;;;;;new;;;;;;18.10_26;removed;;
8076511802;Package;8076511802;;;;"Запчасти и аксессуары";;;;0;;;;;;new;;;;;;18.10_26;removed;;
8076510747;Package;8076510747;;;;"Запчасти и аксессуары";;;;0;;;;;;new;;;;;;18.10_26;removed;;
8076510697;Package;8076510697;;;;"Запчасти и аксессуары";;;;0;;;;;;new;;;;;;18.10_26;removed;;
8076508063;Package;8076508063;;;;"Запчасти и аксессуары";;;;0;;;;;;new;;;;;;18.10_26;removed;;
8076507954;Package;8076507954;;;;"Запчасти и аксессуары";;;;0;;;;;;new;;;;;;18.10_26;removed;;
8076506657;Package;8076506657;;;;"Запчасти и аксессуары";;;;0;;;;;;new;;;;;;18.10_26;removed;;
8076505977;Package;8076505977;;;;"Запчасти и аксессуары";;;;0;;;;;;new;;;;;;18.10_26;removed;;
8076505916;Package;8076505916;;;;"Запчасти и аксессуары";;;;0;;;;;;new;;;;;;18.10_26;removed;;
8076502805;Package;8076502805;;;;"Запчасти и аксессуары";;;;0;;;;;;new;;;;;;18.10_26;removed;;
8076502428;Package;8076502428;;;;"Запчасти и аксессуары";;;;0;;;;;;new;;;;;;18.10_26;removed;;
8076501880;Package;8076501880;;;;"Запчасти и аксессуары";;;;0;;;;;;new;;;;;;18.10_26;removed;;
8076500101;Package;8076500101;;;;"Запчасти и аксессуары";;;;0;;;;;;new;;;;;;18.10_26;removed;;
8076499679;Package;8076499679;;;;"Запчасти и аксессуары";;;;0;;;;;;new;;;;;;18.10_26;removed;;
8076498133;Package;8076498133;;;;"Запчасти и аксессуары";;;;0;;;;;;new;;;;;;18.10_26;removed;;
8076496935;Package;8076496935;;;;"Запчасти и аксессуары";;;;0;;;;;;new;;;;;;18.10_26;removed;;
8076496922;Package;8076496922;;;;"Запчасти и аксессуары";;;;0;;;;;;new;;;;;;18.10_26;removed;;
8076496566;Package;8076496566;;;;"Запчасти и аксессуары";;;;0;;;;;;new;;;;;;18.10_26;removed;;
8076495809;Package;8076495809;;;;"Запчасти и аксессуары";;;;0;;;;;;new;;;;;;18.10_26;removed;;
8076494916;Package;8076494916;;;;"Запчасти и аксессуары";;;;0;;;;;;new;;;;;;18.10_26;removed;;
8076494618;Package;8076494618;;;;"Запчасти и аксессуары";;;;0;;;;;;new;;;;;;18.10_26;removed;;
8076493886;Package;8076493886;;;;"Запчасти и аксессуары";;;;0;;;;;;new;;;;;;18.10_26;removed;;
8076493117;Package;8076493117;;;;"Запчасти и аксессуары";;;;0;;;;;;new;;;;;;18.10_26;removed;;
8076492908;Package;8076492908;;;;"Запчасти и аксессуары";;;;0;;;;;;new;;;;;;18.10_26;removed;;
8076492419;Package;8076492419;;;;"Запчасти и аксессуары";;;;0;;;;;;new;;;;;;18.10_26;removed;;
8076492239;Package;8076492239;;;;"Запчасти и аксессуары";;;;0;;;;;;new;;;;;;18.10_26;removed;;
8076491857;Package;8076491857;;;;"Запчасти и аксессуары";;;;0;;;;;;new;;;;;;18.10_26;removed;;
8076491842;Package;8076491842;;;;"Запчасти и аксессуары";;;;0;;;;;;new;;;;;;18.10_26;removed;;
8076491504;Package;8076491504;;;;"Запчасти и аксессуары";;;;0;;;;;;new;;;;;;18.10_26;removed;;
8076491205;Package;8076491205;;;;"Запчасти и аксессуары";;;;0;;;;;;new;;;;;;18.10_26;removed;;
8076490261;Package;8076490261;;;;"Запчасти и аксессуары";;;;0;;;;;;new;;;;;;18.10_26;removed;;
8076488820;Package;8076488820;;;;"Запчасти и аксессуары";;;;0;;;;;;new;;;;;;18.10_26;removed;;
8076487240;Package;8076487240;;;;"Запчасти и аксессуары";;;;0;;;;;;new;;;;;;18.10_26;removed;;
8076487237;Package;8076487237;;;;"Запчасти и аксессуары";;;;0;;;;;;new;;;;;;18.10_26;removed;;
8076487204;Package;8076487204;;;;"Запчасти и аксессуары";;;;0;;;;;;new;;;;;;18.10_26;removed;;
8076486574;Package;8076486574;;;;"Запчасти и аксессуары";;;;0;;;;;;new;;;;;;18.10_26;removed;;
8076484934;Package;8076484934;;;;"Запчасти и аксессуары";;;;0;;;;;;new;;;;;;18.10_26;removed;;
8076484644;Package;8076484644;;;;"Запчасти и аксессуары";;;;0;;;;;;new;;;;;;18.10_26;removed;;
8076484117;Package;8076484117;;;;"Запчасти и аксессуары";;;;0;;;;;;new;;;;;;18.10_26;removed;;
8076483408;Package;8076483408;;;;"Запчасти и аксессуары";;;;0;;;;;;new;;;;;;18.10_26;removed;;
8076482064;Package;8076482064;;;;"Запчасти и аксессуары";;;;0;;;;;;new;;;;;;18.10_26;removed;;
8076480046;Package;8076480046;;;;"Запчасти и аксессуары";;;;0;;;;;;new;;;;;;18.10_26;removed;;
8076478885;Package;8076478885;;;;"Запчасти и аксессуары";;;;0;;;;;;new;;;;;;18.10_26;removed;;
8076478299;Package;8076478299;;;;"Запчасти и аксессуары";;;;0;;;;;;new;;;;;;18.10_26;removed;;
8076477140;Package;8076477140;;;;"Запчасти и аксессуары";;;;0;;;;;;new;;;;;;18.10_26;removed;;
8076477114;Package;8076477114;;;;"Запчасти и аксессуары";;;;0;;;;;;new;;;;;;18.10_26;removed;;
8076476872;Package;8076476872;;;;"Запчасти и аксессуары";;;;0;;;;;;new;;;;;;18.10_26;removed;;
8076476091;Package;8076476091;;;;"Запчасти и аксессуары";;;;0;;;;;;new;;;;;;18.10_26;removed;;
8076474839;Package;8076474839;;;;"Запчасти и аксессуары";;;;0;;;;;;new;;;;;;18.10_26;removed;;
8076473549;Package;8076473549;;;;"Запчасти и аксессуары";;;;0;;;;;;new;;;;;;18.10_26;removed;;
8076473402;Package;8076473402;;;;"Запчасти и аксессуары";;;;0;;;;;;new;;;;;;18.10_26;removed;;
8076472658;Package;8076472658;;;;"Запчасти и аксессуары";;;;0;;;;;;new;;;;;;18.10_26;removed;;
8076472141;Package;8076472141;;;;"Запчасти и аксессуары";;;;0;;;;;;new;;;;;;18.10_26;removed;;
8076471708;Package;8076471708;;;;"Запчасти и аксессуары";;;;0;;;;;;new;;;;;;18.10_26;removed;;
8076469165;Package;8076469165;;;;"Запчасти и аксессуары";;;;0;;;;;;new;;;;;;18.10_26;removed;;
8076468387;Package;8076468387;;;;"Запчасти и аксессуары";;;;0;;;;;;new;;;;;;18.10_26;removed;;
8076465699;Package;8076465699;;;;"Запчасти и аксессуары";;;;0;;;;;;new;;;;;;18.10_26;removed;;
8076463852;Package;8076463852;;;;"Запчасти и аксессуары";;;;0;;;;;;new;;;;;;18.10_26;removed;;
8076463063;Package;8076463063;;;;"Запчасти и аксессуары";;;;0;;;;;;new;;;;;;18.10_26;removed;;
8076461279;Package;8076461279;;;;"Запчасти и аксессуары";;;;0;;;;;;new;;;;;;18.10_26;removed;;
8076460859;Package;8076460859;;;;"Запчасти и аксессуары";;;;0;;;;;;new;;;;;;18.10_26;removed;;
8076460012;Package;8076460012;;;;"Запчасти и аксессуары";;;;0;;;;;;new;;;;;;18.10_26;removed;;
8076459893;Package;8076459893;;;;"Запчасти и аксессуары";;;;0;;;;;;new;;;;;;18.10_26;removed;;
8076457945;Package;8076457945;;;;"Запчасти и аксессуары";;;;0;;;;;;new;;;;;;18.10_26;removed;;
8076457292;Package;8076457292;;;;"Запчасти и аксессуары";;;;0;;;;;;new;;;;;;18.10_26;removed;;
8076456474;Package;8076456474;;;;"Запчасти и аксессуары";;;;0;;;;;;new;;;;;;18.10_26;removed;;
8076456349;Package;8076456349;;;;"Запчасти и аксессуары";;;;0;;;;;;new;;;;;;18.10_26;removed;;
8076456308;Package;8076456308;;;;"Запчасти и аксессуары";;;;0;;;;;;new;;;;;;18.10_26;removed;;
8076455585;Package;8076455585;;;;"Запчасти и аксессуары";;;;0;;;;;;new;;;;;;18.10_26;removed;;
8076455207;Package;8076455207;;;;"Запчасти и аксессуары";;;;0;;;;;;new;;;;;;18.10_26;removed;;
8076450445;Package;8076450445;;;;"Запчасти и аксессуары";;;;0;;;;;;new;;;;;;18.10_26;removed;;
8076450367;Package;8076450367;;;;"Запчасти и аксессуары";;;;0;;;;;;new;;;;;;18.10_26;removed;;
8076449267;Package;8076449267;;;;"Запчасти и аксессуары";;;;0;;;;;;new;;;;;;18.10_26;removed;;
8076445831;Package;8076445831;;;;"Запчасти и аксессуары";;;;0;;;;;;new;;;;;;18.10_26;removed;;
8076445567;Package;8076445567;;;;"Запчасти и аксессуары";;;;0;;;;;;new;;;;;;18.10_26;removed;;
8076445411;Package;8076445411;;;;"Запчасти и аксессуары";;;;0;;;;;;new;;;;;;18.10_26;removed;;
8076443684;Package;8076443684;;;;"Запчасти и аксессуары";;;;0;;;;;;new;;;;;;18.10_26;removed;;
8076442869;Package;8076442869;;;;"Запчасти и аксессуары";;;;0;;;;;;new;;;;;;18.10_26;removed;;
8076442377;Package;8076442377;;;;"Запчасти и аксессуары";;;;0;;;;;;new;;;;;;18.10_26;removed;;
8076441161;Package;8076441161;;;;"Запчасти и аксессуары";;;;0;;;;;;new;;;;;;18.10_26;removed;;
8076437677;Package;8076437677;;;;"Запчасти и аксессуары";;;;0;;;;;;new;;;;;;18.10_26;removed;;
8076431173;Package;8076431173;;;;"Запчасти и аксессуары";;;;0;;;;;;new;;;;;;18.10_26;removed;;
8076431091;Package;8076431091;;;;"Запчасти и аксессуары";;;;0;;;;;;new;;;;;;18.10_26;removed;;
8076431090;Package;8076431090;;;;"Запчасти и аксессуары";;;;0;;;;;;new;;;;;;18.10_26;removed;;
8076429907;Package;8076429907;;;;"Запчасти и аксессуары";;;;0;;;;;;new;;;;;;18.10_26;removed;;
8076426856;Package;8076426856;;;;"Запчасти и аксессуары";;;;0;;;;;;new;;;;;;18.10_26;removed;;
8076426049;Package;8076426049;;;;"Запчасти и аксессуары";;;;0;;;;;;new;;;;;;18.10_26;removed;;
8076425496;Package;8076425496;;;;"Запчасти и аксессуары";;;;0;;;;;;new;;;;;;18.10_26;removed;;
8076425340;Package;8076425340;;;;"Запчасти и аксессуары";;;;0;;;;;;new;;;;;;18.10_26;removed;;
8076425078;Package;8076425078;;;;"Запчасти и аксессуары";;;;0;;;;;;new;;;;;;18.10_26;removed;;
8076424670;Package;8076424670;;;;"Запчасти и аксессуары";;;;0;;;;;;new;;;;;;18.10_26;removed;;
8076423503;Package;8076423503;;;;"Запчасти и аксессуары";;;;0;;;;;;new;;;;;;18.10_26;removed;;
8076422899;Package;8076422899;;;;"Запчасти и аксессуары";;;;0;;;;;;new;;;;;;18.10_26;removed;;
8076422589;Package;8076422589;;;;"Запчасти и аксессуары";;;;0;;;;;;new;;;;;;18.10_26;removed;;
8076422444;Package;8076422444;;;;"Запчасти и аксессуары";;;;0;;;;;;new;;;;;;18.10_26;removed;;
8076420789;Package;8076420789;;;;"Запчасти и аксессуары";;;;0;;;;;;new;;;;;;18.10_26;removed;;
8076419949;Package;8076419949;;;;"Запчасти и аксессуары";;;;0;;;;;;new;;;;;;18.10_26;removed;;
8076418989;Package;8076418989;;;;"Запчасти и аксессуары";;;;0;;;;;;new;;;;;;18.10_26;removed;;
8076417248;Package;8076417248;;;;"Запчасти и аксессуары";;;;0;;;;;;new;;;;;;18.10_26;removed;;
8076417125;Package;8076417125;;;;"Запчасти и аксессуары";;;;0;;;;;;new;;;;;;18.10_26;removed;;
8076416494;Package;8076416494;;;;"Запчасти и аксессуары";;;;0;;;;;;new;;;;;;18.10_26;removed;;
8076415297;Package;8076415297;;;;"Запчасти и аксессуары";;;;0;;;;;;new;;;;;;18.10_26;removed;;
8076415286;Package;8076415286;;;;"Запчасти и аксессуары";;;;0;;;;;;new;;;;;;18.10_26;removed;;
8076414989;Package;8076414989;;;;"Запчасти и аксессуары";;;;0;;;;;;new;;;;;;18.10_26;removed;;
8076414699;Package;8076414699;;;;"Запчасти и аксессуары";;;;0;;;;;;new;;;;;;18.10_26;removed;;
8076414620;Package;8076414620;;;;"Запчасти и аксессуары";;;;0;;;;;;new;;;;;;18.10_26;removed;;
8076412862;Package;8076412862;;;;"Запчасти и аксессуары";;;;0;;;;;;new;;;;;;18.10_26;removed;;
8076412719;Package;8076412719;;;;"Запчасти и аксессуары";;;;0;;;;;;new;;;;;;18.10_26;removed;;
8076412194;Package;8076412194;;;;"Запчасти и аксессуары";;;;0;;;;;;new;;;;;;18.10_26;removed;;
8076411647;Package;8076411647;;;;"Запчасти и аксессуары";;;;0;;;;;;new;;;;;;18.10_26;removed;;
8076409948;Package;8076409948;;;;"Запчасти и аксессуары";;;;0;;;;;;new;;;;;;18.10_26;removed;;
8076409613;Package;8076409613;;;;"Запчасти и аксессуары";;;;0;;;;;;new;;;;;;18.10_26;removed;;
8076406996;Package;8076406996;;;;"Запчасти и аксессуары";;;;0;;;;;;new;;;;;;18.10_26;removed;;
8076406170;Package;8076406170;;;;"Запчасти и аксессуары";;;;0;;;;;;new;;;;;;18.10_26;removed;;
8076405388;Package;8076405388;;;;"Запчасти и аксессуары";;;;0;;;;;;new;;;;;;18.10_26;removed;;
8076404663;Package;8076404663;;;;"Запчасти и аксессуары";;;;0;;;;;;new;;;;;;18.10_26;removed;;
8076404355;Package;8076404355;;;;"Запчасти и аксессуары";;;;0;;;;;;new;;;;;;18.10_26;removed;;
8076404254;Package;8076404254;;;;"Запчасти и аксессуары";;;;0;;;;;;new;;;;;;18.10_26;removed;;
8076403928;Package;8076403928;;;;"Запчасти и аксессуары";;;;0;;;;;;new;;;;;;18.10_26;removed;;
8076402356;Package;8076402356;;;;"Запчасти и аксессуары";;;;0;;;;;;new;;;;;;18.10_26;removed;;
8076401571;Package;8076401571;;;;"Запчасти и аксессуары";;;;0;;;;;;new;;;;;;18.10_26;removed;;
8076400351;Package;8076400351;;;;"Запчасти и аксессуары";;;;0;;;;;;new;;;;;;18.10_26;removed;;
8076399546;Package;8076399546;;;;"Запчасти и аксессуары";;;;0;;;;;;new;;;;;;18.10_26;removed;;
8076398903;Package;8076398903;;;;"Запчасти и аксессуары";;;;0;;;;;;new;;;;;;18.10_26;removed;;
8076398290;Package;8076398290;;;;"Запчасти и аксессуары";;;;0;;;;;;new;;;;;;18.10_26;removed;;
8076397984;Package;8076397984;;;;"Запчасти и аксессуары";;;;0;;;;;;new;;;;;;18.10_26;removed;;
8076397862;Package;8076397862;;;;"Запчасти и аксессуары";;;;0;;;;;;new;;;;;;18.10_26;removed;;
8076397389;Package;8076397389;;;;"Запчасти и аксессуары";;;;0;;;;;;new;;;;;;18.10_26;removed;;
8076396396;Package;8076396396;;;;"Запчасти и аксессуары";;;;0;;;;;;new;;;;;;18.10_26;removed;;
8076394803;Package;8076394803;;;;"Запчасти и аксессуары";;;;0;;;;;;new;;;;;;18.10_26;removed;;
8076393076;Package;8076393076;;;;"Запчасти и аксессуары";;;;0;;;;;;new;;;;;;18.10_26;removed;;
8076392722;Package;8076392722;;;;"Запчасти и аксессуары";;;;0;;;;;;new;;;;;;18.10_26;removed;;
8076390157;Package;8076390157;;;;"Запчасти и аксессуары";;;;0;;;;;;new;;;;;;18.10_26;removed;;
8076388879;Package;8076388879;;;;"Запчасти и аксессуары";;;;0;;;;;;new;;;;;;18.10_26;removed;;
8076388221;Package;8076388221;;;;"Запчасти и аксессуары";;;;0;;;;;;new;;;;;;18.10_26;removed;;
8076387868;Package;8076387868;;;;"Запчасти и аксессуары";;;;0;;;;;;new;;;;;;18.10_26;removed;;
8076386496;Package;8076386496;;;;"Запчасти и аксессуары";;;;0;;;;;;new;;;;;;18.10_26;removed;;
8076385289;Package;8076385289;;;;"Запчасти и аксессуары";;;;0;;;;;;new;;;;;;18.10_26;removed;;
8076383436;Package;8076383436;;;;"Запчасти и аксессуары";;;;0;;;;;;new;;;;;;18.10_26;removed;;
8076383179;Package;8076383179;;;;"Запчасти и аксессуары";;;;0;;;;;;new;;;;;;18.10_26;removed;;
8076379835;Package;8076379835;;;;"Запчасти и аксессуары";;;;0;;;;;;new;;;;;;18.10_26;removed;;
8076378005;Package;8076378005;;;;"Запчасти и аксессуары";;;;0;;;;;;new;;;;;;18.10_26;removed;;
8076376368;Package;8076376368;;;;"Запчасти и аксессуары";;;;0;;;;;;new;;;;;;18.10_26;removed;;
8076375446;Package;8076375446;;;;"Запчасти и аксессуары";;;;0;;;;;;new;;;;;;18.10_26;removed;;
8076373924;Package;8076373924;;;;"Запчасти и аксессуары";;;;0;;;;;;new;;;;;;18.10_26;removed;;
8076370596;Package;8076370596;;;;"Запчасти и аксессуары";;;;0;;;;;;new;;;;;;18.10_26;removed;;
8076369684;Package;8076369684;;;;"Запчасти и аксессуары";;;;0;;;;;;new;;;;;;18.10_26;removed;;
8076369190;Package;8076369190;;;;"Запчасти и аксессуары";;;;0;;;;;;new;;;;;;18.10_26;removed;;
8076368664;Package;8076368664;;;;"Запчасти и аксессуары";;;;0;;;;;;new;;;;;;18.10_26;removed;;
8076368198;Package;8076368198;;;;"Запчасти и аксессуары";;;;0;;;;;;new;;;;;;18.10_26;removed;;
8076367247;Package;8076367247;;;;"Запчасти и аксессуары";;;;0;;;;;;new;;;;;;18.10_26;removed;;
8076366669;Package;8076366669;;;;"Запчасти и аксессуары";;;;0;;;;;;new;;;;;;18.10_26;removed;;
8076366327;Package;8076366327;;;;"Запчасти и аксессуары";;;;0;;;;;;new;;;;;;18.10_26;removed;;
8076365589;Package;8076365589;;;;"Запчасти и аксессуары";;;;0;;;;;;new;;;;;;18.10_26;removed;;
8076363941;Package;8076363941;;;;"Запчасти и аксессуары";;;;0;;;;;;new;;;;;;18.10_26;removed;;
8076363431;Package;8076363431;;;;"Запчасти и аксессуары";;;;0;;;;;;new;;;;;;18.10_26;removed;;
8076363298;Package;8076363298;;;;"Запчасти и аксессуары";;;;0;;;;;;new;;;;;;18.10_26;removed;;
8076363295;Package;8076363295;;;;"Запчасти и аксессуары";;;;0;;;;;;new;;;;;;18.10_26;removed;;
8076360868;Package;8076360868;;;;"Запчасти и аксессуары";;;;0;;;;;;new;;;;;;18.10_26;removed;;
8076358866;Package;8076358866;;;;"Запчасти и аксессуары";;;;0;;;;;;new;;;;;;18.10_26;removed;;
8076357858;Package;8076357858;;;;"Запчасти и аксессуары";;;;0;;;;;;new;;;;;;18.10_26;removed;;
8076357645;Package;8076357645;;;;"Запчасти и аксессуары";;;;0;;;;;;new;;;;;;18.10_26;removed;;
8076356853;Package;8076356853;;;;"Запчасти и аксессуары";;;;0;;;;;;new;;;;;;18.10_26;removed;;
8076356438;Package;8076356438;;;;"Запчасти и аксессуары";;;;0;;;;;;new;;;;;;18.10_26;removed;;
8076356105;Package;8076356105;;;;"Запчасти и аксессуары";;;;0;;;;;;new;;;;;;18.10_26;removed;;
8076354608;Package;8076354608;;;;"Запчасти и аксессуары";;;;0;;;;;;new;;;;;;18.10_26;removed;;
8076354177;Package;8076354177;;;;"Запчасти и аксессуары";;;;0;;;;;;new;;;;;;18.10_26;removed;;
8076353541;Package;8076353541;;;;"Запчасти и аксессуары";;;;0;;;;;;new;;;;;;18.10_26;removed;;
8076350680;Package;8076350680;;;;"Запчасти и аксессуары";;;;0;;;;;;new;;;;;;18.10_26;removed;;
8076347917;Package;8076347917;;;;"Запчасти и аксессуары";;;;0;;;;;;new;;;;;;18.10_26;removed;;
8076347241;Package;8076347241;;;;"Запчасти и аксессуары";;;;0;;;;;;new;;;;;;18.10_26;removed;;
8076346629;Package;8076346629;;;;"Запчасти и аксессуары";;;;0;;;;;;new;;;;;;18.10_26;removed;;
8076346316;Package;8076346316;;;;"Запчасти и аксессуары";;;;0;;;;;;new;;;;;;18.10_26;removed;;
8076343134;Package;8076343134;;;;"Запчасти и аксессуары";;;;0;;;;;;new;;;;;;18.10_26;removed;;
8076342343;Package;8076342343;;;;"Запчасти и аксессуары";;;;0;;;;;;new;;;;;;18.10_26;removed;;
8076339598;Package;8076339598;;;;"Запчасти и аксессуары";;;;0;;;;;;new;;;;;;18.10_26;removed;;
8076339023;Package;8076339023;;;;"Запчасти и аксессуары";;;;0;;;;;;new;;;;;;18.10_26;removed;;
8076335670;Package;8076335670;;;;"Запчасти и аксессуары";;;;0;;;;;;new;;;;;;18.10_26;removed;;
8076334869;Package;8076334869;;;;"Запчасти и аксессуары";;;;0;;;;;;new;;;;;;18.10_26;removed;;
8076334062;Package;8076334062;;;;"Запчасти и аксессуары";;;;0;;;;;;new;;;;;;18.10_26;removed;;
8076332869;Package;8076332869;;;;"Запчасти и аксессуары";;;;0;;;;;;new;;;;;;18.10_26;removed;;
8076331754;Package;8076331754;;;;"Запчасти и аксессуары";;;;0;;;;;;new;;;;;;18.10_26;removed;;
8076329416;Package;8076329416;;;;"Запчасти и аксессуары";;;;0;;;;;;new;;;;;;18.10_26;removed;;
8076328642;Package;8076328642;;;;"Запчасти и аксессуары";;;;0;;;;;;new;;;;;;18.10_26;removed;;
8076327691;Package;8076327691;;;;"Запчасти и аксессуары";;;;0;;;;;;new;;;;;;18.10_26;removed;;
8076327510;Package;8076327510;;;;"Запчасти и аксессуары";;;;0;;;;;;new;;;;;;18.10_26;removed;;
8076326977;Package;8076326977;;;;"Запчасти и аксессуары";;;;0;;;;;;new;;;;;;18.10_26;removed;;
8076325861;Package;8076325861;;;;"Запчасти и аксессуары";;;;0;;;;;;new;;;;;;18.10_26;removed;;
8076325745;Package;8076325745;;;;"Запчасти и аксессуары";;;;0;;;;;;new;;;;;;18.10_26;removed;;
8076325599;Package;8076325599;;;;"Запчасти и аксессуары";;;;0;;;;;;new;;;;;;18.10_26;removed;;
8076325479;Package;8076325479;;;;"Запчасти и аксессуары";;;;0;;;;;;new;;;;;;18.10_26;removed;;
8076324195;Package;8076324195;;;;"Запчасти и аксессуары";;;;0;;;;;;new;;;;;;18.10_26;removed;;
8076322833;Package;8076322833;;;;"Запчасти и аксессуары";;;;0;;;;;;new;;;;;;18.10_26;removed;;
8076322802;Package;8076322802;;;;"Запчасти и аксессуары";;;;0;;;;;;new;;;;;;18.10_26;removed;;
8076319810;Package;8076319810;;;;"Запчасти и аксессуары";;;;0;;;;;;new;;;;;;18.10_26;removed;;
8076316567;Package;8076316567;;;;"Запчасти и аксессуары";;;;0;;;;;;new;;;;;;18.10_26;removed;;
8076316023;Package;8076316023;;;;"Запчасти и аксессуары";;;;0;;;;;;new;;;;;;18.10_26;removed;;
8076315758;Package;8076315758;;;;"Запчасти и аксессуары";;;;0;;;;;;new;;;;;;18.10_26;removed;;
8076315506;Package;8076315506;;;;"Запчасти и аксессуары";;;;0;;;;;;new;;;;;;18.10_26;removed;;
8076314680;Package;8076314680;;;;"Запчасти и аксессуары";;;;0;;;;;;new;;;;;;18.10_26;removed;;
8076313785;Package;8076313785;;;;"Запчасти и аксессуары";;;;0;;;;;;new;;;;;;18.10_26;removed;;
8076311376;Package;8076311376;;;;"Запчасти и аксессуары";;;;0;;;;;;new;;;;;;18.10_26;removed;;
8076311047;Package;8076311047;;;;"Запчасти и аксессуары";;;;0;;;;;;new;;;;;;18.10_26;removed;;
8076308778;Package;8076308778;;;;"Запчасти и аксессуары";;;;0;;;;;;new;;;;;;18.10_26;removed;;
8076306699;Package;8076306699;;;;"Запчасти и аксессуары";;;;0;;;;;;new;;;;;;18.10_26;removed;;
8076304586;Package;8076304586;;;;"Запчасти и аксессуары";;;;0;;;;;;new;;;;;;18.10_26;removed;;
8076304199;Package;8076304199;;;;"Запчасти и аксессуары";;;;0;;;;;;new;;;;;;18.10_26;removed;;
8076303005;Package;8076303005;;;;"Запчасти и аксессуары";;;;0;;;;;;new;;;;;;18.10_26;removed;;
8076302877;Package;8076302877;;;;"Запчасти и аксессуары";;;;0;;;;;;new;;;;;;18.10_26;removed;;
8076302659;Package;8076302659;;;;"Запчасти и аксессуары";;;;0;;;;;;new;;;;;;18.10_26;removed;;
8076299891;Package;8076299891;;;;"Запчасти и аксессуары";;;;0;;;;;;new;;;;;;18.10_26;removed;;
8076296308;Package;8076296308;;;;"Запчасти и аксессуары";;;;0;;;;;;new;;;;;;18.10_26;removed;;
8076294797;Package;8076294797;;;;"Запчасти и аксессуары";;;;0;;;;;;new;;;;;;18.10_26;removed;;
8076294722;Package;8076294722;;;;"Запчасти и аксессуары";;;;0;;;;;;new;;;;;;18.10_26;removed;;
8076294669;Package;8076294669;;;;"Запчасти и аксессуары";;;;0;;;;;;new;;;;;;18.10_26;removed;;
8076293528;Package;8076293528;;;;"Запчасти и аксессуары";;;;0;;;;;;new;;;;;;18.10_26;removed;;
8076293288;Package;8076293288;;;;"Запчасти и аксессуары";;;;0;;;;;;new;;;;;;18.10_26;removed;;
8076291421;Package;8076291421;;;;"Запчасти и аксессуары";;;;0;;;;;;new;;;;;;18.10_26;removed;;
8076290359;Package;8076290359;;;;"Запчасти и аксессуары";;;;0;;;;;;new;;;;;;18.10_26;removed;;
8076286251;Package;8076286251;;;;"Запчасти и аксессуары";;;;0;;;;;;new;;;;;;18.10_26;removed;;
8076284551;Package;8076284551;;;;"Запчасти и аксессуары";;;;0;;;;;;new;;;;;;18.10_26;removed;;
8076284268;Package;8076284268;;;;"Запчасти и аксессуары";;;;0;;;;;;new;;;;;;18.10_26;removed;;
8076283148;Package;8076283148;;;;"Запчасти и аксессуары";;;;0;;;;;;new;;;;;;18.10_26;removed;;
8076282050;Package;8076282050;;;;"Запчасти и аксессуары";;;;0;;;;;;new;;;;;;18.10_26;removed;;
8076280572;Package;8076280572;;;;"Запчасти и аксессуары";;;;0;;;;;;new;;;;;;18.10_26;removed;;
8076277679;Package;8076277679;;;;"Запчасти и аксессуары";;;;0;;;;;;new;;;;;;18.10_26;removed;;
8076276894;Package;8076276894;;;;"Запчасти и аксессуары";;;;0;;;;;;new;;;;;;18.10_26;removed;;
8076276489;Package;8076276489;;;;"Запчасти и аксессуары";;;;0;;;;;;new;;;;;;18.10_26;removed;;
8076274628;Package;8076274628;;;;"Запчасти и аксессуары";;;;0;;;;;;new;;;;;;18.10_26;removed;;
8076274344;Package;8076274344;;;;"Запчасти и аксессуары";;;;0;;;;;;new;;;;;;18.10_26;removed;;
8076274088;Package;8076274088;;;;"Запчасти и аксессуары";;;;0;;;;;;new;;;;;;18.10_26;removed;;
8076273525;Package;8076273525;;;;"Запчасти и аксессуары";;;;0;;;;;;new;;;;;;18.10_26;removed;;
8076272369;Package;8076272369;;;;"Запчасти и аксессуары";;;;0;;;;;;new;;;;;;18.10_26;removed;;
8076271941;Package;8076271941;;;;"Запчасти и аксессуары";;;;0;;;;;;new;;;;;;18.10_26;removed;;
8076271852;Package;8076271852;;;;"Запчасти и аксессуары";;;;0;;;;;;new;;;;;;18.10_26;removed;;
8076271553;Package;8076271553;;;;"Запчасти и аксессуары";;;;0;;;;;;new;;;;;;18.10_26;removed;;
8076271239;Package;8076271239;;;;"Запчасти и аксессуары";;;;0;;;;;;new;;;;;;18.10_26;removed;;
8076270780;Package;8076270780;;;;"Запчасти и аксессуары";;;;0;;;;;;new;;;;;;18.10_26;removed;;
8076266236;Package;8076266236;;;;"Запчасти и аксессуары";;;;0;;;;;;new;;;;;;18.10_26;removed;;
8076265611;Package;8076265611;;;;"Запчасти и аксессуары";;;;0;;;;;;new;;;;;;18.10_26;removed;;
8076265207;Package;8076265207;;;;"Запчасти и аксессуары";;;;0;;;;;;new;;;;;;18.10_26;removed;;
8076263478;Package;8076263478;;;;"Запчасти и аксессуары";;;;0;;;;;;new;;;;;;18.10_26;removed;;
8076263395;Package;8076263395;;;;"Запчасти и аксессуары";;;;0;;;;;;new;;;;;;18.10_26;removed;;
8076262027;Package;8076262027;;;;"Запчасти и аксессуары";;;;0;;;;;;new;;;;;;18.10_26;removed;;
8076261051;Package;8076261051;;;;"Запчасти и аксессуары";;;;0;;;;;;new;;;;;;18.10_26;removed;;
8076259058;Package;8076259058;;;;"Запчасти и аксессуары";;;;0;;;;;;new;;;;;;18.10_26;removed;;
8076258700;Package;8076258700;;;;"Запчасти и аксессуары";;;;0;;;;;;new;;;;;;18.10_26;removed;;
8076258371;Package;8076258371;;;;"Запчасти и аксессуары";;;;0;;;;;;new;;;;;;18.10_26;removed;;
8076257785;Package;8076257785;;;;"Запчасти и аксессуары";;;;0;;;;;;new;;;;;;18.10_26;removed;;
8076257234;Package;8076257234;;;;"Запчасти и аксессуары";;;;0;;;;;;new;;;;;;18.10_26;removed;;
8076257063;Package;8076257063;;;;"Запчасти и аксессуары";;;;0;;;;;;new;;;;;;18.10_26;removed;;
8076256609;Package;8076256609;;;;"Запчасти и аксессуары";;;;0;;;;;;new;;;;;;18.10_26;removed;;
8076256378;Package;8076256378;;;;"Запчасти и аксессуары";;;;0;;;;;;new;;;;;;18.10_26;removed;;
8076254879;Package;8076254879;;;;"Запчасти и аксессуары";;;;0;;;;;;new;;;;;;18.10_26;removed;;
8076253656;Package;8076253656;;;;"Запчасти и аксессуары";;;;0;;;;;;new;;;;;;18.10_26;removed;;
8076252287;Package;8076252287;;;;"Запчасти и аксессуары";;;;0;;;;;;new;;;;;;18.10_26;removed;;
8076251412;Package;8076251412;;;;"Запчасти и аксессуары";;;;0;;;;;;new;;;;;;18.10_26;removed;;
8076250527;Package;8076250527;;;;"Запчасти и аксессуары";;;;0;;;;;;new;;;;;;18.10_26;removed;;
8076247143;Package;8076247143;;;;"Запчасти и аксессуары";;;;0;;;;;;new;;;;;;18.10_26;removed;;
8076247063;Package;8076247063;;;;"Запчасти и аксессуары";;;;0;;;;;;new;;;;;;18.10_26;removed;;
8076246448;Package;8076246448;;;;"Запчасти и аксессуары";;;;0;;;;;;new;;;;;;18.10_26;removed;;
8076245922;Package;8076245922;;;;"Запчасти и аксессуары";;;;0;;;;;;new;;;;;;18.10_26;removed;;
8076244570;Package;8076244570;;;;"Запчасти и аксессуары";;;;0;;;;;;new;;;;;;18.10_26;removed;;
8076244183;Package;8076244183;;;;"Запчасти и аксессуары";;;;0;;;;;;new;;;;;;18.10_26;removed;;
8076242294;Package;8076242294;;;;"Запчасти и аксессуары";;;;0;;;;;;new;;;;;;18.10_26;removed;;
8076242261;Package;8076242261;;;;"Запчасти и аксессуары";;;;0;;;;;;new;;;;;;18.10_26;removed;;
8076241976;Package;8076241976;;;;"Запчасти и аксессуары";;;;0;;;;;;new;;;;;;18.10_26;removed;;
8076241251;Package;8076241251;;;;"Запчасти и аксессуары";;;;0;;;;;;new;;;;;;18.10_26;removed;;
8076241148;Package;8076241148;;;;"Запчасти и аксессуары";;;;0;;;;;;new;;;;;;18.10_26;removed;;
8076240482;Package;8076240482;;;;"Запчасти и аксессуары";;;;0;;;;;;new;;;;;;18.10_26;removed;;
8076240080;Package;8076240080;;;;"Запчасти и аксессуары";;;;0;;;;;;new;;;;;;18.10_26;removed;;
8076239867;Package;8076239867;;;;"Запчасти и аксессуары";;;;0;;;;;;new;;;;;;18.10_26;removed;;
8076239406;Package;8076239406;;;;"Запчасти и аксессуары";;;;0;;;;;;new;;;;;;18.10_26;removed;;
8076239403;Package;8076239403;;;;"Запчасти и аксессуары";;;;0;;;;;;new;;;;;;18.10_26;removed;;
8076239056;Package;8076239056;;;;"Запчасти и аксессуары";;;;0;;;;;;new;;;;;;18.10_26;removed;;
8076236985;Package;8076236985;;;;"Запчасти и аксессуары";;;;0;;;;;;new;;;;;;18.10_26;removed;;
8076236938;Package;8076236938;;;;"Запчасти и аксессуары";;;;0;;;;;;new;;;;;;18.10_26;removed;;
8076236495;Package;8076236495;;;;"Запчасти и аксессуары";;;;0;;;;;;new;;;;;;18.10_26;removed;;
8076235688;Package;8076235688;;;;"Запчасти и аксессуары";;;;0;;;;;;new;;;;;;18.10_26;removed;;
8076235255;Package;8076235255;;;;"Запчасти и аксессуары";;;;0;;;;;;new;;;;;;18.10_26;removed;;
8076234946;Package;8076234946;;;;"Запчасти и аксессуары";;;;0;;;;;;new;;;;;;18.10_26;removed;;
8076234816;Package;8076234816;;;;"Запчасти и аксессуары";;;;0;;;;;;new;;;;;;18.10_26;removed;;
8076233830;Package;8076233830;;;;"Запчасти и аксессуары";;;;0;;;;;;new;;;;;;18.10_26;removed;;
8076232293;Package;8076232293;;;;"Запчасти и аксессуары";;;;0;;;;;;new;;;;;;18.10_26;removed;;
8076230610;Package;8076230610;;;;"Запчасти и аксессуары";;;;0;;;;;;new;;;;;;18.10_26;removed;;
8076229196;Package;8076229196;;;;"Запчасти и аксессуары";;;;0;;;;;;new;;;;;;18.10_26;removed;;
8076227492;Package;8076227492;;;;"Запчасти и аксессуары";;;;0;;;;;;new;;;;;;18.10_26;removed;;
8076225819;Package;8076225819;;;;"Запчасти и аксессуары";;;;0;;;;;;new;;;;;;18.10_26;removed;;
8076223403;Package;8076223403;;;;"Запчасти и аксессуары";;;;0;;;;;;new;;;;;;18.10_26;removed;;
8076223004;Package;8076223004;;;;"Запчасти и аксессуары";;;;0;;;;;;new;;;;;;18.10_26;removed;;
8076221547;Package;8076221547;;;;"Запчасти и аксессуары";;;;0;;;;;;new;;;;;;18.10_26;removed;;
8076221152;Package;8076221152;;;;"Запчасти и аксессуары";;;;0;;;;;;new;;;;;;18.10_26;removed;;
8076220315;Package;8076220315;;;;"Запчасти и аксессуары";;;;0;;;;;;new;;;;;;18.10_26;removed;;
8076219789;Package;8076219789;;;;"Запчасти и аксессуары";;;;0;;;;;;new;;;;;;18.10_26;removed;;
8076219529;Package;8076219529;;;;"Запчасти и аксессуары";;;;0;;;;;;new;;;;;;18.10_26;removed;;
8076216998;Package;8076216998;;;;"Запчасти и аксессуары";;;;0;;;;;;new;;;;;;18.10_26;removed;;
8076215523;Package;8076215523;;;;"Запчасти и аксессуары";;;;0;;;;;;new;;;;;;18.10_26;removed;;
8076214335;Package;8076214335;;;;"Запчасти и аксессуары";;;;0;;;;;;new;;;;;;18.10_26;removed;;
8076212971;Package;8076212971;;;;"Запчасти и аксессуары";;;;0;;;;;;new;;;;;;18.10_26;removed;;
8076212873;Package;8076212873;;;;"Запчасти и аксессуары";;;;0;;;;;;new;;;;;;18.10_26;removed;;
8076212451;Package;8076212451;;;;"Запчасти и аксессуары";;;;0;;;;;;new;;;;;;18.10_26;removed;;
8076211303;Package;8076211303;;;;"Запчасти и аксессуары";;;;0;;;;;;new;;;;;;18.10_26;removed;;
8076210750;Package;8076210750;;;;"Запчасти и аксессуары";;;;0;;;;;;new;;;;;;18.10_26;removed;;
8076209321;Package;8076209321;;;;"Запчасти и аксессуары";;;;0;;;;;;new;;;;;;18.10_26;removed;;
8076207854;Package;8076207854;;;;"Запчасти и аксессуары";;;;0;;;;;;new;;;;;;18.10_26;removed;;
8076201497;Package;8076201497;;;;"Запчасти и аксессуары";;;;0;;;;;;new;;;;;;18.10_26;removed;;
8076199965;Package;8076199965;;;;"Запчасти и аксессуары";;;;0;;;;;;new;;;;;;18.10_26;removed;;
8076199044;Package;8076199044;;;;"Запчасти и аксессуары";;;;0;;;;;;new;;;;;;18.10_26;removed;;
8076198846;Package;8076198846;;;;"Запчасти и аксессуары";;;;0;;;;;;new;;;;;;18.10_26;removed;;
8076197418;Package;8076197418;;;;"Запчасти и аксессуары";;;;0;;;;;;new;;;;;;18.10_26;removed;;
8076196554;Package;8076196554;;;;"Запчасти и аксессуары";;;;0;;;;;;new;;;;;;18.10_26;removed;;
8076196335;Package;8076196335;;;;"Запчасти и аксессуары";;;;0;;;;;;new;;;;;;18.10_26;removed;;
8076195020;Package;8076195020;;;;"Запчасти и аксессуары";;;;0;;;;;;new;;;;;;18.10_26;removed;;
8076194073;Package;8076194073;;;;"Запчасти и аксессуары";;;;0;;;;;;new;;;;;;18.10_26;removed;;
8076193061;Package;8076193061;;;;"Запчасти и аксессуары";;;;0;;;;;;new;;;;;;18.10_26;removed;;
8076192659;Package;8076192659;;;;"Запчасти и аксессуары";;;;0;;;;;;new;;;;;;18.10_26;removed;;
8076192568;Package;8076192568;;;;"Запчасти и аксессуары";;;;0;;;;;;new;;;;;;18.10_26;removed;;
8076191593;Package;8076191593;;;;"Запчасти и аксессуары";;;;0;;;;;;new;;;;;;18.10_26;removed;;
8076189466;Package;8076189466;;;;"Запчасти и аксессуары";;;;0;;;;;;new;;;;;;18.10_26;removed;;
8076189158;Package;8076189158;;;;"Запчасти и аксессуары";;;;0;;;;;;new;;;;;;18.10_26;removed;;
8076188648;Package;8076188648;;;;"Запчасти и аксессуары";;;;0;;;;;;new;;;;;;18.10_26;removed;;
8076188537;Package;8076188537;;;;"Запчасти и аксессуары";;;;0;;;;;;new;;;;;;18.10_26;removed;;
8076188091;Package;8076188091;;;;"Запчасти и аксессуары";;;;0;;;;;;new;;;;;;18.10_26;removed;;
8076186687;Package;8076186687;;;;"Запчасти и аксессуары";;;;0;;;;;;new;;;;;;18.10_26;removed;;
8076186460;Package;8076186460;;;;"Запчасти и аксессуары";;;;0;;;;;;new;;;;;;18.10_26;removed;;
8076186243;Package;8076186243;;;;"Запчасти и аксессуары";;;;0;;;;;;new;;;;;;18.10_26;removed;;
8076185548;Package;8076185548;;;;"Запчасти и аксессуары";;;;0;;;;;;new;;;;;;18.10_26;removed;;
8076183633;Package;8076183633;;;;"Запчасти и аксессуары";;;;0;;;;;;new;;;;;;18.10_26;removed;;
8076183140;Package;8076183140;;;;"Запчасти и аксессуары";;;;0;;;;;;new;;;;;;18.10_26;removed;;
8076182679;Package;8076182679;;;;"Запчасти и аксессуары";;;;0;;;;;;new;;;;;;18.10_26;removed;;
8076182106;Package;8076182106;;;;"Запчасти и аксессуары";;;;0;;;;;;new;;;;;;18.10_26;removed;;
8076181513;Package;8076181513;;;;"Запчасти и аксессуары";;;;0;;;;;;new;;;;;;18.10_26;removed;;
8076180638;Package;8076180638;;;;"Запчасти и аксессуары";;;;0;;;;;;new;;;;;;18.10_26;removed;;
8076178070;Package;8076178070;;;;"Запчасти и аксессуары";;;;0;;;;;;new;;;;;;18.10_26;removed;;
8076177756;Package;8076177756;;;;"Запчасти и аксессуары";;;;0;;;;;;new;;;;;;18.10_26;removed;;
8076174618;Package;8076174618;;;;"Запчасти и аксессуары";;;;0;;;;;;new;;;;;;18.10_26;removed;;
8076173785;Package;8076173785;;;;"Запчасти и аксессуары";;;;0;;;;;;new;;;;;;18.10_26;removed;;
8076172690;Package;8076172690;;;;"Запчасти и аксессуары";;;;0;;;;;;new;;;;;;18.10_26;removed;;
8076171602;Package;8076171602;;;;"Запчасти и аксессуары";;;;0;;;;;;new;;;;;;18.10_26;removed;;
8076169693;Package;8076169693;;;;"Запчасти и аксессуары";;;;0;;;;;;new;;;;;;18.10_26;removed;;
8076169479;Package;8076169479;;;;"Запчасти и аксессуары";;;;0;;;;;;new;;;;;;18.10_26;removed;;
8076168120;Package;8076168120;;;;"Запчасти и аксессуары";;;;0;;;;;;new;;;;;;18.10_26;removed;;
8076164879;Package;8076164879;;;;"Запчасти и аксессуары";;;;0;;;;;;new;;;;;;18.10_26;removed;;
8076161823;Package;8076161823;;;;"Запчасти и аксессуары";;;;0;;;;;;new;;;;;;18.10_26;removed;;
8076161520;Package;8076161520;;;;"Запчасти и аксессуары";;;;0;;;;;;new;;;;;;18.10_26;removed;;
8076160472;Package;8076160472;;;;"Запчасти и аксессуары";;;;0;;;;;;new;;;;;;18.10_26;removed;;
8076159647;Package;8076159647;;;;"Запчасти и аксессуары";;;;0;;;;;;new;;;;;;18.10_26;removed;;
8076157791;Package;8076157791;;;;"Запчасти и аксессуары";;;;0;;;;;;new;;;;;;18.10_26;removed;;
8076157673;Package;8076157673;;;;"Запчасти и аксессуары";;;;0;;;;;;new;;;;;;18.10_26;removed;;
8076157561;Package;8076157561;;;;"Запчасти и аксессуары";;;;0;;;;;;new;;;;;;18.10_26;removed;;
8076156167;Package;8076156167;;;;"Запчасти и аксессуары";;;;0;;;;;;new;;;;;;18.10_26;removed;;
8076154695;Package;8076154695;;;;"Запчасти и аксессуары";;;;0;;;;;;new;;;;;;18.10_26;removed;;
8076153664;Package;8076153664;;;;"Запчасти и аксессуары";;;;0;;;;;;new;;;;;;18.10_26;removed;;
8076150688;Package;8076150688;;;;"Запчасти и аксессуары";;;;0;;;;;;new;;;;;;18.10_26;removed;;
8076150438;Package;8076150438;;;;"Запчасти и аксессуары";;;;0;;;;;;new;;;;;;18.10_26;removed;;
8076150004;Package;8076150004;;;;"Запчасти и аксессуары";;;;0;;;;;;new;;;;;;18.10_26;removed;;
8076148097;Package;8076148097;;;;"Запчасти и аксессуары";;;;0;;;;;;new;;;;;;18.10_26;removed;;
8076147254;Package;8076147254;;;;"Запчасти и аксессуары";;;;0;;;;;;new;;;;;;18.10_26;removed;;
8076146721;Package;8076146721;;;;"Запчасти и аксессуары";;;;0;;;;;;new;;;;;;18.10_26;removed;;
8076146573;Package;8076146573;;;;"Запчасти и аксессуары";;;;0;;;;;;new;;;;;;18.10_26;removed;;
8076146389;Package;8076146389;;;;"Запчасти и аксессуары";;;;0;;;;;;new;;;;;;18.10_26;removed;;
8076145131;Package;8076145131;;;;"Запчасти и аксессуары";;;;0;;;;;;new;;;;;;18.10_26;removed;;
8076143454;Package;8076143454;;;;"Запчасти и аксессуары";;;;0;;;;;;new;;;;;;18.10_26;removed;;
8076143447;Package;8076143447;;;;"Запчасти и аксессуары";;;;0;;;;;;new;;;;;;18.10_26;removed;;
8076143446;Package;8076143446;;;;"Запчасти и аксессуары";;;;0;;;;;;new;;;;;;18.10_26;removed;;
8076142346;Package;8076142346;;;;"Запчасти и аксессуары";;;;0;;;;;;new;;;;;;18.10_26;removed;;
8076141863;Package;8076141863;;;;"Запчасти и аксессуары";;;;0;;;;;;new;;;;;;18.10_26;removed;;
8076140857;Package;8076140857;;;;"Запчасти и аксессуары";;;;0;;;;;;new;;;;;;18.10_26;removed;;
8076140314;Package;8076140314;;;;"Запчасти и аксессуары";;;;0;;;;;;new;;;;;;18.10_26;removed;;
8076139526;Package;8076139526;;;;"Запчасти и аксессуары";;;;0;;;;;;new;;;;;;18.10_26;removed;;
8076138707;Package;8076138707;;;;"Запчасти и аксессуары";;;;0;;;;;;new;;;;;;18.10_26;removed;;
8076138160;Package;8076138160;;;;"Запчасти и аксессуары";;;;0;;;;;;new;;;;;;18.10_26;removed;;
8076136607;Package;8076136607;;;;"Запчасти и аксессуары";;;;0;;;;;;new;;;;;;18.10_26;removed;;
8076136178;Package;8076136178;;;;"Запчасти и аксессуары";;;;0;;;;;;new;;;;;;18.10_26;removed;;
8076135343;Package;8076135343;;;;"Запчасти и аксессуары";;;;0;;;;;;new;;;;;;18.10_26;removed;;
8076135272;Package;8076135272;;;;"Запчасти и аксессуары";;;;0;;;;;;new;;;;;;18.10_26;removed;;
8076134232;Package;8076134232;;;;"Запчасти и аксессуары";;;;0;;;;;;new;;;;;;18.10_26;removed;;
8076130029;Package;8076130029;;;;"Запчасти и аксессуары";;;;0;;;;;;new;;;;;;18.10_26;removed;;
8076129600;Package;8076129600;;;;"Запчасти и аксессуары";;;;0;;;;;;new;;;;;;18.10_26;removed;;
8076128104;Package;8076128104;;;;"Запчасти и аксессуары";;;;0;;;;;;new;;;;;;18.10_26;removed;;
8076127111;Package;8076127111;;;;"Запчасти и аксессуары";;;;0;;;;;;new;;;;;;18.10_26;removed;;
8076126419;Package;8076126419;;;;"Запчасти и аксессуары";;;;0;;;;;;new;;;;;;18.10_26;removed;;
8076123260;Package;8076123260;;;;"Запчасти и аксессуары";;;;0;;;;;;new;;;;;;18.10_26;removed;;
8076121054;Package;8076121054;;;;"Запчасти и аксессуары";;;;0;;;;;;new;;;;;;18.10_26;removed;;
8076120948;Package;8076120948;;;;"Запчасти и аксессуары";;;;0;;;;;;new;;;;;;18.10_26;removed;;
8076120639;Package;8076120639;;;;"Запчасти и аксессуары";;;;0;;;;;;new;;;;;;18.10_26;removed;;
8076118280;Package;8076118280;;;;"Запчасти и аксессуары";;;;0;;;;;;new;;;;;;18.10_26;removed;;
8076117600;Package;8076117600;;;;"Запчасти и аксессуары";;;;0;;;;;;new;;;;;;18.10_26;removed;;
8076117192;Package;8076117192;;;;"Запчасти и аксессуары";;;;0;;;;;;new;;;;;;18.10_26;removed;;
8076116942;Package;8076116942;;;;"Запчасти и аксессуары";;;;0;;;;;;new;;;;;;18.10_26;removed;;
8076116023;Package;8076116023;;;;"Запчасти и аксессуары";;;;0;;;;;;new;;;;;;18.10_26;removed;;
8076115233;Package;8076115233;;;;"Запчасти и аксессуары";;;;0;;;;;;new;;;;;;18.10_26;removed;;
8076115060;Package;8076115060;;;;"Запчасти и аксессуары";;;;0;;;;;;new;;;;;;18.10_26;removed;;
8076114747;Package;8076114747;;;;"Запчасти и аксессуары";;;;0;;;;;;new;;;;;;18.10_26;removed;;
8076114202;Package;8076114202;;;;"Запчасти и аксессуары";;;;0;;;;;;new;;;;;;18.10_26;removed;;
8076111628;Package;8076111628;;;;"Запчасти и аксессуары";;;;0;;;;;;new;;;;;;18.10_26;removed;;
8076111339;Package;8076111339;;;;"Запчасти и аксессуары";;;;0;;;;;;new;;;;;;18.10_26;removed;;
8076108344;Package;8076108344;;;;"Запчасти и аксессуары";;;;0;;;;;;new;;;;;;18.10_26;removed;;
8076107480;Package;8076107480;;;;"Запчасти и аксессуары";;;;0;;;;;;new;;;;;;18.10_26;removed;;
8076105704;Package;8076105704;;;;"Запчасти и аксессуары";;;;0;;;;;;new;;;;;;18.10_26;removed;;
8076105080;Package;8076105080;;;;"Запчасти и аксессуары";;;;0;;;;;;new;;;;;;18.10_26;removed;;
8076103160;Package;8076103160;;;;"Запчасти и аксессуары";;;;0;;;;;;new;;;;;;18.10_26;removed;;
8076102793;Package;8076102793;;;;"Запчасти и аксессуары";;;;0;;;;;;new;;;;;;18.10_26;removed;;
8076102495;Package;8076102495;;;;"Запчасти и аксессуары";;;;0;;;;;;new;;;;;;18.10_26;removed;;
8076102441;Package;8076102441;;;;"Запчасти и аксессуары";;;;0;;;;;;new;;;;;;18.10_26;removed;;
8076102415;Package;8076102415;;;;"Запчасти и аксессуары";;;;0;;;;;;new;;;;;;18.10_26;removed;;
8076102015;Package;8076102015;;;;"Запчасти и аксессуары";;;;0;;;;;;new;;;;;;18.10_26;removed;;
8076100666;Package;8076100666;;;;"Запчасти и аксессуары";;;;0;;;;;;new;;;;;;18.10_26;removed;;
8076099824;Package;8076099824;;;;"Запчасти и аксессуары";;;;0;;;;;;new;;;;;;18.10_26;removed;;
8076099268;Package;8076099268;;;;"Запчасти и аксессуары";;;;0;;;;;;new;;;;;;18.10_26;removed;;
8076098858;Package;8076098858;;;;"Запчасти и аксессуары";;;;0;;;;;;new;;;;;;18.10_26;removed;;
8076096575;Package;8076096575;;;;"Запчасти и аксессуары";;;;0;;;;;;new;;;;;;18.10_26;removed;;
8076094821;Package;8076094821;;;;"Запчасти и аксессуары";;;;0;;;;;;new;;;;;;18.10_26;removed;;
8076092817;Package;8076092817;;;;"Запчасти и аксессуары";;;;0;;;;;;new;;;;;;18.10_26;removed;;
8076090514;Package;8076090514;;;;"Запчасти и аксессуары";;;;0;;;;;;new;;;;;;18.10_26;removed;;
8076088063;Package;8076088063;;;;"Запчасти и аксессуары";;;;0;;;;;;new;;;;;;18.10_26;removed;;
8076087525;Package;8076087525;;;;"Запчасти и аксессуары";;;;0;;;;;;new;;;;;;18.10_26;removed;;
8076087183;Package;8076087183;;;;"Запчасти и аксессуары";;;;0;;;;;;new;;;;;;18.10_26;removed;;
8076086826;Package;8076086826;;;;"Запчасти и аксессуары";;;;0;;;;;;new;;;;;;18.10_26;removed;;
8076084524;Package;8076084524;;;;"Запчасти и аксессуары";;;;0;;;;;;new;;;;;;18.10_26;removed;;
8076083470;Package;8076083470;;;;"Запчасти и аксессуары";;;;0;;;;;;new;;;;;;18.10_26;removed;;
8076082430;Package;8076082430;;;;"Запчасти и аксессуары";;;;0;;;;;;new;;;;;;18.10_26;removed;;
8076081152;Package;8076081152;;;;"Запчасти и аксессуары";;;;0;;;;;;new;;;;;;18.10_26;removed;;
8076080947;Package;8076080947;;;;"Запчасти и аксессуары";;;;0;;;;;;new;;;;;;18.10_26;removed;;
8076080038;Package;8076080038;;;;"Запчасти и аксессуары";;;;0;;;;;;new;;;;;;18.10_26;removed;;
8076076856;Package;8076076856;;;;"Запчасти и аксессуары";;;;0;;;;;;new;;;;;;18.10_26;removed;;
8076075777;Package;8076075777;;;;"Запчасти и аксессуары";;;;0;;;;;;new;;;;;;18.10_26;removed;;
8076073666;Package;8076073666;;;;"Запчасти и аксессуары";;;;0;;;;;;new;;;;;;18.10_26;removed;;
8076071426;Package;8076071426;;;;"Запчасти и аксессуары";;;;0;;;;;;new;;;;;;18.10_26;removed;;
8076071036;Package;8076071036;;;;"Запчасти и аксессуары";;;;0;;;;;;new;;;;;;18.10_26;removed;;
8076071029;Package;8076071029;;;;"Запчасти и аксессуары";;;;0;;;;;;new;;;;;;18.10_26;removed;;
8076070713;Package;8076070713;;;;"Запчасти и аксессуары";;;;0;;;;;;new;;;;;;18.10_26;removed;;
8076069849;Package;8076069849;;;;"Запчасти и аксессуары";;;;0;;;;;;new;;;;;;18.10_26;removed;;
8076068154;Package;8076068154;;;;"Запчасти и аксессуары";;;;0;;;;;;new;;;;;;18.10_26;removed;;
8076067638;Package;8076067638;;;;"Запчасти и аксессуары";;;;0;;;;;;new;;;;;;18.10_26;removed;;
8076067306;Package;8076067306;;;;"Запчасти и аксессуары";;;;0;;;;;;new;;;;;;18.10_26;removed;;
8076064871;Package;8076064871;;;;"Запчасти и аксессуары";;;;0;;;;;;new;;;;;;18.10_26;removed;;
8076064773;Package;8076064773;;;;"Запчасти и аксессуары";;;;0;;;;;;new;;;;;;18.10_26;removed;;
8076064326;Package;8076064326;;;;"Запчасти и аксессуары";;;;0;;;;;;new;;;;;;18.10_26;removed;;
8076064020;Package;8076064020;;;;"Запчасти и аксессуары";;;;0;;;;;;new;;;;;;18.10_26;removed;;
8076063110;Package;8076063110;;;;"Запчасти и аксессуары";;;;0;;;;;;new;;;;;;18.10_26;removed;;
8076062573;Package;8076062573;;;;"Запчасти и аксессуары";;;;0;;;;;;new;;;;;;18.10_26;removed;;
8076061359;Package;8076061359;;;;"Запчасти и аксессуары";;;;0;;;;;;new;;;;;;18.10_26;removed;;
8076060239;Package;8076060239;;;;"Запчасти и аксессуары";;;;0;;;;;;new;;;;;;18.10_26;removed;;
8076060134;Package;8076060134;;;;"Запчасти и аксессуары";;;;0;;;;;;new;;;;;;18.10_26;removed;;
8076058032;Package;8076058032;;;;"Запчасти и аксессуары";;;;0;;;;;;new;;;;;;18.10_26;removed;;
8076055902;Package;8076055902;;;;"Запчасти и аксессуары";;;;0;;;;;;new;;;;;;18.10_26;removed;;
8076055862;Package;8076055862;;;;"Запчасти и аксессуары";;;;0;;;;;;new;;;;;;18.10_26;removed;;
8076055834;Package;8076055834;;;;"Запчасти и аксессуары";;;;0;;;;;;new;;;;;;18.10_26;removed;;
8076055149;Package;8076055149;;;;"Запчасти и аксессуары";;;;0;;;;;;new;;;;;;18.10_26;removed;;
8076054982;Package;8076054982;;;;"Запчасти и аксессуары";;;;0;;;;;;new;;;;;;18.10_26;removed;;
8076054580;Package;8076054580;;;;"Запчасти и аксессуары";;;;0;;;;;;new;;;;;;18.10_26;removed;;
8076054387;Package;8076054387;;;;"Запчасти и аксессуары";;;;0;;;;;;new;;;;;;18.10_26;removed;;
8076054013;Package;8076054013;;;;"Запчасти и аксессуары";;;;0;;;;;;new;;;;;;18.10_26;removed;;
8076053076;Package;8076053076;;;;"Запчасти и аксессуары";;;;0;;;;;;new;;;;;;18.10_26;removed;;
8076052590;Package;8076052590;;;;"Запчасти и аксессуары";;;;0;;;;;;new;;;;;;18.10_26;removed;;
8076051838;Package;8076051838;;;;"Запчасти и аксессуары";;;;0;;;;;;new;;;;;;18.10_26;removed;;
8076051104;Package;8076051104;;;;"Запчасти и аксессуары";;;;0;;;;;;new;;;;;;18.10_26;removed;;
8076048587;Package;8076048587;;;;"Запчасти и аксессуары";;;;0;;;;;;new;;;;;;18.10_26;removed;;
8076048407;Package;8076048407;;;;"Запчасти и аксессуары";;;;0;;;;;;new;;;;;;18.10_26;removed;;
8076047105;Package;8076047105;;;;"Запчасти и аксессуары";;;;0;;;;;;new;;;;;;18.10_26;removed;;
8076046636;Package;8076046636;;;;"Запчасти и аксессуары";;;;0;;;;;;new;;;;;;18.10_26;removed;;
8076046349;Package;8076046349;;;;"Запчасти и аксессуары";;;;0;;;;;;new;;;;;;18.10_26;removed;;
8076046025;Package;8076046025;;;;"Запчасти и аксессуары";;;;0;;;;;;new;;;;;;18.10_26;removed;;
8076045925;Package;8076045925;;;;"Запчасти и аксессуары";;;;0;;;;;;new;;;;;;18.10_26;removed;;
8076045629;Package;8076045629;;;;"Запчасти и аксессуары";;;;0;;;;;;new;;;;;;18.10_26;removed;;
8076044412;Package;8076044412;;;;"Запчасти и аксессуары";;;;0;;;;;;new;;;;;;18.10_26;removed;;
8076043851;Package;8076043851;;;;"Запчасти и аксессуары";;;;0;;;;;;new;;;;;;18.10_26;removed;;
8076043626;Package;8076043626;;;;"Запчасти и аксессуары";;;;0;;;;;;new;;;;;;18.10_26;removed;;
8076042902;Package;8076042902;;;;"Запчасти и аксессуары";;;;0;;;;;;new;;;;;;18.10_26;removed;;
8076041283;Package;8076041283;;;;"Запчасти и аксессуары";;;;0;;;;;;new;;;;;;18.10_26;removed;;
8076040197;Package;8076040197;;;;"Запчасти и аксессуары";;;;0;;;;;;new;;;;;;18.10_26;removed;;
8076037235;Package;8076037235;;;;"Запчасти и аксессуары";;;;0;;;;;;new;;;;;;18.10_26;removed;;
8076036457;Package;8076036457;;;;"Запчасти и аксессуары";;;;0;;;;;;new;;;;;;18.10_26;removed;;
8076036413;Package;8076036413;;;;"Запчасти и аксессуары";;;;0;;;;;;new;;;;;;18.10_26;removed;;
8076033416;Package;8076033416;;;;"Запчасти и аксессуары";;;;0;;;;;;new;;;;;;18.10_26;removed;;
8076031865;Package;8076031865;;;;"Запчасти и аксессуары";;;;0;;;;;;new;;;;;;18.10_26;removed;;
8076030788;Package;8076030788;;;;"Запчасти и аксессуары";;;;0;;;;;;new;;;;;;18.10_26;removed;;
8076030324;Package;8076030324;;;;"Запчасти и аксессуары";;;;0;;;;;;new;;;;;;18.10_26;removed;;
8076029316;Package;8076029316;;;;"Запчасти и аксессуары";;;;0;;;;;;new;;;;;;18.10_26;removed;;
8076026877;Package;8076026877;;;;"Запчасти и аксессуары";;;;0;;;;;;new;;;;;;18.10_26;removed;;
8076025696;Package;8076025696;;;;"Запчасти и аксессуары";;;;0;;;;;;new;;;;;;18.10_26;removed;;
8076024722;Package;8076024722;;;;"Запчасти и аксессуары";;;;0;;;;;;new;;;;;;18.10_26;removed;;
8076024495;Package;8076024495;;;;"Запчасти и аксессуары";;;;0;;;;;;new;;;;;;18.10_26;removed;;
8076023883;Package;8076023883;;;;"Запчасти и аксессуары";;;;0;;;;;;new;;;;;;18.10_26;removed;;
8076023049;Package;8076023049;;;;"Запчасти и аксессуары";;;;0;;;;;;new;;;;;;18.10_26;removed;;
8076022583;Package;8076022583;;;;"Запчасти и аксессуары";;;;0;;;;;;new;;;;;;18.10_26;removed;;
8076021395;Package;8076021395;;;;"Запчасти и аксессуары";;;;0;;;;;;new;;;;;;18.10_26;removed;;
8076021238;Package;8076021238;;;;"Запчасти и аксессуары";;;;0;;;;;;new;;;;;;18.10_26;removed;;
8076020357;Package;8076020357;;;;"Запчасти и аксессуары";;;;0;;;;;;new;;;;;;18.10_26;removed;;
8076018489;Package;8076018489;;;;"Запчасти и аксессуары";;;;0;;;;;;new;;;;;;18.10_26;removed;;
8076015892;Package;8076015892;;;;"Запчасти и аксессуары";;;;0;;;;;;new;;;;;;18.10_26;removed;;
8076015052;Package;8076015052;;;;"Запчасти и аксессуары";;;;0;;;;;;new;;;;;;18.10_26;removed;;
8076014589;Package;8076014589;;;;"Запчасти и аксессуары";;;;0;;;;;;new;;;;;;18.10_26;removed;;
8076014108;Package;8076014108;;;;"Запчасти и аксессуары";;;;0;;;;;;new;;;;;;18.10_26;removed;;
8076011012;Package;8076011012;;;;"Запчасти и аксессуары";;;;0;;;;;;new;;;;;;18.10_26;removed;;
8076010716;Package;8076010716;;;;"Запчасти и аксессуары";;;;0;;;;;;new;;;;;;18.10_26;removed;;
8076010338;Package;8076010338;;;;"Запчасти и аксессуары";;;;0;;;;;;new;;;;;;18.10_26;removed;;
8076010247;Package;8076010247;;;;"Запчасти и аксессуары";;;;0;;;;;;new;;;;;;18.10_26;removed;;
8076007684;Package;8076007684;;;;"Запчасти и аксессуары";;;;0;;;;;;new;;;;;;18.10_26;removed;;
8076005910;Package;8076005910;;;;"Запчасти и аксессуары";;;;0;;;;;;new;;;;;;18.10_26;removed;;
8076004700;Package;8076004700;;;;"Запчасти и аксессуары";;;;0;;;;;;new;;;;;;18.10_26;removed;;
8076003158;Package;8076003158;;;;"Запчасти и аксессуары";;;;0;;;;;;new;;;;;;18.10_26;removed;;
8076001746;Package;8076001746;;;;"Запчасти и аксессуары";;;;0;;;;;;new;;;;;;18.10_26;removed;;
8076001115;Package;8076001115;;;;"Запчасти и аксессуары";;;;0;;;;;;new;;;;;;18.10_26;removed;;
8076000674;Package;8076000674;;;;"Запчасти и аксессуары";;;;0;;;;;;new;;;;;;18.10_26;removed;;
8076000210;Package;8076000210;;;;"Запчасти и аксессуары";;;;0;;;;;;new;;;;;;18.10_26;removed;;
8075999279;Package;8075999279;;;;"Запчасти и аксессуары";;;;0;;;;;;new;;;;;;18.10_26;removed;;
8075999197;Package;8075999197;;;;"Запчасти и аксессуары";;;;0;;;;;;new;;;;;;18.10_26;removed;;
8075998832;Package;8075998832;;;;"Запчасти и аксессуары";;;;0;;;;;;new;;;;;;18.10_26;removed;;
8075998428;Package;8075998428;;;;"Запчасти и аксессуары";;;;0;;;;;;new;;;;;;18.10_26;removed;;
8075998186;Package;8075998186;;;;"Запчасти и аксессуары";;;;0;;;;;;new;;;;;;18.10_26;removed;;
8075997230;Package;8075997230;;;;"Запчасти и аксессуары";;;;0;;;;;;new;;;;;;18.10_26;removed;;
8075995125;Package;8075995125;;;;"Запчасти и аксессуары";;;;0;;;;;;new;;;;;;18.10_26;removed;;
8075995081;Package;8075995081;;;;"Запчасти и аксессуары";;;;0;;;;;;new;;;;;;18.10_26;removed;;
8075994265;Package;8075994265;;;;"Запчасти и аксессуары";;;;0;;;;;;new;;;;;;18.10_26;removed;;
8075993779;Package;8075993779;;;;"Запчасти и аксессуары";;;;0;;;;;;new;;;;;;18.10_26;removed;;
8075992938;Package;8075992938;;;;"Запчасти и аксессуары";;;;0;;;;;;new;;;;;;18.10_26;removed;;
8075992735;Package;8075992735;;;;"Запчасти и аксессуары";;;;0;;;;;;new;;;;;;18.10_26;removed;;
8075992666;Package;8075992666;;;;"Запчасти и аксессуары";;;;0;;;;;;new;;;;;;18.10_26;removed;;
8075990630;Package;8075990630;;;;"Запчасти и аксессуары";;;;0;;;;;;new;;;;;;18.10_26;removed;;
8075989634;Package;8075989634;;;;"Запчасти и аксессуары";;;;0;;;;;;new;;;;;;18.10_26;removed;;
8075988973;Package;8075988973;;;;"Запчасти и аксессуары";;;;0;;;;;;new;;;;;;18.10_26;removed;;
8075986527;Package;8075986527;;;;"Запчасти и аксессуары";;;;0;;;;;;new;;;;;;18.10_26;removed;;
8075985402;Package;8075985402;;;;"Запчасти и аксессуары";;;;0;;;;;;new;;;;;;18.10_26;removed;;
8075984845;Package;8075984845;;;;"Запчасти и аксессуары";;;;0;;;;;;new;;;;;;18.10_26;removed;;
8075983593;Package;8075983593;;;;"Запчасти и аксессуары";;;;0;;;;;;new;;;;;;18.10_26;removed;;
8075983061;Package;8075983061;;;;"Запчасти и аксессуары";;;;0;;;;;;new;;;;;;18.10_26;removed;;
8075982817;Package;8075982817;;;;"Запчасти и аксессуары";;;;0;;;;;;new;;;;;;18.10_26;removed;;
8075982135;Package;8075982135;;;;"Запчасти и аксессуары";;;;0;;;;;;new;;;;;;18.10_26;removed;;
8075981221;Package;8075981221;;;;"Запчасти и аксессуары";;;;0;;;;;;new;;;;;;18.10_26;removed;;
8075980458;Package;8075980458;;;;"Запчасти и аксессуары";;;;0;;;;;;new;;;;;;18.10_26;removed;;
8075979060;Package;8075979060;;;;"Запчасти и аксессуары";;;;0;;;;;;new;;;;;;18.10_26;removed;;
8075978667;Package;8075978667;;;;"Запчасти и аксессуары";;;;0;;;;;;new;;;;;;18.10_26;removed;;
8075977885;Package;8075977885;;;;"Запчасти и аксессуары";;;;0;;;;;;new;;;;;;18.10_26;removed;;
8075976148;Package;8075976148;;;;"Запчасти и аксессуары";;;;0;;;;;;new;;;;;;18.10_26;removed;;
8075975744;Package;8075975744;;;;"Запчасти и аксессуары";;;;0;;;;;;new;;;;;;18.10_26;removed;;
8075975618;Package;8075975618;;;;"Запчасти и аксессуары";;;;0;;;;;;new;;;;;;18.10_26;removed;;
8075975188;Package;8075975188;;;;"Запчасти и аксессуары";;;;0;;;;;;new;;;;;;18.10_26;removed;;
8075974329;Package;8075974329;;;;"Запчасти и аксессуары";;;;0;;;;;;new;;;;;;18.10_26;removed;;
8075974147;Package;8075974147;;;;"Запчасти и аксессуары";;;;0;;;;;;new;;;;;;18.10_26;removed;;
8075972806;Package;8075972806;;;;"Запчасти и аксессуары";;;;0;;;;;;new;;;;;;18.10_26;removed;;
8075971089;Package;8075971089;;;;"Запчасти и аксессуары";;;;0;;;;;;new;;;;;;18.10_26;removed;;
8075970704;Package;8075970704;;;;"Запчасти и аксессуары";;;;0;;;;;;new;;;;;;18.10_26;removed;;
8075968366;Package;8075968366;;;;"Запчасти и аксессуары";;;;0;;;;;;new;;;;;;18.10_26;removed;;
8075967556;Package;8075967556;;;;"Запчасти и аксессуары";;;;0;;;;;;new;;;;;;18.10_26;removed;;
8075966888;Package;8075966888;;;;"Запчасти и аксессуары";;;;0;;;;;;new;;;;;;18.10_26;removed;;
8075966137;Package;8075966137;;;;"Запчасти и аксессуары";;;;0;;;;;;new;;;;;;18.10_26;removed;;
8075966102;Package;8075966102;;;;"Запчасти и аксессуары";;;;0;;;;;;new;;;;;;18.10_26;removed;;
8075964792;Package;8075964792;;;;"Запчасти и аксессуары";;;;0;;;;;;new;;;;;;18.10_26;removed;;
8075963648;Package;8075963648;;;;"Запчасти и аксессуары";;;;0;;;;;;new;;;;;;18.10_26;removed;;
8075962776;Package;8075962776;;;;"Запчасти и аксессуары";;;;0;;;;;;new;;;;;;18.10_26;removed;;
8075962376;Package;8075962376;;;;"Запчасти и аксессуары";;;;0;;;;;;new;;;;;;18.10_26;removed;;
8075959626;Package;8075959626;;;;"Запчасти и аксессуары";;;;0;;;;;;new;;;;;;18.10_26;removed;;
8075959205;Package;8075959205;;;;"Запчасти и аксессуары";;;;0;;;;;;new;;;;;;18.10_26;removed;;
8075955985;Package;8075955985;;;;"Запчасти и аксессуары";;;;0;;;;;;new;;;;;;18.10_26;removed;;
8075955798;Package;8075955798;;;;"Запчасти и аксессуары";;;;0;;;;;;new;;;;;;18.10_26;removed;;
8075955350;Package;8075955350;;;;"Запчасти и аксессуары";;;;0;;;;;;new;;;;;;18.10_26;removed;;
8075952415;Package;8075952415;;;;"Запчасти и аксессуары";;;;0;;;;;;new;;;;;;18.10_26;removed;;
8075952176;Package;8075952176;;;;"Запчасти и аксессуары";;;;0;;;;;;new;;;;;;18.10_26;removed;;
8075950452;Package;8075950452;;;;"Запчасти и аксессуары";;;;0;;;;;;new;;;;;;18.10_26;removed;;
8075949061;Package;8075949061;;;;"Запчасти и аксессуары";;;;0;;;;;;new;;;;;;18.10_26;removed;;
8075947722;Package;8075947722;;;;"Запчасти и аксессуары";;;;0;;;;;;new;;;;;;18.10_26;removed;;
8075946945;Package;8075946945;;;;"Запчасти и аксессуары";;;;0;;;;;;new;;;;;;18.10_26;removed;;
8075946532;Package;8075946532;;;;"Запчасти и аксессуары";;;;0;;;;;;new;;;;;;18.10_26;removed;;
8075946177;Package;8075946177;;;;"Запчасти и аксессуары";;;;0;;;;;;new;;;;;;18.10_26;removed;;
8075946026;Package;8075946026;;;;"Запчасти и аксессуары";;;;0;;;;;;new;;;;;;18.10_26;removed;;
8075945660;Package;8075945660;;;;"Запчасти и аксессуары";;;;0;;;;;;new;;;;;;18.10_26;removed;;
8075945545;Package;8075945545;;;;"Запчасти и аксессуары";;;;0;;;;;;new;;;;;;18.10_26;removed;;
8075944461;Package;8075944461;;;;"Запчасти и аксессуары";;;;0;;;;;;new;;;;;;18.10_26;removed;;
8075944360;Package;8075944360;;;;"Запчасти и аксессуары";;;;0;;;;;;new;;;;;;18.10_26;removed;;
8075944124;Package;8075944124;;;;"Запчасти и аксессуары";;;;0;;;;;;new;;;;;;18.10_26;removed;;
8075942887;Package;8075942887;;;;"Запчасти и аксессуары";;;;0;;;;;;new;;;;;;18.10_26;removed;;
8075942272;Package;8075942272;;;;"Запчасти и аксессуары";;;;0;;;;;;new;;;;;;18.10_26;removed;;
8075941712;Package;8075941712;;;;"Запчасти и аксессуары";;;;0;;;;;;new;;;;;;18.10_26;removed;;
8075939693;Package;8075939693;;;;"Запчасти и аксессуары";;;;0;;;;;;new;;;;;;18.10_26;removed;;
8075939095;Package;8075939095;;;;"Запчасти и аксессуары";;;;0;;;;;;new;;;;;;18.10_26;removed;;
8075938088;Package;8075938088;;;;"Запчасти и аксессуары";;;;0;;;;;;new;;;;;;18.10_26;removed;;
8075937864;Package;8075937864;;;;"Запчасти и аксессуары";;;;0;;;;;;new;;;;;;18.10_26;removed;;
8075937496;Package;8075937496;;;;"Запчасти и аксессуары";;;;0;;;;;;new;;;;;;18.10_26;removed;;
8075934429;Package;8075934429;;;;"Запчасти и аксессуары";;;;0;;;;;;new;;;;;;18.10_26;removed;;
8075933925;Package;8075933925;;;;"Запчасти и аксессуары";;;;0;;;;;;new;;;;;;18.10_26;removed;;
8075933266;Package;8075933266;;;;"Запчасти и аксессуары";;;;0;;;;;;new;;;;;;18.10_26;removed;;
8075932837;Package;8075932837;;;;"Запчасти и аксессуары";;;;0;;;;;;new;;;;;;18.10_26;removed;;
8075932013;Package;8075932013;;;;"Запчасти и аксессуары";;;;0;;;;;;new;;;;;;18.10_26;removed;;
8075930842;Package;8075930842;;;;"Запчасти и аксессуары";;;;0;;;;;;new;;;;;;18.10_26;removed;;
8075930620;Package;8075930620;;;;"Запчасти и аксессуары";;;;0;;;;;;new;;;;;;18.10_26;removed;;
8075929813;Package;8075929813;;;;"Запчасти и аксессуары";;;;0;;;;;;new;;;;;;18.10_26;removed;;
8075929723;Package;8075929723;;;;"Запчасти и аксессуары";;;;0;;;;;;new;;;;;;18.10_26;removed;;
8075929433;Package;8075929433;;;;"Запчасти и аксессуары";;;;0;;;;;;new;;;;;;18.10_26;removed;;
8075929265;Package;8075929265;;;;"Запчасти и аксессуары";;;;0;;;;;;new;;;;;;18.10_26;removed;;
8075928402;Package;8075928402;;;;"Запчасти и аксессуары";;;;0;;;;;;new;;;;;;18.10_26;removed;;
8075927635;Package;8075927635;;;;"Запчасти и аксессуары";;;;0;;;;;;new;;;;;;18.10_26;removed;;
8075926976;Package;8075926976;;;;"Запчасти и аксессуары";;;;0;;;;;;new;;;;;;18.10_26;removed;;
8075926771;Package;8075926771;;;;"Запчасти и аксессуары";;;;0;;;;;;new;;;;;;18.10_26;removed;;
8075924935;Package;8075924935;;;;"Запчасти и аксессуары";;;;0;;;;;;new;;;;;;18.10_26;removed;;
8075924871;Package;8075924871;;;;"Запчасти и аксессуары";;;;0;;;;;;new;;;;;;18.10_26;removed;;
8075924645;Package;8075924645;;;;"Запчасти и аксессуары";;;;0;;;;;;new;;;;;;18.10_26;removed;;
8075924235;Package;8075924235;;;;"Запчасти и аксессуары";;;;0;;;;;;new;;;;;;18.10_26;removed;;
8075920992;Package;8075920992;;;;"Запчасти и аксессуары";;;;0;;;;;;new;;;;;;18.10_26;removed;;
8075918532;Package;8075918532;;;;"Запчасти и аксессуары";;;;0;;;;;;new;;;;;;18.10_26;removed;;
8075918113;Package;8075918113;;;;"Запчасти и аксессуары";;;;0;;;;;;new;;;;;;18.10_26;removed;;
8075914948;Package;8075914948;;;;"Запчасти и аксессуары";;;;0;;;;;;new;;;;;;18.10_26;removed;;
8075912795;Package;8075912795;;;;"Запчасти и аксессуары";;;;0;;;;;;new;;;;;;18.10_26;removed;;
8075912640;Package;8075912640;;;;"Запчасти и аксессуары";;;;0;;;;;;new;;;;;;18.10_26;removed;;
8075912469;Package;8075912469;;;;"Запчасти и аксессуары";;;;0;;;;;;new;;;;;;18.10_26;removed;;
8075911421;Package;8075911421;;;;"Запчасти и аксессуары";;;;0;;;;;;new;;;;;;18.10_26;removed;;
8075910472;Package;8075910472;;;;"Запчасти и аксессуары";;;;0;;;;;;new;;;;;;18.10_26;removed;;
8075910280;Package;8075910280;;;;"Запчасти и аксессуары";;;;0;;;;;;new;;;;;;18.10_26;removed;;
8075910273;Package;8075910273;;;;"Запчасти и аксессуары";;;;0;;;;;;new;;;;;;18.10_26;removed;;
8075910186;Package;8075910186;;;;"Запчасти и аксессуары";;;;0;;;;;;new;;;;;;18.10_26;removed;;
8075909235;Package;8075909235;;;;"Запчасти и аксессуары";;;;0;;;;;;new;;;;;;18.10_26;removed;;
8075908260;Package;8075908260;;;;"Запчасти и аксессуары";;;;0;;;;;;new;;;;;;18.10_26;removed;;
8075907571;Package;8075907571;;;;"Запчасти и аксессуары";;;;0;;;;;;new;;;;;;18.10_26;removed;;
8075907187;Package;8075907187;;;;"Запчасти и аксессуары";;;;0;;;;;;new;;;;;;18.10_26;removed;;
8075906281;Package;8075906281;;;;"Запчасти и аксессуары";;;;0;;;;;;new;;;;;;18.10_26;removed;;
8075905960;Package;8075905960;;;;"Запчасти и аксессуары";;;;0;;;;;;new;;;;;;18.10_26;removed;;
8075905698;Package;8075905698;;;;"Запчасти и аксессуары";;;;0;;;;;;new;;;;;;18.10_26;removed;;
8075903303;Package;8075903303;;;;"Запчасти и аксессуары";;;;0;;;;;;new;;;;;;18.10_26;removed;;
8075899319;Package;8075899319;;;;"Запчасти и аксессуары";;;;0;;;;;;new;;;;;;18.10_26;removed;;
8075898619;Package;8075898619;;;;"Запчасти и аксессуары";;;;0;;;;;;new;;;;;;18.10_26;removed;;
8075898023;Package;8075898023;;;;"Запчасти и аксессуары";;;;0;;;;;;new;;;;;;18.10_26;removed;;
8075897625;Package;8075897625;;;;"Запчасти и аксессуары";;;;0;;;;;;new;;;;;;18.10_26;removed;;
8075896070;Package;8075896070;;;;"Запчасти и аксессуары";;;;0;;;;;;new;;;;;;18.10_26;removed;;
8075896027;Package;8075896027;;;;"Запчасти и аксессуары";;;;0;;;;;;new;;;;;;18.10_26;removed;;
8075895735;Package;8075895735;;;;"Запчасти и аксессуары";;;;0;;;;;;new;;;;;;18.10_26;removed;;
8075895170;Package;8075895170;;;;"Запчасти и аксессуары";;;;0;;;;;;new;;;;;;18.10_26;removed;;
8044900088;Package;8044900088;;;;"Запчасти и аксессуары";;;;0;;;;;;new;;;;;;18.10_26;removed;;
8044899342;Package;8044899342;;;;"Запчасти и аксессуары";;;;0;;;;;;new;;;;;;18.10_26;removed;;
8044898897;Package;8044898897;;;;"Запчасти и аксессуары";;;;0;;;;;;new;;;;;;18.10_26;removed;;
8044898806;Package;8044898806;;;;"Запчасти и аксессуары";;;;0;;;;;;new;;;;;;18.10_26;removed;;
8044898129;Package;8044898129;;;;"Запчасти и аксессуары";;;;0;;;;;;new;;;;;;18.10_26;removed;;
8044896983;Package;8044896983;;;;"Запчасти и аксессуары";;;;0;;;;;;new;;;;;;18.10_26;removed;;
8044896833;Package;8044896833;;;;"Запчасти и аксессуары";;;;0;;;;;;new;;;;;;18.10_26;removed;;
8044895366;Package;8044895366;;;;"Запчасти и аксессуары";;;;0;;;;;;new;;;;;;18.10_26;removed;;
8044895227;Package;8044895227;;;;"Запчасти и аксессуары";;;;0;;;;;;new;;;;;;18.10_26;removed;;
8044894666;Package;8044894666;;;;"Запчасти и аксессуары";;;;0;;;;;;new;;;;;;18.10_26;removed;;
8044893626;Package;8044893626;;;;"Запчасти и аксессуары";;;;0;;;;;;new;;;;;;18.10_26;removed;;
8044893618;Package;8044893618;;;;"Запчасти и аксессуары";;;;0;;;;;;new;;;;;;18.10_26;removed;;
8044892024;Package;8044892024;;;;"Запчасти и аксессуары";;;;0;;;;;;new;;;;;;18.10_26;removed;;
8044890335;Package;8044890335;;;;"Запчасти и аксессуары";;;;0;;;;;;new;;;;;;18.10_26;removed;;
8044889448;Package;8044889448;;;;"Запчасти и аксессуары";;;;0;;;;;;new;;;;;;18.10_26;removed;;
8044889084;Package;8044889084;;;;"Запчасти и аксессуары";;;;0;;;;;;new;;;;;;18.10_26;removed;;
8044889078;Package;8044889078;;;;"Запчасти и аксессуары";;;;0;;;;;;new;;;;;;18.10_26;removed;;
8044887985;Package;8044887985;;;;"Запчасти и аксессуары";;;;0;;;;;;new;;;;;;18.10_26;removed;;
8044884553;Package;8044884553;;;;"Запчасти и аксессуары";;;;0;;;;;;new;;;;;;18.10_26;removed;;
8044884427;Package;8044884427;;;;"Запчасти и аксессуары";;;;0;;;;;;new;;;;;;18.10_26;removed;;
8044882022;Package;8044882022;;;;"Запчасти и аксессуары";;;;0;;;;;;new;;;;;;18.10_26;removed;;
8044882019;Package;8044882019;;;;"Запчасти и аксессуары";;;;0;;;;;;new;;;;;;18.10_26;removed;;
8044879771;Package;8044879771;;;;"Запчасти и аксессуары";;;;0;;;;;;new;;;;;;18.10_26;removed;;
8044879735;Package;8044879735;;;;"Запчасти и аксессуары";;;;0;;;;;;new;;;;;;18.10_26;removed;;
8044878008;Package;8044878008;;;;"Запчасти и аксессуары";;;;0;;;;;;new;;;;;;18.10_26;removed;;
8044875791;Package;8044875791;;;;"Запчасти и аксессуары";;;;0;;;;;;new;;;;;;18.10_26;removed;;
8044874837;Package;8044874837;;;;"Запчасти и аксессуары";;;;0;;;;;;new;;;;;;18.10_26;removed;;
8044873553;Package;8044873553;;;;"Запчасти и аксессуары";;;;0;;;;;;new;;;;;;18.10_26;removed;;
8044871418;Package;8044871418;;;;"Запчасти и аксессуары";;;;0;;;;;;new;;;;;;18.10_26;removed;;
8044871152;Package;8044871152;;;;"Запчасти и аксессуары";;;;0;;;;;;new;;;;;;18.10_26;removed;;
8044869954;Package;8044869954;;;;"Запчасти и аксессуары";;;;0;;;;;;new;;;;;;18.10_26;removed;;
8044869722;Package;8044869722;;;;"Запчасти и аксессуары";;;;0;;;;;;new;;;;;;18.10_26;removed;;
8044868834;Package;8044868834;;;;"Запчасти и аксессуары";;;;0;;;;;;new;;;;;;18.10_26;removed;;
8044868129;Package;8044868129;;;;"Запчасти и аксессуары";;;;0;;;;;;new;;;;;;18.10_26;removed;;
8044862429;Package;8044862429;;;;"Запчасти и аксессуары";;;;0;;;;;;new;;;;;;18.10_26;removed;;
8044861056;Package;8044861056;;;;"Запчасти и аксессуары";;;;0;;;;;;new;;;;;;18.10_26;removed;;
8044859644;Package;8044859644;;;;"Запчасти и аксессуары";;;;0;;;;;;new;;;;;;18.10_26;removed;;
8044858273;Package;8044858273;;;;"Запчасти и аксессуары";;;;0;;;;;;new;;;;;;18.10_26;removed;;
8044857454;Package;8044857454;;;;"Запчасти и аксессуары";;;;0;;;;;;new;;;;;;18.10_26;removed;;
8044856281;Package;8044856281;;;;"Запчасти и аксессуары";;;;0;;;;;;new;;;;;;18.10_26;removed;;
8044855963;Package;8044855963;;;;"Запчасти и аксессуары";;;;0;;;;;;new;;;;;;18.10_26;removed;;
8044855863;Package;8044855863;;;;"Запчасти и аксессуары";;;;0;;;;;;new;;;;;;18.10_26;removed;;
8044854382;Package;8044854382;;;;"Запчасти и аксессуары";;;;0;;;;;;new;;;;;;18.10_26;removed;;
8044852237;Package;8044852237;;;;"Запчасти и аксессуары";;;;0;;;;;;new;;;;;;18.10_26;removed;;
8044848803;Package;8044848803;;;;"Запчасти и аксессуары";;;;0;;;;;;new;;;;;;18.10_26;removed;;
8044848740;Package;8044848740;;;;"Запчасти и аксессуары";;;;0;;;;;;new;;;;;;18.10_26;removed;;
8044848175;Package;8044848175;;;;"Запчасти и аксессуары";;;;0;;;;;;new;;;;;;18.10_26;removed;;
8044848069;Package;8044848069;;;;"Запчасти и аксессуары";;;;0;;;;;;new;;;;;;18.10_26;removed;;
8044843194;Package;8044843194;;;;"Запчасти и аксессуары";;;;0;;;;;;new;;;;;;18.10_26;removed;;
8044837663;Package;8044837663;;;;"Запчасти и аксессуары";;;;0;;;;;;new;;;;;;18.10_26;removed;;
8044836691;Package;8044836691;;;;"Запчасти и аксессуары";;;;0;;;;;;new;;;;;;18.10_26;removed;;
8044832833;Package;8044832833;;;;"Запчасти и аксессуары";;;;0;;;;;;new;;;;;;18.10_26;removed;;
8044831057;Package;8044831057;;;;"Запчасти и аксессуары";;;;0;;;;;;new;;;;;;18.10_26;removed;;
8044829153;Package;8044829153;;;;"Запчасти и аксессуары";;;;0;;;;;;new;;;;;;18.10_26;removed;;
8044829104;Package;8044829104;;;;"Запчасти и аксессуары";;;;0;;;;;;new;;;;;;18.10_26;removed;;
8044828546;Package;8044828546;;;;"Запчасти и аксессуары";;;;0;;;;;;new;;;;;;18.10_26;removed;;
8044826886;Package;8044826886;;;;"Запчасти и аксессуары";;;;0;;;;;;new;;;;;;18.10_26;removed;;
8044826479;Package;8044826479;;;;"Запчасти и аксессуары";;;;0;;;;;;new;;;;;;18.10_26;removed;;
8044825779;Package;8044825779;;;;"Запчасти и аксессуары";;;;0;;;;;;new;;;;;;18.10_26;removed;;
8044821960;Package;8044821960;;;;"Запчасти и аксессуары";;;;0;;;;;;new;;;;;;18.10_26;removed;;
8044820842;Package;8044820842;;;;"Запчасти и аксессуары";;;;0;;;;;;new;;;;;;18.10_26;removed;;
8044820005;Package;8044820005;;;;"Запчасти и аксессуары";;;;0;;;;;;new;;;;;;18.10_26;removed;;
8044819406;Package;8044819406;;;;"Запчасти и аксессуары";;;;0;;;;;;new;;;;;;18.10_26;removed;;
8044816131;Package;8044816131;;;;"Запчасти и аксессуары";;;;0;;;;;;new;;;;;;18.10_26;removed;;
8044814784;Package;8044814784;;;;"Запчасти и аксессуары";;;;0;;;;;;new;;;;;;18.10_26;removed;;
8044814464;Package;8044814464;;;;"Запчасти и аксессуары";;;;0;;;;;;new;;;;;;18.10_26;removed;;
8044809933;Package;8044809933;;;;"Запчасти и аксессуары";;;;0;;;;;;new;;;;;;18.10_26;removed;;
8044809516;Package;8044809516;;;;"Запчасти и аксессуары";;;;0;;;;;;new;;;;;;18.10_26;removed;;
8044809250;Package;8044809250;;;;"Запчасти и аксессуары";;;;0;;;;;;new;;;;;;18.10_26;removed;;
8044808824;Package;8044808824;;;;"Запчасти и аксессуары";;;;0;;;;;;new;;;;;;18.10_26;removed;;
8044807650;Package;8044807650;;;;"Запчасти и аксессуары";;;;0;;;;;;new;;;;;;18.10_26;removed;;
8044806385;Package;8044806385;;;;"Запчасти и аксессуары";;;;0;;;;;;new;;;;;;18.10_26;removed;;
8044805073;Package;8044805073;;;;"Запчасти и аксессуары";;;;0;;;;;;new;;;;;;18.10_26;removed;;
8044804944;Package;8044804944;;;;"Запчасти и аксессуары";;;;0;;;;;;new;;;;;;18.10_26;removed;;
8044804779;Package;8044804779;;;;"Запчасти и аксессуары";;;;0;;;;;;new;;;;;;18.10_26;removed;;
8044803986;Package;8044803986;;;;"Запчасти и аксессуары";;;;0;;;;;;new;;;;;;18.10_26;removed;;
8044801301;Package;8044801301;;;;"Запчасти и аксессуары";;;;0;;;;;;new;;;;;;18.10_26;removed;;
8044799964;Package;8044799964;;;;"Запчасти и аксессуары";;;;0;;;;;;new;;;;;;18.10_26;removed;;
8044799007;Package;8044799007;;;;"Запчасти и аксессуары";;;;0;;;;;;new;;;;;;18.10_26;removed;;
8044797613;Package;8044797613;;;;"Запчасти и аксессуары";;;;0;;;;;;new;;;;;;18.10_26;removed;;
8044795669;Package;8044795669;;;;"Запчасти и аксессуары";;;;0;;;;;;new;;;;;;18.10_26;removed;;
8044795317;Package;8044795317;;;;"Запчасти и аксессуары";;;;0;;;;;;new;;;;;;18.10_26;removed;;
8044793969;Package;8044793969;;;;"Запчасти и аксессуары";;;;0;;;;;;new;;;;;;18.10_26;removed;;
8044792953;Package;8044792953;;;;"Запчасти и аксессуары";;;;0;;;;;;new;;;;;;18.10_26;removed;;
8044792811;Package;8044792811;;;;"Запчасти и аксессуары";;;;0;;;;;;new;;;;;;18.10_26;removed;;
8044792704;Package;8044792704;;;;"Запчасти и аксессуары";;;;0;;;;;;new;;;;;;18.10_26;removed;;
8044792391;Package;8044792391;;;;"Запчасти и аксессуары";;;;0;;;;;;new;;;;;;18.10_26;removed;;
8044792072;Package;8044792072;;;;"Запчасти и аксессуары";;;;0;;;;;;new;;;;;;18.10_26;removed;;
8044791379;Package;8044791379;;;;"Запчасти и аксессуары";;;;0;;;;;;new;;;;;;18.10_26;removed;;
8044790718;Package;8044790718;;;;"Запчасти и аксессуары";;;;0;;;;;;new;;;;;;18.10_26;removed;;
8044786961;Package;8044786961;;;;"Запчасти и аксессуары";;;;0;;;;;;new;;;;;;18.10_26;removed;;
8044786935;Package;8044786935;;;;"Запчасти и аксессуары";;;;0;;;;;;new;;;;;;18.10_26;removed;;
8044786427;Package;8044786427;;;;"Запчасти и аксессуары";;;;0;;;;;;new;;;;;;18.10_26;removed;;
8044786149;Package;8044786149;;;;"Запчасти и аксессуары";;;;0;;;;;;new;;;;;;18.10_26;removed;;
8044785644;Package;8044785644;;;;"Запчасти и аксессуары";;;;0;;;;;;new;;;;;;18.10_26;removed;;
8044781435;Package;8044781435;;;;"Запчасти и аксессуары";;;;0;;;;;;new;;;;;;18.10_26;removed;;
8044780185;Package;8044780185;;;;"Запчасти и аксессуары";;;;0;;;;;;new;;;;;;18.10_26;removed;;
8044780175;Package;8044780175;;;;"Запчасти и аксессуары";;;;0;;;;;;new;;;;;;18.10_26;removed;;
8044778304;Package;8044778304;;;;"Запчасти и аксессуары";;;;0;;;;;;new;;;;;;18.10_26;removed;;
8044777873;Package;8044777873;;;;"Запчасти и аксессуары";;;;0;;;;;;new;;;;;;18.10_26;removed;;
8044776552;Package;8044776552;;;;"Запчасти и аксессуары";;;;0;;;;;;new;;;;;;18.10_26;removed;;
8044776531;Package;8044776531;;;;"Запчасти и аксессуары";;;;0;;;;;;new;;;;;;18.10_26;removed;;
8044774263;Package;8044774263;;;;"Запчасти и аксессуары";;;;0;;;;;;new;;;;;;18.10_26;removed;;
8044774130;Package;8044774130;;;;"Запчасти и аксессуары";;;;0;;;;;;new;;;;;;18.10_26;removed;;
8044771950;Package;8044771950;;;;"Запчасти и аксессуары";;;;0;;;;;;new;;;;;;18.10_26;removed;;
8044771523;Package;8044771523;;;;"Запчасти и аксессуары";;;;0;;;;;;new;;;;;;18.10_26;removed;;
8044771238;Package;8044771238;;;;"Запчасти и аксессуары";;;;0;;;;;;new;;;;;;18.10_26;removed;;
8044770869;Package;8044770869;;;;"Запчасти и аксессуары";;;;0;;;;;;new;;;;;;18.10_26;removed;;
8044770522;Package;8044770522;;;;"Запчасти и аксессуары";;;;0;;;;;;new;;;;;;18.10_26;removed;;
8044769945;Package;8044769945;;;;"Запчасти и аксессуары";;;;0;;;;;;new;;;;;;18.10_26;removed;;
8044769802;Package;8044769802;;;;"Запчасти и аксессуары";;;;0;;;;;;new;;;;;;18.10_26;removed;;
8044767573;Package;8044767573;;;;"Запчасти и аксессуары";;;;0;;;;;;new;;;;;;18.10_26;removed;;
8044767018;Package;8044767018;;;;"Запчасти и аксессуары";;;;0;;;;;;new;;;;;;18.10_26;removed;;
8044764965;Package;8044764965;;;;"Запчасти и аксессуары";;;;0;;;;;;new;;;;;;18.10_26;removed;;
8044764899;Package;8044764899;;;;"Запчасти и аксессуары";;;;0;;;;;;new;;;;;;18.10_26;removed;;
8044764555;Package;8044764555;;;;"Запчасти и аксессуары";;;;0;;;;;;new;;;;;;18.10_26;removed;;
8044763886;Package;8044763886;;;;"Запчасти и аксессуары";;;;0;;;;;;new;;;;;;18.10_26;removed;;
8044761064;Package;8044761064;;;;"Запчасти и аксессуары";;;;0;;;;;;new;;;;;;18.10_26;removed;;
8044758808;Package;8044758808;;;;"Запчасти и аксессуары";;;;0;;;;;;new;;;;;;18.10_26;removed;;
8044757610;Package;8044757610;;;;"Запчасти и аксессуары";;;;0;;;;;;new;;;;;;18.10_26;removed;;
8044757607;Package;8044757607;;;;"Запчасти и аксессуары";;;;0;;;;;;new;;;;;;18.10_26;removed;;
8044756023;Package;8044756023;;;;"Запчасти и аксессуары";;;;0;;;;;;new;;;;;;18.10_26;removed;;
8044753664;Package;8044753664;;;;"Запчасти и аксессуары";;;;0;;;;;;new;;;;;;18.10_26;removed;;
8044753633;Package;8044753633;;;;"Запчасти и аксессуары";;;;0;;;;;;new;;;;;;18.10_26;removed;;
8044753573;Package;8044753573;;;;"Запчасти и аксессуары";;;;0;;;;;;new;;;;;;18.10_26;removed;;
8044753335;Package;8044753335;;;;"Запчасти и аксессуары";;;;0;;;;;;new;;;;;;18.10_26;removed;;
8044753077;Package;8044753077;;;;"Запчасти и аксессуары";;;;0;;;;;;new;;;;;;18.10_26;removed;;
8044751459;Package;8044751459;;;;"Запчасти и аксессуары";;;;0;;;;;;new;;;;;;18.10_26;removed;;
8044750572;Package;8044750572;;;;"Запчасти и аксессуары";;;;0;;;;;;new;;;;;;18.10_26;removed;;
8044749951;Package;8044749951;;;;"Запчасти и аксессуары";;;;0;;;;;;new;;;;;;18.10_26;removed;;
8044748963;Package;8044748963;;;;"Запчасти и аксессуары";;;;0;;;;;;new;;;;;;18.10_26;removed;;
8044747187;Package;8044747187;;;;"Запчасти и аксессуары";;;;0;;;;;;new;;;;;;18.10_26;removed;;
8044746772;Package;8044746772;;;;"Запчасти и аксессуары";;;;0;;;;;;new;;;;;;18.10_26;removed;;
8044746135;Package;8044746135;;;;"Запчасти и аксессуары";;;;0;;;;;;new;;;;;;18.10_26;removed;;
8044744806;Package;8044744806;;;;"Запчасти и аксессуары";;;;0;;;;;;new;;;;;;18.10_26;removed;;
8044744546;Package;8044744546;;;;"Запчасти и аксессуары";;;;0;;;;;;new;;;;;;18.10_26;removed;;
8044743709;Package;8044743709;;;;"Запчасти и аксессуары";;;;0;;;;;;new;;;;;;18.10_26;removed;;
8044743163;Package;8044743163;;;;"Запчасти и аксессуары";;;;0;;;;;;new;;;;;;18.10_26;removed;;
8044737077;Package;8044737077;;;;"Запчасти и аксессуары";;;;0;;;;;;new;;;;;;18.10_26;removed;;
8044733952;Package;8044733952;;;;"Запчасти и аксессуары";;;;0;;;;;;new;;;;;;18.10_26;removed;;
8044733698;Package;8044733698;;;;"Запчасти и аксессуары";;;;0;;;;;;new;;;;;;18.10_26;removed;;
8044731297;Package;8044731297;;;;"Запчасти и аксессуары";;;;0;;;;;;new;;;;;;18.10_26;removed;;
8044730478;Package;8044730478;;;;"Запчасти и аксессуары";;;;0;;;;;;new;;;;;;18.10_26;removed;;
8044729458;Package;8044729458;;;;"Запчасти и аксессуары";;;;0;;;;;;new;;;;;;18.10_26;removed;;
8044729062;Package;8044729062;;;;"Запчасти и аксессуары";;;;0;;;;;;new;;;;;;18.10_26;removed;;
8044726451;Package;8044726451;;;;"Запчасти и аксессуары";;;;0;;;;;;new;;;;;;18.10_26;removed;;
8044726172;Package;8044726172;;;;"Запчасти и аксессуары";;;;0;;;;;;new;;;;;;18.10_26;removed;;
8044725453;Package;8044725453;;;;"Запчасти и аксессуары";;;;0;;;;;;new;;;;;;18.10_26;removed;;
8044724740;Package;8044724740;;;;"Запчасти и аксессуары";;;;0;;;;;;new;;;;;;18.10_26;removed;;
8044724145;Package;8044724145;;;;"Запчасти и аксессуары";;;;0;;;;;;new;;;;;;18.10_26;removed;;
8044722922;Package;8044722922;;;;"Запчасти и аксессуары";;;;0;;;;;;new;;;;;;18.10_26;removed;;
8044722607;Package;8044722607;;;;"Запчасти и аксессуары";;;;0;;;;;;new;;;;;;18.10_26;removed;;
8044721948;Package;8044721948;;;;"Запчасти и аксессуары";;;;0;;;;;;new;;;;;;18.10_26;removed;;
8044721442;Package;8044721442;;;;"Запчасти и аксессуары";;;;0;;;;;;new;;;;;;18.10_26;removed;;
8044721287;Package;8044721287;;;;"Запчасти и аксессуары";;;;0;;;;;;new;;;;;;18.10_26;removed;;
8044720193;Package;8044720193;;;;"Запчасти и аксессуары";;;;0;;;;;;new;;;;;;18.10_26;removed;;
8044718100;Package;8044718100;;;;"Запчасти и аксессуары";;;;0;;;;;;new;;;;;;18.10_26;removed;;
8044717461;Package;8044717461;;;;"Запчасти и аксессуары";;;;0;;;;;;new;;;;;;18.10_26;removed;;
8044717207;Package;8044717207;;;;"Запчасти и аксессуары";;;;0;;;;;;new;;;;;;18.10_26;removed;;
8044716483;Package;8044716483;;;;"Запчасти и аксессуары";;;;0;;;;;;new;;;;;;18.10_26;removed;;
8044715661;Package;8044715661;;;;"Запчасти и аксессуары";;;;0;;;;;;new;;;;;;18.10_26;removed;;
8044715649;Package;8044715649;;;;"Запчасти и аксессуары";;;;0;;;;;;new;;;;;;18.10_26;removed;;
8044715159;Package;8044715159;;;;"Запчасти и аксессуары";;;;0;;;;;;new;;;;;;18.10_26;removed;;
8044714875;Package;8044714875;;;;"Запчасти и аксессуары";;;;0;;;;;;new;;;;;;18.10_26;removed;;
8044714397;Package;8044714397;;;;"Запчасти и аксессуары";;;;0;;;;;;new;;;;;;18.10_26;removed;;
8044713855;Package;8044713855;;;;"Запчасти и аксессуары";;;;0;;;;;;new;;;;;;18.10_26;removed;;
8044713132;Package;8044713132;;;;"Запчасти и аксессуары";;;;0;;;;;;new;;;;;;18.10_26;removed;;
8044712579;Package;8044712579;;;;"Запчасти и аксессуары";;;;0;;;;;;new;;;;;;18.10_26;removed;;
8044709885;Package;8044709885;;;;"Запчасти и аксессуары";;;;0;;;;;;new;;;;;;18.10_26;removed;;
8044709298;Package;8044709298;;;;"Запчасти и аксессуары";;;;0;;;;;;new;;;;;;18.10_26;removed;;
8044707033;Package;8044707033;;;;"Запчасти и аксессуары";;;;0;;;;;;new;;;;;;18.10_26;removed;;
8044706852;Package;8044706852;;;;"Запчасти и аксессуары";;;;0;;;;;;new;;;;;;18.10_26;removed;;
8044704818;Package;8044704818;;;;"Запчасти и аксессуары";;;;0;;;;;;new;;;;;;18.10_26;removed;;
8044701936;Package;8044701936;;;;"Запчасти и аксессуары";;;;0;;;;;;new;;;;;;18.10_26;removed;;
8044700855;Package;8044700855;;;;"Запчасти и аксессуары";;;;0;;;;;;new;;;;;;18.10_26;removed;;
8044700280;Package;8044700280;;;;"Запчасти и аксессуары";;;;0;;;;;;new;;;;;;18.10_26;removed;;
8044697346;Package;8044697346;;;;"Запчасти и аксессуары";;;;0;;;;;;new;;;;;;18.10_26;removed;;
8044696987;Package;8044696987;;;;"Запчасти и аксессуары";;;;0;;;;;;new;;;;;;18.10_26;removed;;
8044695235;Package;8044695235;;;;"Запчасти и аксессуары";;;;0;;;;;;new;;;;;;18.10_26;removed;;
8044693135;Package;8044693135;;;;"Запчасти и аксессуары";;;;0;;;;;;new;;;;;;18.10_26;removed;;
8044692908;Package;8044692908;;;;"Запчасти и аксессуары";;;;0;;;;;;new;;;;;;18.10_26;removed;;
8044688207;Package;8044688207;;;;"Запчасти и аксессуары";;;;0;;;;;;new;;;;;;18.10_26;removed;;
8044686779;Package;8044686779;;;;"Запчасти и аксессуары";;;;0;;;;;;new;;;;;;18.10_26;removed;;
8044681414;Package;8044681414;;;;"Запчасти и аксессуары";;;;0;;;;;;new;;;;;;18.10_26;removed;;
8044681365;Package;8044681365;;;;"Запчасти и аксессуары";;;;0;;;;;;new;;;;;;18.10_26;removed;;
8044679234;Package;8044679234;;;;"Запчасти и аксессуары";;;;0;;;;;;new;;;;;;18.10_26;removed;;
8044678852;Package;8044678852;;;;"Запчасти и аксессуары";;;;0;;;;;;new;;;;;;18.10_26;removed;;
8044678601;Package;8044678601;;;;"Запчасти и аксессуары";;;;0;;;;;;new;;;;;;18.10_26;removed;;
8044678305;Package;8044678305;;;;"Запчасти и аксессуары";;;;0;;;;;;new;;;;;;18.10_26;removed;;
8044675673;Package;8044675673;;;;"Запчасти и аксессуары";;;;0;;;;;;new;;;;;;18.10_26;removed;;
8044673354;Package;8044673354;;;;"Запчасти и аксессуары";;;;0;;;;;;new;;;;;;18.10_26;removed;;
8044672989;Package;8044672989;;;;"Запчасти и аксессуары";;;;0;;;;;;new;;;;;;18.10_26;removed;;
8044671834;Package;8044671834;;;;"Запчасти и аксессуары";;;;0;;;;;;new;;;;;;18.10_26;removed;;
8044671493;Package;8044671493;;;;"Запчасти и аксессуары";;;;0;;;;;;new;;;;;;18.10_26;removed;;
8044671354;Package;8044671354;;;;"Запчасти и аксессуары";;;;0;;;;;;new;;;;;;18.10_26;removed;;
8044669818;Package;8044669818;;;;"Запчасти и аксессуары";;;;0;;;;;;new;;;;;;18.10_26;removed;;
8044668688;Package;8044668688;;;;"Запчасти и аксессуары";;;;0;;;;;;new;;;;;;18.10_26;removed;;
8044668294;Package;8044668294;;;;"Запчасти и аксессуары";;;;0;;;;;;new;;;;;;18.10_26;removed;;
8044668138;Package;8044668138;;;;"Запчасти и аксессуары";;;;0;;;;;;new;;;;;;18.10_26;removed;;
8044668094;Package;8044668094;;;;"Запчасти и аксессуары";;;;0;;;;;;new;;;;;;18.10_26;removed;;
8044667864;Package;8044667864;;;;"Запчасти и аксессуары";;;;0;;;;;;new;;;;;;18.10_26;removed;;
8044667152;Package;8044667152;;;;"Запчасти и аксессуары";;;;0;;;;;;new;;;;;;18.10_26;removed;;
8044665806;Package;8044665806;;;;"Запчасти и аксессуары";;;;0;;;;;;new;;;;;;18.10_26;removed;;
8044659132;Package;8044659132;;;;"Запчасти и аксессуары";;;;0;;;;;;new;;;;;;18.10_26;removed;;
8044658513;Package;8044658513;;;;"Запчасти и аксессуары";;;;0;;;;;;new;;;;;;18.10_26;removed;;
8044658303;Package;8044658303;;;;"Запчасти и аксессуары";;;;0;;;;;;new;;;;;;18.10_26;removed;;
8044658092;Package;8044658092;;;;"Запчасти и аксессуары";;;;0;;;;;;new;;;;;;18.10_26;removed;;
8044657718;Package;8044657718;;;;"Запчасти и аксессуары";;;;0;;;;;;new;;;;;;18.10_26;removed;;
8044657670;Package;8044657670;;;;"Запчасти и аксессуары";;;;0;;;;;;new;;;;;;18.10_26;removed;;
8044655908;Package;8044655908;;;;"Запчасти и аксессуары";;;;0;;;;;;new;;;;;;18.10_26;removed;;
8044652874;Package;8044652874;;;;"Запчасти и аксессуары";;;;0;;;;;;new;;;;;;18.10_26;removed;;
8044647398;Package;8044647398;;;;"Запчасти и аксессуары";;;;0;;;;;;new;;;;;;18.10_26;removed;;
8044647173;Package;8044647173;;;;"Запчасти и аксессуары";;;;0;;;;;;new;;;;;;18.10_26;removed;;
8044646814;Package;8044646814;;;;"Запчасти и аксессуары";;;;0;;;;;;new;;;;;;18.10_26;removed;;
8044646202;Package;8044646202;;;;"Запчасти и аксессуары";;;;0;;;;;;new;;;;;;18.10_26;removed;;
8044644961;Package;8044644961;;;;"Запчасти и аксессуары";;;;0;;;;;;new;;;;;;18.10_26;removed;;
8044642976;Package;8044642976;;;;"Запчасти и аксессуары";;;;0;;;;;;new;;;;;;18.10_26;removed;;
8044640419;Package;8044640419;;;;"Запчасти и аксессуары";;;;0;;;;;;new;;;;;;18.10_26;removed;;
8044636193;Package;8044636193;;;;"Запчасти и аксессуары";;;;0;;;;;;new;;;;;;18.10_26;removed;;
8044633840;Package;8044633840;;;;"Запчасти и аксессуары";;;;0;;;;;;new;;;;;;18.10_26;removed;;
8044633530;Package;8044633530;;;;"Запчасти и аксессуары";;;;0;;;;;;new;;;;;;18.10_26;removed;;
8044633022;Package;8044633022;;;;"Запчасти и аксессуары";;;;0;;;;;;new;;;;;;18.10_26;removed;;
8044632968;Package;8044632968;;;;"Запчасти и аксессуары";;;;0;;;;;;new;;;;;;18.10_26;removed;;
8044630750;Package;8044630750;;;;"Запчасти и аксессуары";;;;0;;;;;;new;;;;;;18.10_26;removed;;
8044630322;Package;8044630322;;;;"Запчасти и аксессуары";;;;0;;;;;;new;;;;;;18.10_26;removed;;
8044629660;Package;8044629660;;;;"Запчасти и аксессуары";;;;0;;;;;;new;;;;;;18.10_26;removed;;
8044629325;Package;8044629325;;;;"Запчасти и аксессуары";;;;0;;;;;;new;;;;;;18.10_26;removed;;
8044628876;Package;8044628876;;;;"Запчасти и аксессуары";;;;0;;;;;;new;;;;;;18.10_26;removed;;
8044628470;Package;8044628470;;;;"Запчасти и аксессуары";;;;0;;;;;;new;;;;;;18.10_26;removed;;
8044623624;Package;8044623624;;;;"Запчасти и аксессуары";;;;0;;;;;;new;;;;;;18.10_26;removed;;
8044623473;Package;8044623473;;;;"Запчасти и аксессуары";;;;0;;;;;;new;;;;;;18.10_26;removed;;
8044622041;Package;8044622041;;;;"Запчасти и аксессуары";;;;0;;;;;;new;;;;;;18.10_26;removed;;
8044620549;Package;8044620549;;;;"Запчасти и аксессуары";;;;0;;;;;;new;;;;;;18.10_26;removed;;
8044620143;Package;8044620143;;;;"Запчасти и аксессуары";;;;0;;;;;;new;;;;;;18.10_26;removed;;
8044619856;Package;8044619856;;;;"Запчасти и аксессуары";;;;0;;;;;;new;;;;;;18.10_26;removed;;
8044618434;Package;8044618434;;;;"Запчасти и аксессуары";;;;0;;;;;;new;;;;;;18.10_26;removed;;
8044617504;Package;8044617504;;;;"Запчасти и аксессуары";;;;0;;;;;;new;;;;;;18.10_26;removed;;
8044615745;Package;8044615745;;;;"Запчасти и аксессуары";;;;0;;;;;;new;;;;;;18.10_26;removed;;
8044613490;Package;8044613490;;;;"Запчасти и аксессуары";;;;0;;;;;;new;;;;;;18.10_26;removed;;
8044613398;Package;8044613398;;;;"Запчасти и аксессуары";;;;0;;;;;;new;;;;;;18.10_26;removed;;
8044612093;Package;8044612093;;;;"Запчасти и аксессуары";;;;0;;;;;;new;;;;;;18.10_26;removed;;
8044611433;Package;8044611433;;;;"Запчасти и аксессуары";;;;0;;;;;;new;;;;;;18.10_26;removed;;
8044611402;Package;8044611402;;;;"Запчасти и аксессуары";;;;0;;;;;;new;;;;;;18.10_26;removed;;
8044610042;Package;8044610042;;;;"Запчасти и аксессуары";;;;0;;;;;;new;;;;;;18.10_26;removed;;
8044607887;Package;8044607887;;;;"Запчасти и аксессуары";;;;0;;;;;;new;;;;;;18.10_26;removed;;
8044605870;Package;8044605870;;;;"Запчасти и аксессуары";;;;0;;;;;;new;;;;;;18.10_26;removed;;
8044605811;Package;8044605811;;;;"Запчасти и аксессуары";;;;0;;;;;;new;;;;;;18.10_26;removed;;
8044605781;Package;8044605781;;;;"Запчасти и аксессуары";;;;0;;;;;;new;;;;;;18.10_26;removed;;
8044603433;Package;8044603433;;;;"Запчасти и аксессуары";;;;0;;;;;;new;;;;;;18.10_26;removed;;
8044603116;Package;8044603116;;;;"Запчасти и аксессуары";;;;0;;;;;;new;;;;;;18.10_26;removed;;
8044601012;Package;8044601012;;;;"Запчасти и аксессуары";;;;0;;;;;;new;;;;;;18.10_26;removed;;
8044599812;Package;8044599812;;;;"Запчасти и аксессуары";;;;0;;;;;;new;;;;;;18.10_26;removed;;
8044598683;Package;8044598683;;;;"Запчасти и аксессуары";;;;0;;;;;;new;;;;;;18.10_26;removed;;
8044598521;Package;8044598521;;;;"Запчасти и аксессуары";;;;0;;;;;;new;;;;;;18.10_26;removed;;
8044597074;Package;8044597074;;;;"Запчасти и аксессуары";;;;0;;;;;;new;;;;;;18.10_26;removed;;
8044596895;Package;8044596895;;;;"Запчасти и аксессуары";;;;0;;;;;;new;;;;;;18.10_26;removed;;
8044595776;Package;8044595776;;;;"Запчасти и аксессуары";;;;0;;;;;;new;;;;;;18.10_26;removed;;
8044594775;Package;8044594775;;;;"Запчасти и аксессуары";;;;0;;;;;;new;;;;;;18.10_26;removed;;
8044594276;Package;8044594276;;;;"Запчасти и аксессуары";;;;0;;;;;;new;;;;;;18.10_26;removed;;
8044594193;Package;8044594193;;;;"Запчасти и аксессуары";;;;0;;;;;;new;;;;;;18.10_26;removed;;
8044593893;Package;8044593893;;;;"Запчасти и аксессуары";;;;0;;;;;;new;;;;;;18.10_26;removed;;
8044593797;Package;8044593797;;;;"Запчасти и аксессуары";;;;0;;;;;;new;;;;;;18.10_26;removed;;
8044593756;Package;8044593756;;;;"Запчасти и аксессуары";;;;0;;;;;;new;;;;;;18.10_26;removed;;
8044593258;Package;8044593258;;;;"Запчасти и аксессуары";;;;0;;;;;;new;;;;;;18.10_26;removed;;
8044593056;Package;8044593056;;;;"Запчасти и аксессуары";;;;0;;;;;;new;;;;;;18.10_26;removed;;
8044592791;Package;8044592791;;;;"Запчасти и аксессуары";;;;0;;;;;;new;;;;;;18.10_26;removed;;
8044592214;Package;8044592214;;;;"Запчасти и аксессуары";;;;0;;;;;;new;;;;;;18.10_26;removed;;
8044591178;Package;8044591178;;;;"Запчасти и аксессуары";;;;0;;;;;;new;;;;;;18.10_26;removed;;
8044589617;Package;8044589617;;;;"Запчасти и аксессуары";;;;0;;;;;;new;;;;;;18.10_26;removed;;
8044588511;Package;8044588511;;;;"Запчасти и аксессуары";;;;0;;;;;;new;;;;;;18.10_26;removed;;
8044586494;Package;8044586494;;;;"Запчасти и аксессуары";;;;0;;;;;;new;;;;;;18.10_26;removed;;
8044585707;Package;8044585707;;;;"Запчасти и аксессуары";;;;0;;;;;;new;;;;;;18.10_26;removed;;
8044585493;Package;8044585493;;;;"Запчасти и аксессуары";;;;0;;;;;;new;;;;;;18.10_26;removed;;
8044584967;Package;8044584967;;;;"Запчасти и аксессуары";;;;0;;;;;;new;;;;;;18.10_26;removed;;
8044582933;Package;8044582933;;;;"Запчасти и аксессуары";;;;0;;;;;;new;;;;;;18.10_26;removed;;
8044580869;Package;8044580869;;;;"Запчасти и аксессуары";;;;0;;;;;;new;;;;;;18.10_26;removed;;
8044579811;Package;8044579811;;;;"Запчасти и аксессуары";;;;0;;;;;;new;;;;;;18.10_26;removed;;
8044576575;Package;8044576575;;;;"Запчасти и аксессуары";;;;0;;;;;;new;;;;;;18.10_26;removed;;
8044576493;Package;8044576493;;;;"Запчасти и аксессуары";;;;0;;;;;;new;;;;;;18.10_26;removed;;
8044575732;Package;8044575732;;;;"Запчасти и аксессуары";;;;0;;;;;;new;;;;;;18.10_26;removed;;
8044574805;Package;8044574805;;;;"Запчасти и аксессуары";;;;0;;;;;;new;;;;;;18.10_26;removed;;
8044574158;Package;8044574158;;;;"Запчасти и аксессуары";;;;0;;;;;;new;;;;;;18.10_26;removed;;
8044572862;Package;8044572862;;;;"Запчасти и аксессуары";;;;0;;;;;;new;;;;;;18.10_26;removed;;
8044572115;Package;8044572115;;;;"Запчасти и аксессуары";;;;0;;;;;;new;;;;;;18.10_26;removed;;
8044571137;Package;8044571137;;;;"Запчасти и аксессуары";;;;0;;;;;;new;;;;;;18.10_26;removed;;
8044570642;Package;8044570642;;;;"Запчасти и аксессуары";;;;0;;;;;;new;;;;;;18.10_26;removed;;
8044569249;Package;8044569249;;;;"Запчасти и аксессуары";;;;0;;;;;;new;;;;;;18.10_26;removed;;
8044569118;Package;8044569118;;;;"Запчасти и аксессуары";;;;0;;;;;;new;;;;;;18.10_26;removed;;
8044569049;Package;8044569049;;;;"Запчасти и аксессуары";;;;0;;;;;;new;;;;;;18.10_26;removed;;
8044568827;Package;8044568827;;;;"Запчасти и аксессуары";;;;0;;;;;;new;;;;;;18.10_26;removed;;
8044568253;Package;8044568253;;;;"Запчасти и аксессуары";;;;0;;;;;;new;;;;;;18.10_26;removed;;
8044563783;Package;8044563783;;;;"Запчасти и аксессуары";;;;0;;;;;;new;;;;;;18.10_26;removed;;
8044560847;Package;8044560847;;;;"Запчасти и аксессуары";;;;0;;;;;;new;;;;;;18.10_26;removed;;
8044560683;Package;8044560683;;;;"Запчасти и аксессуары";;;;0;;;;;;new;;;;;;18.10_26;removed;;
8044560212;Package;8044560212;;;;"Запчасти и аксессуары";;;;0;;;;;;new;;;;;;18.10_26;removed;;
8044559747;Package;8044559747;;;;"Запчасти и аксессуары";;;;0;;;;;;new;;;;;;18.10_26;removed;;
8044558796;Package;8044558796;;;;"Запчасти и аксессуары";;;;0;;;;;;new;;;;;;18.10_26;removed;;
8044558387;Package;8044558387;;;;"Запчасти и аксессуары";;;;0;;;;;;new;;;;;;18.10_26;removed;;
8044557460;Package;8044557460;;;;"Запчасти и аксессуары";;;;0;;;;;;new;;;;;;18.10_26;removed;;
8044557458;Package;8044557458;;;;"Запчасти и аксессуары";;;;0;;;;;;new;;;;;;18.10_26;removed;;
8044557275;Package;8044557275;;;;"Запчасти и аксессуары";;;;0;;;;;;new;;;;;;18.10_26;removed;;
8044553434;Package;8044553434;;;;"Запчасти и аксессуары";;;;0;;;;;;new;;;;;;18.10_26;removed;;
8044552733;Package;8044552733;;;;"Запчасти и аксессуары";;;;0;;;;;;new;;;;;;18.10_26;removed;;
8044549125;Package;8044549125;;;;"Запчасти и аксессуары";;;;0;;;;;;new;;;;;;18.10_26;removed;;
8044548994;Package;8044548994;;;;"Запчасти и аксессуары";;;;0;;;;;;new;;;;;;18.10_26;removed;;
8044546486;Package;8044546486;;;;"Запчасти и аксессуары";;;;0;;;;;;new;;;;;;18.10_26;removed;;
8044543941;Package;8044543941;;;;"Запчасти и аксессуары";;;;0;;;;;;new;;;;;;18.10_26;removed;;
8044542516;Package;8044542516;;;;"Запчасти и аксессуары";;;;0;;;;;;new;;;;;;18.10_26;removed;;
8044541910;Package;8044541910;;;;"Запчасти и аксессуары";;;;0;;;;;;new;;;;;;18.10_26;removed;;
8044538085;Package;8044538085;;;;"Запчасти и аксессуары";;;;0;;;;;;new;;;;;;18.10_26;removed;;
8044537814;Package;8044537814;;;;"Запчасти и аксессуары";;;;0;;;;;;new;;;;;;18.10_26;removed;;
8044537318;Package;8044537318;;;;"Запчасти и аксессуары";;;;0;;;;;;new;;;;;;18.10_26;removed;;
8044535057;Package;8044535057;;;;"Запчасти и аксессуары";;;;0;;;;;;new;;;;;;18.10_26;removed;;
8044532840;Package;8044532840;;;;"Запчасти и аксессуары";;;;0;;;;;;new;;;;;;18.10_26;removed;;
8044529809;Package;8044529809;;;;"Запчасти и аксессуары";;;;0;;;;;;new;;;;;;18.10_26;removed;;
8044529302;Package;8044529302;;;;"Запчасти и аксессуары";;;;0;;;;;;new;;;;;;18.10_26;removed;;
8044525629;Package;8044525629;;;;"Запчасти и аксессуары";;;;0;;;;;;new;;;;;;18.10_26;removed;;
8044525025;Package;8044525025;;;;"Запчасти и аксессуары";;;;0;;;;;;new;;;;;;18.10_26;removed;;
8044524554;Package;8044524554;;;;"Запчасти и аксессуары";;;;0;;;;;;new;;;;;;18.10_26;removed;;
8044524349;Package;8044524349;;;;"Запчасти и аксессуары";;;;0;;;;;;new;;;;;;18.10_26;removed;;
8044519045;Package;8044519045;;;;"Запчасти и аксессуары";;;;0;;;;;;new;;;;;;18.10_26;removed;;
8044514869;Package;8044514869;;;;"Запчасти и аксессуары";;;;0;;;;;;new;;;;;;18.10_26;removed;;
8044514348;Package;8044514348;;;;"Запчасти и аксессуары";;;;0;;;;;;new;;;;;;18.10_26;removed;;
8044512811;Package;8044512811;;;;"Запчасти и аксессуары";;;;0;;;;;;new;;;;;;18.10_26;removed;;
8044512278;Package;8044512278;;;;"Запчасти и аксессуары";;;;0;;;;;;new;;;;;;18.10_26;removed;;
8044511385;Package;8044511385;;;;"Запчасти и аксессуары";;;;0;;;;;;new;;;;;;18.10_26;removed;;
8044509751;Package;8044509751;;;;"Запчасти и аксессуары";;;;0;;;;;;new;;;;;;18.10_26;removed;;
8044507930;Package;8044507930;;;;"Запчасти и аксессуары";;;;0;;;;;;new;;;;;;18.10_26;removed;;
8044506078;Package;8044506078;;;;"Запчасти и аксессуары";;;;0;;;;;;new;;;;;;18.10_26;removed;;
8044506053;Package;8044506053;;;;"Запчасти и аксессуары";;;;0;;;;;;new;;;;;;18.10_26;removed;;
8044502697;Package;8044502697;;;;"Запчасти и аксессуары";;;;0;;;;;;new;;;;;;18.10_26;removed;;
8044501690;Package;8044501690;;;;"Запчасти и аксессуары";;;;0;;;;;;new;;;;;;18.10_26;removed;;
8044501344;Package;8044501344;;;;"Запчасти и аксессуары";;;;0;;;;;;new;;;;;;18.10_26;removed;;
8044501140;Package;8044501140;;;;"Запчасти и аксессуары";;;;0;;;;;;new;;;;;;18.10_26;removed;;
8044500753;Package;8044500753;;;;"Запчасти и аксессуары";;;;0;;;;;;new;;;;;;18.10_26;removed;;
8044500095;Package;8044500095;;;;"Запчасти и аксессуары";;;;0;;;;;;new;;;;;;18.10_26;removed;;
8044499419;Package;8044499419;;;;"Запчасти и аксессуары";;;;0;;;;;;new;;;;;;18.10_26;removed;;
8044497355;Package;8044497355;;;;"Запчасти и аксессуары";;;;0;;;;;;new;;;;;;18.10_26;removed;;
8044497161;Package;8044497161;;;;"Запчасти и аксессуары";;;;0;;;;;;new;;;;;;18.10_26;removed;;
8044496213;Package;8044496213;;;;"Запчасти и аксессуары";;;;0;;;;;;new;;;;;;18.10_26;removed;;
8044495116;Package;8044495116;;;;"Запчасти и аксессуары";;;;0;;;;;;new;;;;;;18.10_26;removed;;
8044493848;Package;8044493848;;;;"Запчасти и аксессуары";;;;0;;;;;;new;;;;;;18.10_26;removed;;
8044493816;Package;8044493816;;;;"Запчасти и аксессуары";;;;0;;;;;;new;;;;;;18.10_26;removed;;
8044493040;Package;8044493040;;;;"Запчасти и аксессуары";;;;0;;;;;;new;;;;;;18.10_26;removed;;
8044491071;Package;8044491071;;;;"Запчасти и аксессуары";;;;0;;;;;;new;;;;;;18.10_26;removed;;
8044489220;Package;8044489220;;;;"Запчасти и аксессуары";;;;0;;;;;;new;;;;;;18.10_26;removed;;
8044488570;Package;8044488570;;;;"Запчасти и аксессуары";;;;0;;;;;;new;;;;;;18.10_26;removed;;
8044488133;Package;8044488133;;;;"Запчасти и аксессуары";;;;0;;;;;;new;;;;;;18.10_26;removed;;
8044485464;Package;8044485464;;;;"Запчасти и аксессуары";;;;0;;;;;;new;;;;;;18.10_26;removed;;
8044484384;Package;8044484384;;;;"Запчасти и аксессуары";;;;0;;;;;;new;;;;;;18.10_26;removed;;
8044483329;Package;8044483329;;;;"Запчасти и аксессуары";;;;0;;;;;;new;;;;;;18.10_26;removed;;
8044481478;Package;8044481478;;;;"Запчасти и аксессуары";;;;0;;;;;;new;;;;;;18.10_26;removed;;
8044480613;Package;8044480613;;;;"Запчасти и аксессуары";;;;0;;;;;;new;;;;;;18.10_26;removed;;
8044479445;Package;8044479445;;;;"Запчасти и аксессуары";;;;0;;;;;;new;;;;;;18.10_26;removed;;
8044476518;Package;8044476518;;;;"Запчасти и аксессуары";;;;0;;;;;;new;;;;;;18.10_26;removed;;
8044475100;Package;8044475100;;;;"Запчасти и аксессуары";;;;0;;;;;;new;;;;;;18.10_26;removed;;
8044471948;Package;8044471948;;;;"Запчасти и аксессуары";;;;0;;;;;;new;;;;;;18.10_26;removed;;
8044470876;Package;8044470876;;;;"Запчасти и аксессуары";;;;0;;;;;;new;;;;;;18.10_26;removed;;
8044467817;Package;8044467817;;;;"Запчасти и аксессуары";;;;0;;;;;;new;;;;;;18.10_26;removed;;
8044467701;Package;8044467701;;;;"Запчасти и аксессуары";;;;0;;;;;;new;;;;;;18.10_26;removed;;
8044463962;Package;8044463962;;;;"Запчасти и аксессуары";;;;0;;;;;;new;;;;;;18.10_26;removed;;
8044463340;Package;8044463340;;;;"Запчасти и аксессуары";;;;0;;;;;;new;;;;;;18.10_26;removed;;
8044461146;Package;8044461146;;;;"Запчасти и аксессуары";;;;0;;;;;;new;;;;;;18.10_26;removed;;
8044461028;Package;8044461028;;;;"Запчасти и аксессуары";;;;0;;;;;;new;;;;;;18.10_26;removed;;
8044460966;Package;8044460966;;;;"Запчасти и аксессуары";;;;0;;;;;;new;;;;;;18.10_26;removed;;
8044460083;Package;8044460083;;;;"Запчасти и аксессуары";;;;0;;;;;;new;;;;;;18.10_26;removed;;
8044459141;Package;8044459141;;;;"Запчасти и аксессуары";;;;0;;;;;;new;;;;;;18.10_26;removed;;
8044457663;Package;8044457663;;;;"Запчасти и аксессуары";;;;0;;;;;;new;;;;;;18.10_26;removed;;
8044455849;Package;8044455849;;;;"Запчасти и аксессуары";;;;0;;;;;;new;;;;;;18.10_26;removed;;
8044454457;Package;8044454457;;;;"Запчасти и аксессуары";;;;0;;;;;;new;;;;;;18.10_26;removed;;
8044451495;Package;8044451495;;;;"Запчасти и аксессуары";;;;0;;;;;;new;;;;;;18.10_26;removed;;
8044450909;Package;8044450909;;;;"Запчасти и аксессуары";;;;0;;;;;;new;;;;;;18.10_26;removed;;
8044450706;Package;8044450706;;;;"Запчасти и аксессуары";;;;0;;;;;;new;;;;;;18.10_26;removed;;
8044448494;Package;8044448494;;;;"Запчасти и аксессуары";;;;0;;;;;;new;;;;;;18.10_26;removed;;
8044447953;Package;8044447953;;;;"Запчасти и аксессуары";;;;0;;;;;;new;;;;;;18.10_26;removed;;
8044446646;Package;8044446646;;;;"Запчасти и аксессуары";;;;0;;;;;;new;;;;;;18.10_26;removed;;
8044445687;Package;8044445687;;;;"Запчасти и аксессуары";;;;0;;;;;;new;;;;;;18.10_26;removed;;
8044445614;Package;8044445614;;;;"Запчасти и аксессуары";;;;0;;;;;;new;;;;;;18.10_26;removed;;
8044443435;Package;8044443435;;;;"Запчасти и аксессуары";;;;0;;;;;;new;;;;;;18.10_26;removed;;
8044443352;Package;8044443352;;;;"Запчасти и аксессуары";;;;0;;;;;;new;;;;;;18.10_26;removed;;
8044441610;Package;8044441610;;;;"Запчасти и аксессуары";;;;0;;;;;;new;;;;;;18.10_26;removed;;
8044440709;Package;8044440709;;;;"Запчасти и аксессуары";;;;0;;;;;;new;;;;;;18.10_26;removed;;
8044439623;Package;8044439623;;;;"Запчасти и аксессуары";;;;0;;;;;;new;;;;;;18.10_26;removed;;
8044439010;Package;8044439010;;;;"Запчасти и аксессуары";;;;0;;;;;;new;;;;;;18.10_26;removed;;
8044437258;Package;8044437258;;;;"Запчасти и аксессуары";;;;0;;;;;;new;;;;;;18.10_26;removed;;
8044437133;Package;8044437133;;;;"Запчасти и аксессуары";;;;0;;;;;;new;;;;;;18.10_26;removed;;
8044435510;Package;8044435510;;;;"Запчасти и аксессуары";;;;0;;;;;;new;;;;;;18.10_26;removed;;
8044434392;Package;8044434392;;;;"Запчасти и аксессуары";;;;0;;;;;;new;;;;;;18.10_26;removed;;
8044432455;Package;8044432455;;;;"Запчасти и аксессуары";;;;0;;;;;;new;;;;;;18.10_26;removed;;
8044429300;Package;8044429300;;;;"Запчасти и аксессуары";;;;0;;;;;;new;;;;;;18.10_26;removed;;
8044427458;Package;8044427458;;;;"Запчасти и аксессуары";;;;0;;;;;;new;;;;;;18.10_26;removed;;
8044425610;Package;8044425610;;;;"Запчасти и аксессуары";;;;0;;;;;;new;;;;;;18.10_26;removed;;
8044425578;Package;8044425578;;;;"Запчасти и аксессуары";;;;0;;;;;;new;;;;;;18.10_26;removed;;
8044422225;Package;8044422225;;;;"Запчасти и аксессуары";;;;0;;;;;;new;;;;;;18.10_26;removed;;
8044421994;Package;8044421994;;;;"Запчасти и аксессуары";;;;0;;;;;;new;;;;;;18.10_26;removed;;
8044421151;Package;8044421151;;;;"Запчасти и аксессуары";;;;0;;;;;;new;;;;;;18.10_26;removed;;
8044421077;Package;8044421077;;;;"Запчасти и аксессуары";;;;0;;;;;;new;;;;;;18.10_26;removed;;
8044420100;Package;8044420100;;;;"Запчасти и аксессуары";;;;0;;;;;;new;;;;;;18.10_26;removed;;
8044419836;Package;8044419836;;;;"Запчасти и аксессуары";;;;0;;;;;;new;;;;;;18.10_26;removed;;
8044418129;Package;8044418129;;;;"Запчасти и аксессуары";;;;0;;;;;;new;;;;;;18.10_26;removed;;
8044416128;Package;8044416128;;;;"Запчасти и аксессуары";;;;0;;;;;;new;;;;;;18.10_26;removed;;
8044415976;Package;8044415976;;;;"Запчасти и аксессуары";;;;0;;;;;;new;;;;;;18.10_26;removed;;
8044415463;Package;8044415463;;;;"Запчасти и аксессуары";;;;0;;;;;;new;;;;;;18.10_26;removed;;
8044414147;Package;8044414147;;;;"Запчасти и аксессуары";;;;0;;;;;;new;;;;;;18.10_26;removed;;
8044413526;Package;8044413526;;;;"Запчасти и аксессуары";;;;0;;;;;;new;;;;;;18.10_26;removed;;
8044411884;Package;8044411884;;;;"Запчасти и аксессуары";;;;0;;;;;;new;;;;;;18.10_26;removed;;
8044411475;Package;8044411475;;;;"Запчасти и аксессуары";;;;0;;;;;;new;;;;;;18.10_26;removed;;
8044410501;Package;8044410501;;;;"Запчасти и аксессуары";;;;0;;;;;;new;;;;;;18.10_26;removed;;
8044408302;Package;8044408302;;;;"Запчасти и аксессуары";;;;0;;;;;;new;;;;;;18.10_26;removed;;
8044405772;Package;8044405772;;;;"Запчасти и аксессуары";;;;0;;;;;;new;;;;;;18.10_26;removed;;
8044405762;Package;8044405762;;;;"Запчасти и аксессуары";;;;0;;;;;;new;;;;;;18.10_26;removed;;
8044402962;Package;8044402962;;;;"Запчасти и аксессуары";;;;0;;;;;;new;;;;;;18.10_26;removed;;
8044401763;Package;8044401763;;;;"Запчасти и аксессуары";;;;0;;;;;;new;;;;;;18.10_26;removed;;
8044401049;Package;8044401049;;;;"Запчасти и аксессуары";;;;0;;;;;;new;;;;;;18.10_26;removed;;
8044400160;Package;8044400160;;;;"Запчасти и аксессуары";;;;0;;;;;;new;;;;;;18.10_26;removed;;
8044398998;Package;8044398998;;;;"Запчасти и аксессуары";;;;0;;;;;;new;;;;;;18.10_26;removed;;
8044398885;Package;8044398885;;;;"Запчасти и аксессуары";;;;0;;;;;;new;;;;;;18.10_26;removed;;
8044398321;Package;8044398321;;;;"Запчасти и аксессуары";;;;0;;;;;;new;;;;;;18.10_26;removed;;
8044396710;Package;8044396710;;;;"Запчасти и аксессуары";;;;0;;;;;;new;;;;;;18.10_26;removed;;
8044396126;Package;8044396126;;;;"Запчасти и аксессуары";;;;0;;;;;;new;;;;;;18.10_26;removed;;
8044394145;Package;8044394145;;;;"Запчасти и аксессуары";;;;0;;;;;;new;;;;;;18.10_26;removed;;
8044393899;Package;8044393899;;;;"Запчасти и аксессуары";;;;0;;;;;;new;;;;;;18.10_26;removed;;
8044393270;Package;8044393270;;;;"Запчасти и аксессуары";;;;0;;;;;;new;;;;;;18.10_26;removed;;
8044390723;Package;8044390723;;;;"Запчасти и аксессуары";;;;0;;;;;;new;;;;;;18.10_26;removed;;
8044390031;Package;8044390031;;;;"Запчасти и аксессуары";;;;0;;;;;;new;;;;;;18.10_26;removed;;
8044388306;Package;8044388306;;;;"Запчасти и аксессуары";;;;0;;;;;;new;;;;;;18.10_26;removed;;
8044386054;Package;8044386054;;;;"Запчасти и аксессуары";;;;0;;;;;;new;;;;;;18.10_26;removed;;
8044385380;Package;8044385380;;;;"Запчасти и аксессуары";;;;0;;;;;;new;;;;;;18.10_26;removed;;
8044384745;Package;8044384745;;;;"Запчасти и аксессуары";;;;0;;;;;;new;;;;;;18.10_26;removed;;
8044383284;Package;8044383284;;;;"Запчасти и аксессуары";;;;0;;;;;;new;;;;;;18.10_26;removed;;
8044382130;Package;8044382130;;;;"Запчасти и аксессуары";;;;0;;;;;;new;;;;;;18.10_26;removed;;
8044381482;Package;8044381482;;;;"Запчасти и аксессуары";;;;0;;;;;;new;;;;;;18.10_26;removed;;
8044381399;Package;8044381399;;;;"Запчасти и аксессуары";;;;0;;;;;;new;;;;;;18.10_26;removed;;
8044381209;Package;8044381209;;;;"Запчасти и аксессуары";;;;0;;;;;;new;;;;;;18.10_26;removed;;
8044380813;Package;8044380813;;;;"Запчасти и аксессуары";;;;0;;;;;;new;;;;;;18.10_26;removed;;
8044378466;Package;8044378466;;;;"Запчасти и аксессуары";;;;0;;;;;;new;;;;;;18.10_26;removed;;
8044378396;Package;8044378396;;;;"Запчасти и аксессуары";;;;0;;;;;;new;;;;;;18.10_26;removed;;
8044378326;Package;8044378326;;;;"Запчасти и аксессуары";;;;0;;;;;;new;;;;;;18.10_26;removed;;
8044378002;Package;8044378002;;;;"Запчасти и аксессуары";;;;0;;;;;;new;;;;;;18.10_26;removed;;
8044376993;Package;8044376993;;;;"Запчасти и аксессуары";;;;0;;;;;;new;;;;;;18.10_26;removed;;
8044376436;Package;8044376436;;;;"Запчасти и аксессуары";;;;0;;;;;;new;;;;;;18.10_26;removed;;
8044375918;Package;8044375918;;;;"Запчасти и аксессуары";;;;0;;;;;;new;;;;;;18.10_26;removed;;
8044375428;Package;8044375428;;;;"Запчасти и аксессуары";;;;0;;;;;;new;;;;;;18.10_26;removed;;
8044375106;Package;8044375106;;;;"Запчасти и аксессуары";;;;0;;;;;;new;;;;;;18.10_26;removed;;
8044373565;Package;8044373565;;;;"Запчасти и аксессуары";;;;0;;;;;;new;;;;;;18.10_26;removed;;
8044372815;Package;8044372815;;;;"Запчасти и аксессуары";;;;0;;;;;;new;;;;;;18.10_26;removed;;
8044372740;Package;8044372740;;;;"Запчасти и аксессуары";;;;0;;;;;;new;;;;;;18.10_26;removed;;
8044372536;Package;8044372536;;;;"Запчасти и аксессуары";;;;0;;;;;;new;;;;;;18.10_26;removed;;
8044370710;Package;8044370710;;;;"Запчасти и аксессуары";;;;0;;;;;;new;;;;;;18.10_26;removed;;
8044366410;Package;8044366410;;;;"Запчасти и аксессуары";;;;0;;;;;;new;;;;;;18.10_26;removed;;
8044365964;Package;8044365964;;;;"Запчасти и аксессуары";;;;0;;;;;;new;;;;;;18.10_26;removed;;
8044364078;Package;8044364078;;;;"Запчасти и аксессуары";;;;0;;;;;;new;;;;;;18.10_26;removed;;
8044363622;Package;8044363622;;;;"Запчасти и аксессуары";;;;0;;;;;;new;;;;;;18.10_26;removed;;
8044362806;Package;8044362806;;;;"Запчасти и аксессуары";;;;0;;;;;;new;;;;;;18.10_26;removed;;
8044362007;Package;8044362007;;;;"Запчасти и аксессуары";;;;0;;;;;;new;;;;;;18.10_26;removed;;
8044361555;Package;8044361555;;;;"Запчасти и аксессуары";;;;0;;;;;;new;;;;;;18.10_26;removed;;
8044361417;Package;8044361417;;;;"Запчасти и аксессуары";;;;0;;;;;;new;;;;;;18.10_26;removed;;
8044361033;Package;8044361033;;;;"Запчасти и аксессуары";;;;0;;;;;;new;;;;;;18.10_26;removed;;
8044358854;Package;8044358854;;;;"Запчасти и аксессуары";;;;0;;;;;;new;;;;;;18.10_26;removed;;
8044354905;Package;8044354905;;;;"Запчасти и аксессуары";;;;0;;;;;;new;;;;;;18.10_26;removed;;
8044353365;Package;8044353365;;;;"Запчасти и аксессуары";;;;0;;;;;;new;;;;;;18.10_26;removed;;
8044352895;Package;8044352895;;;;"Запчасти и аксессуары";;;;0;;;;;;new;;;;;;18.10_26;removed;;
8044352121;Package;8044352121;;;;"Запчасти и аксессуары";;;;0;;;;;;new;;;;;;18.10_26;removed;;
8044351173;Package;8044351173;;;;"Запчасти и аксессуары";;;;0;;;;;;new;;;;;;18.10_26;removed;;
8044350526;Package;8044350526;;;;"Запчасти и аксессуары";;;;0;;;;;;new;;;;;;18.10_26;removed;;
8044350364;Package;8044350364;;;;"Запчасти и аксессуары";;;;0;;;;;;new;;;;;;18.10_26;removed;;
8044349195;Package;8044349195;;;;"Запчасти и аксессуары";;;;0;;;;;;new;;;;;;18.10_26;removed;;
8044349005;Package;8044349005;;;;"Запчасти и аксессуары";;;;0;;;;;;new;;;;;;18.10_26;removed;;
8044348927;Package;8044348927;;;;"Запчасти и аксессуары";;;;0;;;;;;new;;;;;;18.10_26;removed;;
8044344950;Package;8044344950;;;;"Запчасти и аксессуары";;;;0;;;;;;new;;;;;;18.10_26;removed;;
8044342565;Package;8044342565;;;;"Запчасти и аксессуары";;;;0;;;;;;new;;;;;;18.10_26;removed;;
8044340643;Package;8044340643;;;;"Запчасти и аксессуары";;;;0;;;;;;new;;;;;;18.10_26;removed;;
8044340304;Package;8044340304;;;;"Запчасти и аксессуары";;;;0;;;;;;new;;;;;;18.10_26;removed;;
8044338529;Package;8044338529;;;;"Запчасти и аксессуары";;;;0;;;;;;new;;;;;;18.10_26;removed;;
8044338473;Package;8044338473;;;;"Запчасти и аксессуары";;;;0;;;;;;new;;;;;;18.10_26;removed;;
8044338222;Package;8044338222;;;;"Запчасти и аксессуары";;;;0;;;;;;new;;;;;;18.10_26;removed;;
8044335580;Package;8044335580;;;;"Запчасти и аксессуары";;;;0;;;;;;new;;;;;;18.10_26;removed;;
8044334083;Package;8044334083;;;;"Запчасти и аксессуары";;;;0;;;;;;new;;;;;;18.10_26;removed;;
8044330697;Package;8044330697;;;;"Запчасти и аксессуары";;;;0;;;;;;new;;;;;;18.10_26;removed;;
8044329535;Package;8044329535;;;;"Запчасти и аксессуары";;;;0;;;;;;new;;;;;;18.10_26;removed;;
8044328676;Package;8044328676;;;;"Запчасти и аксессуары";;;;0;;;;;;new;;;;;;18.10_26;removed;;
8044328061;Package;8044328061;;;;"Запчасти и аксессуары";;;;0;;;;;;new;;;;;;18.10_26;removed;;
8044326551;Package;8044326551;;;;"Запчасти и аксессуары";;;;0;;;;;;new;;;;;;18.10_26;removed;;
8044325295;Package;8044325295;;;;"Запчасти и аксессуары";;;;0;;;;;;new;;;;;;18.10_26;removed;;
8044324294;Package;8044324294;;;;"Запчасти и аксессуары";;;;0;;;;;;new;;;;;;18.10_26;removed;;
8044321224;Package;8044321224;;;;"Запчасти и аксессуары";;;;0;;;;;;new;;;;;;18.10_26;removed;;
8044320689;Package;8044320689;;;;"Запчасти и аксессуары";;;;0;;;;;;new;;;;;;18.10_26;removed;;
8044319056;Package;8044319056;;;;"Запчасти и аксессуары";;;;0;;;;;;new;;;;;;18.10_26;removed;;
8044318885;Package;8044318885;;;;"Запчасти и аксессуары";;;;0;;;;;;new;;;;;;18.10_26;removed;;
8044317828;Package;8044317828;;;;"Запчасти и аксессуары";;;;0;;;;;;new;;;;;;18.10_26;removed;;
8044316807;Package;8044316807;;;;"Запчасти и аксессуары";;;;0;;;;;;new;;;;;;18.10_26;removed;;
8044310036;Package;8044310036;;;;"Запчасти и аксессуары";;;;0;;;;;;new;;;;;;18.10_26;removed;;
8044307760;Package;8044307760;;;;"Запчасти и аксессуары";;;;0;;;;;;new;;;;;;18.10_26;removed;;
8044305949;Package;8044305949;;;;"Запчасти и аксессуары";;;;0;;;;;;new;;;;;;18.10_26;removed;;
8044304293;Package;8044304293;;;;"Запчасти и аксессуары";;;;0;;;;;;new;;;;;;18.10_26;removed;;
8044302822;Package;8044302822;;;;"Запчасти и аксессуары";;;;0;;;;;;new;;;;;;18.10_26;removed;;
8044301300;Package;8044301300;;;;"Запчасти и аксессуары";;;;0;;;;;;new;;;;;;18.10_26;removed;;
8044300905;Package;8044300905;;;;"Запчасти и аксессуары";;;;0;;;;;;new;;;;;;18.10_26;removed;;
8044299605;Package;8044299605;;;;"Запчасти и аксессуары";;;;0;;;;;;new;;;;;;18.10_26;removed;;
8044299116;Package;8044299116;;;;"Запчасти и аксессуары";;;;0;;;;;;new;;;;;;18.10_26;removed;;
8044298726;Package;8044298726;;;;"Запчасти и аксессуары";;;;0;;;;;;new;;;;;;18.10_26;removed;;
8044297970;Package;8044297970;;;;"Запчасти и аксессуары";;;;0;;;;;;new;;;;;;18.10_26;removed;;
8044297507;Package;8044297507;;;;"Запчасти и аксессуары";;;;0;;;;;;new;;;;;;18.10_26;removed;;
8044292970;Package;8044292970;;;;"Запчасти и аксессуары";;;;0;;;;;;new;;;;;;18.10_26;removed;;
8044291445;Package;8044291445;;;;"Запчасти и аксессуары";;;;0;;;;;;new;;;;;;18.10_26;removed;;
8044290191;Package;8044290191;;;;"Запчасти и аксессуары";;;;0;;;;;;new;;;;;;18.10_26;removed;;
8044289579;Package;8044289579;;;;"Запчасти и аксессуары";;;;0;;;;;;new;;;;;;18.10_26;removed;;
8044288839;Package;8044288839;;;;"Запчасти и аксессуары";;;;0;;;;;;new;;;;;;18.10_26;removed;;
8044288367;Package;8044288367;;;;"Запчасти и аксессуары";;;;0;;;;;;new;;;;;;18.10_26;removed;;
8044286292;Package;8044286292;;;;"Запчасти и аксессуары";;;;0;;;;;;new;;;;;;18.10_26;removed;;
8044286229;Package;8044286229;;;;"Запчасти и аксессуары";;;;0;;;;;;new;;;;;;18.10_26;removed;;
8044285135;Package;8044285135;;;;"Запчасти и аксессуары";;;;0;;;;;;new;;;;;;18.10_26;removed;;
8044284256;Package;8044284256;;;;"Запчасти и аксессуары";;;;0;;;;;;new;;;;;;18.10_26;removed;;
8044283319;Package;8044283319;;;;"Запчасти и аксессуары";;;;0;;;;;;new;;;;;;18.10_26;removed;;
8044282782;Package;8044282782;;;;"Запчасти и аксессуары";;;;0;;;;;;new;;;;;;18.10_26;removed;;
8044282624;Package;8044282624;;;;"Запчасти и аксессуары";;;;0;;;;;;new;;;;;;18.10_26;removed;;
8044281573;Package;8044281573;;;;"Запчасти и аксессуары";;;;0;;;;;;new;;;;;;18.10_26;removed;;
8044281014;Package;8044281014;;;;"Запчасти и аксессуары";;;;0;;;;;;new;;;;;;18.10_26;removed;;
8044280463;Package;8044280463;;;;"Запчасти и аксессуары";;;;0;;;;;;new;;;;;;18.10_26;removed;;
8044279803;Package;8044279803;;;;"Запчасти и аксессуары";;;;0;;;;;;new;;;;;;18.10_26;removed;;
8044277628;Package;8044277628;;;;"Запчасти и аксессуары";;;;0;;;;;;new;;;;;;18.10_26;removed;;
8044276131;Package;8044276131;;;;"Запчасти и аксессуары";;;;0;;;;;;new;;;;;;18.10_26;removed;;
8044275783;Package;8044275783;;;;"Запчасти и аксессуары";;;;0;;;;;;new;;;;;;18.10_26;removed;;
8044274020;Package;8044274020;;;;"Запчасти и аксессуары";;;;0;;;;;;new;;;;;;18.10_26;removed;;
8044272566;Package;8044272566;;;;"Запчасти и аксессуары";;;;0;;;;;;new;;;;;;18.10_26;removed;;
8044269843;Package;8044269843;;;;"Запчасти и аксессуары";;;;0;;;;;;new;;;;;;18.10_26;removed;;
8044269421;Package;8044269421;;;;"Запчасти и аксессуары";;;;0;;;;;;new;;;;;;18.10_26;removed;;
8044268216;Package;8044268216;;;;"Запчасти и аксессуары";;;;0;;;;;;new;;;;;;18.10_26;removed;;
8044267960;Package;8044267960;;;;"Запчасти и аксессуары";;;;0;;;;;;new;;;;;;18.10_26;removed;;
8044266618;Package;8044266618;;;;"Запчасти и аксессуары";;;;0;;;;;;new;;;;;;18.10_26;removed;;
8044266430;Package;8044266430;;;;"Запчасти и аксессуары";;;;0;;;;;;new;;;;;;18.10_26;removed;;
8044266078;Package;8044266078;;;;"Запчасти и аксессуары";;;;0;;;;;;new;;;;;;18.10_26;removed;;
8044265353;Package;8044265353;;;;"Запчасти и аксессуары";;;;0;;;;;;new;;;;;;18.10_26;removed;;
8044264374;Package;8044264374;;;;"Запчасти и аксессуары";;;;0;;;;;;new;;;;;;18.10_26;removed;;
8044263987;Package;8044263987;;;;"Запчасти и аксессуары";;;;0;;;;;;new;;;;;;18.10_26;removed;;
8044261996;Package;8044261996;;;;"Запчасти и аксессуары";;;;0;;;;;;new;;;;;;18.10_26;removed;;
8044257934;Package;8044257934;;;;"Запчасти и аксессуары";;;;0;;;;;;new;;;;;;18.10_26;removed;;
8044257920;Package;8044257920;;;;"Запчасти и аксессуары";;;;0;;;;;;new;;;;;;18.10_26;removed;;
8044255394;Package;8044255394;;;;"Запчасти и аксессуары";;;;0;;;;;;new;;;;;;18.10_26;removed;;
8044252862;Package;8044252862;;;;"Запчасти и аксессуары";;;;0;;;;;;new;;;;;;18.10_26;removed;;
8044252684;Package;8044252684;;;;"Запчасти и аксессуары";;;;0;;;;;;new;;;;;;18.10_26;removed;;
8044250055;Package;8044250055;;;;"Запчасти и аксессуары";;;;0;;;;;;new;;;;;;18.10_26;removed;;
8044249321;Package;8044249321;;;;"Запчасти и аксессуары";;;;0;;;;;;new;;;;;;18.10_26;removed;;
8044245890;Package;8044245890;;;;"Запчасти и аксессуары";;;;0;;;;;;new;;;;;;18.10_26;removed;;
8044243454;Package;8044243454;;;;"Запчасти и аксессуары";;;;0;;;;;;new;;;;;;18.10_26;removed;;
8044242772;Package;8044242772;;;;"Запчасти и аксессуары";;;;0;;;;;;new;;;;;;18.10_26;removed;;
8044242348;Package;8044242348;;;;"Запчасти и аксессуары";;;;0;;;;;;new;;;;;;18.10_26;removed;;
8044240714;Package;8044240714;;;;"Запчасти и аксессуары";;;;0;;;;;;new;;;;;;18.10_26;removed;;
8044239491;Package;8044239491;;;;"Запчасти и аксессуары";;;;0;;;;;;new;;;;;;18.10_26;removed;;
8044238812;Package;8044238812;;;;"Запчасти и аксессуары";;;;0;;;;;;new;;;;;;18.10_26;removed;;
8044238408;Package;8044238408;;;;"Запчасти и аксессуары";;;;0;;;;;;new;;;;;;18.10_26;removed;;
8044235598;Package;8044235598;;;;"Запчасти и аксессуары";;;;0;;;;;;new;;;;;;18.10_26;removed;;
8044234104;Package;8044234104;;;;"Запчасти и аксессуары";;;;0;;;;;;new;;;;;;18.10_26;removed;;
8044233305;Package;8044233305;;;;"Запчасти и аксессуары";;;;0;;;;;;new;;;;;;18.10_26;removed;;
8044232759;Package;8044232759;;;;"Запчасти и аксессуары";;;;0;;;;;;new;;;;;;18.10_26;removed;;
8044229897;Package;8044229897;;;;"Запчасти и аксессуары";;;;0;;;;;;new;;;;;;18.10_26;removed;;
8044229848;Package;8044229848;;;;"Запчасти и аксессуары";;;;0;;;;;;new;;;;;;18.10_26;removed;;
8044229511;Package;8044229511;;;;"Запчасти и аксессуары";;;;0;;;;;;new;;;;;;18.10_26;removed;;
8044227561;Package;8044227561;;;;"Запчасти и аксессуары";;;;0;;;;;;new;;;;;;18.10_26;removed;;
8044226625;Package;8044226625;;;;"Запчасти и аксессуары";;;;0;;;;;;new;;;;;;18.10_26;removed;;
8044226341;Package;8044226341;;;;"Запчасти и аксессуары";;;;0;;;;;;new;;;;;;18.10_26;removed;;
8044225649;Package;8044225649;;;;"Запчасти и аксессуары";;;;0;;;;;;new;;;;;;18.10_26;removed;;
8044220610;Package;8044220610;;;;"Запчасти и аксессуары";;;;0;;;;;;new;;;;;;18.10_26;removed;;
8044219609;Package;8044219609;;;;"Запчасти и аксессуары";;;;0;;;;;;new;;;;;;18.10_26;removed;;
8044211563;Package;8044211563;;;;"Запчасти и аксессуары";;;;0;;;;;;new;;;;;;18.10_26;removed;;
8044208668;Package;8044208668;;;;"Запчасти и аксессуары";;;;0;;;;;;new;;;;;;18.10_26;removed;;
8044206972;Package;8044206972;;;;"Запчасти и аксессуары";;;;0;;;;;;new;;;;;;18.10_26;removed;;
8044204447;Package;8044204447;;;;"Запчасти и аксессуары";;;;0;;;;;;new;;;;;;18.10_26;removed;;
8044202651;Package;8044202651;;;;"Запчасти и аксессуары";;;;0;;;;;;new;;;;;;18.10_26;removed;;
8044199015;Package;8044199015;;;;"Запчасти и аксессуары";;;;0;;;;;;new;;;;;;18.10_26;removed;;
8044196313;Package;8044196313;;;;"Запчасти и аксессуары";;;;0;;;;;;new;;;;;;18.10_26;removed;;
8044196285;Package;8044196285;;;;"Запчасти и аксессуары";;;;0;;;;;;new;;;;;;18.10_26;removed;;
8044193811;Package;8044193811;;;;"Запчасти и аксессуары";;;;0;;;;;;new;;;;;;18.10_26;removed;;
8044192520;Package;8044192520;;;;"Запчасти и аксессуары";;;;0;;;;;;new;;;;;;18.10_26;removed;;
8044190869;Package;8044190869;;;;"Запчасти и аксессуары";;;;0;;;;;;new;;;;;;18.10_26;removed;;
8044190103;Package;8044190103;;;;"Запчасти и аксессуары";;;;0;;;;;;new;;;;;;18.10_26;removed;;
8044185939;Package;8044185939;;;;"Запчасти и аксессуары";;;;0;;;;;;new;;;;;;18.10_26;removed;;
8044185583;Package;8044185583;;;;"Запчасти и аксессуары";;;;0;;;;;;new;;;;;;18.10_26;removed;;
8044185318;Package;8044185318;;;;"Запчасти и аксессуары";;;;0;;;;;;new;;;;;;18.10_26;removed;;
8044184284;Package;8044184284;;;;"Запчасти и аксессуары";;;;0;;;;;;new;;;;;;18.10_26;removed;;
8044183424;Package;8044183424;;;;"Запчасти и аксессуары";;;;0;;;;;;new;;;;;;18.10_26;removed;;
8044182753;Package;8044182753;;;;"Запчасти и аксессуары";;;;0;;;;;;new;;;;;;18.10_26;removed;;
8044181297;Package;8044181297;;;;"Запчасти и аксессуары";;;;0;;;;;;new;;;;;;18.10_26;removed;;
8044181159;Package;8044181159;;;;"Запчасти и аксессуары";;;;0;;;;;;new;;;;;;18.10_26;removed;;
8044178773;Package;8044178773;;;;"Запчасти и аксессуары";;;;0;;;;;;new;;;;;;18.10_26;removed;;
8044178080;Package;8044178080;;;;"Запчасти и аксессуары";;;;0;;;;;;new;;;;;;18.10_26;removed;;
8044176731;Package;8044176731;;;;"Запчасти и аксессуары";;;;0;;;;;;new;;;;;;18.10_26;removed;;
8044176060;Package;8044176060;;;;"Запчасти и аксессуары";;;;0;;;;;;new;;;;;;18.10_26;removed;;
8044175972;Package;8044175972;;;;"Запчасти и аксессуары";;;;0;;;;;;new;;;;;;18.10_26;removed;;
8044174750;Package;8044174750;;;;"Запчасти и аксессуары";;;;0;;;;;;new;;;;;;18.10_26;removed;;
8044173036;Package;8044173036;;;;"Запчасти и аксессуары";;;;0;;;;;;new;;;;;;18.10_26;removed;;
8044171657;Package;8044171657;;;;"Запчасти и аксессуары";;;;0;;;;;;new;;;;;;18.10_26;removed;;
8044167740;Package;8044167740;;;;"Запчасти и аксессуары";;;;0;;;;;;new;;;;;;18.10_26;removed;;
8044165049;Package;8044165049;;;;"Запчасти и аксессуары";;;;0;;;;;;new;;;;;;18.10_26;removed;;
8044164754;Package;8044164754;;;;"Запчасти и аксессуары";;;;0;;;;;;new;;;;;;18.10_26;removed;;
8044163480;Package;8044163480;;;;"Запчасти и аксессуары";;;;0;;;;;;new;;;;;;18.10_26;removed;;
8044162555;Package;8044162555;;;;"Запчасти и аксессуары";;;;0;;;;;;new;;;;;;18.10_26;removed;;
8044156595;Package;8044156595;;;;"Запчасти и аксессуары";;;;0;;;;;;new;;;;;;18.10_26;removed;;
8044155770;Package;8044155770;;;;"Запчасти и аксессуары";;;;0;;;;;;new;;;;;;18.10_26;removed;;
8044154583;Package;8044154583;;;;"Запчасти и аксессуары";;;;0;;;;;;new;;;;;;18.10_26;removed;;
8044152717;Package;8044152717;;;;"Запчасти и аксессуары";;;;0;;;;;;new;;;;;;18.10_26;removed;;
8044152322;Package;8044152322;;;;"Запчасти и аксессуары";;;;0;;;;;;new;;;;;;18.10_26;removed;;
8044149671;Package;8044149671;;;;"Запчасти и аксессуары";;;;0;;;;;;new;;;;;;18.10_26;removed;;
8044146908;Package;8044146908;;;;"Запчасти и аксессуары";;;;0;;;;;;new;;;;;;18.10_26;removed;;
8044144570;Package;8044144570;;;;"Запчасти и аксессуары";;;;0;;;;;;new;;;;;;18.10_26;removed;;
8044142450;Package;8044142450;;;;"Запчасти и аксессуары";;;;0;;;;;;new;;;;;;18.10_26;removed;;
8044140785;Package;8044140785;;;;"Запчасти и аксессуары";;;;0;;;;;;new;;;;;;18.10_26;removed;;
8044136663;Package;8044136663;;;;"Запчасти и аксессуары";;;;0;;;;;;new;;;;;;18.10_26;removed;;
8044135395;Package;8044135395;;;;"Запчасти и аксессуары";;;;0;;;;;;new;;;;;;18.10_26;removed;;
8044134633;Package;8044134633;;;;"Запчасти и аксессуары";;;;0;;;;;;new;;;;;;18.10_26;removed;;
8044133657;Package;8044133657;;;;"Запчасти и аксессуары";;;;0;;;;;;new;;;;;;18.10_26;removed;;
8044133354;Package;8044133354;;;;"Запчасти и аксессуары";;;;0;;;;;;new;;;;;;18.10_26;removed;;
8044131368;Package;8044131368;;;;"Запчасти и аксессуары";;;;0;;;;;;new;;;;;;18.10_26;removed;;
8044130551;Package;8044130551;;;;"Запчасти и аксессуары";;;;0;;;;;;new;;;;;;18.10_26;removed;;
8044129985;Package;8044129985;;;;"Запчасти и аксессуары";;;;0;;;;;;new;;;;;;18.10_26;removed;;
8044127674;Package;8044127674;;;;"Запчасти и аксессуары";;;;0;;;;;;new;;;;;;18.10_26;removed;;
8044127232;Package;8044127232;;;;"Запчасти и аксессуары";;;;0;;;;;;new;;;;;;18.10_26;removed;;
8044126244;Package;8044126244;;;;"Запчасти и аксессуары";;;;0;;;;;;new;;;;;;18.10_26;removed;;
8044124055;Package;8044124055;;;;"Запчасти и аксессуары";;;;0;;;;;;new;;;;;;18.10_26;removed;;
8044122066;Package;8044122066;;;;"Запчасти и аксессуары";;;;0;;;;;;new;;;;;;18.10_26;removed;;
8044118646;Package;8044118646;;;;"Запчасти и аксессуары";;;;0;;;;;;new;;;;;;18.10_26;removed;;
8044117790;Package;8044117790;;;;"Запчасти и аксессуары";;;;0;;;;;;new;;;;;;18.10_26;removed;;
8044116399;Package;8044116399;;;;"Запчасти и аксессуары";;;;0;;;;;;new;;;;;;18.10_26;removed;;
8044116097;Package;8044116097;;;;"Запчасти и аксессуары";;;;0;;;;;;new;;;;;;18.10_26;removed;;
8044115375;Package;8044115375;;;;"Запчасти и аксессуары";;;;0;;;;;;new;;;;;;18.10_26;removed;;
8044115327;Package;8044115327;;;;"Запчасти и аксессуары";;;;0;;;;;;new;;;;;;18.10_26;removed;;
8044114440;Package;8044114440;;;;"Запчасти и аксессуары";;;;0;;;;;;new;;;;;;18.10_26;removed;;
8044113873;Package;8044113873;;;;"Запчасти и аксессуары";;;;0;;;;;;new;;;;;;18.10_26;removed;;
8044111263;Package;8044111263;;;;"Запчасти и аксессуары";;;;0;;;;;;new;;;;;;18.10_26;removed;;
8044110784;Package;8044110784;;;;"Запчасти и аксессуары";;;;0;;;;;;new;;;;;;18.10_26;removed;;
8044110152;Package;8044110152;;;;"Запчасти и аксессуары";;;;0;;;;;;new;;;;;;18.10_26;removed;;
8044108624;Package;8044108624;;;;"Запчасти и аксессуары";;;;0;;;;;;new;;;;;;18.10_26;removed;;
8044106178;Package;8044106178;;;;"Запчасти и аксессуары";;;;0;;;;;;new;;;;;;18.10_26;removed;;
8044104707;Package;8044104707;;;;"Запчасти и аксессуары";;;;0;;;;;;new;;;;;;18.10_26;removed;;
8044104055;Package;8044104055;;;;"Запчасти и аксессуары";;;;0;;;;;;new;;;;;;18.10_26;removed;;
8044099934;Package;8044099934;;;;"Запчасти и аксессуары";;;;0;;;;;;new;;;;;;18.10_26;removed;;
8044099450;Package;8044099450;;;;"Запчасти и аксессуары";;;;0;;;;;;new;;;;;;18.10_26;removed;;
8044098421;Package;8044098421;;;;"Запчасти и аксессуары";;;;0;;;;;;new;;;;;;18.10_26;removed;;
8044098225;Package;8044098225;;;;"Запчасти и аксессуары";;;;0;;;;;;new;;;;;;18.10_26;removed;;
8044097666;Package;8044097666;;;;"Запчасти и аксессуары";;;;0;;;;;;new;;;;;;18.10_26;removed;;
8044097493;Package;8044097493;;;;"Запчасти и аксессуары";;;;0;;;;;;new;;;;;;18.10_26;removed;;
8044095928;Package;8044095928;;;;"Запчасти и аксессуары";;;;0;;;;;;new;;;;;;18.10_26;removed;;
8044095399;Package;8044095399;;;;"Запчасти и аксессуары";;;;0;;;;;;new;;;;;;18.10_26;removed;;
8044095171;Package;8044095171;;;;"Запчасти и аксессуары";;;;0;;;;;;new;;;;;;18.10_26;removed;;
8044093979;Package;8044093979;;;;"Запчасти и аксессуары";;;;0;;;;;;new;;;;;;18.10_26;removed;;
8044093128;Package;8044093128;;;;"Запчасти и аксессуары";;;;0;;;;;;new;;;;;;18.10_26;removed;;
8044089813;Package;8044089813;;;;"Запчасти и аксессуары";;;;0;;;;;;new;;;;;;18.10_26;removed;;
8044088265;Package;8044088265;;;;"Запчасти и аксессуары";;;;0;;;;;;new;;;;;;18.10_26;removed;;
8044082046;Package;8044082046;;;;"Запчасти и аксессуары";;;;0;;;;;;new;;;;;;18.10_26;removed;;
8044081618;Package;8044081618;;;;"Запчасти и аксессуары";;;;0;;;;;;new;;;;;;18.10_26;removed;;
8044080779;Package;8044080779;;;;"Запчасти и аксессуары";;;;0;;;;;;new;;;;;;18.10_26;removed;;
8044079647;Package;8044079647;;;;"Запчасти и аксессуары";;;;0;;;;;;new;;;;;;18.10_26;removed;;
8044078808;Package;8044078808;;;;"Запчасти и аксессуары";;;;0;;;;;;new;;;;;;18.10_26;removed;;
8044077624;Package;8044077624;;;;"Запчасти и аксессуары";;;;0;;;;;;new;;;;;;18.10_26;removed;;
8044077585;Package;8044077585;;;;"Запчасти и аксессуары";;;;0;;;;;;new;;;;;;18.10_26;removed;;
8044076477;Package;8044076477;;;;"Запчасти и аксессуары";;;;0;;;;;;new;;;;;;18.10_26;removed;;
8044076385;Package;8044076385;;;;"Запчасти и аксессуары";;;;0;;;;;;new;;;;;;18.10_26;removed;;
8044073260;Package;8044073260;;;;"Запчасти и аксессуары";;;;0;;;;;;new;;;;;;18.10_26;removed;;
8044072165;Package;8044072165;;;;"Запчасти и аксессуары";;;;0;;;;;;new;;;;;;18.10_26;removed;;
8044071707;Package;8044071707;;;;"Запчасти и аксессуары";;;;0;;;;;;new;;;;;;18.10_26;removed;;
8044071550;Package;8044071550;;;;"Запчасти и аксессуары";;;;0;;;;;;new;;;;;;18.10_26;removed;;
8044070432;Package;8044070432;;;;"Запчасти и аксессуары";;;;0;;;;;;new;;;;;;18.10_26;removed;;
8044070137;Package;8044070137;;;;"Запчасти и аксессуары";;;;0;;;;;;new;;;;;;18.10_26;removed;;
8044064170;Package;8044064170;;;;"Запчасти и аксессуары";;;;0;;;;;;new;;;;;;18.10_26;removed;;
8044063803;Package;8044063803;;;;"Запчасти и аксессуары";;;;0;;;;;;new;;;;;;18.10_26;removed;;
8044062921;Package;8044062921;;;;"Запчасти и аксессуары";;;;0;;;;;;new;;;;;;18.10_26;removed;;
8044062904;Package;8044062904;;;;"Запчасти и аксессуары";;;;0;;;;;;new;;;;;;18.10_26;removed;;
8044062843;Package;8044062843;;;;"Запчасти и аксессуары";;;;0;;;;;;new;;;;;;18.10_26;removed;;
8044062429;Package;8044062429;;;;"Запчасти и аксессуары";;;;0;;;;;;new;;;;;;18.10_26;removed;;
8044062418;Package;8044062418;;;;"Запчасти и аксессуары";;;;0;;;;;;new;;;;;;18.10_26;removed;;
8044062212;Package;8044062212;;;;"Запчасти и аксессуары";;;;0;;;;;;new;;;;;;18.10_26;removed;;
8044062050;Package;8044062050;;;;"Запчасти и аксессуары";;;;0;;;;;;new;;;;;;18.10_26;removed;;
8044061693;Package;8044061693;;;;"Запчасти и аксессуары";;;;0;;;;;;new;;;;;;18.10_26;removed;;
8044061232;Package;8044061232;;;;"Запчасти и аксессуары";;;;0;;;;;;new;;;;;;18.10_26;removed;;
8044060065;Package;8044060065;;;;"Запчасти и аксессуары";;;;0;;;;;;new;;;;;;18.10_26;removed;;
8044058984;Package;8044058984;;;;"Запчасти и аксессуары";;;;0;;;;;;new;;;;;;18.10_26;removed;;
8044058446;Package;8044058446;;;;"Запчасти и аксессуары";;;;0;;;;;;new;;;;;;18.10_26;removed;;
8044056388;Package;8044056388;;;;"Запчасти и аксессуары";;;;0;;;;;;new;;;;;;18.10_26;removed;;
8044052309;Package;8044052309;;;;"Запчасти и аксессуары";;;;0;;;;;;new;;;;;;18.10_26;removed;;
8044049550;Package;8044049550;;;;"Запчасти и аксессуары";;;;0;;;;;;new;;;;;;18.10_26;removed;;
8044048791;Package;8044048791;;;;"Запчасти и аксессуары";;;;0;;;;;;new;;;;;;18.10_26;removed;;
8044048601;Package;8044048601;;;;"Запчасти и аксессуары";;;;0;;;;;;new;;;;;;18.10_26;removed;;
8044047016;Package;8044047016;;;;"Запчасти и аксессуары";;;;0;;;;;;new;;;;;;18.10_26;removed;;
8044045700;Package;8044045700;;;;"Запчасти и аксессуары";;;;0;;;;;;new;;;;;;18.10_26;removed;;
8044044448;Package;8044044448;;;;"Запчасти и аксессуары";;;;0;;;;;;new;;;;;;18.10_26;removed;;
8044043792;Package;8044043792;;;;"Запчасти и аксессуары";;;;0;;;;;;new;;;;;;18.10_26;removed;;
8044043565;Package;8044043565;;;;"Запчасти и аксессуары";;;;0;;;;;;new;;;;;;18.10_26;removed;;
8044042364;Package;8044042364;;;;"Запчасти и аксессуары";;;;0;;;;;;new;;;;;;18.10_26;removed;;
8044039545;Package;8044039545;;;;"Запчасти и аксессуары";;;;0;;;;;;new;;;;;;18.10_26;removed;;
8044038913;Package;8044038913;;;;"Запчасти и аксессуары";;;;0;;;;;;new;;;;;;18.10_26;removed;;
8044036782;Package;8044036782;;;;"Запчасти и аксессуары";;;;0;;;;;;new;;;;;;18.10_26;removed;;
8044033509;Package;8044033509;;;;"Запчасти и аксессуары";;;;0;;;;;;new;;;;;;18.10_26;removed;;
8044032676;Package;8044032676;;;;"Запчасти и аксессуары";;;;0;;;;;;new;;;;;;18.10_26;removed;;
8044032541;Package;8044032541;;;;"Запчасти и аксессуары";;;;0;;;;;;new;;;;;;18.10_26;removed;;
8044031597;Package;8044031597;;;;"Запчасти и аксессуары";;;;0;;;;;;new;;;;;;18.10_26;removed;;
8044031326;Package;8044031326;;;;"Запчасти и аксессуары";;;;0;;;;;;new;;;;;;18.10_26;removed;;
8044030429;Package;8044030429;;;;"Запчасти и аксессуары";;;;0;;;;;;new;;;;;;18.10_26;removed;;
8044028769;Package;8044028769;;;;"Запчасти и аксессуары";;;;0;;;;;;new;;;;;;18.10_26;removed;;
8044026484;Package;8044026484;;;;"Запчасти и аксессуары";;;;0;;;;;;new;;;;;;18.10_26;removed;;
8044026428;Package;8044026428;;;;"Запчасти и аксессуары";;;;0;;;;;;new;;;;;;18.10_26;removed;;
8044024940;Package;8044024940;;;;"Запчасти и аксессуары";;;;0;;;;;;new;;;;;;18.10_26;removed;;
8044024805;Package;8044024805;;;;"Запчасти и аксессуары";;;;0;;;;;;new;;;;;;18.10_26;removed;;
8044024696;Package;8044024696;;;;"Запчасти и аксессуары";;;;0;;;;;;new;;;;;;18.10_26;removed;;
8044024400;Package;8044024400;;;;"Запчасти и аксессуары";;;;0;;;;;;new;;;;;;18.10_26;removed;;
8044023140;Package;8044023140;;;;"Запчасти и аксессуары";;;;0;;;;;;new;;;;;;18.10_26;removed;;
8044022309;Package;8044022309;;;;"Запчасти и аксессуары";;;;0;;;;;;new;;;;;;18.10_26;removed;;
8044021972;Package;8044021972;;;;"Запчасти и аксессуары";;;;0;;;;;;new;;;;;;18.10_26;removed;;
8044020681;Package;8044020681;;;;"Запчасти и аксессуары";;;;0;;;;;;new;;;;;;18.10_26;removed;;
8044018980;Package;8044018980;;;;"Запчасти и аксессуары";;;;0;;;;;;new;;;;;;18.10_26;removed;;
8044017894;Package;8044017894;;;;"Запчасти и аксессуары";;;;0;;;;;;new;;;;;;18.10_26;removed;;
8044016790;Package;8044016790;;;;"Запчасти и аксессуары";;;;0;;;;;;new;;;;;;18.10_26;removed;;
8044016777;Package;8044016777;;;;"Запчасти и аксессуары";;;;0;;;;;;new;;;;;;18.10_26;removed;;
8044016716;Package;8044016716;;;;"Запчасти и аксессуары";;;;0;;;;;;new;;;;;;18.10_26;removed;;
8044013196;Package;8044013196;;;;"Запчасти и аксессуары";;;;0;;;;;;new;;;;;;18.10_26;removed;;
8044012869;Package;8044012869;;;;"Запчасти и аксессуары";;;;0;;;;;;new;;;;;;18.10_26;removed;;
8044012710;Package;8044012710;;;;"Запчасти и аксессуары";;;;0;;;;;;new;;;;;;18.10_26;removed;;
8044012078;Package;8044012078;;;;"Запчасти и аксессуары";;;;0;;;;;;new;;;;;;18.10_26;removed;;
8044011088;Package;8044011088;;;;"Запчасти и аксессуары";;;;0;;;;;;new;;;;;;18.10_26;removed;;
8044010949;Package;8044010949;;;;"Запчасти и аксессуары";;;;0;;;;;;new;;;;;;18.10_26;removed;;
8044010846;Package;8044010846;;;;"Запчасти и аксессуары";;;;0;;;;;;new;;;;;;18.10_26;removed;;
8044009895;Package;8044009895;;;;"Запчасти и аксессуары";;;;0;;;;;;new;;;;;;18.10_26;removed;;
8044008626;Package;8044008626;;;;"Запчасти и аксессуары";;;;0;;;;;;new;;;;;;18.10_26;removed;;
8044006906;Package;8044006906;;;;"Запчасти и аксессуары";;;;0;;;;;;new;;;;;;18.10_26;removed;;
8044006592;Package;8044006592;;;;"Запчасти и аксессуары";;;;0;;;;;;new;;;;;;18.10_26;removed;;
8044003023;Package;8044003023;;;;"Запчасти и аксессуары";;;;0;;;;;;new;;;;;;18.10_26;removed;;
8044000210;Package;8044000210;;;;"Запчасти и аксессуары";;;;0;;;;;;new;;;;;;18.10_26;removed;;
8043999038;Package;8043999038;;;;"Запчасти и аксессуары";;;;0;;;;;;new;;;;;;18.10_26;removed;;
8043998130;Package;8043998130;;;;"Запчасти и аксессуары";;;;0;;;;;;new;;;;;;18.10_26;removed;;
8043996945;Package;8043996945;;;;"Запчасти и аксессуары";;;;0;;;;;;new;;;;;;18.10_26;removed;;
8043996550;Package;8043996550;;;;"Запчасти и аксессуары";;;;0;;;;;;new;;;;;;18.10_26;removed;;
8043994404;Package;8043994404;;;;"Запчасти и аксессуары";;;;0;;;;;;new;;;;;;18.10_26;removed;;
8043992390;Package;8043992390;;;;"Запчасти и аксессуары";;;;0;;;;;;new;;;;;;18.10_26;removed;;
8043992253;Package;8043992253;;;;"Запчасти и аксессуары";;;;0;;;;;;new;;;;;;18.10_26;removed;;
8043992099;Package;8043992099;;;;"Запчасти и аксессуары";;;;0;;;;;;new;;;;;;18.10_26;removed;;
8043988652;Package;8043988652;;;;"Запчасти и аксессуары";;;;0;;;;;;new;;;;;;18.10_26;removed;;
8043985008;Package;8043985008;;;;"Запчасти и аксессуары";;;;0;;;;;;new;;;;;;18.10_26;removed;;
8043981749;Package;8043981749;;;;"Запчасти и аксессуары";;;;0;;;;;;new;;;;;;18.10_26;removed;;
8043980558;Package;8043980558;;;;"Запчасти и аксессуары";;;;0;;;;;;new;;;;;;18.10_26;removed;;
8043978298;Package;8043978298;;;;"Запчасти и аксессуары";;;;0;;;;;;new;;;;;;18.10_26;removed;;
8043977504;Package;8043977504;;;;"Запчасти и аксессуары";;;;0;;;;;;new;;;;;;18.10_26;removed;;
8043975707;Package;8043975707;;;;"Запчасти и аксессуары";;;;0;;;;;;new;;;;;;18.10_26;removed;;
8043974488;Package;8043974488;;;;"Запчасти и аксессуары";;;;0;;;;;;new;;;;;;18.10_26;removed;;
8043973863;Package;8043973863;;;;"Запчасти и аксессуары";;;;0;;;;;;new;;;;;;18.10_26;removed;;
8043972919;Package;8043972919;;;;"Запчасти и аксессуары";;;;0;;;;;;new;;;;;;18.10_26;removed;;
8043972305;Package;8043972305;;;;"Запчасти и аксессуары";;;;0;;;;;;new;;;;;;18.10_26;removed;;
8043969708;Package;8043969708;;;;"Запчасти и аксессуары";;;;0;;;;;;new;;;;;;18.10_26;removed;;
8043967478;Package;8043967478;;;;"Запчасти и аксессуары";;;;0;;;;;;new;;;;;;18.10_26;removed;;
8043967080;Package;8043967080;;;;"Запчасти и аксессуары";;;;0;;;;;;new;;;;;;18.10_26;removed;;
8043965271;Package;8043965271;;;;"Запчасти и аксессуары";;;;0;;;;;;new;;;;;;18.10_26;removed;;
8043964807;Package;8043964807;;;;"Запчасти и аксессуары";;;;0;;;;;;new;;;;;;18.10_26;removed;;
8043964443;Package;8043964443;;;;"Запчасти и аксессуары";;;;0;;;;;;new;;;;;;18.10_26;removed;;
8043962520;Package;8043962520;;;;"Запчасти и аксессуары";;;;0;;;;;;new;;;;;;18.10_26;removed;;
8043956767;Package;8043956767;;;;"Запчасти и аксессуары";;;;0;;;;;;new;;;;;;18.10_26;removed;;
8043956688;Package;8043956688;;;;"Запчасти и аксессуары";;;;0;;;;;;new;;;;;;18.10_26;removed;;
8043956511;Package;8043956511;;;;"Запчасти и аксессуары";;;;0;;;;;;new;;;;;;18.10_26;removed;;
8043954807;Package;8043954807;;;;"Запчасти и аксессуары";;;;0;;;;;;new;;;;;;18.10_26;removed;;
8043954214;Package;8043954214;;;;"Запчасти и аксессуары";;;;0;;;;;;new;;;;;;18.10_26;removed;;
8043952806;Package;8043952806;;;;"Запчасти и аксессуары";;;;0;;;;;;new;;;;;;18.10_26;removed;;
8043951234;Package;8043951234;;;;"Запчасти и аксессуары";;;;0;;;;;;new;;;;;;18.10_26;removed;;
8043950612;Package;8043950612;;;;"Запчасти и аксессуары";;;;0;;;;;;new;;;;;;18.10_26;removed;;
8043950219;Package;8043950219;;;;"Запчасти и аксессуары";;;;0;;;;;;new;;;;;;18.10_26;removed;;
8043948857;Package;8043948857;;;;"Запчасти и аксессуары";;;;0;;;;;;new;;;;;;18.10_26;removed;;
8043948570;Package;8043948570;;;;"Запчасти и аксессуары";;;;0;;;;;;new;;;;;;18.10_26;removed;;
8043947107;Package;8043947107;;;;"Запчасти и аксессуары";;;;0;;;;;;new;;;;;;18.10_26;removed;;
8043946949;Package;8043946949;;;;"Запчасти и аксессуары";;;;0;;;;;;new;;;;;;18.10_26;removed;;
8043946605;Package;8043946605;;;;"Запчасти и аксессуары";;;;0;;;;;;new;;;;;;18.10_26;removed;;
8043945817;Package;8043945817;;;;"Запчасти и аксессуары";;;;0;;;;;;new;;;;;;18.10_26;removed;;
8043944869;Package;8043944869;;;;"Запчасти и аксессуары";;;;0;;;;;;new;;;;;;18.10_26;removed;;
8043944629;Package;8043944629;;;;"Запчасти и аксессуары";;;;0;;;;;;new;;;;;;18.10_26;removed;;
8043943999;Package;8043943999;;;;"Запчасти и аксессуары";;;;0;;;;;;new;;;;;;18.10_26;removed;;
8043940894;Package;8043940894;;;;"Запчасти и аксессуары";;;;0;;;;;;new;;;;;;18.10_26;removed;;
8043938925;Package;8043938925;;;;"Запчасти и аксессуары";;;;0;;;;;;new;;;;;;18.10_26;removed;;
8043938595;Package;8043938595;;;;"Запчасти и аксессуары";;;;0;;;;;;new;;;;;;18.10_26;removed;;
8043934214;Package;8043934214;;;;"Запчасти и аксессуары";;;;0;;;;;;new;;;;;;18.10_26;removed;;
8043933870;Package;8043933870;;;;"Запчасти и аксессуары";;;;0;;;;;;new;;;;;;18.10_26;removed;;
8043933648;Package;8043933648;;;;"Запчасти и аксессуары";;;;0;;;;;;new;;;;;;18.10_26;removed;;
8043932799;Package;8043932799;;;;"Запчасти и аксессуары";;;;0;;;;;;new;;;;;;18.10_26;removed;;
8043931425;Package;8043931425;;;;"Запчасти и аксессуары";;;;0;;;;;;new;;;;;;18.10_26;removed;;
8043931028;Package;8043931028;;;;"Запчасти и аксессуары";;;;0;;;;;;new;;;;;;18.10_26;removed;;
8043929513;Package;8043929513;;;;"Запчасти и аксессуары";;;;0;;;;;;new;;;;;;18.10_26;removed;;
8043929425;Package;8043929425;;;;"Запчасти и аксессуары";;;;0;;;;;;new;;;;;;18.10_26;removed;;
8043927996;Package;8043927996;;;;"Запчасти и аксессуары";;;;0;;;;;;new;;;;;;18.10_26;removed;;
8043926982;Package;8043926982;;;;"Запчасти и аксессуары";;;;0;;;;;;new;;;;;;18.10_26;removed;;
8043923596;Package;8043923596;;;;"Запчасти и аксессуары";;;;0;;;;;;new;;;;;;18.10_26;removed;;
8043922383;Package;8043922383;;;;"Запчасти и аксессуары";;;;0;;;;;;new;;;;;;18.10_26;removed;;
8043918815;Package;8043918815;;;;"Запчасти и аксессуары";;;;0;;;;;;new;;;;;;18.10_26;removed;;
8043916816;Package;8043916816;;;;"Запчасти и аксессуары";;;;0;;;;;;new;;;;;;18.10_26;removed;;
8043915458;Package;8043915458;;;;"Запчасти и аксессуары";;;;0;;;;;;new;;;;;;18.10_26;removed;;
8043914531;Package;8043914531;;;;"Запчасти и аксессуары";;;;0;;;;;;new;;;;;;18.10_26;removed;;
8043913923;Package;8043913923;;;;"Запчасти и аксессуары";;;;0;;;;;;new;;;;;;18.10_26;removed;;
8043911999;Package;8043911999;;;;"Запчасти и аксессуары";;;;0;;;;;;new;;;;;;18.10_26;removed;;
8043911489;Package;8043911489;;;;"Запчасти и аксессуары";;;;0;;;;;;new;;;;;;18.10_26;removed;;
8043911370;Package;8043911370;;;;"Запчасти и аксессуары";;;;0;;;;;;new;;;;;;18.10_26;removed;;
8043908655;Package;8043908655;;;;"Запчасти и аксессуары";;;;0;;;;;;new;;;;;;18.10_26;removed;;
8043908097;Package;8043908097;;;;"Запчасти и аксессуары";;;;0;;;;;;new;;;;;;18.10_26;removed;;
8043907550;Package;8043907550;;;;"Запчасти и аксессуары";;;;0;;;;;;new;;;;;;18.10_26;removed;;
8043906872;Package;8043906872;;;;"Запчасти и аксессуары";;;;0;;;;;;new;;;;;;18.10_26;removed;;
8043905800;Package;8043905800;;;;"Запчасти и аксессуары";;;;0;;;;;;new;;;;;;18.10_26;removed;;
8043905680;Package;8043905680;;;;"Запчасти и аксессуары";;;;0;;;;;;new;;;;;;18.10_26;removed;;
8043904153;Package;8043904153;;;;"Запчасти и аксессуары";;;;0;;;;;;new;;;;;;18.10_26;removed;;
8043901629;Package;8043901629;;;;"Запчасти и аксессуары";;;;0;;;;;;new;;;;;;18.10_26;removed;;
8012904498;Package;8012904498;;;;"Запчасти и аксессуары";;;;0;;;;;;new;;;;;;18.10_26;removed;;
8012903302;Package;8012903302;;;;"Запчасти и аксессуары";;;;0;;;;;;new;;;;;;18.10_26;removed;;
8012902571;Package;8012902571;;;;"Запчасти и аксессуары";;;;0;;;;;;new;;;;;;18.10_26;removed;;
8012901320;Package;8012901320;;;;"Запчасти и аксессуары";;;;0;;;;;;new;;;;;;18.10_26;removed;;
8012893411;Package;8012893411;;;;"Запчасти и аксессуары";;;;0;;;;;;new;;;;;;18.10_26;removed;;
8012892007;Package;8012892007;;;;"Запчасти и аксессуары";;;;0;;;;;;new;;;;;;18.10_26;removed;;
8012890576;Package;8012890576;;;;"Запчасти и аксессуары";;;;0;;;;;;new;;;;;;18.10_26;removed;;
8012888849;Package;8012888849;;;;"Запчасти и аксессуары";;;;0;;;;;;new;;;;;;18.10_26;removed;;
8012887340;Package;8012887340;;;;"Запчасти и аксессуары";;;;0;;;;;;new;;;;;;18.10_26;removed;;
8012887109;Package;8012887109;;;;"Запчасти и аксессуары";;;;0;;;;;;new;;;;;;18.10_26;removed;;
8012886018;Package;8012886018;;;;"Запчасти и аксессуары";;;;0;;;;;;new;;;;;;18.10_26;removed;;
8012883560;Package;8012883560;;;;"Запчасти и аксессуары";;;;0;;;;;;new;;;;;;18.10_26;removed;;
8012883054;Package;8012883054;;;;"Запчасти и аксессуары";;;;0;;;;;;new;;;;;;18.10_26;removed;;
8012880425;Package;8012880425;;;;"Запчасти и аксессуары";;;;0;;;;;;new;;;;;;18.10_26;removed;;
8012872147;Package;8012872147;;;;"Запчасти и аксессуары";;;;0;;;;;;new;;;;;;18.10_26;removed;;
8012869826;Package;8012869826;;;;"Запчасти и аксессуары";;;;0;;;;;;new;;;;;;18.10_26;removed;;
8012863521;Package;8012863521;;;;"Запчасти и аксессуары";;;;0;;;;;;new;;;;;;18.10_26;removed;;
8012862648;Package;8012862648;;;;"Запчасти и аксессуары";;;;0;;;;;;new;;;;;;18.10_26;removed;;
8012861075;Package;8012861075;;;;"Запчасти и аксессуары";;;;0;;;;;;new;;;;;;18.10_26;removed;;
8012854958;Package;8012854958;;;;"Запчасти и аксессуары";;;;0;;;;;;new;;;;;;18.10_26;removed;;
8012854359;Package;8012854359;;;;"Запчасти и аксессуары";;;;0;;;;;;new;;;;;;18.10_26;removed;;
8012852181;Package;8012852181;;;;"Запчасти и аксессуары";;;;0;;;;;;new;;;;;;18.10_26;removed;;
8012851331;Package;8012851331;;;;"Запчасти и аксессуары";;;;0;;;;;;new;;;;;;18.10_26;removed;;
8012849977;Package;8012849977;;;;"Запчасти и аксессуары";;;;0;;;;;;new;;;;;;18.10_26;removed;;
8012848857;Package;8012848857;;;;"Запчасти и аксессуары";;;;0;;;;;;new;;;;;;18.10_26;removed;;
8012847880;Package;8012847880;;;;"Запчасти и аксессуары";;;;0;;;;;;new;;;;;;18.10_26;removed;;
8012847339;Package;8012847339;;;;"Запчасти и аксессуары";;;;0;;;;;;new;;;;;;18.10_26;removed;;
8012844965;Package;8012844965;;;;"Запчасти и аксессуары";;;;0;;;;;;new;;;;;;18.10_26;removed;;
8012844857;Package;8012844857;;;;"Запчасти и аксессуары";;;;0;;;;;;new;;;;;;18.10_26;removed;;
8012844622;Package;8012844622;;;;"Запчасти и аксессуары";;;;0;;;;;;new;;;;;;18.10_26;removed;;
8012840877;Package;8012840877;;;;"Запчасти и аксессуары";;;;0;;;;;;new;;;;;;18.10_26;removed;;
8012839191;Package;8012839191;;;;"Запчасти и аксессуары";;;;0;;;;;;new;;;;;;18.10_26;removed;;
8012837609;Package;8012837609;;;;"Запчасти и аксессуары";;;;0;;;;;;new;;;;;;18.10_26;removed;;
8012837454;Package;8012837454;;;;"Запчасти и аксессуары";;;;0;;;;;;new;;;;;;18.10_26;removed;;
8012835166;Package;8012835166;;;;"Запчасти и аксессуары";;;;0;;;;;;new;;;;;;18.10_26;removed;;
8012835078;Package;8012835078;;;;"Запчасти и аксессуары";;;;0;;;;;;new;;;;;;18.10_26;removed;;
8012834528;Package;8012834528;;;;"Запчасти и аксессуары";;;;0;;;;;;new;;;;;;18.10_26;removed;;
8012833784;Package;8012833784;;;;"Запчасти и аксессуары";;;;0;;;;;;new;;;;;;18.10_26;removed;;
8012832744;Package;8012832744;;;;"Запчасти и аксессуары";;;;0;;;;;;new;;;;;;18.10_26;removed;;
8012828405;Package;8012828405;;;;"Запчасти и аксессуары";;;;0;;;;;;new;;;;;;18.10_26;removed;;
8012828316;Package;8012828316;;;;"Запчасти и аксессуары";;;;0;;;;;;new;;;;;;18.10_26;removed;;
8012827426;Package;8012827426;;;;"Запчасти и аксессуары";;;;0;;;;;;new;;;;;;18.10_26;removed;;
8012823810;Package;8012823810;;;;"Запчасти и аксессуары";;;;0;;;;;;new;;;;;;18.10_26;removed;;
8012822856;Package;8012822856;;;;"Запчасти и аксессуары";;;;0;;;;;;new;;;;;;18.10_26;removed;;
8012821265;Package;8012821265;;;;"Запчасти и аксессуары";;;;0;;;;;;new;;;;;;18.10_26;removed;;
8012817442;Package;8012817442;;;;"Запчасти и аксессуары";;;;0;;;;;;new;;;;;;18.10_26;removed;;
8012817222;Package;8012817222;;;;"Запчасти и аксессуары";;;;0;;;;;;new;;;;;;18.10_26;removed;;
8012816827;Package;8012816827;;;;"Запчасти и аксессуары";;;;0;;;;;;new;;;;;;18.10_26;removed;;
8012811367;Package;8012811367;;;;"Запчасти и аксессуары";;;;0;;;;;;new;;;;;;18.10_26;removed;;
8012811174;Package;8012811174;;;;"Запчасти и аксессуары";;;;0;;;;;;new;;;;;;18.10_26;removed;;
8012807561;Package;8012807561;;;;"Запчасти и аксессуары";;;;0;;;;;;new;;;;;;18.10_26;removed;;
8012806508;Package;8012806508;;;;"Запчасти и аксессуары";;;;0;;;;;;new;;;;;;18.10_26;removed;;
8012802212;Package;8012802212;;;;"Запчасти и аксессуары";;;;0;;;;;;new;;;;;;18.10_26;removed;;
8012800004;Package;8012800004;;;;"Запчасти и аксессуары";;;;0;;;;;;new;;;;;;18.10_26;removed;;
8012798427;Package;8012798427;;;;"Запчасти и аксессуары";;;;0;;;;;;new;;;;;;18.10_26;removed;;
8012795811;Package;8012795811;;;;"Запчасти и аксессуары";;;;0;;;;;;new;;;;;;18.10_26;removed;;
8012795359;Package;8012795359;;;;"Запчасти и аксессуары";;;;0;;;;;;new;;;;;;18.10_26;removed;;
8012795084;Package;8012795084;;;;"Запчасти и аксессуары";;;;0;;;;;;new;;;;;;18.10_26;removed;;
8012792285;Package;8012792285;;;;"Запчасти и аксессуары";;;;0;;;;;;new;;;;;;18.10_26;removed;;
8012787851;Package;8012787851;;;;"Запчасти и аксессуары";;;;0;;;;;;new;;;;;;18.10_26;removed;;
8012787492;Package;8012787492;;;;"Запчасти и аксессуары";;;;0;;;;;;new;;;;;;18.10_26;removed;;
8012779745;Package;8012779745;;;;"Запчасти и аксессуары";;;;0;;;;;;new;;;;;;18.10_26;removed;;
8012779562;Package;8012779562;;;;"Запчасти и аксессуары";;;;0;;;;;;new;;;;;;18.10_26;removed;;
8012778210;Package;8012778210;;;;"Запчасти и аксессуары";;;;0;;;;;;new;;;;;;18.10_26;removed;;
8012777802;Package;8012777802;;;;"Запчасти и аксессуары";;;;0;;;;;;new;;;;;;18.10_26;removed;;
8012776578;Package;8012776578;;;;"Запчасти и аксессуары";;;;0;;;;;;new;;;;;;18.10_26;removed;;
8012775547;Package;8012775547;;;;"Запчасти и аксессуары";;;;0;;;;;;new;;;;;;18.10_26;removed;;
8012773797;Package;8012773797;;;;"Запчасти и аксессуары";;;;0;;;;;;new;;;;;;18.10_26;removed;;
8012772381;Package;8012772381;;;;"Запчасти и аксессуары";;;;0;;;;;;new;;;;;;18.10_26;removed;;
8012772030;Package;8012772030;;;;"Запчасти и аксессуары";;;;0;;;;;;new;;;;;;18.10_26;removed;;
8012770859;Package;8012770859;;;;"Запчасти и аксессуары";;;;0;;;;;;new;;;;;;18.10_26;removed;;
8012770290;Package;8012770290;;;;"Запчасти и аксессуары";;;;0;;;;;;new;;;;;;18.10_26;removed;;
8012768002;Package;8012768002;;;;"Запчасти и аксессуары";;;;0;;;;;;new;;;;;;18.10_26;removed;;
8012763671;Package;8012763671;;;;"Запчасти и аксессуары";;;;0;;;;;;new;;;;;;18.10_26;removed;;
8012762359;Package;8012762359;;;;"Запчасти и аксессуары";;;;0;;;;;;new;;;;;;18.10_26;removed;;
8012761531;Package;8012761531;;;;"Запчасти и аксессуары";;;;0;;;;;;new;;;;;;18.10_26;removed;;
8012760433;Package;8012760433;;;;"Запчасти и аксессуары";;;;0;;;;;;new;;;;;;18.10_26;removed;;
8012759804;Package;8012759804;;;;"Запчасти и аксессуары";;;;0;;;;;;new;;;;;;18.10_26;removed;;
8012758650;Package;8012758650;;;;"Запчасти и аксессуары";;;;0;;;;;;new;;;;;;18.10_26;removed;;
8012757448;Package;8012757448;;;;"Запчасти и аксессуары";;;;0;;;;;;new;;;;;;18.10_26;removed;;
8012750840;Package;8012750840;;;;"Запчасти и аксессуары";;;;0;;;;;;new;;;;;;18.10_26;removed;;
8012748803;Package;8012748803;;;;"Запчасти и аксессуары";;;;0;;;;;;new;;;;;;18.10_26;removed;;
8012748595;Package;8012748595;;;;"Запчасти и аксессуары";;;;0;;;;;;new;;;;;;18.10_26;removed;;
8012742796;Package;8012742796;;;;"Запчасти и аксессуары";;;;0;;;;;;new;;;;;;18.10_26;removed;;
8012740769;Package;8012740769;;;;"Запчасти и аксессуары";;;;0;;;;;;new;;;;;;18.10_26;removed;;
8012739451;Package;8012739451;;;;"Запчасти и аксессуары";;;;0;;;;;;new;;;;;;18.10_26;removed;;
8012738096;Package;8012738096;;;;"Запчасти и аксессуары";;;;0;;;;;;new;;;;;;18.10_26;removed;;
8012736562;Package;8012736562;;;;"Запчасти и аксессуары";;;;0;;;;;;new;;;;;;18.10_26;removed;;
8012735526;Package;8012735526;;;;"Запчасти и аксессуары";;;;0;;;;;;new;;;;;;18.10_26;removed;;
8012733206;Package;8012733206;;;;"Запчасти и аксессуары";;;;0;;;;;;new;;;;;;18.10_26;removed;;
8012727415;Package;8012727415;;;;"Запчасти и аксессуары";;;;0;;;;;;new;;;;;;18.10_26;removed;;
8012724999;Package;8012724999;;;;"Запчасти и аксессуары";;;;0;;;;;;new;;;;;;18.10_26;removed;;
8012721853;Package;8012721853;;;;"Запчасти и аксессуары";;;;0;;;;;;new;;;;;;18.10_26;removed;;
8012719645;Package;8012719645;;;;"Запчасти и аксессуары";;;;0;;;;;;new;;;;;;18.10_26;removed;;
8012715539;Package;8012715539;;;;"Запчасти и аксессуары";;;;0;;;;;;new;;;;;;18.10_26;removed;;
8012714814;Package;8012714814;;;;"Запчасти и аксессуары";;;;0;;;;;;new;;;;;;18.10_26;removed;;
8012713515;Package;8012713515;;;;"Запчасти и аксессуары";;;;0;;;;;;new;;;;;;18.10_26;removed;;
8012712919;Package;8012712919;;;;"Запчасти и аксессуары";;;;0;;;;;;new;;;;;;18.10_26;removed;;
8012710878;Package;8012710878;;;;"Запчасти и аксессуары";;;;0;;;;;;new;;;;;;18.10_26;removed;;
8012710862;Package;8012710862;;;;"Запчасти и аксессуары";;;;0;;;;;;new;;;;;;18.10_26;removed;;
8012705727;Package;8012705727;;;;"Запчасти и аксессуары";;;;0;;;;;;new;;;;;;18.10_26;removed;;
8012704994;Package;8012704994;;;;"Запчасти и аксессуары";;;;0;;;;;;new;;;;;;18.10_26;removed;;
8012703746;Package;8012703746;;;;"Запчасти и аксессуары";;;;0;;;;;;new;;;;;;18.10_26;removed;;
8012700376;Package;8012700376;;;;"Запчасти и аксессуары";;;;0;;;;;;new;;;;;;18.10_26;removed;;
8012698649;Package;8012698649;;;;"Запчасти и аксессуары";;;;0;;;;;;new;;;;;;18.10_26;removed;;
8012697659;Package;8012697659;;;;"Запчасти и аксессуары";;;;0;;;;;;new;;;;;;18.10_26;removed;;
8012694018;Package;8012694018;;;;"Запчасти и аксессуары";;;;0;;;;;;new;;;;;;18.10_26;removed;;
8012693508;Package;8012693508;;;;"Запчасти и аксессуары";;;;0;;;;;;new;;;;;;18.10_26;removed;;
8012693453;Package;8012693453;;;;"Запчасти и аксессуары";;;;0;;;;;;new;;;;;;18.10_26;removed;;
8012691852;Package;8012691852;;;;"Запчасти и аксессуары";;;;0;;;;;;new;;;;;;18.10_26;removed;;
8012689818;Package;8012689818;;;;"Запчасти и аксессуары";;;;0;;;;;;new;;;;;;18.10_26;removed;;
8012689516;Package;8012689516;;;;"Запчасти и аксессуары";;;;0;;;;;;new;;;;;;18.10_26;removed;;
8012676393;Package;8012676393;;;;"Запчасти и аксессуары";;;;0;;;;;;new;;;;;;18.10_26;removed;;
8012676116;Package;8012676116;;;;"Запчасти и аксессуары";;;;0;;;;;;new;;;;;;18.10_26;removed;;
8012671273;Package;8012671273;;;;"Запчасти и аксессуары";;;;0;;;;;;new;;;;;;18.10_26;removed;;
8012669892;Package;8012669892;;;;"Запчасти и аксессуары";;;;0;;;;;;new;;;;;;18.10_26;removed;;
8012668105;Package;8012668105;;;;"Запчасти и аксессуары";;;;0;;;;;;new;;;;;;18.10_26;removed;;
8012665833;Package;8012665833;;;;"Запчасти и аксессуары";;;;0;;;;;;new;;;;;;18.10_26;removed;;
8012665823;Package;8012665823;;;;"Запчасти и аксессуары";;;;0;;;;;;new;;;;;;18.10_26;removed;;
8012662158;Package;8012662158;;;;"Запчасти и аксессуары";;;;0;;;;;;new;;;;;;18.10_26;removed;;
8012659545;Package;8012659545;;;;"Запчасти и аксессуары";;;;0;;;;;;new;;;;;;18.10_26;removed;;
8012657199;Package;8012657199;;;;"Запчасти и аксессуары";;;;0;;;;;;new;;;;;;18.10_26;removed;;
8012652762;Package;8012652762;;;;"Запчасти и аксессуары";;;;0;;;;;;new;;;;;;18.10_26;removed;;
8012652651;Package;8012652651;;;;"Запчасти и аксессуары";;;;0;;;;;;new;;;;;;18.10_26;removed;;
8012652122;Package;8012652122;;;;"Запчасти и аксессуары";;;;0;;;;;;new;;;;;;18.10_26;removed;;
8012651485;Package;8012651485;;;;"Запчасти и аксессуары";;;;0;;;;;;new;;;;;;18.10_26;removed;;
8012646170;Package;8012646170;;;;"Запчасти и аксессуары";;;;0;;;;;;new;;;;;;18.10_26;removed;;
8012644800;Package;8012644800;;;;"Запчасти и аксессуары";;;;0;;;;;;new;;;;;;18.10_26;removed;;
8012644715;Package;8012644715;;;;"Запчасти и аксессуары";;;;0;;;;;;new;;;;;;18.10_26;removed;;
8012640304;Package;8012640304;;;;"Запчасти и аксессуары";;;;0;;;;;;new;;;;;;18.10_26;removed;;
8012635817;Package;8012635817;;;;"Запчасти и аксессуары";;;;0;;;;;;new;;;;;;18.10_26;removed;;
8012627872;Package;8012627872;;;;"Запчасти и аксессуары";;;;0;;;;;;new;;;;;;18.10_26;removed;;
8012625762;Package;8012625762;;;;"Запчасти и аксессуары";;;;0;;;;;;new;;;;;;18.10_26;removed;;
8012623810;Package;8012623810;;;;"Запчасти и аксессуары";;;;0;;;;;;new;;;;;;18.10_26;removed;;
8012623440;Package;8012623440;;;;"Запчасти и аксессуары";;;;0;;;;;;new;;;;;;18.10_26;removed;;
8012622585;Package;8012622585;;;;"Запчасти и аксессуары";;;;0;;;;;;new;;;;;;18.10_26;removed;;
8012615669;Package;8012615669;;;;"Запчасти и аксессуары";;;;0;;;;;;new;;;;;;18.10_26;removed;;
8012611217;Package;8012611217;;;;"Запчасти и аксессуары";;;;0;;;;;;new;;;;;;18.10_26;removed;;
8012609481;Package;8012609481;;;;"Запчасти и аксессуары";;;;0;;;;;;new;;;;;;18.10_26;removed;;
8012609376;Package;8012609376;;;;"Запчасти и аксессуары";;;;0;;;;;;new;;;;;;18.10_26;removed;;
8012609027;Package;8012609027;;;;"Запчасти и аксессуары";;;;0;;;;;;new;;;;;;18.10_26;removed;;
8012608980;Package;8012608980;;;;"Запчасти и аксессуары";;;;0;;;;;;new;;;;;;18.10_26;removed;;
8012604860;Package;8012604860;;;;"Запчасти и аксессуары";;;;0;;;;;;new;;;;;;18.10_26;removed;;
8012604322;Package;8012604322;;;;"Запчасти и аксессуары";;;;0;;;;;;new;;;;;;18.10_26;removed;;
8012604110;Package;8012604110;;;;"Запчасти и аксессуары";;;;0;;;;;;new;;;;;;18.10_26;removed;;
8012604075;Package;8012604075;;;;"Запчасти и аксессуары";;;;0;;;;;;new;;;;;;18.10_26;removed;;
8012600722;Package;8012600722;;;;"Запчасти и аксессуары";;;;0;;;;;;new;;;;;;18.10_26;removed;;
8012600133;Package;8012600133;;;;"Запчасти и аксессуары";;;;0;;;;;;new;;;;;;18.10_26;removed;;
8012599452;Package;8012599452;;;;"Запчасти и аксессуары";;;;0;;;;;;new;;;;;;18.10_26;removed;;
8012598996;Package;8012598996;;;;"Запчасти и аксессуары";;;;0;;;;;;new;;;;;;18.10_26;removed;;
8012598553;Package;8012598553;;;;"Запчасти и аксессуары";;;;0;;;;;;new;;;;;;18.10_26;removed;;
8012597996;Package;8012597996;;;;"Запчасти и аксессуары";;;;0;;;;;;new;;;;;;18.10_26;removed;;
8012594492;Package;8012594492;;;;"Запчасти и аксессуары";;;;0;;;;;;new;;;;;;18.10_26;removed;;
8012593582;Package;8012593582;;;;"Запчасти и аксессуары";;;;0;;;;;;new;;;;;;18.10_26;removed;;
8012591522;Package;8012591522;;;;"Запчасти и аксессуары";;;;0;;;;;;new;;;;;;18.10_26;removed;;
8012588488;Package;8012588488;;;;"Запчасти и аксессуары";;;;0;;;;;;new;;;;;;18.10_26;removed;;
8012587919;Package;8012587919;;;;"Запчасти и аксессуары";;;;0;;;;;;new;;;;;;18.10_26;removed;;
8012586859;Package;8012586859;;;;"Запчасти и аксессуары";;;;0;;;;;;new;;;;;;18.10_26;removed;;
8012583943;Package;8012583943;;;;"Запчасти и аксессуары";;;;0;;;;;;new;;;;;;18.10_26;removed;;
8012583109;Package;8012583109;;;;"Запчасти и аксессуары";;;;0;;;;;;new;;;;;;18.10_26;removed;;
8012580965;Package;8012580965;;;;"Запчасти и аксессуары";;;;0;;;;;;new;;;;;;18.10_26;removed;;
8012580808;Package;8012580808;;;;"Запчасти и аксессуары";;;;0;;;;;;new;;;;;;18.10_26;removed;;
8012579982;Package;8012579982;;;;"Запчасти и аксессуары";;;;0;;;;;;new;;;;;;18.10_26;removed;;
8012575432;Package;8012575432;;;;"Запчасти и аксессуары";;;;0;;;;;;new;;;;;;18.10_26;removed;;
8012575037;Package;8012575037;;;;"Запчасти и аксессуары";;;;0;;;;;;new;;;;;;18.10_26;removed;;
8012574755;Package;8012574755;;;;"Запчасти и аксессуары";;;;0;;;;;;new;;;;;;18.10_26;removed;;
8012573389;Package;8012573389;;;;"Запчасти и аксессуары";;;;0;;;;;;new;;;;;;18.10_26;removed;;
8012567362;Package;8012567362;;;;"Запчасти и аксессуары";;;;0;;;;;;new;;;;;;18.10_26;removed;;
8012565304;Package;8012565304;;;;"Запчасти и аксессуары";;;;0;;;;;;new;;;;;;18.10_26;removed;;
8012562589;Package;8012562589;;;;"Запчасти и аксессуары";;;;0;;;;;;new;;;;;;18.10_26;removed;;
8012559321;Package;8012559321;;;;"Запчасти и аксессуары";;;;0;;;;;;new;;;;;;18.10_26;removed;;
8012558751;Package;8012558751;;;;"Запчасти и аксессуары";;;;0;;;;;;new;;;;;;18.10_26;removed;;
8012557214;Package;8012557214;;;;"Запчасти и аксессуары";;;;0;;;;;;new;;;;;;18.10_26;removed;;
8012553858;Package;8012553858;;;;"Запчасти и аксессуары";;;;0;;;;;;new;;;;;;18.10_26;removed;;
8012547115;Package;8012547115;;;;"Запчасти и аксессуары";;;;0;;;;;;new;;;;;;18.10_26;removed;;
8012546520;Package;8012546520;;;;"Запчасти и аксессуары";;;;0;;;;;;new;;;;;;18.10_26;removed;;
8012541342;Package;8012541342;;;;"Запчасти и аксессуары";;;;0;;;;;;new;;;;;;18.10_26;removed;;
8012540371;Package;8012540371;;;;"Запчасти и аксессуары";;;;0;;;;;;new;;;;;;18.10_26;removed;;
8012539464;Package;8012539464;;;;"Запчасти и аксессуары";;;;0;;;;;;new;;;;;;18.10_26;removed;;
8012535106;Package;8012535106;;;;"Запчасти и аксессуары";;;;0;;;;;;new;;;;;;18.10_26;removed;;
8012534056;Package;8012534056;;;;"Запчасти и аксессуары";;;;0;;;;;;new;;;;;;18.10_26;removed;;
8012533584;Package;8012533584;;;;"Запчасти и аксессуары";;;;0;;;;;;new;;;;;;18.10_26;removed;;
8012532335;Package;8012532335;;;;"Запчасти и аксессуары";;;;0;;;;;;new;;;;;;18.10_26;removed;;
8012531625;Package;8012531625;;;;"Запчасти и аксессуары";;;;0;;;;;;new;;;;;;18.10_26;removed;;
8012530290;Package;8012530290;;;;"Запчасти и аксессуары";;;;0;;;;;;new;;;;;;18.10_26;removed;;
8012529521;Package;8012529521;;;;"Запчасти и аксессуары";;;;0;;;;;;new;;;;;;18.10_26;removed;;
8012529342;Package;8012529342;;;;"Запчасти и аксессуары";;;;0;;;;;;new;;;;;;18.10_26;removed;;
8012524555;Package;8012524555;;;;"Запчасти и аксессуары";;;;0;;;;;;new;;;;;;18.10_26;removed;;
8012520588;Package;8012520588;;;;"Запчасти и аксессуары";;;;0;;;;;;new;;;;;;18.10_26;removed;;
8012520258;Package;8012520258;;;;"Запчасти и аксессуары";;;;0;;;;;;new;;;;;;18.10_26;removed;;
8012519252;Package;8012519252;;;;"Запчасти и аксессуары";;;;0;;;;;;new;;;;;;18.10_26;removed;;
8012518905;Package;8012518905;;;;"Запчасти и аксессуары";;;;0;;;;;;new;;;;;;18.10_26;removed;;
8012515283;Package;8012515283;;;;"Запчасти и аксессуары";;;;0;;;;;;new;;;;;;18.10_26;removed;;
8012514659;Package;8012514659;;;;"Запчасти и аксессуары";;;;0;;;;;;new;;;;;;18.10_26;removed;;
8012512317;Package;8012512317;;;;"Запчасти и аксессуары";;;;0;;;;;;new;;;;;;18.10_26;removed;;
8012510562;Package;8012510562;;;;"Запчасти и аксессуары";;;;0;;;;;;new;;;;;;18.10_26;removed;;
8012507417;Package;8012507417;;;;"Запчасти и аксессуары";;;;0;;;;;;new;;;;;;18.10_26;removed;;
8012506564;Package;8012506564;;;;"Запчасти и аксессуары";;;;0;;;;;;new;;;;;;18.10_26;removed;;
8012505133;Package;8012505133;;;;"Запчасти и аксессуары";;;;0;;;;;;new;;;;;;18.10_26;removed;;
8012503208;Package;8012503208;;;;"Запчасти и аксессуары";;;;0;;;;;;new;;;;;;18.10_26;removed;;
8012502079;Package;8012502079;;;;"Запчасти и аксессуары";;;;0;;;;;;new;;;;;;18.10_26;removed;;
8012501513;Package;8012501513;;;;"Запчасти и аксессуары";;;;0;;;;;;new;;;;;;18.10_26;removed;;
8012500594;Package;8012500594;;;;"Запчасти и аксессуары";;;;0;;;;;;new;;;;;;18.10_26;removed;;
8012498813;Package;8012498813;;;;"Запчасти и аксессуары";;;;0;;;;;;new;;;;;;18.10_26;removed;;
8012484619;Package;8012484619;;;;"Запчасти и аксессуары";;;;0;;;;;;new;;;;;;18.10_26;removed;;
8012484121;Package;8012484121;;;;"Запчасти и аксессуары";;;;0;;;;;;new;;;;;;18.10_26;removed;;
8012480658;Package;8012480658;;;;"Запчасти и аксессуары";;;;0;;;;;;new;;;;;;18.10_26;removed;;
8012480306;Package;8012480306;;;;"Запчасти и аксессуары";;;;0;;;;;;new;;;;;;18.10_26;removed;;
8012472343;Package;8012472343;;;;"Запчасти и аксессуары";;;;0;;;;;;new;;;;;;18.10_26;removed;;
8012470019;Package;8012470019;;;;"Запчасти и аксессуары";;;;0;;;;;;new;;;;;;18.10_26;removed;;
8012469530;Package;8012469530;;;;"Запчасти и аксессуары";;;;0;;;;;;new;;;;;;18.10_26;removed;;
8012468926;Package;8012468926;;;;"Запчасти и аксессуары";;;;0;;;;;;new;;;;;;18.10_26;removed;;
8012465836;Package;8012465836;;;;"Запчасти и аксессуары";;;;0;;;;;;new;;;;;;18.10_26;removed;;
8012459232;Package;8012459232;;;;"Запчасти и аксессуары";;;;0;;;;;;new;;;;;;18.10_26;removed;;
8012457347;Package;8012457347;;;;"Запчасти и аксессуары";;;;0;;;;;;new;;;;;;18.10_26;removed;;
8012456468;Package;8012456468;;;;"Запчасти и аксессуары";;;;0;;;;;;new;;;;;;18.10_26;removed;;
8012455075;Package;8012455075;;;;"Запчасти и аксессуары";;;;0;;;;;;new;;;;;;18.10_26;removed;;
8012451500;Package;8012451500;;;;"Запчасти и аксессуары";;;;0;;;;;;new;;;;;;18.10_26;removed;;
8012450735;Package;8012450735;;;;"Запчасти и аксессуары";;;;0;;;;;;new;;;;;;18.10_26;removed;;
8012450066;Package;8012450066;;;;"Запчасти и аксессуары";;;;0;;;;;;new;;;;;;18.10_26;removed;;
8012448762;Package;8012448762;;;;"Запчасти и аксессуары";;;;0;;;;;;new;;;;;;18.10_26;removed;;
8012446679;Package;8012446679;;;;"Запчасти и аксессуары";;;;0;;;;;;new;;;;;;18.10_26;removed;;
8012444562;Package;8012444562;;;;"Запчасти и аксессуары";;;;0;;;;;;new;;;;;;18.10_26;removed;;
8012443708;Package;8012443708;;;;"Запчасти и аксессуары";;;;0;;;;;;new;;;;;;18.10_26;removed;;
8012438771;Package;8012438771;;;;"Запчасти и аксессуары";;;;0;;;;;;new;;;;;;18.10_26;removed;;
8012431961;Package;8012431961;;;;"Запчасти и аксессуары";;;;0;;;;;;new;;;;;;18.10_26;removed;;
8012423426;Package;8012423426;;;;"Запчасти и аксессуары";;;;0;;;;;;new;;;;;;18.10_26;removed;;
8012421115;Package;8012421115;;;;"Запчасти и аксессуары";;;;0;;;;;;new;;;;;;18.10_26;removed;;
8012420111;Package;8012420111;;;;"Запчасти и аксессуары";;;;0;;;;;;new;;;;;;18.10_26;removed;;
8012419042;Package;8012419042;;;;"Запчасти и аксессуары";;;;0;;;;;;new;;;;;;18.10_26;removed;;
8012418697;Package;8012418697;;;;"Запчасти и аксессуары";;;;0;;;;;;new;;;;;;18.10_26;removed;;
8012417095;Package;8012417095;;;;"Запчасти и аксессуары";;;;0;;;;;;new;;;;;;18.10_26;removed;;
8012417093;Package;8012417093;;;;"Запчасти и аксессуары";;;;0;;;;;;new;;;;;;18.10_26;removed;;
8012410740;Package;8012410740;;;;"Запчасти и аксессуары";;;;0;;;;;;new;;;;;;18.10_26;removed;;
8012408579;Package;8012408579;;;;"Запчасти и аксессуары";;;;0;;;;;;new;;;;;;18.10_26;removed;;
8012404221;Package;8012404221;;;;"Запчасти и аксессуары";;;;0;;;;;;new;;;;;;18.10_26;removed;;
8012403665;Package;8012403665;;;;"Запчасти и аксессуары";;;;0;;;;;;new;;;;;;18.10_26;removed;;
8012402228;Package;8012402228;;;;"Запчасти и аксессуары";;;;0;;;;;;new;;;;;;18.10_26;removed;;
8012402097;Package;8012402097;;;;"Запчасти и аксессуары";;;;0;;;;;;new;;;;;;18.10_26;removed;;
8012401832;Package;8012401832;;;;"Запчасти и аксессуары";;;;0;;;;;;new;;;;;;18.10_26;removed;;
8012400426;Package;8012400426;;;;"Запчасти и аксессуары";;;;0;;;;;;new;;;;;;18.10_26;removed;;
8012391872;Package;8012391872;;;;"Запчасти и аксессуары";;;;0;;;;;;new;;;;;;18.10_26;removed;;
8012391349;Package;8012391349;;;;"Запчасти и аксессуары";;;;0;;;;;;new;;;;;;18.10_26;removed;;
8012391042;Package;8012391042;;;;"Запчасти и аксессуары";;;;0;;;;;;new;;;;;;18.10_26;removed;;
8012388039;Package;8012388039;;;;"Запчасти и аксессуары";;;;0;;;;;;new;;;;;;18.10_26;removed;;
8012385272;Package;8012385272;;;;"Запчасти и аксессуары";;;;0;;;;;;new;;;;;;18.10_26;removed;;
8012382752;Package;8012382752;;;;"Запчасти и аксессуары";;;;0;;;;;;new;;;;;;18.10_26;removed;;
8012380662;Package;8012380662;;;;"Запчасти и аксессуары";;;;0;;;;;;new;;;;;;18.10_26;removed;;
8012380271;Package;8012380271;;;;"Запчасти и аксессуары";;;;0;;;;;;new;;;;;;18.10_26;removed;;
8012378224;Package;8012378224;;;;"Запчасти и аксессуары";;;;0;;;;;;new;;;;;;18.10_26;removed;;
8012377197;Package;8012377197;;;;"Запчасти и аксессуары";;;;0;;;;;;new;;;;;;18.10_26;removed;;
8012369825;Package;8012369825;;;;"Запчасти и аксессуары";;;;0;;;;;;new;;;;;;18.10_26;removed;;
8012367073;Package;8012367073;;;;"Запчасти и аксессуары";;;;0;;;;;;new;;;;;;18.10_26;removed;;
8012366544;Package;8012366544;;;;"Запчасти и аксессуары";;;;0;;;;;;new;;;;;;18.10_26;removed;;
8012365307;Package;8012365307;;;;"Запчасти и аксессуары";;;;0;;;;;;new;;;;;;18.10_26;removed;;
8012363428;Package;8012363428;;;;"Запчасти и аксессуары";;;;0;;;;;;new;;;;;;18.10_26;removed;;
8012363071;Package;8012363071;;;;"Запчасти и аксессуары";;;;0;;;;;;new;;;;;;18.10_26;removed;;
8012360766;Package;8012360766;;;;"Запчасти и аксессуары";;;;0;;;;;;new;;;;;;18.10_26;removed;;
8012360254;Package;8012360254;;;;"Запчасти и аксессуары";;;;0;;;;;;new;;;;;;18.10_26;removed;;
8012358026;Package;8012358026;;;;"Запчасти и аксессуары";;;;0;;;;;;new;;;;;;18.10_26;removed;;
8012355916;Package;8012355916;;;;"Запчасти и аксессуары";;;;0;;;;;;new;;;;;;18.10_26;removed;;
8012351538;Package;8012351538;;;;"Запчасти и аксессуары";;;;0;;;;;;new;;;;;;18.10_26;removed;;
8012350191;Package;8012350191;;;;"Запчасти и аксессуары";;;;0;;;;;;new;;;;;;18.10_26;removed;;
8012348534;Package;8012348534;;;;"Запчасти и аксессуары";;;;0;;;;;;new;;;;;;18.10_26;removed;;
8012347736;Package;8012347736;;;;"Запчасти и аксессуары";;;;0;;;;;;new;;;;;;18.10_26;removed;;
8012346886;Package;8012346886;;;;"Запчасти и аксессуары";;;;0;;;;;;new;;;;;;18.10_26;removed;;
8012346292;Package;8012346292;;;;"Запчасти и аксессуары";;;;0;;;;;;new;;;;;;18.10_26;removed;;
8012343391;Package;8012343391;;;;"Запчасти и аксессуары";;;;0;;;;;;new;;;;;;18.10_26;removed;;
8012341210;Package;8012341210;;;;"Запчасти и аксессуары";;;;0;;;;;;new;;;;;;18.10_26;removed;;
8012335505;Package;8012335505;;;;"Запчасти и аксессуары";;;;0;;;;;;new;;;;;;18.10_26;removed;;
8012335485;Package;8012335485;;;;"Запчасти и аксессуары";;;;0;;;;;;new;;;;;;18.10_26;removed;;
8012327674;Package;8012327674;;;;"Запчасти и аксессуары";;;;0;;;;;;new;;;;;;18.10_26;removed;;
8012326251;Package;8012326251;;;;"Запчасти и аксессуары";;;;0;;;;;;new;;;;;;18.10_26;removed;;
8012323474;Package;8012323474;;;;"Запчасти и аксессуары";;;;0;;;;;;new;;;;;;18.10_26;removed;;
8012323371;Package;8012323371;;;;"Запчасти и аксессуары";;;;0;;;;;;new;;;;;;18.10_26;removed;;
8012322177;Package;8012322177;;;;"Запчасти и аксессуары";;;;0;;;;;;new;;;;;;18.10_26;removed;;
8012309623;Package;8012309623;;;;"Запчасти и аксессуары";;;;0;;;;;;new;;;;;;18.10_26;removed;;
8012308936;Package;8012308936;;;;"Запчасти и аксессуары";;;;0;;;;;;new;;;;;;18.10_26;removed;;
8012303815;Package;8012303815;;;;"Запчасти и аксессуары";;;;0;;;;;;new;;;;;;18.10_26;removed;;
8012301529;Package;8012301529;;;;"Запчасти и аксессуары";;;;0;;;;;;new;;;;;;18.10_26;removed;;
8012295829;Package;8012295829;;;;"Запчасти и аксессуары";;;;0;;;;;;new;;;;;;18.10_26;removed;;
8012295761;Package;8012295761;;;;"Запчасти и аксессуары";;;;0;;;;;;new;;;;;;18.10_26;removed;;
8012295211;Package;8012295211;;;;"Запчасти и аксессуары";;;;0;;;;;;new;;;;;;18.10_26;removed;;
8012293885;Package;8012293885;;;;"Запчасти и аксессуары";;;;0;;;;;;new;;;;;;18.10_26;removed;;
8012289599;Package;8012289599;;;;"Запчасти и аксессуары";;;;0;;;;;;new;;;;;;18.10_26;removed;;
8012287667;Package;8012287667;;;;"Запчасти и аксессуары";;;;0;;;;;;new;;;;;;18.10_26;removed;;
8012285381;Package;8012285381;;;;"Запчасти и аксессуары";;;;0;;;;;;new;;;;;;18.10_26;removed;;
8012283973;Package;8012283973;;;;"Запчасти и аксессуары";;;;0;;;;;;new;;;;;;18.10_26;removed;;
8012275258;Package;8012275258;;;;"Запчасти и аксессуары";;;;0;;;;;;new;;;;;;18.10_26;removed;;
8012273296;Package;8012273296;;;;"Запчасти и аксессуары";;;;0;;;;;;new;;;;;;18.10_26;removed;;
8012271634;Package;8012271634;;;;"Запчасти и аксессуары";;;;0;;;;;;new;;;;;;18.10_26;removed;;
8012265389;Package;8012265389;;;;"Запчасти и аксессуары";;;;0;;;;;;new;;;;;;18.10_26;removed;;
8012263438;Package;8012263438;;;;"Запчасти и аксессуары";;;;0;;;;;;new;;;;;;18.10_26;removed;;
8012261397;Package;8012261397;;;;"Запчасти и аксессуары";;;;0;;;;;;new;;;;;;18.10_26;removed;;
8012258373;Package;8012258373;;;;"Запчасти и аксессуары";;;;0;;;;;;new;;;;;;18.10_26;removed;;
8012256009;Package;8012256009;;;;"Запчасти и аксессуары";;;;0;;;;;;new;;;;;;18.10_26;removed;;
8012254024;Package;8012254024;;;;"Запчасти и аксессуары";;;;0;;;;;;new;;;;;;18.10_26;removed;;
8012252286;Package;8012252286;;;;"Запчасти и аксессуары";;;;0;;;;;;new;;;;;;18.10_26;removed;;
8012247548;Package;8012247548;;;;"Запчасти и аксессуары";;;;0;;;;;;new;;;;;;18.10_26;removed;;
8012243133;Package;8012243133;;;;"Запчасти и аксессуары";;;;0;;;;;;new;;;;;;18.10_26;removed;;
8012239120;Package;8012239120;;;;"Запчасти и аксессуары";;;;0;;;;;;new;;;;;;18.10_26;removed;;
8012238608;Package;8012238608;;;;"Запчасти и аксессуары";;;;0;;;;;;new;;;;;;18.10_26;removed;;
8012235798;Package;8012235798;;;;"Запчасти и аксессуары";;;;0;;;;;;new;;;;;;18.10_26;removed;;
8012233707;Package;8012233707;;;;"Запчасти и аксессуары";;;;0;;;;;;new;;;;;;18.10_26;removed;;
8012233299;Package;8012233299;;;;"Запчасти и аксессуары";;;;0;;;;;;new;;;;;;18.10_26;removed;;
8012232262;Package;8012232262;;;;"Запчасти и аксессуары";;;;0;;;;;;new;;;;;;18.10_26;removed;;
8012231670;Package;8012231670;;;;"Запчасти и аксессуары";;;;0;;;;;;new;;;;;;18.10_26;removed;;
8012231428;Package;8012231428;;;;"Запчасти и аксессуары";;;;0;;;;;;new;;;;;;18.10_26;removed;;
8012231075;Package;8012231075;;;;"Запчасти и аксессуары";;;;0;;;;;;new;;;;;;18.10_26;removed;;
8012225217;Package;8012225217;;;;"Запчасти и аксессуары";;;;0;;;;;;new;;;;;;18.10_26;removed;;
8012225085;Package;8012225085;;;;"Запчасти и аксессуары";;;;0;;;;;;new;;;;;;18.10_26;removed;;
8012224565;Package;8012224565;;;;"Запчасти и аксессуары";;;;0;;;;;;new;;;;;;18.10_26;removed;;
8012224084;Package;8012224084;;;;"Запчасти и аксессуары";;;;0;;;;;;new;;;;;;18.10_26;removed;;
8012215737;Package;8012215737;;;;"Запчасти и аксессуары";;;;0;;;;;;new;;;;;;18.10_26;removed;;
8012211787;Package;8012211787;;;;"Запчасти и аксессуары";;;;0;;;;;;new;;;;;;18.10_26;removed;;
8012210745;Package;8012210745;;;;"Запчасти и аксессуары";;;;0;;;;;;new;;;;;;18.10_26;removed;;
8012208501;Package;8012208501;;;;"Запчасти и аксессуары";;;;0;;;;;;new;;;;;;18.10_26;removed;;
8012208378;Package;8012208378;;;;"Запчасти и аксессуары";;;;0;;;;;;new;;;;;;18.10_26;removed;;
8012207922;Package;8012207922;;;;"Запчасти и аксессуары";;;;0;;;;;;new;;;;;;18.10_26;removed;;
8012205963;Package;8012205963;;;;"Запчасти и аксессуары";;;;0;;;;;;new;;;;;;18.10_26;removed;;
8012205370;Package;8012205370;;;;"Запчасти и аксессуары";;;;0;;;;;;new;;;;;;18.10_26;removed;;
8012204033;Package;8012204033;;;;"Запчасти и аксессуары";;;;0;;;;;;new;;;;;;18.10_26;removed;;
8012203477;Package;8012203477;;;;"Запчасти и аксессуары";;;;0;;;;;;new;;;;;;18.10_26;removed;;
8012196746;Package;8012196746;;;;"Запчасти и аксессуары";;;;0;;;;;;new;;;;;;18.10_26;removed;;
8012189514;Package;8012189514;;;;"Запчасти и аксессуары";;;;0;;;;;;new;;;;;;18.10_26;removed;;
8012188992;Package;8012188992;;;;"Запчасти и аксессуары";;;;0;;;;;;new;;;;;;18.10_26;removed;;
8012187364;Package;8012187364;;;;"Запчасти и аксессуары";;;;0;;;;;;new;;;;;;18.10_26;removed;;
8012173876;Package;8012173876;;;;"Запчасти и аксессуары";;;;0;;;;;;new;;;;;;18.10_26;removed;;
8012171649;Package;8012171649;;;;"Запчасти и аксессуары";;;;0;;;;;;new;;;;;;18.10_26;removed;;
8012170093;Package;8012170093;;;;"Запчасти и аксессуары";;;;0;;;;;;new;;;;;;18.10_26;removed;;
8012163364;Package;8012163364;;;;"Запчасти и аксессуары";;;;0;;;;;;new;;;;;;18.10_26;removed;;
8012161664;Package;8012161664;;;;"Запчасти и аксессуары";;;;0;;;;;;new;;;;;;18.10_26;removed;;
8012156823;Package;8012156823;;;;"Запчасти и аксессуары";;;;0;;;;;;new;;;;;;18.10_26;removed;;
8012154303;Package;8012154303;;;;"Запчасти и аксессуары";;;;0;;;;;;new;;;;;;18.10_26;removed;;
8012150477;Package;8012150477;;;;"Запчасти и аксессуары";;;;0;;;;;;new;;;;;;18.10_26;removed;;
8012147645;Package;8012147645;;;;"Запчасти и аксессуары";;;;0;;;;;;new;;;;;;18.10_26;removed;;
8012146509;Package;8012146509;;;;"Запчасти и аксессуары";;;;0;;;;;;new;;;;;;18.10_26;removed;;
8012145564;Package;8012145564;;;;"Запчасти и аксессуары";;;;0;;;;;;new;;;;;;18.10_26;removed;;
8012145133;Package;8012145133;;;;"Запчасти и аксессуары";;;;0;;;;;;new;;;;;;18.10_26;removed;;
8012142265;Package;8012142265;;;;"Запчасти и аксессуары";;;;0;;;;;;new;;;;;;18.10_26;removed;;
8012140699;Package;8012140699;;;;"Запчасти и аксессуары";;;;0;;;;;;new;;;;;;18.10_26;removed;;
8012133298;Package;8012133298;;;;"Запчасти и аксессуары";;;;0;;;;;;new;;;;;;18.10_26;removed;;
8461416467;Package;8461416467;;;;"Запчасти и аксессуары";;;;0;;;;;;new;;;;;;18.10_26;removed;;
8460939672;Package;8460939672;;;;"Запчасти и аксессуары";;;;0;;;;;;new;;;;;;18.10_26;removed;;
8460924105;Package;8460924105;;;;"Запчасти и аксессуары";;;;0;;;;;;new;;;;;;18.10_26;removed;;
8460850671;Package;8460850671;;;;"Запчасти и аксессуары";;;;0;;;;;;new;;;;;;18.10_26;removed;;
8447181515;Package;8447181515;;;;"Запчасти и аксессуары";;;;0;;;;;;new;;;;;;18.10_26;removed;;
8417638723;Package;8417638723;;;;"Запчасти и аксессуары";;;;0;;;;;;new;;;;;;18.10_26;removed;;
8417464543;Package;8417464543;;;;"Запчасти и аксессуары";;;;0;;;;;;new;;;;;;18.10_26;removed;;
8417384241;Package;8417384241;;;;"Запчасти и аксессуары";;;;0;;;;;;new;;;;;;18.10_26;removed;;
8417352166;Package;8417352166;;;;"Запчасти и аксессуары";;;;0;;;;;;new;;;;;;18.10_26;removed;;
8417294955;Package;8417294955;;;;"Запчасти и аксессуары";;;;0;;;;;;new;;;;;;18.10_26;removed;;
8417166180;Package;8417166180;;;;"Запчасти и аксессуары";;;;0;;;;;;new;;;;;;18.10_26;removed;;
8417034641;Package;8417034641;;;;"Запчасти и аксессуары";;;;0;;;;;;new;;;;;;18.10_26;removed;;
8416909790;Package;8416909790;;;;"Запчасти и аксессуары";;;;0;;;;;;new;;;;;;18.10_26;removed;;
8415618335;Package;8415618335;;;;"Запчасти и аксессуары";;;;0;;;;;;new;;;;;;18.10_26;removed;;
8415205909;Package;8415205909;;;;"Запчасти и аксессуары";;;;0;;;;;;new;;;;;;18.10_26;removed;;
8415159386;Package;8415159386;;;;"Запчасти и аксессуары";;;;0;;;;;;new;;;;;;18.10_26;removed;;
8403633789;Package;8403633789;;;;"Запчасти и аксессуары";;;;0;;;;;;new;;;;;;18.10_26;removed;;
8403189687;Package;8403189687;;;;"Запчасти и аксессуары";;;;0;;;;;;new;;;;;;18.10_26;removed;;
8403125212;Package;8403125212;;;;"Запчасти и аксессуары";;;;0;;;;;;new;;;;;;18.10_26;removed;;
8393806708;Package;8393806708;;;;"Запчасти и аксессуары";;;;0;;;;;;new;;;;;;18.10_26;removed;;
8393517997;Package;8393517997;;;;"Запчасти и аксессуары";;;;0;;;;;;new;;;;;;18.10_26;removed;;
8393386450;Package;8393386450;;;;"Запчасти и аксессуары";;;;0;;;;;;new;;;;;;18.10_26;removed;;
8393378392;Package;8393378392;;;;"Запчасти и аксессуары";;;;0;;;;;;new;;;;;;18.10_26;removed;;
8393307515;Package;8393307515;;;;"Запчасти и аксессуары";;;;0;;;;;;new;;;;;;18.10_26;removed;;
8461212574;Package;8461212574;;;;"Запчасти и аксессуары";;;;0;;;;;;new;;;;;;18.10_26;removed;;
8417800939;Package;8417800939;;;;"Запчасти и аксессуары";;;;0;;;;;;new;;;;;;18.10_26;removed;;
8417232689;Package;8417232689;;;;"Запчасти и аксессуары";;;;0;;;;;;new;;;;;;18.10_26;removed;;
8403806051;Package;8403806051;;;;"Запчасти и аксессуары";;;;0;;;;;;new;;;;;;18.10_26;removed;;
8403544746;Package;8403544746;;;;"Запчасти и аксессуары";;;;0;;;;;;new;;;;;;18.10_26;removed;;
8403077224;Package;8403077224;;;;"Запчасти и аксессуары";;;;0;;;;;;new;;;;;;18.10_26;removed;;
8394054565;Package;8394054565;;;;"Запчасти и аксессуары";;;;0;;;;;;new;;;;;;18.10_26;removed;;
8393886246;Package;8393886246;;;;"Запчасти и аксессуары";;;;0;;;;;;new;;;;;;18.10_26;removed;;
8393769945;Package;8393769945;;;;"Запчасти и аксессуары";;;;0;;;;;;new;;;;;;18.10_26;removed;;
8393203557;Package;8393203557;;;;"Запчасти и аксессуары";;;;0;;;;;;new;;;;;;18.10_26;removed;;
8392956004;Package;8392956004;;;;"Запчасти и аксессуары";;;;0;;;;;;new;;;;;;18.10_26;removed;;
8389469190;Package;8389469190;;;;"Запчасти и аксессуары";;;;0;;;;;;new;;;;;;18.10_26;removed;;
8389385258;Package;8389385258;;;;"Запчасти и аксессуары";;;;0;;;;;;new;;;;;;18.10_26;removed;;
8389339462;Package;8389339462;;;;"Запчасти и аксессуары";;;;0;;;;;;new;;;;;;18.10_26;removed;;
8384550251;Package;8384550251;;;;"Запчасти и аксессуары";;;;0;;;;;;new;;;;;;18.10_26;removed;;
8384237171;Package;8384237171;;;;"Запчасти и аксессуары";;;;0;;;;;;new;;;;;;18.10_26;removed;;
8384083948;Package;8384083948;;;;"Запчасти и аксессуары";;;;0;;;;;;new;;;;;;18.10_26;removed;;
8384028717;Package;8384028717;;;;"Запчасти и аксессуары";;;;0;;;;;;new;;;;;;18.10_26;removed;;
8383924699;Package;8383924699;;;;"Запчасти и аксессуары";;;;0;;;;;;new;;;;;;18.10_26;removed;;
8375798770;Package;8375798770;;;;"Запчасти и аксессуары";;;;0;;;;;;new;;;;;;18.10_26;removed;;
8375703861;Package;8375703861;;;;"Запчасти и аксессуары";;;;0;;;;;;new;;;;;;18.10_26;removed;;
8375575991;Package;8375575991;;;;"Запчасти и аксессуары";;;;0;;;;;;new;;;;;;18.10_26;removed;;
8375436659;Package;8375436659;;;;"Запчасти и аксессуары";;;;0;;;;;;new;;;;;;18.10_26;removed;;
8375224952;Package;8375224952;;;;"Запчасти и аксессуары";;;;0;;;;;;new;;;;;;18.10_26;removed;;
8375178090;Package;8375178090;;;;"Запчасти и аксессуары";;;;0;;;;;;new;;;;;;18.10_26;removed;;
8374821866;Package;8374821866;;;;"Запчасти и аксессуары";;;;0;;;;;;new;;;;;;18.10_26;removed;;
8374737816;Package;8374737816;;;;"Запчасти и аксессуары";;;;0;;;;;;new;;;;;;18.10_26;removed;;
8374122443;Package;8374122443;;;;"Запчасти и аксессуары";;;;0;;;;;;new;;;;;;18.10_26;removed;;
8374074599;Package;8374074599;;;;"Запчасти и аксессуары";;;;0;;;;;;new;;;;;;18.10_26;removed;;
8374006898;Package;8374006898;;;;"Запчасти и аксессуары";;;;0;;;;;;new;;;;;;18.10_26;removed;;
8373913161;Package;8373913161;;;;"Запчасти и аксессуары";;;;0;;;;;;new;;;;;;18.10_26;removed;;
8373856537;Package;8373856537;;;;"Запчасти и аксессуары";;;;0;;;;;;new;;;;;;18.10_26;removed;;
8363392160;Package;8363392160;;;;"Запчасти и аксессуары";;;;0;;;;;;new;;;;;;18.10_26;removed;;
8363387863;Package;8363387863;;;;"Запчасти и аксессуары";;;;0;;;;;;new;;;;;;18.10_26;removed;;
8363127694;Package;8363127694;;;;"Запчасти и аксессуары";;;;0;;;;;;new;;;;;;18.10_26;removed;;
8363116578;Package;8363116578;;;;"Запчасти и аксессуары";;;;0;;;;;;new;;;;;;18.10_26;removed;;
8363060802;Package;8363060802;;;;"Запчасти и аксессуары";;;;0;;;;;;new;;;;;;18.10_26;removed;;
8362849905;Package;8362849905;;;;"Запчасти и аксессуары";;;;0;;;;;;new;;;;;;18.10_26;removed;;
8362840988;Package;8362840988;;;;"Запчасти и аксессуары";;;;0;;;;;;new;;;;;;18.10_26;removed;;
8362562129;Package;8362562129;;;;"Запчасти и аксессуары";;;;0;;;;;;new;;;;;;18.10_26;removed;;
8362293377;Package;8362293377;;;;"Запчасти и аксессуары";;;;0;;;;;;new;;;;;;18.10_26;removed;;
8362291429;Package;8362291429;;;;"Запчасти и аксессуары";;;;0;;;;;;new;;;;;;18.10_26;removed;;
8362286440;Package;8362286440;;;;"Запчасти и аксессуары";;;;0;;;;;;new;;;;;;18.10_26;removed;;
8362064864;Package;8362064864;;;;"Запчасти и аксессуары";;;;0;;;;;;new;;;;;;18.10_26;removed;;
8361964395;Package;8361964395;;;;"Запчасти и аксессуары";;;;0;;;;;;new;;;;;;18.10_26;removed;;
8361951873;Package;8361951873;;;;"Запчасти и аксессуары";;;;0;;;;;;new;;;;;;18.10_26;removed;;
8355777557;Package;8355777557;;;;"Запчасти и аксессуары";;;;0;;;;;;new;;;;;;18.10_26;removed;;
8355756083;Package;8355756083;;;;"Запчасти и аксессуары";;;;0;;;;;;new;;;;;;18.10_26;removed;;
8355321037;Package;8355321037;;;;"Запчасти и аксессуары";;;;0;;;;;;new;;;;;;18.10_26;removed;;
8355065345;Package;8355065345;;;;"Запчасти и аксессуары";;;;0;;;;;;new;;;;;;18.10_26;removed;;
8355050054;Package;8355050054;;;;"Запчасти и аксессуары";;;;0;;;;;;new;;;;;;18.10_26;removed;;
8354815469;Package;8354815469;;;;"Запчасти и аксессуары";;;;0;;;;;;new;;;;;;18.10_26;removed;;
8354721173;Package;8354721173;;;;"Запчасти и аксессуары";;;;0;;;;;;new;;;;;;18.10_26;removed;;
8354319820;Package;8354319820;;;;"Запчасти и аксессуары";;;;0;;;;;;new;;;;;;18.10_26;removed;;
8345532941;Package;8345532941;;;;"Запчасти и аксессуары";;;;0;;;;;;new;;;;;;18.10_26;removed;;
8345447990;Package;8345447990;;;;"Запчасти и аксессуары";;;;0;;;;;;new;;;;;;18.10_26;removed;;
8345379962;Package;8345379962;;;;"Запчасти и аксессуары";;;;0;;;;;;new;;;;;;18.10_26;removed;;
8345356201;Package;8345356201;;;;"Запчасти и аксессуары";;;;0;;;;;;new;;;;;;18.10_26;removed;;
8341442407;Package;8341442407;;;;"Запчасти и аксессуары";;;;0;;;;;;new;;;;;;18.10_26;removed;;
8341355095;Package;8341355095;;;;"Запчасти и аксессуары";;;;0;;;;;;new;;;;;;18.10_26;removed;;
8341276161;Package;8341276161;;;;"Запчасти и аксессуары";;;;0;;;;;;new;;;;;;18.10_26;removed;;
8340986366;Package;8340986366;;;;"Запчасти и аксессуары";;;;0;;;;;;new;;;;;;18.10_26;removed;;
8340914280;Package;8340914280;;;;"Запчасти и аксессуары";;;;0;;;;;;new;;;;;;18.10_26;removed;;
8335642673;Package;8335642673;;;;"Запчасти и аксессуары";;;;0;;;;;;new;;;;;;18.10_26;removed;;
8335614806;Package;8335614806;;;;"Запчасти и аксессуары";;;;0;;;;;;new;;;;;;18.10_26;removed;;
8335513327;Package;8335513327;;;;"Запчасти и аксессуары";;;;0;;;;;;new;;;;;;18.10_26;removed;;
8461639846;Package;8461639846;;;;"Запчасти и аксессуары";;;;0;;;;;;new;;;;;;18.10_26;removed;;
8447647469;Package;8447647469;;;;"Запчасти и аксессуары";;;;0;;;;;;new;;;;;;18.10_26;removed;;
8403063618;Package;8403063618;;;;"Запчасти и аксессуары";;;;0;;;;;;new;;;;;;18.10_26;removed;;
8373882341;Package;8373882341;;;;"Запчасти и аксессуары";;;;0;;;;;;new;;;;;;18.10_26;removed;;
8345505767;Package;8345505767;;;;"Запчасти и аксессуары";;;;0;;;;;;new;;;;;;18.10_26;removed;;
8341706022;Package;8341706022;;;;"Запчасти и аксессуары";;;;0;;;;;;new;;;;;;18.10_26;removed;;
8335500867;Package;8335500867;;;;"Запчасти и аксессуары";;;;0;;;;;;new;;;;;;18.10_26;removed;;
8335357242;Package;8335357242;;;;"Запчасти и аксессуары";;;;0;;;;;;new;;;;;;18.10_26;removed;;
8335350618;Package;8335350618;;;;"Запчасти и аксессуары";;;;0;;;;;;new;;;;;;18.10_26;removed;;
8335311937;Package;8335311937;;;;"Запчасти и аксессуары";;;;0;;;;;;new;;;;;;18.10_26;removed;;
8334858883;Package;8334858883;;;;"Запчасти и аксессуары";;;;0;;;;;;new;;;;;;18.10_26;removed;;
8327584242;Package;8327584242;;;;"Запчасти и аксессуары";;;;0;;;;;;new;;;;;;18.10_26;removed;;
8327570157;Package;8327570157;;;;"Запчасти и аксессуары";;;;0;;;;;;new;;;;;;18.10_26;removed;;
8327480679;Package;8327480679;;;;"Запчасти и аксессуары";;;;0;;;;;;new;;;;;;18.10_26;removed;;
8327162474;Package;8327162474;;;;"Запчасти и аксессуары";;;;0;;;;;;new;;;;;;18.10_26;removed;;
8326890314;Package;8326890314;;;;"Запчасти и аксессуары";;;;0;;;;;;new;;;;;;18.10_26;removed;;
8326880321;Package;8326880321;;;;"Запчасти и аксессуары";;;;0;;;;;;new;;;;;;18.10_26;removed;;
8326872744;Package;8326872744;;;;"Запчасти и аксессуары";;;;0;;;;;;new;;;;;;18.10_26;removed;;
8317802151;Package;8317802151;;;;"Запчасти и аксессуары";;;;0;;;;;;new;;;;;;18.10_26;removed;;
8317655234;Package;8317655234;;;;"Запчасти и аксессуары";;;;0;;;;;;new;;;;;;18.10_26;removed;;
8317574115;Package;8317574115;;;;"Запчасти и аксессуары";;;;0;;;;;;new;;;;;;18.10_26;removed;;
8317424112;Package;8317424112;;;;"Запчасти и аксессуары";;;;0;;;;;;new;;;;;;18.10_26;removed;;
8317210881;Package;8317210881;;;;"Запчасти и аксессуары";;;;0;;;;;;new;;;;;;18.10_26;removed;;
8317128602;Package;8317128602;;;;"Запчасти и аксессуары";;;;0;;;;;;new;;;;;;18.10_26;removed;;
8317068972;Package;8317068972;;;;"Запчасти и аксессуары";;;;0;;;;;;new;;;;;;18.10_26;removed;;
8316860572;Package;8316860572;;;;"Запчасти и аксессуары";;;;0;;;;;;new;;;;;;18.10_26;removed;;
8314587550;Package;8314587550;;;;"Запчасти и аксессуары";;;;0;;;;;;new;;;;;;18.10_26;removed;;
8314513648;Package;8314513648;;;;"Запчасти и аксессуары";;;;0;;;;;;new;;;;;;18.10_26;removed;;
8314225525;Package;8314225525;;;;"Запчасти и аксессуары";;;;0;;;;;;new;;;;;;18.10_26;removed;;
8314081551;Package;8314081551;;;;"Запчасти и аксессуары";;;;0;;;;;;new;;;;;;18.10_26;removed;;
8314007293;Package;8314007293;;;;"Запчасти и аксессуары";;;;0;;;;;;new;;;;;;18.10_26;removed;;
8313968499;Package;8313968499;;;;"Запчасти и аксессуары";;;;0;;;;;;new;;;;;;18.10_26;removed;;
8312706269;Package;8312706269;;;;"Запчасти и аксессуары";;;;0;;;;;;new;;;;;;18.10_26;removed;;
8312602491;Package;8312602491;;;;"Запчасти и аксессуары";;;;0;;;;;;new;;;;;;18.10_26;removed;;
8312552421;Package;8312552421;;;;"Запчасти и аксессуары";;;;0;;;;;;new;;;;;;18.10_26;removed;;
8312354719;Package;8312354719;;;;"Запчасти и аксессуары";;;;0;;;;;;new;;;;;;18.10_26;removed;;
8312209609;Package;8312209609;;;;"Запчасти и аксессуары";;;;0;;;;;;new;;;;;;18.10_26;removed;;
8312080582;Package;8312080582;;;;"Запчасти и аксессуары";;;;0;;;;;;new;;;;;;18.10_26;removed;;
8311998454;Package;8311998454;;;;"Запчасти и аксессуары";;;;0;;;;;;new;;;;;;18.10_26;removed;;
8309459551;Package;8309459551;;;;"Запчасти и аксессуары";;;;0;;;;;;new;;;;;;18.10_26;removed;;
8309014182;Package;8309014182;;;;"Запчасти и аксессуары";;;;0;;;;;;new;;;;;;18.10_26;removed;;
8304464516;Package;8304464516;;;;"Запчасти и аксессуары";;;;0;;;;;;new;;;;;;18.10_26;removed;;
8304256689;Package;8304256689;;;;"Запчасти и аксессуары";;;;0;;;;;;new;;;;;;18.10_26;removed;;
8303927005;Package;8303927005;;;;"Запчасти и аксессуары";;;;0;;;;;;new;;;;;;18.10_26;removed;;
8302737206;Package;8302737206;;;;"Запчасти и аксессуары";;;;0;;;;;;new;;;;;;18.10_26;removed;;
8302427537;Package;8302427537;;;;"Запчасти и аксессуары";;;;0;;;;;;new;;;;;;18.10_26;removed;;
8302409039;Package;8302409039;;;;"Запчасти и аксессуары";;;;0;;;;;;new;;;;;;18.10_26;removed;;
8301987008;Package;8301987008;;;;"Запчасти и аксессуары";;;;0;;;;;;new;;;;;;18.10_26;removed;;
8294556640;Package;8294556640;;;;"Запчасти и аксессуары";;;;0;;;;;;new;;;;;;18.10_26;removed;;
8294487493;Package;8294487493;;;;"Запчасти и аксессуары";;;;0;;;;;;new;;;;;;18.10_26;removed;;
8294437887;Package;8294437887;;;;"Запчасти и аксессуары";;;;0;;;;;;new;;;;;;18.10_26;removed;;
8292809361;Package;8292809361;;;;"Запчасти и аксессуары";;;;0;;;;;;new;;;;;;18.10_26;removed;;
8292695188;Package;8292695188;;;;"Запчасти и аксессуары";;;;0;;;;;;new;;;;;;18.10_26;removed;;
8292672607;Package;8292672607;;;;"Запчасти и аксессуары";;;;0;;;;;;new;;;;;;18.10_26;removed;;
8292102341;Package;8292102341;;;;"Запчасти и аксессуары";;;;0;;;;;;new;;;;;;18.10_26;removed;;
8292049419;Package;8292049419;;;;"Запчасти и аксессуары";;;;0;;;;;;new;;;;;;18.10_26;removed;;
8286558369;Package;8286558369;;;;"Запчасти и аксессуары";;;;0;;;;;;new;;;;;;18.10_26;removed;;
8286402096;Package;8286402096;;;;"Запчасти и аксессуары";;;;0;;;;;;new;;;;;;18.10_26;removed;;
8286311845;Package;8286311845;;;;"Запчасти и аксессуары";;;;0;;;;;;new;;;;;;18.10_26;removed;;
8276708668;Package;8276708668;;;;"Запчасти и аксессуары";;;;0;;;;;;new;;;;;;18.10_26;removed;;
8276418418;Package;8276418418;;;;"Запчасти и аксессуары";;;;0;;;;;;new;;;;;;18.10_26;removed;;
8275871876;Package;8275871876;;;;"Запчасти и аксессуары";;;;0;;;;;;new;;;;;;18.10_26;removed;;
8274808093;Package;8274808093;;;;"Запчасти и аксессуары";;;;0;;;;;;new;;;;;;18.10_26;removed;;
8274790629;Package;8274790629;;;;"Запчасти и аксессуары";;;;0;;;;;;new;;;;;;18.10_26;removed;;
8274752516;Package;8274752516;;;;"Запчасти и аксессуары";;;;0;;;;;;new;;;;;;18.10_26;removed;;
8274628839;Package;8274628839;;;;"Запчасти и аксессуары";;;;0;;;;;;new;;;;;;18.10_26;removed;;
8274462986;Package;8274462986;;;;"Запчасти и аксессуары";;;;0;;;;;;new;;;;;;18.10_26;removed;;
8274262407;Package;8274262407;;;;"Запчасти и аксессуары";;;;0;;;;;;new;;;;;;18.10_26;removed;;
8274129680;Package;8274129680;;;;"Запчасти и аксессуары";;;;0;;;;;;new;;;;;;18.10_26;removed;;
8274075161;Package;8274075161;;;;"Запчасти и аксессуары";;;;0;;;;;;new;;;;;;18.10_26;removed;;
8274002939;Package;8274002939;;;;"Запчасти и аксессуары";;;;0;;;;;;new;;;;;;18.10_26;removed;;
8273967651;Package;8273967651;;;;"Запчасти и аксессуары";;;;0;;;;;;new;;;;;;18.10_26;removed;;
8273928390;Package;8273928390;;;;"Запчасти и аксессуары";;;;0;;;;;;new;;;;;;18.10_26;removed;;
8273825211;Package;8273825211;;;;"Запчасти и аксессуары";;;;0;;;;;;new;;;;;;18.10_26;removed;;
8273665126;Package;8273665126;;;;"Запчасти и аксессуары";;;;0;;;;;;new;;;;;;18.10_26;removed;;
8273344365;Package;8273344365;;;;"Запчасти и аксессуары";;;;0;;;;;;new;;;;;;18.10_26;removed;;
8273258640;Package;8273258640;;;;"Запчасти и аксессуары";;;;0;;;;;;new;;;;;;18.10_26;removed;;
8273149780;Package;8273149780;;;;"Запчасти и аксессуары";;;;0;;;;;;new;;;;;;18.10_26;removed;;
8272972339;Package;8272972339;;;;"Запчасти и аксессуары";;;;0;;;;;;new;;;;;;18.10_26;removed;;
8272947153;Package;8272947153;;;;"Запчасти и аксессуары";;;;0;;;;;;new;;;;;;18.10_26;removed;;
8272937658;Package;8272937658;;;;"Запчасти и аксессуары";;;;0;;;;;;new;;;;;;18.10_26;removed;;
8272796723;Package;8272796723;;;;"Запчасти и аксессуары";;;;0;;;;;;new;;;;;;18.10_26;removed;;
8272629952;Package;8272629952;;;;"Запчасти и аксессуары";;;;0;;;;;;new;;;;;;18.10_26;removed;;
8272175202;Package;8272175202;;;;"Запчасти и аксессуары";;;;0;;;;;;new;;;;;;18.10_26;removed;;
8272022658;Package;8272022658;;;;"Запчасти и аксессуары";;;;0;;;;;;new;;;;;;18.10_26;removed;;
8270801922;Package;8270801922;;;;"Запчасти и аксессуары";;;;0;;;;;;new;;;;;;18.10_26;removed;;
8270614306;Package;8270614306;;;;"Запчасти и аксессуары";;;;0;;;;;;new;;;;;;18.10_26;removed;;
8270604573;Package;8270604573;;;;"Запчасти и аксессуары";;;;0;;;;;;new;;;;;;18.10_26;removed;;
8269958716;Package;8269958716;;;;"Запчасти и аксессуары";;;;0;;;;;;new;;;;;;18.10_26;removed;;
8252754699;Package;8252754699;;;;"Запчасти и аксессуары";;;;0;;;;;;new;;;;;;18.10_26;removed;;
8252378863;Package;8252378863;;;;"Запчасти и аксессуары";;;;0;;;;;;new;;;;;;18.10_26;removed;;
8252108063;Package;8252108063;;;;"Запчасти и аксессуары";;;;0;;;;;;new;;;;;;18.10_26;removed;;
8251836452;Package;8251836452;;;;"Запчасти и аксессуары";;;;0;;;;;;new;;;;;;18.10_26;removed;;
8251254767;Package;8251254767;;;;"Запчасти и аксессуары";;;;0;;;;;;new;;;;;;18.10_26;removed;;
8251195629;Package;8251195629;;;;"Запчасти и аксессуары";;;;0;;;;;;new;;;;;;18.10_26;removed;;
8250990332;Package;8250990332;;;;"Запчасти и аксессуары";;;;0;;;;;;new;;;;;;18.10_26;removed;;
8244692630;Package;8244692630;;;;"Запчасти и аксессуары";;;;0;;;;;;new;;;;;;18.10_26;removed;;
8244310121;Package;8244310121;;;;"Запчасти и аксессуары";;;;0;;;;;;new;;;;;;18.10_26;removed;;
8244303115;Package;8244303115;;;;"Запчасти и аксессуары";;;;0;;;;;;new;;;;;;18.10_26;removed;;
8243970131;Package;8243970131;;;;"Запчасти и аксессуары";;;;0;;;;;;new;;;;;;18.10_26;removed;;
8236865670;Package;8236865670;;;;"Запчасти и аксессуары";;;;0;;;;;;new;;;;;;18.10_26;removed;;
8236864540;Package;8236864540;;;;"Запчасти и аксессуары";;;;0;;;;;;new;;;;;;18.10_26;removed;;
8236864401;Package;8236864401;;;;"Запчасти и аксессуары";;;;0;;;;;;new;;;;;;18.10_26;removed;;
8236841363;Package;8236841363;;;;"Запчасти и аксессуары";;;;0;;;;;;new;;;;;;18.10_26;removed;;
8236840146;Package;8236840146;;;;"Запчасти и аксессуары";;;;0;;;;;;new;;;;;;18.10_26;removed;;
8236827628;Package;8236827628;;;;"Запчасти и аксессуары";;;;0;;;;;;new;;;;;;18.10_26;removed;;
8236824587;Package;8236824587;;;;"Запчасти и аксессуары";;;;0;;;;;;new;;;;;;18.10_26;removed;;
8236807248;Package;8236807248;;;;"Запчасти и аксессуары";;;;0;;;;;;new;;;;;;18.10_26;removed;;
8236805910;Package;8236805910;;;;"Запчасти и аксессуары";;;;0;;;;;;new;;;;;;18.10_26;removed;;
8236803403;Package;8236803403;;;;"Запчасти и аксессуары";;;;0;;;;;;new;;;;;;18.10_26;removed;;
8236803117;Package;8236803117;;;;"Запчасти и аксессуары";;;;0;;;;;;new;;;;;;18.10_26;removed;;
8236796825;Package;8236796825;;;;"Запчасти и аксессуары";;;;0;;;;;;new;;;;;;18.10_26;removed;;
8236793596;Package;8236793596;;;;"Запчасти и аксессуары";;;;0;;;;;;new;;;;;;18.10_26;removed;;
8236791996;Package;8236791996;;;;"Запчасти и аксессуары";;;;0;;;;;;new;;;;;;18.10_26;removed;;
8236789265;Package;8236789265;;;;"Запчасти и аксессуары";;;;0;;;;;;new;;;;;;18.10_26;removed;;
8236761516;Package;8236761516;;;;"Запчасти и аксессуары";;;;0;;;;;;new;;;;;;18.10_26;removed;;
8236752727;Package;8236752727;;;;"Запчасти и аксессуары";;;;0;;;;;;new;;;;;;18.10_26;removed;;
8236750729;Package;8236750729;;;;"Запчасти и аксессуары";;;;0;;;;;;new;;;;;;18.10_26;removed;;
8236734798;Package;8236734798;;;;"Запчасти и аксессуары";;;;0;;;;;;new;;;;;;18.10_26;removed;;
8236730948;Package;8236730948;;;;"Запчасти и аксессуары";;;;0;;;;;;new;;;;;;18.10_26;removed;;
8236718510;Package;8236718510;;;;"Запчасти и аксессуары";;;;0;;;;;;new;;;;;;18.10_26;removed;;
8236713920;Package;8236713920;;;;"Запчасти и аксессуары";;;;0;;;;;;new;;;;;;18.10_26;removed;;
8236699173;Package;8236699173;;;;"Запчасти и аксессуары";;;;0;;;;;;new;;;;;;18.10_26;removed;;
8236684211;Package;8236684211;;;;"Запчасти и аксессуары";;;;0;;;;;;new;;;;;;18.10_26;removed;;
8236650808;Package;8236650808;;;;"Запчасти и аксессуары";;;;0;;;;;;new;;;;;;18.10_26;removed;;
8236631572;Package;8236631572;;;;"Запчасти и аксессуары";;;;0;;;;;;new;;;;;;18.10_26;removed;;
8236628203;Package;8236628203;;;;"Запчасти и аксессуары";;;;0;;;;;;new;;;;;;18.10_26;removed;;
8236627834;Package;8236627834;;;;"Запчасти и аксессуары";;;;0;;;;;;new;;;;;;18.10_26;removed;;
8236624147;Package;8236624147;;;;"Запчасти и аксессуары";;;;0;;;;;;new;;;;;;18.10_26;removed;;
8236618295;Package;8236618295;;;;"Запчасти и аксессуары";;;;0;;;;;;new;;;;;;18.10_26;removed;;
8236613649;Package;8236613649;;;;"Запчасти и аксессуары";;;;0;;;;;;new;;;;;;18.10_26;removed;;
8236611564;Package;8236611564;;;;"Запчасти и аксессуары";;;;0;;;;;;new;;;;;;18.10_26;removed;;
8236606221;Package;8236606221;;;;"Запчасти и аксессуары";;;;0;;;;;;new;;;;;;18.10_26;removed;;
8236596681;Package;8236596681;;;;"Запчасти и аксессуары";;;;0;;;;;;new;;;;;;18.10_26;removed;;
8236566802;Package;8236566802;;;;"Запчасти и аксессуары";;;;0;;;;;;new;;;;;;18.10_26;removed;;
8236565591;Package;8236565591;;;;"Запчасти и аксессуары";;;;0;;;;;;new;;;;;;18.10_26;removed;;
8236546349;Package;8236546349;;;;"Запчасти и аксессуары";;;;0;;;;;;new;;;;;;18.10_26;removed;;
8236543293;Package;8236543293;;;;"Запчасти и аксессуары";;;;0;;;;;;new;;;;;;18.10_26;removed;;
8236534783;Package;8236534783;;;;"Запчасти и аксессуары";;;;0;;;;;;new;;;;;;18.10_26;removed;;
8236526650;Package;8236526650;;;;"Запчасти и аксессуары";;;;0;;;;;;new;;;;;;18.10_26;removed;;
8236526461;Package;8236526461;;;;"Запчасти и аксессуары";;;;0;;;;;;new;;;;;;18.10_26;removed;;
8236523002;Package;8236523002;;;;"Запчасти и аксессуары";;;;0;;;;;;new;;;;;;18.10_26;removed;;
8236515508;Package;8236515508;;;;"Запчасти и аксессуары";;;;0;;;;;;new;;;;;;18.10_26;removed;;
8236514850;Package;8236514850;;;;"Запчасти и аксессуары";;;;0;;;;;;new;;;;;;18.10_26;removed;;
8236512931;Package;8236512931;;;;"Запчасти и аксессуары";;;;0;;;;;;new;;;;;;18.10_26;removed;;
8236509819;Package;8236509819;;;;"Запчасти и аксессуары";;;;0;;;;;;new;;;;;;18.10_26;removed;;
8236507711;Package;8236507711;;;;"Запчасти и аксессуары";;;;0;;;;;;new;;;;;;18.10_26;removed;;
8236500758;Package;8236500758;;;;"Запчасти и аксессуары";;;;0;;;;;;new;;;;;;18.10_26;removed;;
8236496937;Package;8236496937;;;;"Запчасти и аксессуары";;;;0;;;;;;new;;;;;;18.10_26;removed;;
8236495821;Package;8236495821;;;;"Запчасти и аксессуары";;;;0;;;;;;new;;;;;;18.10_26;removed;;
8236494081;Package;8236494081;;;;"Запчасти и аксессуары";;;;0;;;;;;new;;;;;;18.10_26;removed;;
8236491974;Package;8236491974;;;;"Запчасти и аксессуары";;;;0;;;;;;new;;;;;;18.10_26;removed;;
8236482828;Package;8236482828;;;;"Запчасти и аксессуары";;;;0;;;;;;new;;;;;;18.10_26;removed;;
8236477131;Package;8236477131;;;;"Запчасти и аксессуары";;;;0;;;;;;new;;;;;;18.10_26;removed;;
8236475294;Package;8236475294;;;;"Запчасти и аксессуары";;;;0;;;;;;new;;;;;;18.10_26;removed;;
8236461907;Package;8236461907;;;;"Запчасти и аксессуары";;;;0;;;;;;new;;;;;;18.10_26;removed;;
8236452886;Package;8236452886;;;;"Запчасти и аксессуары";;;;0;;;;;;new;;;;;;18.10_26;removed;;
8236452682;Package;8236452682;;;;"Запчасти и аксессуары";;;;0;;;;;;new;;;;;;18.10_26;removed;;
8236449505;Package;8236449505;;;;"Запчасти и аксессуары";;;;0;;;;;;new;;;;;;18.10_26;removed;;
8236438697;Package;8236438697;;;;"Запчасти и аксессуары";;;;0;;;;;;new;;;;;;18.10_26;removed;;
8236431140;Package;8236431140;;;;"Запчасти и аксессуары";;;;0;;;;;;new;;;;;;18.10_26;removed;;
8236404307;Package;8236404307;;;;"Запчасти и аксессуары";;;;0;;;;;;new;;;;;;18.10_26;removed;;
8236399825;Package;8236399825;;;;"Запчасти и аксессуары";;;;0;;;;;;new;;;;;;18.10_26;removed;;
8236399497;Package;8236399497;;;;"Запчасти и аксессуары";;;;0;;;;;;new;;;;;;18.10_26;removed;;
8236398999;Package;8236398999;;;;"Запчасти и аксессуары";;;;0;;;;;;new;;;;;;18.10_26;removed;;
8236395552;Package;8236395552;;;;"Запчасти и аксессуары";;;;0;;;;;;new;;;;;;18.10_26;removed;;
8236377183;Package;8236377183;;;;"Запчасти и аксессуары";;;;0;;;;;;new;;;;;;18.10_26;removed;;
8236367450;Package;8236367450;;;;"Запчасти и аксессуары";;;;0;;;;;;new;;;;;;18.10_26;removed;;
8236367115;Package;8236367115;;;;"Запчасти и аксессуары";;;;0;;;;;;new;;;;;;18.10_26;removed;;
8236354661;Package;8236354661;;;;"Запчасти и аксессуары";;;;0;;;;;;new;;;;;;18.10_26;removed;;
8236354133;Package;8236354133;;;;"Запчасти и аксессуары";;;;0;;;;;;new;;;;;;18.10_26;removed;;
8236353202;Package;8236353202;;;;"Запчасти и аксессуары";;;;0;;;;;;new;;;;;;18.10_26;removed;;
8236352128;Package;8236352128;;;;"Запчасти и аксессуары";;;;0;;;;;;new;;;;;;18.10_26;removed;;
8236341783;Package;8236341783;;;;"Запчасти и аксессуары";;;;0;;;;;;new;;;;;;18.10_26;removed;;
8236334154;Package;8236334154;;;;"Запчасти и аксессуары";;;;0;;;;;;new;;;;;;18.10_26;removed;;
8236328142;Package;8236328142;;;;"Запчасти и аксессуары";;;;0;;;;;;new;;;;;;18.10_26;removed;;
8236316491;Package;8236316491;;;;"Запчасти и аксессуары";;;;0;;;;;;new;;;;;;18.10_26;removed;;
8236301588;Package;8236301588;;;;"Запчасти и аксессуары";;;;0;;;;;;new;;;;;;18.10_26;removed;;
8236291005;Package;8236291005;;;;"Запчасти и аксессуары";;;;0;;;;;;new;;;;;;18.10_26;removed;;
8236286941;Package;8236286941;;;;"Запчасти и аксессуары";;;;0;;;;;;new;;;;;;18.10_26;removed;;
8236286452;Package;8236286452;;;;"Запчасти и аксессуары";;;;0;;;;;;new;;;;;;18.10_26;removed;;
8236282639;Package;8236282639;;;;"Запчасти и аксессуары";;;;0;;;;;;new;;;;;;18.10_26;removed;;
8236279776;Package;8236279776;;;;"Запчасти и аксессуары";;;;0;;;;;;new;;;;;;18.10_26;removed;;
8236273722;Package;8236273722;;;;"Запчасти и аксессуары";;;;0;;;;;;new;;;;;;18.10_26;removed;;
8236270484;Package;8236270484;;;;"Запчасти и аксессуары";;;;0;;;;;;new;;;;;;18.10_26;removed;;
8236259185;Package;8236259185;;;;"Запчасти и аксессуары";;;;0;;;;;;new;;;;;;18.10_26;removed;;
8236257811;Package;8236257811;;;;"Запчасти и аксессуары";;;;0;;;;;;new;;;;;;18.10_26;removed;;
8236244562;Package;8236244562;;;;"Запчасти и аксессуары";;;;0;;;;;;new;;;;;;18.10_26;removed;;
8236243003;Package;8236243003;;;;"Запчасти и аксессуары";;;;0;;;;;;new;;;;;;18.10_26;removed;;
8236230948;Package;8236230948;;;;"Запчасти и аксессуары";;;;0;;;;;;new;;;;;;18.10_26;removed;;
8236218975;Package;8236218975;;;;"Запчасти и аксессуары";;;;0;;;;;;new;;;;;;18.10_26;removed;;
8236211074;Package;8236211074;;;;"Запчасти и аксессуары";;;;0;;;;;;new;;;;;;18.10_26;removed;;
8236210011;Package;8236210011;;;;"Запчасти и аксессуары";;;;0;;;;;;new;;;;;;18.10_26;removed;;
8236205537;Package;8236205537;;;;"Запчасти и аксессуары";;;;0;;;;;;new;;;;;;18.10_26;removed;;
8236200743;Package;8236200743;;;;"Запчасти и аксессуары";;;;0;;;;;;new;;;;;;18.10_26;removed;;
8236185647;Package;8236185647;;;;"Запчасти и аксессуары";;;;0;;;;;;new;;;;;;18.10_26;removed;;
8236183435;Package;8236183435;;;;"Запчасти и аксессуары";;;;0;;;;;;new;;;;;;18.10_26;removed;;
8236178906;Package;8236178906;;;;"Запчасти и аксессуары";;;;0;;;;;;new;;;;;;18.10_26;removed;;
8236174333;Package;8236174333;;;;"Запчасти и аксессуары";;;;0;;;;;;new;;;;;;18.10_26;removed;;
8236165335;Package;8236165335;;;;"Запчасти и аксессуары";;;;0;;;;;;new;;;;;;18.10_26;removed;;
8236164835;Package;8236164835;;;;"Запчасти и аксессуары";;;;0;;;;;;new;;;;;;18.10_26;removed;;
8236164598;Package;8236164598;;;;"Запчасти и аксессуары";;;;0;;;;;;new;;;;;;18.10_26;removed;;
8236149381;Package;8236149381;;;;"Запчасти и аксессуары";;;;0;;;;;;new;;;;;;18.10_26;removed;;
8236146275;Package;8236146275;;;;"Запчасти и аксессуары";;;;0;;;;;;new;;;;;;18.10_26;removed;;
8236145057;Package;8236145057;;;;"Запчасти и аксессуары";;;;0;;;;;;new;;;;;;18.10_26;removed;;
8236137847;Package;8236137847;;;;"Запчасти и аксессуары";;;;0;;;;;;new;;;;;;18.10_26;removed;;
8236135494;Package;8236135494;;;;"Запчасти и аксессуары";;;;0;;;;;;new;;;;;;18.10_26;removed;;
8236121935;Package;8236121935;;;;"Запчасти и аксессуары";;;;0;;;;;;new;;;;;;18.10_26;removed;;
8236113991;Package;8236113991;;;;"Запчасти и аксессуары";;;;0;;;;;;new;;;;;;18.10_26;removed;;
8236112288;Package;8236112288;;;;"Запчасти и аксессуары";;;;0;;;;;;new;;;;;;18.10_26;removed;;
8236084395;Package;8236084395;;;;"Запчасти и аксессуары";;;;0;;;;;;new;;;;;;18.10_26;removed;;
8236081507;Package;8236081507;;;;"Запчасти и аксессуары";;;;0;;;;;;new;;;;;;18.10_26;removed;;
8236070637;Package;8236070637;;;;"Запчасти и аксессуары";;;;0;;;;;;new;;;;;;18.10_26;removed;;
8236055244;Package;8236055244;;;;"Запчасти и аксессуары";;;;0;;;;;;new;;;;;;18.10_26;removed;;
8236045369;Package;8236045369;;;;"Запчасти и аксессуары";;;;0;;;;;;new;;;;;;18.10_26;removed;;
8236031150;Package;8236031150;;;;"Запчасти и аксессуары";;;;0;;;;;;new;;;;;;18.10_26;removed;;
8236024753;Package;8236024753;;;;"Запчасти и аксессуары";;;;0;;;;;;new;;;;;;18.10_26;removed;;
8236024263;Package;8236024263;;;;"Запчасти и аксессуары";;;;0;;;;;;new;;;;;;18.10_26;removed;;
8236019559;Package;8236019559;;;;"Запчасти и аксессуары";;;;0;;;;;;new;;;;;;18.10_26;removed;;
8236018279;Package;8236018279;;;;"Запчасти и аксессуары";;;;0;;;;;;new;;;;;;18.10_26;removed;;
8236017981;Package;8236017981;;;;"Запчасти и аксессуары";;;;0;;;;;;new;;;;;;18.10_26;removed;;
8236013456;Package;8236013456;;;;"Запчасти и аксессуары";;;;0;;;;;;new;;;;;;18.10_26;removed;;
8236010807;Package;8236010807;;;;"Запчасти и аксессуары";;;;0;;;;;;new;;;;;;18.10_26;removed;;
8236002836;Package;8236002836;;;;"Запчасти и аксессуары";;;;0;;;;;;new;;;;;;18.10_26;removed;;
8235989987;Package;8235989987;;;;"Запчасти и аксессуары";;;;0;;;;;;new;;;;;;18.10_26;removed;;
8235988590;Package;8235988590;;;;"Запчасти и аксессуары";;;;0;;;;;;new;;;;;;18.10_26;removed;;
8235967840;Package;8235967840;;;;"Запчасти и аксессуары";;;;0;;;;;;new;;;;;;18.10_26;removed;;
8235946902;Package;8235946902;;;;"Запчасти и аксессуары";;;;0;;;;;;new;;;;;;18.10_26;removed;;
8235942828;Package;8235942828;;;;"Запчасти и аксессуары";;;;0;;;;;;new;;;;;;18.10_26;removed;;
8235936344;Package;8235936344;;;;"Запчасти и аксессуары";;;;0;;;;;;new;;;;;;18.10_26;removed;;
8235934506;Package;8235934506;;;;"Запчасти и аксессуары";;;;0;;;;;;new;;;;;;18.10_26;removed;;
8235933551;Package;8235933551;;;;"Запчасти и аксессуары";;;;0;;;;;;new;;;;;;18.10_26;removed;;
8235930308;Package;8235930308;;;;"Запчасти и аксессуары";;;;0;;;;;;new;;;;;;18.10_26;removed;;
8235929372;Package;8235929372;;;;"Запчасти и аксессуары";;;;0;;;;;;new;;;;;;18.10_26;removed;;
8235921143;Package;8235921143;;;;"Запчасти и аксессуары";;;;0;;;;;;new;;;;;;18.10_26;removed;;
8235918461;Package;8235918461;;;;"Запчасти и аксессуары";;;;0;;;;;;new;;;;;;18.10_26;removed;;
8235915453;Package;8235915453;;;;"Запчасти и аксессуары";;;;0;;;;;;new;;;;;;18.10_26;removed;;
8235875992;Package;8235875992;;;;"Запчасти и аксессуары";;;;0;;;;;;new;;;;;;18.10_26;removed;;
8232453873;Package;8232453873;;;;"Запчасти и аксессуары";;;;0;;;;;;new;;;;;;18.10_26;removed;;
8231968185;Package;8231968185;;;;"Запчасти и аксессуары";;;;0;;;;;;new;;;;;;18.10_26;removed;;
8204871059;Package;8204871059;;;;"Запчасти и аксессуары";;;;0;;;;;;new;;;;;;18.10_26;removed;;
8204867912;Package;8204867912;;;;"Запчасти и аксессуары";;;;0;;;;;;new;;;;;;18.10_26;removed;;
8204866597;Package;8204866597;;;;"Запчасти и аксессуары";;;;0;;;;;;new;;;;;;18.10_26;removed;;
8204864772;Package;8204864772;;;;"Запчасти и аксессуары";;;;0;;;;;;new;;;;;;18.10_26;removed;;
8204864715;Package;8204864715;;;;"Запчасти и аксессуары";;;;0;;;;;;new;;;;;;18.10_26;removed;;
8204864358;Package;8204864358;;;;"Запчасти и аксессуары";;;;0;;;;;;new;;;;;;18.10_26;removed;;
8204864106;Package;8204864106;;;;"Запчасти и аксессуары";;;;0;;;;;;new;;;;;;18.10_26;removed;;
8204861552;Package;8204861552;;;;"Запчасти и аксессуары";;;;0;;;;;;new;;;;;;18.10_26;removed;;
8204861326;Package;8204861326;;;;"Запчасти и аксессуары";;;;0;;;;;;new;;;;;;18.10_26;removed;;
8204861148;Package;8204861148;;;;"Запчасти и аксессуары";;;;0;;;;;;new;;;;;;18.10_26;removed;;
8204860431;Package;8204860431;;;;"Запчасти и аксессуары";;;;0;;;;;;new;;;;;;18.10_26;removed;;
8204859227;Package;8204859227;;;;"Запчасти и аксессуары";;;;0;;;;;;new;;;;;;18.10_26;removed;;
8204847616;Package;8204847616;;;;"Запчасти и аксессуары";;;;0;;;;;;new;;;;;;18.10_26;removed;;
8204846531;Package;8204846531;;;;"Запчасти и аксессуары";;;;0;;;;;;new;;;;;;18.10_26;removed;;
8204845835;Package;8204845835;;;;"Запчасти и аксессуары";;;;0;;;;;;new;;;;;;18.10_26;removed;;
8204843155;Package;8204843155;;;;"Запчасти и аксессуары";;;;0;;;;;;new;;;;;;18.10_26;removed;;
8204839123;Package;8204839123;;;;"Запчасти и аксессуары";;;;0;;;;;;new;;;;;;18.10_26;removed;;
8204838457;Package;8204838457;;;;"Запчасти и аксессуары";;;;0;;;;;;new;;;;;;18.10_26;removed;;
8204836657;Package;8204836657;;;;"Запчасти и аксессуары";;;;0;;;;;;new;;;;;;18.10_26;removed;;
8204833182;Package;8204833182;;;;"Запчасти и аксессуары";;;;0;;;;;;new;;;;;;18.10_26;removed;;
8204830317;Package;8204830317;;;;"Запчасти и аксессуары";;;;0;;;;;;new;;;;;;18.10_26;removed;;
8204829317;Package;8204829317;;;;"Запчасти и аксессуары";;;;0;;;;;;new;;;;;;18.10_26;removed;;
8204828765;Package;8204828765;;;;"Запчасти и аксессуары";;;;0;;;;;;new;;;;;;18.10_26;removed;;
8204828432;Package;8204828432;;;;"Запчасти и аксессуары";;;;0;;;;;;new;;;;;;18.10_26;removed;;
8204828261;Package;8204828261;;;;"Запчасти и аксессуары";;;;0;;;;;;new;;;;;;18.10_26;removed;;
8204828090;Package;8204828090;;;;"Запчасти и аксессуары";;;;0;;;;;;new;;;;;;18.10_26;removed;;
8204828048;Package;8204828048;;;;"Запчасти и аксессуары";;;;0;;;;;;new;;;;;;18.10_26;removed;;
8204826171;Package;8204826171;;;;"Запчасти и аксессуары";;;;0;;;;;;new;;;;;;18.10_26;removed;;
8204825179;Package;8204825179;;;;"Запчасти и аксессуары";;;;0;;;;;;new;;;;;;18.10_26;removed;;
8204822582;Package;8204822582;;;;"Запчасти и аксессуары";;;;0;;;;;;new;;;;;;18.10_26;removed;;
8204821845;Package;8204821845;;;;"Запчасти и аксессуары";;;;0;;;;;;new;;;;;;18.10_26;removed;;
8204820599;Package;8204820599;;;;"Запчасти и аксессуары";;;;0;;;;;;new;;;;;;18.10_26;removed;;
8204818814;Package;8204818814;;;;"Запчасти и аксессуары";;;;0;;;;;;new;;;;;;18.10_26;removed;;
8204818316;Package;8204818316;;;;"Запчасти и аксессуары";;;;0;;;;;;new;;;;;;18.10_26;removed;;
8204817541;Package;8204817541;;;;"Запчасти и аксессуары";;;;0;;;;;;new;;;;;;18.10_26;removed;;
8204816185;Package;8204816185;;;;"Запчасти и аксессуары";;;;0;;;;;;new;;;;;;18.10_26;removed;;
8204815928;Package;8204815928;;;;"Запчасти и аксессуары";;;;0;;;;;;new;;;;;;18.10_26;removed;;
8204815324;Package;8204815324;;;;"Запчасти и аксессуары";;;;0;;;;;;new;;;;;;18.10_26;removed;;
8204812722;Package;8204812722;;;;"Запчасти и аксессуары";;;;0;;;;;;new;;;;;;18.10_26;removed;;
8204811429;Package;8204811429;;;;"Запчасти и аксессуары";;;;0;;;;;;new;;;;;;18.10_26;removed;;
8204810302;Package;8204810302;;;;"Запчасти и аксессуары";;;;0;;;;;;new;;;;;;18.10_26;removed;;
8204809016;Package;8204809016;;;;"Запчасти и аксессуары";;;;0;;;;;;new;;;;;;18.10_26;removed;;
8204807718;Package;8204807718;;;;"Запчасти и аксессуары";;;;0;;;;;;new;;;;;;18.10_26;removed;;
8204807702;Package;8204807702;;;;"Запчасти и аксессуары";;;;0;;;;;;new;;;;;;18.10_26;removed;;
8204806047;Package;8204806047;;;;"Запчасти и аксессуары";;;;0;;;;;;new;;;;;;18.10_26;removed;;
8204805906;Package;8204805906;;;;"Запчасти и аксессуары";;;;0;;;;;;new;;;;;;18.10_26;removed;;
8204805016;Package;8204805016;;;;"Запчасти и аксессуары";;;;0;;;;;;new;;;;;;18.10_26;removed;;
8204804810;Package;8204804810;;;;"Запчасти и аксессуары";;;;0;;;;;;new;;;;;;18.10_26;removed;;
8204804205;Package;8204804205;;;;"Запчасти и аксессуары";;;;0;;;;;;new;;;;;;18.10_26;removed;;
8204802467;Package;8204802467;;;;"Запчасти и аксессуары";;;;0;;;;;;new;;;;;;18.10_26;removed;;
8204802399;Package;8204802399;;;;"Запчасти и аксессуары";;;;0;;;;;;new;;;;;;18.10_26;removed;;
8204801154;Package;8204801154;;;;"Запчасти и аксессуары";;;;0;;;;;;new;;;;;;18.10_26;removed;;
8204800818;Package;8204800818;;;;"Запчасти и аксессуары";;;;0;;;;;;new;;;;;;18.10_26;removed;;
8204799168;Package;8204799168;;;;"Запчасти и аксессуары";;;;0;;;;;;new;;;;;;18.10_26;removed;;
8204796308;Package;8204796308;;;;"Запчасти и аксессуары";;;;0;;;;;;new;;;;;;18.10_26;removed;;
8204795764;Package;8204795764;;;;"Запчасти и аксессуары";;;;0;;;;;;new;;;;;;18.10_26;removed;;
8204791938;Package;8204791938;;;;"Запчасти и аксессуары";;;;0;;;;;;new;;;;;;18.10_26;removed;;
8204790575;Package;8204790575;;;;"Запчасти и аксессуары";;;;0;;;;;;new;;;;;;18.10_26;removed;;
8204790349;Package;8204790349;;;;"Запчасти и аксессуары";;;;0;;;;;;new;;;;;;18.10_26;removed;;
8204789752;Package;8204789752;;;;"Запчасти и аксессуары";;;;0;;;;;;new;;;;;;18.10_26;removed;;
8204789302;Package;8204789302;;;;"Запчасти и аксессуары";;;;0;;;;;;new;;;;;;18.10_26;removed;;
8204788638;Package;8204788638;;;;"Запчасти и аксессуары";;;;0;;;;;;new;;;;;;18.10_26;removed;;
8204788262;Package;8204788262;;;;"Запчасти и аксессуары";;;;0;;;;;;new;;;;;;18.10_26;removed;;
8204783997;Package;8204783997;;;;"Запчасти и аксессуары";;;;0;;;;;;new;;;;;;18.10_26;removed;;
8204783497;Package;8204783497;;;;"Запчасти и аксессуары";;;;0;;;;;;new;;;;;;18.10_26;removed;;
8204781696;Package;8204781696;;;;"Запчасти и аксессуары";;;;0;;;;;;new;;;;;;18.10_26;removed;;
8204780829;Package;8204780829;;;;"Запчасти и аксессуары";;;;0;;;;;;new;;;;;;18.10_26;removed;;
8204777149;Package;8204777149;;;;"Запчасти и аксессуары";;;;0;;;;;;new;;;;;;18.10_26;removed;;
8204776692;Package;8204776692;;;;"Запчасти и аксессуары";;;;0;;;;;;new;;;;;;18.10_26;removed;;
8204776516;Package;8204776516;;;;"Запчасти и аксессуары";;;;0;;;;;;new;;;;;;18.10_26;removed;;
8204776466;Package;8204776466;;;;"Запчасти и аксессуары";;;;0;;;;;;new;;;;;;18.10_26;removed;;
8204775781;Package;8204775781;;;;"Запчасти и аксессуары";;;;0;;;;;;new;;;;;;18.10_26;removed;;
8204775779;Package;8204775779;;;;"Запчасти и аксессуары";;;;0;;;;;;new;;;;;;18.10_26;removed;;
8204774966;Package;8204774966;;;;"Запчасти и аксессуары";;;;0;;;;;;new;;;;;;18.10_26;removed;;
8204773608;Package;8204773608;;;;"Запчасти и аксессуары";;;;0;;;;;;new;;;;;;18.10_26;removed;;
8204773368;Package;8204773368;;;;"Запчасти и аксессуары";;;;0;;;;;;new;;;;;;18.10_26;removed;;
8204773211;Package;8204773211;;;;"Запчасти и аксессуары";;;;0;;;;;;new;;;;;;18.10_26;removed;;
8204772935;Package;8204772935;;;;"Запчасти и аксессуары";;;;0;;;;;;new;;;;;;18.10_26;removed;;
8204772346;Package;8204772346;;;;"Запчасти и аксессуары";;;;0;;;;;;new;;;;;;18.10_26;removed;;
8204771523;Package;8204771523;;;;"Запчасти и аксессуары";;;;0;;;;;;new;;;;;;18.10_26;removed;;
8204770378;Package;8204770378;;;;"Запчасти и аксессуары";;;;0;;;;;;new;;;;;;18.10_26;removed;;
8204769842;Package;8204769842;;;;"Запчасти и аксессуары";;;;0;;;;;;new;;;;;;18.10_26;removed;;
8204768233;Package;8204768233;;;;"Запчасти и аксессуары";;;;0;;;;;;new;;;;;;18.10_26;removed;;
8204767457;Package;8204767457;;;;"Запчасти и аксессуары";;;;0;;;;;;new;;;;;;18.10_26;removed;;
8204765509;Package;8204765509;;;;"Запчасти и аксессуары";;;;0;;;;;;new;;;;;;18.10_26;removed;;
8204762889;Package;8204762889;;;;"Запчасти и аксессуары";;;;0;;;;;;new;;;;;;18.10_26;removed;;
8204762513;Package;8204762513;;;;"Запчасти и аксессуары";;;;0;;;;;;new;;;;;;18.10_26;removed;;
8204760619;Package;8204760619;;;;"Запчасти и аксессуары";;;;0;;;;;;new;;;;;;18.10_26;removed;;
8204759199;Package;8204759199;;;;"Запчасти и аксессуары";;;;0;;;;;;new;;;;;;18.10_26;removed;;
8204758602;Package;8204758602;;;;"Запчасти и аксессуары";;;;0;;;;;;new;;;;;;18.10_26;removed;;
8204758391;Package;8204758391;;;;"Запчасти и аксессуары";;;;0;;;;;;new;;;;;;18.10_26;removed;;
8204757762;Package;8204757762;;;;"Запчасти и аксессуары";;;;0;;;;;;new;;;;;;18.10_26;removed;;
8204754815;Package;8204754815;;;;"Запчасти и аксессуары";;;;0;;;;;;new;;;;;;18.10_26;removed;;
8204754616;Package;8204754616;;;;"Запчасти и аксессуары";;;;0;;;;;;new;;;;;;18.10_26;removed;;
8204753688;Package;8204753688;;;;"Запчасти и аксессуары";;;;0;;;;;;new;;;;;;18.10_26;removed;;
8204752107;Package;8204752107;;;;"Запчасти и аксессуары";;;;0;;;;;;new;;;;;;18.10_26;removed;;
8204751824;Package;8204751824;;;;"Запчасти и аксессуары";;;;0;;;;;;new;;;;;;18.10_26;removed;;
8204749704;Package;8204749704;;;;"Запчасти и аксессуары";;;;0;;;;;;new;;;;;;18.10_26;removed;;
8204749257;Package;8204749257;;;;"Запчасти и аксессуары";;;;0;;;;;;new;;;;;;18.10_26;removed;;
8204748951;Package;8204748951;;;;"Запчасти и аксессуары";;;;0;;;;;;new;;;;;;18.10_26;removed;;
8204748937;Package;8204748937;;;;"Запчасти и аксессуары";;;;0;;;;;;new;;;;;;18.10_26;removed;;
8204748167;Package;8204748167;;;;"Запчасти и аксессуары";;;;0;;;;;;new;;;;;;18.10_26;removed;;
8204747956;Package;8204747956;;;;"Запчасти и аксессуары";;;;0;;;;;;new;;;;;;18.10_26;removed;;
8204747868;Package;8204747868;;;;"Запчасти и аксессуары";;;;0;;;;;;new;;;;;;18.10_26;removed;;
8204747124;Package;8204747124;;;;"Запчасти и аксессуары";;;;0;;;;;;new;;;;;;18.10_26;removed;;
8204742241;Package;8204742241;;;;"Запчасти и аксессуары";;;;0;;;;;;new;;;;;;18.10_26;removed;;
8204741848;Package;8204741848;;;;"Запчасти и аксессуары";;;;0;;;;;;new;;;;;;18.10_26;removed;;
8204741818;Package;8204741818;;;;"Запчасти и аксессуары";;;;0;;;;;;new;;;;;;18.10_26;removed;;
8204740360;Package;8204740360;;;;"Запчасти и аксессуары";;;;0;;;;;;new;;;;;;18.10_26;removed;;
8204738572;Package;8204738572;;;;"Запчасти и аксессуары";;;;0;;;;;;new;;;;;;18.10_26;removed;;
8204735954;Package;8204735954;;;;"Запчасти и аксессуары";;;;0;;;;;;new;;;;;;18.10_26;removed;;
8204733979;Package;8204733979;;;;"Запчасти и аксессуары";;;;0;;;;;;new;;;;;;18.10_26;removed;;
8204732939;Package;8204732939;;;;"Запчасти и аксессуары";;;;0;;;;;;new;;;;;;18.10_26;removed;;
8204730267;Package;8204730267;;;;"Запчасти и аксессуары";;;;0;;;;;;new;;;;;;18.10_26;removed;;
8204729555;Package;8204729555;;;;"Запчасти и аксессуары";;;;0;;;;;;new;;;;;;18.10_26;removed;;
8204728750;Package;8204728750;;;;"Запчасти и аксессуары";;;;0;;;;;;new;;;;;;18.10_26;removed;;
8204723797;Package;8204723797;;;;"Запчасти и аксессуары";;;;0;;;;;;new;;;;;;18.10_26;removed;;
8204721830;Package;8204721830;;;;"Запчасти и аксессуары";;;;0;;;;;;new;;;;;;18.10_26;removed;;
8204721411;Package;8204721411;;;;"Запчасти и аксессуары";;;;0;;;;;;new;;;;;;18.10_26;removed;;
8204718504;Package;8204718504;;;;"Запчасти и аксессуары";;;;0;;;;;;new;;;;;;18.10_26;removed;;
8204717227;Package;8204717227;;;;"Запчасти и аксессуары";;;;0;;;;;;new;;;;;;18.10_26;removed;;
8204716447;Package;8204716447;;;;"Запчасти и аксессуары";;;;0;;;;;;new;;;;;;18.10_26;removed;;
8204716392;Package;8204716392;;;;"Запчасти и аксессуары";;;;0;;;;;;new;;;;;;18.10_26;removed;;
8204714888;Package;8204714888;;;;"Запчасти и аксессуары";;;;0;;;;;;new;;;;;;18.10_26;removed;;
8204714410;Package;8204714410;;;;"Запчасти и аксессуары";;;;0;;;;;;new;;;;;;18.10_26;removed;;
8204713091;Package;8204713091;;;;"Запчасти и аксессуары";;;;0;;;;;;new;;;;;;18.10_26;removed;;
8204711317;Package;8204711317;;;;"Запчасти и аксессуары";;;;0;;;;;;new;;;;;;18.10_26;removed;;
8204709837;Package;8204709837;;;;"Запчасти и аксессуары";;;;0;;;;;;new;;;;;;18.10_26;removed;;
8204707797;Package;8204707797;;;;"Запчасти и аксессуары";;;;0;;;;;;new;;;;;;18.10_26;removed;;
8204707586;Package;8204707586;;;;"Запчасти и аксессуары";;;;0;;;;;;new;;;;;;18.10_26;removed;;
8204702995;Package;8204702995;;;;"Запчасти и аксессуары";;;;0;;;;;;new;;;;;;18.10_26;removed;;
8204699625;Package;8204699625;;;;"Запчасти и аксессуары";;;;0;;;;;;new;;;;;;18.10_26;removed;;
8204697749;Package;8204697749;;;;"Запчасти и аксессуары";;;;0;;;;;;new;;;;;;18.10_26;removed;;
8204697172;Package;8204697172;;;;"Запчасти и аксессуары";;;;0;;;;;;new;;;;;;18.10_26;removed;;
8204696969;Package;8204696969;;;;"Запчасти и аксессуары";;;;0;;;;;;new;;;;;;18.10_26;removed;;
8204696565;Package;8204696565;;;;"Запчасти и аксессуары";;;;0;;;;;;new;;;;;;18.10_26;removed;;
8204696273;Package;8204696273;;;;"Запчасти и аксессуары";;;;0;;;;;;new;;;;;;18.10_26;removed;;
8204695349;Package;8204695349;;;;"Запчасти и аксессуары";;;;0;;;;;;new;;;;;;18.10_26;removed;;
8204690110;Package;8204690110;;;;"Запчасти и аксессуары";;;;0;;;;;;new;;;;;;18.10_26;removed;;
8204688279;Package;8204688279;;;;"Запчасти и аксессуары";;;;0;;;;;;new;;;;;;18.10_26;removed;;
8204687198;Package;8204687198;;;;"Запчасти и аксессуары";;;;0;;;;;;new;;;;;;18.10_26;removed;;
8204683939;Package;8204683939;;;;"Запчасти и аксессуары";;;;0;;;;;;new;;;;;;18.10_26;removed;;
8204681401;Package;8204681401;;;;"Запчасти и аксессуары";;;;0;;;;;;new;;;;;;18.10_26;removed;;
8204679132;Package;8204679132;;;;"Запчасти и аксессуары";;;;0;;;;;;new;;;;;;18.10_26;removed;;
8204678784;Package;8204678784;;;;"Запчасти и аксессуары";;;;0;;;;;;new;;;;;;18.10_26;removed;;
8204678489;Package;8204678489;;;;"Запчасти и аксессуары";;;;0;;;;;;new;;;;;;18.10_26;removed;;
8204676649;Package;8204676649;;;;"Запчасти и аксессуары";;;;0;;;;;;new;;;;;;18.10_26;removed;;
8204675839;Package;8204675839;;;;"Запчасти и аксессуары";;;;0;;;;;;new;;;;;;18.10_26;removed;;
8204675295;Package;8204675295;;;;"Запчасти и аксессуары";;;;0;;;;;;new;;;;;;18.10_26;removed;;
8204669820;Package;8204669820;;;;"Запчасти и аксессуары";;;;0;;;;;;new;;;;;;18.10_26;removed;;
8204668648;Package;8204668648;;;;"Запчасти и аксессуары";;;;0;;;;;;new;;;;;;18.10_26;removed;;
8204666418;Package;8204666418;;;;"Запчасти и аксессуары";;;;0;;;;;;new;;;;;;18.10_26;removed;;
8204665212;Package;8204665212;;;;"Запчасти и аксессуары";;;;0;;;;;;new;;;;;;18.10_26;removed;;
8204663991;Package;8204663991;;;;"Запчасти и аксессуары";;;;0;;;;;;new;;;;;;18.10_26;removed;;
8204663287;Package;8204663287;;;;"Запчасти и аксессуары";;;;0;;;;;;new;;;;;;18.10_26;removed;;
8204658967;Package;8204658967;;;;"Запчасти и аксессуары";;;;0;;;;;;new;;;;;;18.10_26;removed;;
8204658846;Package;8204658846;;;;"Запчасти и аксессуары";;;;0;;;;;;new;;;;;;18.10_26;removed;;
8204658430;Package;8204658430;;;;"Запчасти и аксессуары";;;;0;;;;;;new;;;;;;18.10_26;removed;;
8204658193;Package;8204658193;;;;"Запчасти и аксессуары";;;;0;;;;;;new;;;;;;18.10_26;removed;;
8204657857;Package;8204657857;;;;"Запчасти и аксессуары";;;;0;;;;;;new;;;;;;18.10_26;removed;;
8204653185;Package;8204653185;;;;"Запчасти и аксессуары";;;;0;;;;;;new;;;;;;18.10_26;removed;;
8204652923;Package;8204652923;;;;"Запчасти и аксессуары";;;;0;;;;;;new;;;;;;18.10_26;removed;;
8204648820;Package;8204648820;;;;"Запчасти и аксессуары";;;;0;;;;;;new;;;;;;18.10_26;removed;;
8204647568;Package;8204647568;;;;"Запчасти и аксессуары";;;;0;;;;;;new;;;;;;18.10_26;removed;;
8204647437;Package;8204647437;;;;"Запчасти и аксессуары";;;;0;;;;;;new;;;;;;18.10_26;removed;;
8204647343;Package;8204647343;;;;"Запчасти и аксессуары";;;;0;;;;;;new;;;;;;18.10_26;removed;;
8204647172;Package;8204647172;;;;"Запчасти и аксессуары";;;;0;;;;;;new;;;;;;18.10_26;removed;;
8204645151;Package;8204645151;;;;"Запчасти и аксессуары";;;;0;;;;;;new;;;;;;18.10_26;removed;;
8204645142;Package;8204645142;;;;"Запчасти и аксессуары";;;;0;;;;;;new;;;;;;18.10_26;removed;;
8204644327;Package;8204644327;;;;"Запчасти и аксессуары";;;;0;;;;;;new;;;;;;18.10_26;removed;;
8204642644;Package;8204642644;;;;"Запчасти и аксессуары";;;;0;;;;;;new;;;;;;18.10_26;removed;;
8204639202;Package;8204639202;;;;"Запчасти и аксессуары";;;;0;;;;;;new;;;;;;18.10_26;removed;;
8204639084;Package;8204639084;;;;"Запчасти и аксессуары";;;;0;;;;;;new;;;;;;18.10_26;removed;;
8204635702;Package;8204635702;;;;"Запчасти и аксессуары";;;;0;;;;;;new;;;;;;18.10_26;removed;;
8204634998;Package;8204634998;;;;"Запчасти и аксессуары";;;;0;;;;;;new;;;;;;18.10_26;removed;;
8204634327;Package;8204634327;;;;"Запчасти и аксессуары";;;;0;;;;;;new;;;;;;18.10_26;removed;;
8204633319;Package;8204633319;;;;"Запчасти и аксессуары";;;;0;;;;;;new;;;;;;18.10_26;removed;;
8204632258;Package;8204632258;;;;"Запчасти и аксессуары";;;;0;;;;;;new;;;;;;18.10_26;removed;;
8204630778;Package;8204630778;;;;"Запчасти и аксессуары";;;;0;;;;;;new;;;;;;18.10_26;removed;;
8204627994;Package;8204627994;;;;"Запчасти и аксессуары";;;;0;;;;;;new;;;;;;18.10_26;removed;;
8204623664;Package;8204623664;;;;"Запчасти и аксессуары";;;;0;;;;;;new;;;;;;18.10_26;removed;;
8204623478;Package;8204623478;;;;"Запчасти и аксессуары";;;;0;;;;;;new;;;;;;18.10_26;removed;;
8204622270;Package;8204622270;;;;"Запчасти и аксессуары";;;;0;;;;;;new;;;;;;18.10_26;removed;;
8204620962;Package;8204620962;;;;"Запчасти и аксессуары";;;;0;;;;;;new;;;;;;18.10_26;removed;;
8204620939;Package;8204620939;;;;"Запчасти и аксессуары";;;;0;;;;;;new;;;;;;18.10_26;removed;;
8204619747;Package;8204619747;;;;"Запчасти и аксессуары";;;;0;;;;;;new;;;;;;18.10_26;removed;;
8204618503;Package;8204618503;;;;"Запчасти и аксессуары";;;;0;;;;;;new;;;;;;18.10_26;removed;;
8204618041;Package;8204618041;;;;"Запчасти и аксессуары";;;;0;;;;;;new;;;;;;18.10_26;removed;;
8204617635;Package;8204617635;;;;"Запчасти и аксессуары";;;;0;;;;;;new;;;;;;18.10_26;removed;;
8204617183;Package;8204617183;;;;"Запчасти и аксессуары";;;;0;;;;;;new;;;;;;18.10_26;removed;;
8204616374;Package;8204616374;;;;"Запчасти и аксессуары";;;;0;;;;;;new;;;;;;18.10_26;removed;;
8204612737;Package;8204612737;;;;"Запчасти и аксессуары";;;;0;;;;;;new;;;;;;18.10_26;removed;;
8204612458;Package;8204612458;;;;"Запчасти и аксессуары";;;;0;;;;;;new;;;;;;18.10_26;removed;;
8204611364;Package;8204611364;;;;"Запчасти и аксессуары";;;;0;;;;;;new;;;;;;18.10_26;removed;;
8204611188;Package;8204611188;;;;"Запчасти и аксессуары";;;;0;;;;;;new;;;;;;18.10_26;removed;;
8204608387;Package;8204608387;;;;"Запчасти и аксессуары";;;;0;;;;;;new;;;;;;18.10_26;removed;;
8204608215;Package;8204608215;;;;"Запчасти и аксессуары";;;;0;;;;;;new;;;;;;18.10_26;removed;;
8204606797;Package;8204606797;;;;"Запчасти и аксессуары";;;;0;;;;;;new;;;;;;18.10_26;removed;;
8204605454;Package;8204605454;;;;"Запчасти и аксессуары";;;;0;;;;;;new;;;;;;18.10_26;removed;;
8204605165;Package;8204605165;;;;"Запчасти и аксессуары";;;;0;;;;;;new;;;;;;18.10_26;removed;;
8204602570;Package;8204602570;;;;"Запчасти и аксессуары";;;;0;;;;;;new;;;;;;18.10_26;removed;;
8204602461;Package;8204602461;;;;"Запчасти и аксессуары";;;;0;;;;;;new;;;;;;18.10_26;removed;;
8204602343;Package;8204602343;;;;"Запчасти и аксессуары";;;;0;;;;;;new;;;;;;18.10_26;removed;;
8204601441;Package;8204601441;;;;"Запчасти и аксессуары";;;;0;;;;;;new;;;;;;18.10_26;removed;;
8204599472;Package;8204599472;;;;"Запчасти и аксессуары";;;;0;;;;;;new;;;;;;18.10_26;removed;;
8204599384;Package;8204599384;;;;"Запчасти и аксессуары";;;;0;;;;;;new;;;;;;18.10_26;removed;;
8204597626;Package;8204597626;;;;"Запчасти и аксессуары";;;;0;;;;;;new;;;;;;18.10_26;removed;;
8204595950;Package;8204595950;;;;"Запчасти и аксессуары";;;;0;;;;;;new;;;;;;18.10_26;removed;;
8204595571;Package;8204595571;;;;"Запчасти и аксессуары";;;;0;;;;;;new;;;;;;18.10_26;removed;;
8204594590;Package;8204594590;;;;"Запчасти и аксессуары";;;;0;;;;;;new;;;;;;18.10_26;removed;;
8204594201;Package;8204594201;;;;"Запчасти и аксессуары";;;;0;;;;;;new;;;;;;18.10_26;removed;;
8204594128;Package;8204594128;;;;"Запчасти и аксессуары";;;;0;;;;;;new;;;;;;18.10_26;removed;;
8204594090;Package;8204594090;;;;"Запчасти и аксессуары";;;;0;;;;;;new;;;;;;18.10_26;removed;;
8204594069;Package;8204594069;;;;"Запчасти и аксессуары";;;;0;;;;;;new;;;;;;18.10_26;removed;;
8204592136;Package;8204592136;;;;"Запчасти и аксессуары";;;;0;;;;;;new;;;;;;18.10_26;removed;;
8204590993;Package;8204590993;;;;"Запчасти и аксессуары";;;;0;;;;;;new;;;;;;18.10_26;removed;;
8204589643;Package;8204589643;;;;"Запчасти и аксессуары";;;;0;;;;;;new;;;;;;18.10_26;removed;;
8204589429;Package;8204589429;;;;"Запчасти и аксессуары";;;;0;;;;;;new;;;;;;18.10_26;removed;;
8204588590;Package;8204588590;;;;"Запчасти и аксессуары";;;;0;;;;;;new;;;;;;18.10_26;removed;;
8204588104;Package;8204588104;;;;"Запчасти и аксессуары";;;;0;;;;;;new;;;;;;18.10_26;removed;;
8204586971;Package;8204586971;;;;"Запчасти и аксессуары";;;;0;;;;;;new;;;;;;18.10_26;removed;;
8204586567;Package;8204586567;;;;"Запчасти и аксессуары";;;;0;;;;;;new;;;;;;18.10_26;removed;;
8204586280;Package;8204586280;;;;"Запчасти и аксессуары";;;;0;;;;;;new;;;;;;18.10_26;removed;;
8204584330;Package;8204584330;;;;"Запчасти и аксессуары";;;;0;;;;;;new;;;;;;18.10_26;removed;;
8204584018;Package;8204584018;;;;"Запчасти и аксессуары";;;;0;;;;;;new;;;;;;18.10_26;removed;;
8204583812;Package;8204583812;;;;"Запчасти и аксессуары";;;;0;;;;;;new;;;;;;18.10_26;removed;;
8204583477;Package;8204583477;;;;"Запчасти и аксессуары";;;;0;;;;;;new;;;;;;18.10_26;removed;;
8204583245;Package;8204583245;;;;"Запчасти и аксессуары";;;;0;;;;;;new;;;;;;18.10_26;removed;;
8204581441;Package;8204581441;;;;"Запчасти и аксессуары";;;;0;;;;;;new;;;;;;18.10_26;removed;;
8204580830;Package;8204580830;;;;"Запчасти и аксессуары";;;;0;;;;;;new;;;;;;18.10_26;removed;;
8204580152;Package;8204580152;;;;"Запчасти и аксессуары";;;;0;;;;;;new;;;;;;18.10_26;removed;;
8204578222;Package;8204578222;;;;"Запчасти и аксессуары";;;;0;;;;;;new;;;;;;18.10_26;removed;;
8204576744;Package;8204576744;;;;"Запчасти и аксессуары";;;;0;;;;;;new;;;;;;18.10_26;removed;;
8204575970;Package;8204575970;;;;"Запчасти и аксессуары";;;;0;;;;;;new;;;;;;18.10_26;removed;;
8204575840;Package;8204575840;;;;"Запчасти и аксессуары";;;;0;;;;;;new;;;;;;18.10_26;removed;;
8204575793;Package;8204575793;;;;"Запчасти и аксессуары";;;;0;;;;;;new;;;;;;18.10_26;removed;;
8204575480;Package;8204575480;;;;"Запчасти и аксессуары";;;;0;;;;;;new;;;;;;18.10_26;removed;;
8204573202;Package;8204573202;;;;"Запчасти и аксессуары";;;;0;;;;;;new;;;;;;18.10_26;removed;;
8204573179;Package;8204573179;;;;"Запчасти и аксессуары";;;;0;;;;;;new;;;;;;18.10_26;removed;;
8204572533;Package;8204572533;;;;"Запчасти и аксессуары";;;;0;;;;;;new;;;;;;18.10_26;removed;;
8204572376;Package;8204572376;;;;"Запчасти и аксессуары";;;;0;;;;;;new;;;;;;18.10_26;removed;;
8204571103;Package;8204571103;;;;"Запчасти и аксессуары";;;;0;;;;;;new;;;;;;18.10_26;removed;;
8204570364;Package;8204570364;;;;"Запчасти и аксессуары";;;;0;;;;;;new;;;;;;18.10_26;removed;;
8204569788;Package;8204569788;;;;"Запчасти и аксессуары";;;;0;;;;;;new;;;;;;18.10_26;removed;;
8204568331;Package;8204568331;;;;"Запчасти и аксессуары";;;;0;;;;;;new;;;;;;18.10_26;removed;;
8204568228;Package;8204568228;;;;"Запчасти и аксессуары";;;;0;;;;;;new;;;;;;18.10_26;removed;;
8204567569;Package;8204567569;;;;"Запчасти и аксессуары";;;;0;;;;;;new;;;;;;18.10_26;removed;;
8204566482;Package;8204566482;;;;"Запчасти и аксессуары";;;;0;;;;;;new;;;;;;18.10_26;removed;;
8204563392;Package;8204563392;;;;"Запчасти и аксессуары";;;;0;;;;;;new;;;;;;18.10_26;removed;;
8204563122;Package;8204563122;;;;"Запчасти и аксессуары";;;;0;;;;;;new;;;;;;18.10_26;removed;;
8204562634;Package;8204562634;;;;"Запчасти и аксессуары";;;;0;;;;;;new;;;;;;18.10_26;removed;;
8204561726;Package;8204561726;;;;"Запчасти и аксессуары";;;;0;;;;;;new;;;;;;18.10_26;removed;;
8204557379;Package;8204557379;;;;"Запчасти и аксессуары";;;;0;;;;;;new;;;;;;18.10_26;removed;;
8204556724;Package;8204556724;;;;"Запчасти и аксессуары";;;;0;;;;;;new;;;;;;18.10_26;removed;;
8204555657;Package;8204555657;;;;"Запчасти и аксессуары";;;;0;;;;;;new;;;;;;18.10_26;removed;;
8204555339;Package;8204555339;;;;"Запчасти и аксессуары";;;;0;;;;;;new;;;;;;18.10_26;removed;;
8204554623;Package;8204554623;;;;"Запчасти и аксессуары";;;;0;;;;;;new;;;;;;18.10_26;removed;;
8204553922;Package;8204553922;;;;"Запчасти и аксессуары";;;;0;;;;;;new;;;;;;18.10_26;removed;;
8204552345;Package;8204552345;;;;"Запчасти и аксессуары";;;;0;;;;;;new;;;;;;18.10_26;removed;;
8204550282;Package;8204550282;;;;"Запчасти и аксессуары";;;;0;;;;;;new;;;;;;18.10_26;removed;;
8204548531;Package;8204548531;;;;"Запчасти и аксессуары";;;;0;;;;;;new;;;;;;18.10_26;removed;;
8204548199;Package;8204548199;;;;"Запчасти и аксессуары";;;;0;;;;;;new;;;;;;18.10_26;removed;;
8204547065;Package;8204547065;;;;"Запчасти и аксессуары";;;;0;;;;;;new;;;;;;18.10_26;removed;;
8204547012;Package;8204547012;;;;"Запчасти и аксессуары";;;;0;;;;;;new;;;;;;18.10_26;removed;;
8204546915;Package;8204546915;;;;"Запчасти и аксессуары";;;;0;;;;;;new;;;;;;18.10_26;removed;;
8204546240;Package;8204546240;;;;"Запчасти и аксессуары";;;;0;;;;;;new;;;;;;18.10_26;removed;;
8204545433;Package;8204545433;;;;"Запчасти и аксессуары";;;;0;;;;;;new;;;;;;18.10_26;removed;;
8204545149;Package;8204545149;;;;"Запчасти и аксессуары";;;;0;;;;;;new;;;;;;18.10_26;removed;;
8204544466;Package;8204544466;;;;"Запчасти и аксессуары";;;;0;;;;;;new;;;;;;18.10_26;removed;;
8204542453;Package;8204542453;;;;"Запчасти и аксессуары";;;;0;;;;;;new;;;;;;18.10_26;removed;;
8204536361;Package;8204536361;;;;"Запчасти и аксессуары";;;;0;;;;;;new;;;;;;18.10_26;removed;;
8204534325;Package;8204534325;;;;"Запчасти и аксессуары";;;;0;;;;;;new;;;;;;18.10_26;removed;;
8204531947;Package;8204531947;;;;"Запчасти и аксессуары";;;;0;;;;;;new;;;;;;18.10_26;removed;;
8204531732;Package;8204531732;;;;"Запчасти и аксессуары";;;;0;;;;;;new;;;;;;18.10_26;removed;;
8204530513;Package;8204530513;;;;"Запчасти и аксессуары";;;;0;;;;;;new;;;;;;18.10_26;removed;;
8204526805;Package;8204526805;;;;"Запчасти и аксессуары";;;;0;;;;;;new;;;;;;18.10_26;removed;;
8204526658;Package;8204526658;;;;"Запчасти и аксессуары";;;;0;;;;;;new;;;;;;18.10_26;removed;;
8204525564;Package;8204525564;;;;"Запчасти и аксессуары";;;;0;;;;;;new;;;;;;18.10_26;removed;;
8204525065;Package;8204525065;;;;"Запчасти и аксессуары";;;;0;;;;;;new;;;;;;18.10_26;removed;;
8204524517;Package;8204524517;;;;"Запчасти и аксессуары";;;;0;;;;;;new;;;;;;18.10_26;removed;;
8204524343;Package;8204524343;;;;"Запчасти и аксессуары";;;;0;;;;;;new;;;;;;18.10_26;removed;;
8204521852;Package;8204521852;;;;"Запчасти и аксессуары";;;;0;;;;;;new;;;;;;18.10_26;removed;;
8204519551;Package;8204519551;;;;"Запчасти и аксессуары";;;;0;;;;;;new;;;;;;18.10_26;removed;;
8204519039;Package;8204519039;;;;"Запчасти и аксессуары";;;;0;;;;;;new;;;;;;18.10_26;removed;;
8204517615;Package;8204517615;;;;"Запчасти и аксессуары";;;;0;;;;;;new;;;;;;18.10_26;removed;;
8204517577;Package;8204517577;;;;"Запчасти и аксессуары";;;;0;;;;;;new;;;;;;18.10_26;removed;;
8204516320;Package;8204516320;;;;"Запчасти и аксессуары";;;;0;;;;;;new;;;;;;18.10_26;removed;;
8204515270;Package;8204515270;;;;"Запчасти и аксессуары";;;;0;;;;;;new;;;;;;18.10_26;removed;;
8204514963;Package;8204514963;;;;"Запчасти и аксессуары";;;;0;;;;;;new;;;;;;18.10_26;removed;;
8204513210;Package;8204513210;;;;"Запчасти и аксессуары";;;;0;;;;;;new;;;;;;18.10_26;removed;;
8204509312;Package;8204509312;;;;"Запчасти и аксессуары";;;;0;;;;;;new;;;;;;18.10_26;removed;;
8204506237;Package;8204506237;;;;"Запчасти и аксессуары";;;;0;;;;;;new;;;;;;18.10_26;removed;;
8204504606;Package;8204504606;;;;"Запчасти и аксессуары";;;;0;;;;;;new;;;;;;18.10_26;removed;;
8204503067;Package;8204503067;;;;"Запчасти и аксессуары";;;;0;;;;;;new;;;;;;18.10_26;removed;;
8204501301;Package;8204501301;;;;"Запчасти и аксессуары";;;;0;;;;;;new;;;;;;18.10_26;removed;;
8204501017;Package;8204501017;;;;"Запчасти и аксессуары";;;;0;;;;;;new;;;;;;18.10_26;removed;;
8204500626;Package;8204500626;;;;"Запчасти и аксессуары";;;;0;;;;;;new;;;;;;18.10_26;removed;;
8204500370;Package;8204500370;;;;"Запчасти и аксессуары";;;;0;;;;;;new;;;;;;18.10_26;removed;;
8204498953;Package;8204498953;;;;"Запчасти и аксессуары";;;;0;;;;;;new;;;;;;18.10_26;removed;;
8204494927;Package;8204494927;;;;"Запчасти и аксессуары";;;;0;;;;;;new;;;;;;18.10_26;removed;;
8204494872;Package;8204494872;;;;"Запчасти и аксессуары";;;;0;;;;;;new;;;;;;18.10_26;removed;;
8204491783;Package;8204491783;;;;"Запчасти и аксессуары";;;;0;;;;;;new;;;;;;18.10_26;removed;;
8204491191;Package;8204491191;;;;"Запчасти и аксессуары";;;;0;;;;;;new;;;;;;18.10_26;removed;;
8204489194;Package;8204489194;;;;"Запчасти и аксессуары";;;;0;;;;;;new;;;;;;18.10_26;removed;;
8204488559;Package;8204488559;;;;"Запчасти и аксессуары";;;;0;;;;;;new;;;;;;18.10_26;removed;;
8204488003;Package;8204488003;;;;"Запчасти и аксессуары";;;;0;;;;;;new;;;;;;18.10_26;removed;;
8204486375;Package;8204486375;;;;"Запчасти и аксессуары";;;;0;;;;;;new;;;;;;18.10_26;removed;;
8204485985;Package;8204485985;;;;"Запчасти и аксессуары";;;;0;;;;;;new;;;;;;18.10_26;removed;;
8204483111;Package;8204483111;;;;"Запчасти и аксессуары";;;;0;;;;;;new;;;;;;18.10_26;removed;;
8204482273;Package;8204482273;;;;"Запчасти и аксессуары";;;;0;;;;;;new;;;;;;18.10_26;removed;;
8204480266;Package;8204480266;;;;"Запчасти и аксессуары";;;;0;;;;;;new;;;;;;18.10_26;removed;;
8204477529;Package;8204477529;;;;"Запчасти и аксессуары";;;;0;;;;;;new;;;;;;18.10_26;removed;;
8204476062;Package;8204476062;;;;"Запчасти и аксессуары";;;;0;;;;;;new;;;;;;18.10_26;removed;;
8204475649;Package;8204475649;;;;"Запчасти и аксессуары";;;;0;;;;;;new;;;;;;18.10_26;removed;;
8204475148;Package;8204475148;;;;"Запчасти и аксессуары";;;;0;;;;;;new;;;;;;18.10_26;removed;;
8204473184;Package;8204473184;;;;"Запчасти и аксессуары";;;;0;;;;;;new;;;;;;18.10_26;removed;;
8204471410;Package;8204471410;;;;"Запчасти и аксессуары";;;;0;;;;;;new;;;;;;18.10_26;removed;;
8204471337;Package;8204471337;;;;"Запчасти и аксессуары";;;;0;;;;;;new;;;;;;18.10_26;removed;;
8204469765;Package;8204469765;;;;"Запчасти и аксессуары";;;;0;;;;;;new;;;;;;18.10_26;removed;;
8204468328;Package;8204468328;;;;"Запчасти и аксессуары";;;;0;;;;;;new;;;;;;18.10_26;removed;;
8204467541;Package;8204467541;;;;"Запчасти и аксессуары";;;;0;;;;;;new;;;;;;18.10_26;removed;;
8204466794;Package;8204466794;;;;"Запчасти и аксессуары";;;;0;;;;;;new;;;;;;18.10_26;removed;;
8204465908;Package;8204465908;;;;"Запчасти и аксессуары";;;;0;;;;;;new;;;;;;18.10_26;removed;;
8204464430;Package;8204464430;;;;"Запчасти и аксессуары";;;;0;;;;;;new;;;;;;18.10_26;removed;;
8204462564;Package;8204462564;;;;"Запчасти и аксессуары";;;;0;;;;;;new;;;;;;18.10_26;removed;;
8204462345;Package;8204462345;;;;"Запчасти и аксессуары";;;;0;;;;;;new;;;;;;18.10_26;removed;;
8204459574;Package;8204459574;;;;"Запчасти и аксессуары";;;;0;;;;;;new;;;;;;18.10_26;removed;;
8204457617;Package;8204457617;;;;"Запчасти и аксессуары";;;;0;;;;;;new;;;;;;18.10_26;removed;;
8204457613;Package;8204457613;;;;"Запчасти и аксессуары";;;;0;;;;;;new;;;;;;18.10_26;removed;;
8204456356;Package;8204456356;;;;"Запчасти и аксессуары";;;;0;;;;;;new;;;;;;18.10_26;removed;;
8204455636;Package;8204455636;;;;"Запчасти и аксессуары";;;;0;;;;;;new;;;;;;18.10_26;removed;;
8204450555;Package;8204450555;;;;"Запчасти и аксессуары";;;;0;;;;;;new;;;;;;18.10_26;removed;;
8204446604;Package;8204446604;;;;"Запчасти и аксессуары";;;;0;;;;;;new;;;;;;18.10_26;removed;;
8204445084;Package;8204445084;;;;"Запчасти и аксессуары";;;;0;;;;;;new;;;;;;18.10_26;removed;;
8204444135;Package;8204444135;;;;"Запчасти и аксессуары";;;;0;;;;;;new;;;;;;18.10_26;removed;;
8204443847;Package;8204443847;;;;"Запчасти и аксессуары";;;;0;;;;;;new;;;;;;18.10_26;removed;;
8204441663;Package;8204441663;;;;"Запчасти и аксессуары";;;;0;;;;;;new;;;;;;18.10_26;removed;;
8204440200;Package;8204440200;;;;"Запчасти и аксессуары";;;;0;;;;;;new;;;;;;18.10_26;removed;;
8204439570;Package;8204439570;;;;"Запчасти и аксессуары";;;;0;;;;;;new;;;;;;18.10_26;removed;;
8204439075;Package;8204439075;;;;"Запчасти и аксессуары";;;;0;;;;;;new;;;;;;18.10_26;removed;;
8204438577;Package;8204438577;;;;"Запчасти и аксессуары";;;;0;;;;;;new;;;;;;18.10_26;removed;;
8204437423;Package;8204437423;;;;"Запчасти и аксессуары";;;;0;;;;;;new;;;;;;18.10_26;removed;;
8204436440;Package;8204436440;;;;"Запчасти и аксессуары";;;;0;;;;;;new;;;;;;18.10_26;removed;;
8204433065;Package;8204433065;;;;"Запчасти и аксессуары";;;;0;;;;;;new;;;;;;18.10_26;removed;;
8204431696;Package;8204431696;;;;"Запчасти и аксессуары";;;;0;;;;;;new;;;;;;18.10_26;removed;;
8204430743;Package;8204430743;;;;"Запчасти и аксессуары";;;;0;;;;;;new;;;;;;18.10_26;removed;;
8204428763;Package;8204428763;;;;"Запчасти и аксессуары";;;;0;;;;;;new;;;;;;18.10_26;removed;;
8204428197;Package;8204428197;;;;"Запчасти и аксессуары";;;;0;;;;;;new;;;;;;18.10_26;removed;;
8204428085;Package;8204428085;;;;"Запчасти и аксессуары";;;;0;;;;;;new;;;;;;18.10_26;removed;;
8204426911;Package;8204426911;;;;"Запчасти и аксессуары";;;;0;;;;;;new;;;;;;18.10_26;removed;;
8204426135;Package;8204426135;;;;"Запчасти и аксессуары";;;;0;;;;;;new;;;;;;18.10_26;removed;;
8204424614;Package;8204424614;;;;"Запчасти и аксессуары";;;;0;;;;;;new;;;;;;18.10_26;removed;;
8204422518;Package;8204422518;;;;"Запчасти и аксессуары";;;;0;;;;;;new;;;;;;18.10_26;removed;;
8204422260;Package;8204422260;;;;"Запчасти и аксессуары";;;;0;;;;;;new;;;;;;18.10_26;removed;;
8204420532;Package;8204420532;;;;"Запчасти и аксессуары";;;;0;;;;;;new;;;;;;18.10_26;removed;;
8204418595;Package;8204418595;;;;"Запчасти и аксессуары";;;;0;;;;;;new;;;;;;18.10_26;removed;;
8204418147;Package;8204418147;;;;"Запчасти и аксессуары";;;;0;;;;;;new;;;;;;18.10_26;removed;;
8204417676;Package;8204417676;;;;"Запчасти и аксессуары";;;;0;;;;;;new;;;;;;18.10_26;removed;;
8204416055;Package;8204416055;;;;"Запчасти и аксессуары";;;;0;;;;;;new;;;;;;18.10_26;removed;;
8204415598;Package;8204415598;;;;"Запчасти и аксессуары";;;;0;;;;;;new;;;;;;18.10_26;removed;;
8204412641;Package;8204412641;;;;"Запчасти и аксессуары";;;;0;;;;;;new;;;;;;18.10_26;removed;;
8204411981;Package;8204411981;;;;"Запчасти и аксессуары";;;;0;;;;;;new;;;;;;18.10_26;removed;;
8204411424;Package;8204411424;;;;"Запчасти и аксессуары";;;;0;;;;;;new;;;;;;18.10_26;removed;;
8204411381;Package;8204411381;;;;"Запчасти и аксессуары";;;;0;;;;;;new;;;;;;18.10_26;removed;;
8204410932;Package;8204410932;;;;"Запчасти и аксессуары";;;;0;;;;;;new;;;;;;18.10_26;removed;;
8204410056;Package;8204410056;;;;"Запчасти и аксессуары";;;;0;;;;;;new;;;;;;18.10_26;removed;;
8204408532;Package;8204408532;;;;"Запчасти и аксессуары";;;;0;;;;;;new;;;;;;18.10_26;removed;;
8204408324;Package;8204408324;;;;"Запчасти и аксессуары";;;;0;;;;;;new;;;;;;18.10_26;removed;;
8204405854;Package;8204405854;;;;"Запчасти и аксессуары";;;;0;;;;;;new;;;;;;18.10_26;removed;;
8204403778;Package;8204403778;;;;"Запчасти и аксессуары";;;;0;;;;;;new;;;;;;18.10_26;removed;;
8204401866;Package;8204401866;;;;"Запчасти и аксессуары";;;;0;;;;;;new;;;;;;18.10_26;removed;;
8204401313;Package;8204401313;;;;"Запчасти и аксессуары";;;;0;;;;;;new;;;;;;18.10_26;removed;;
8204399968;Package;8204399968;;;;"Запчасти и аксессуары";;;;0;;;;;;new;;;;;;18.10_26;removed;;
8204398157;Package;8204398157;;;;"Запчасти и аксессуары";;;;0;;;;;;new;;;;;;18.10_26;removed;;
8204398087;Package;8204398087;;;;"Запчасти и аксессуары";;;;0;;;;;;new;;;;;;18.10_26;removed;;
8204388662;Package;8204388662;;;;"Запчасти и аксессуары";;;;0;;;;;;new;;;;;;18.10_26;removed;;
8204388344;Package;8204388344;;;;"Запчасти и аксессуары";;;;0;;;;;;new;;;;;;18.10_26;removed;;
8204388240;Package;8204388240;;;;"Запчасти и аксессуары";;;;0;;;;;;new;;;;;;18.10_26;removed;;
8204385452;Package;8204385452;;;;"Запчасти и аксессуары";;;;0;;;;;;new;;;;;;18.10_26;removed;;
8204381448;Package;8204381448;;;;"Запчасти и аксессуары";;;;0;;;;;;new;;;;;;18.10_26;removed;;
8204378906;Package;8204378906;;;;"Запчасти и аксессуары";;;;0;;;;;;new;;;;;;18.10_26;removed;;
8204378708;Package;8204378708;;;;"Запчасти и аксессуары";;;;0;;;;;;new;;;;;;18.10_26;removed;;
8204377249;Package;8204377249;;;;"Запчасти и аксессуары";;;;0;;;;;;new;;;;;;18.10_26;removed;;
8204376857;Package;8204376857;;;;"Запчасти и аксессуары";;;;0;;;;;;new;;;;;;18.10_26;removed;;
8204375991;Package;8204375991;;;;"Запчасти и аксессуары";;;;0;;;;;;new;;;;;;18.10_26;removed;;
8204372887;Package;8204372887;;;;"Запчасти и аксессуары";;;;0;;;;;;new;;;;;;18.10_26;removed;;
8204372799;Package;8204372799;;;;"Запчасти и аксессуары";;;;0;;;;;;new;;;;;;18.10_26;removed;;
8204370551;Package;8204370551;;;;"Запчасти и аксессуары";;;;0;;;;;;new;;;;;;18.10_26;removed;;
8204369958;Package;8204369958;;;;"Запчасти и аксессуары";;;;0;;;;;;new;;;;;;18.10_26;removed;;
8204368471;Package;8204368471;;;;"Запчасти и аксессуары";;;;0;;;;;;new;;;;;;18.10_26;removed;;
8204367793;Package;8204367793;;;;"Запчасти и аксессуары";;;;0;;;;;;new;;;;;;18.10_26;removed;;
8204365538;Package;8204365538;;;;"Запчасти и аксессуары";;;;0;;;;;;new;;;;;;18.10_26;removed;;
8204364863;Package;8204364863;;;;"Запчасти и аксессуары";;;;0;;;;;;new;;;;;;18.10_26;removed;;
8204363988;Package;8204363988;;;;"Запчасти и аксессуары";;;;0;;;;;;new;;;;;;18.10_26;removed;;
8204363389;Package;8204363389;;;;"Запчасти и аксессуары";;;;0;;;;;;new;;;;;;18.10_26;removed;;
8204362669;Package;8204362669;;;;"Запчасти и аксессуары";;;;0;;;;;;new;;;;;;18.10_26;removed;;
8204361058;Package;8204361058;;;;"Запчасти и аксессуары";;;;0;;;;;;new;;;;;;18.10_26;removed;;
8204358229;Package;8204358229;;;;"Запчасти и аксессуары";;;;0;;;;;;new;;;;;;18.10_26;removed;;
8204354344;Package;8204354344;;;;"Запчасти и аксессуары";;;;0;;;;;;new;;;;;;18.10_26;removed;;
8204353939;Package;8204353939;;;;"Запчасти и аксессуары";;;;0;;;;;;new;;;;;;18.10_26;removed;;
8204352800;Package;8204352800;;;;"Запчасти и аксессуары";;;;0;;;;;;new;;;;;;18.10_26;removed;;
8204352306;Package;8204352306;;;;"Запчасти и аксессуары";;;;0;;;;;;new;;;;;;18.10_26;removed;;
8204352252;Package;8204352252;;;;"Запчасти и аксессуары";;;;0;;;;;;new;;;;;;18.10_26;removed;;
8204351992;Package;8204351992;;;;"Запчасти и аксессуары";;;;0;;;;;;new;;;;;;18.10_26;removed;;
8204349325;Package;8204349325;;;;"Запчасти и аксессуары";;;;0;;;;;;new;;;;;;18.10_26;removed;;
8204348923;Package;8204348923;;;;"Запчасти и аксессуары";;;;0;;;;;;new;;;;;;18.10_26;removed;;
8204346578;Package;8204346578;;;;"Запчасти и аксессуары";;;;0;;;;;;new;;;;;;18.10_26;removed;;
8204346188;Package;8204346188;;;;"Запчасти и аксессуары";;;;0;;;;;;new;;;;;;18.10_26;removed;;
8204344490;Package;8204344490;;;;"Запчасти и аксессуары";;;;0;;;;;;new;;;;;;18.10_26;removed;;
8204342191;Package;8204342191;;;;"Запчасти и аксессуары";;;;0;;;;;;new;;;;;;18.10_26;removed;;
8204340701;Package;8204340701;;;;"Запчасти и аксессуары";;;;0;;;;;;new;;;;;;18.10_26;removed;;
8204340668;Package;8204340668;;;;"Запчасти и аксессуары";;;;0;;;;;;new;;;;;;18.10_26;removed;;
8204339479;Package;8204339479;;;;"Запчасти и аксессуары";;;;0;;;;;;new;;;;;;18.10_26;removed;;
8204339125;Package;8204339125;;;;"Запчасти и аксессуары";;;;0;;;;;;new;;;;;;18.10_26;removed;;
8204338929;Package;8204338929;;;;"Запчасти и аксессуары";;;;0;;;;;;new;;;;;;18.10_26;removed;;
8204338915;Package;8204338915;;;;"Запчасти и аксессуары";;;;0;;;;;;new;;;;;;18.10_26;removed;;
8204338127;Package;8204338127;;;;"Запчасти и аксессуары";;;;0;;;;;;new;;;;;;18.10_26;removed;;
8204337298;Package;8204337298;;;;"Запчасти и аксессуары";;;;0;;;;;;new;;;;;;18.10_26;removed;;
8204336690;Package;8204336690;;;;"Запчасти и аксессуары";;;;0;;;;;;new;;;;;;18.10_26;removed;;
8204333977;Package;8204333977;;;;"Запчасти и аксессуары";;;;0;;;;;;new;;;;;;18.10_26;removed;;
8204331635;Package;8204331635;;;;"Запчасти и аксессуары";;;;0;;;;;;new;;;;;;18.10_26;removed;;
8204331424;Package;8204331424;;;;"Запчасти и аксессуары";;;;0;;;;;;new;;;;;;18.10_26;removed;;
8204329514;Package;8204329514;;;;"Запчасти и аксессуары";;;;0;;;;;;new;;;;;;18.10_26;removed;;
8204328579;Package;8204328579;;;;"Запчасти и аксессуары";;;;0;;;;;;new;;;;;;18.10_26;removed;;
8204324354;Package;8204324354;;;;"Запчасти и аксессуары";;;;0;;;;;;new;;;;;;18.10_26;removed;;
8204323391;Package;8204323391;;;;"Запчасти и аксессуары";;;;0;;;;;;new;;;;;;18.10_26;removed;;
8204319644;Package;8204319644;;;;"Запчасти и аксессуары";;;;0;;;;;;new;;;;;;18.10_26;removed;;
8204318772;Package;8204318772;;;;"Запчасти и аксессуары";;;;0;;;;;;new;;;;;;18.10_26;removed;;
8204317237;Package;8204317237;;;;"Запчасти и аксессуары";;;;0;;;;;;new;;;;;;18.10_26;removed;;
8204317229;Package;8204317229;;;;"Запчасти и аксессуары";;;;0;;;;;;new;;;;;;18.10_26;removed;;
8204315044;Package;8204315044;;;;"Запчасти и аксессуары";;;;0;;;;;;new;;;;;;18.10_26;removed;;
8204312312;Package;8204312312;;;;"Запчасти и аксессуары";;;;0;;;;;;new;;;;;;18.10_26;removed;;
8204311789;Package;8204311789;;;;"Запчасти и аксессуары";;;;0;;;;;;new;;;;;;18.10_26;removed;;
8204311719;Package;8204311719;;;;"Запчасти и аксессуары";;;;0;;;;;;new;;;;;;18.10_26;removed;;
8204310761;Package;8204310761;;;;"Запчасти и аксессуары";;;;0;;;;;;new;;;;;;18.10_26;removed;;
8204309613;Package;8204309613;;;;"Запчасти и аксессуары";;;;0;;;;;;new;;;;;;18.10_26;removed;;
8204309296;Package;8204309296;;;;"Запчасти и аксессуары";;;;0;;;;;;new;;;;;;18.10_26;removed;;
8204308818;Package;8204308818;;;;"Запчасти и аксессуары";;;;0;;;;;;new;;;;;;18.10_26;removed;;
8204308417;Package;8204308417;;;;"Запчасти и аксессуары";;;;0;;;;;;new;;;;;;18.10_26;removed;;
8204302903;Package;8204302903;;;;"Запчасти и аксессуары";;;;0;;;;;;new;;;;;;18.10_26;removed;;
8204302796;Package;8204302796;;;;"Запчасти и аксессуары";;;;0;;;;;;new;;;;;;18.10_26;removed;;
8204302330;Package;8204302330;;;;"Запчасти и аксессуары";;;;0;;;;;;new;;;;;;18.10_26;removed;;
8204300200;Package;8204300200;;;;"Запчасти и аксессуары";;;;0;;;;;;new;;;;;;18.10_26;removed;;
8204299787;Package;8204299787;;;;"Запчасти и аксессуары";;;;0;;;;;;new;;;;;;18.10_26;removed;;
8204297525;Package;8204297525;;;;"Запчасти и аксессуары";;;;0;;;;;;new;;;;;;18.10_26;removed;;
8204293479;Package;8204293479;;;;"Запчасти и аксессуары";;;;0;;;;;;new;;;;;;18.10_26;removed;;
8204290356;Package;8204290356;;;;"Запчасти и аксессуары";;;;0;;;;;;new;;;;;;18.10_26;removed;;
8204288417;Package;8204288417;;;;"Запчасти и аксессуары";;;;0;;;;;;new;;;;;;18.10_26;removed;;
8204284302;Package;8204284302;;;;"Запчасти и аксессуары";;;;0;;;;;;new;;;;;;18.10_26;removed;;
8204281631;Package;8204281631;;;;"Запчасти и аксессуары";;;;0;;;;;;new;;;;;;18.10_26;removed;;
8204281419;Package;8204281419;;;;"Запчасти и аксессуары";;;;0;;;;;;new;;;;;;18.10_26;removed;;
8204275840;Package;8204275840;;;;"Запчасти и аксессуары";;;;0;;;;;;new;;;;;;18.10_26;removed;;
8204275713;Package;8204275713;;;;"Запчасти и аксессуары";;;;0;;;;;;new;;;;;;18.10_26;removed;;
8204274156;Package;8204274156;;;;"Запчасти и аксессуары";;;;0;;;;;;new;;;;;;18.10_26;removed;;
8204272662;Package;8204272662;;;;"Запчасти и аксессуары";;;;0;;;;;;new;;;;;;18.10_26;removed;;
8204272114;Package;8204272114;;;;"Запчасти и аксессуары";;;;0;;;;;;new;;;;;;18.10_26;removed;;
8204271745;Package;8204271745;;;;"Запчасти и аксессуары";;;;0;;;;;;new;;;;;;18.10_26;removed;;
8204271027;Package;8204271027;;;;"Запчасти и аксессуары";;;;0;;;;;;new;;;;;;18.10_26;removed;;
8204270581;Package;8204270581;;;;"Запчасти и аксессуары";;;;0;;;;;;new;;;;;;18.10_26;removed;;
8204266409;Package;8204266409;;;;"Запчасти и аксессуары";;;;0;;;;;;new;;;;;;18.10_26;removed;;
8204265977;Package;8204265977;;;;"Запчасти и аксессуары";;;;0;;;;;;new;;;;;;18.10_26;removed;;
8204263809;Package;8204263809;;;;"Запчасти и аксессуары";;;;0;;;;;;new;;;;;;18.10_26;removed;;
8204262004;Package;8204262004;;;;"Запчасти и аксессуары";;;;0;;;;;;new;;;;;;18.10_26;removed;;
8204261022;Package;8204261022;;;;"Запчасти и аксессуары";;;;0;;;;;;new;;;;;;18.10_26;removed;;
8204260232;Package;8204260232;;;;"Запчасти и аксессуары";;;;0;;;;;;new;;;;;;18.10_26;removed;;
8204256387;Package;8204256387;;;;"Запчасти и аксессуары";;;;0;;;;;;new;;;;;;18.10_26;removed;;
8204255722;Package;8204255722;;;;"Запчасти и аксессуары";;;;0;;;;;;new;;;;;;18.10_26;removed;;
8204252099;Package;8204252099;;;;"Запчасти и аксессуары";;;;0;;;;;;new;;;;;;18.10_26;removed;;
8204249983;Package;8204249983;;;;"Запчасти и аксессуары";;;;0;;;;;;new;;;;;;18.10_26;removed;;
8204249215;Package;8204249215;;;;"Запчасти и аксессуары";;;;0;;;;;;new;;;;;;18.10_26;removed;;
8204248008;Package;8204248008;;;;"Запчасти и аксессуары";;;;0;;;;;;new;;;;;;18.10_26;removed;;
8204247786;Package;8204247786;;;;"Запчасти и аксессуары";;;;0;;;;;;new;;;;;;18.10_26;removed;;
8204247146;Package;8204247146;;;;"Запчасти и аксессуары";;;;0;;;;;;new;;;;;;18.10_26;removed;;
8204245629;Package;8204245629;;;;"Запчасти и аксессуары";;;;0;;;;;;new;;;;;;18.10_26;removed;;
8204244754;Package;8204244754;;;;"Запчасти и аксессуары";;;;0;;;;;;new;;;;;;18.10_26;removed;;
8204244739;Package;8204244739;;;;"Запчасти и аксессуары";;;;0;;;;;;new;;;;;;18.10_26;removed;;
8204237231;Package;8204237231;;;;"Запчасти и аксессуары";;;;0;;;;;;new;;;;;;18.10_26;removed;;
8204236140;Package;8204236140;;;;"Запчасти и аксессуары";;;;0;;;;;;new;;;;;;18.10_26;removed;;
8204231221;Package;8204231221;;;;"Запчасти и аксессуары";;;;0;;;;;;new;;;;;;18.10_26;removed;;
8204228485;Package;8204228485;;;;"Запчасти и аксессуары";;;;0;;;;;;new;;;;;;18.10_26;removed;;
8204227826;Package;8204227826;;;;"Запчасти и аксессуары";;;;0;;;;;;new;;;;;;18.10_26;removed;;
8204226008;Package;8204226008;;;;"Запчасти и аксессуары";;;;0;;;;;;new;;;;;;18.10_26;removed;;
8204225732;Package;8204225732;;;;"Запчасти и аксессуары";;;;0;;;;;;new;;;;;;18.10_26;removed;;
8204225438;Package;8204225438;;;;"Запчасти и аксессуары";;;;0;;;;;;new;;;;;;18.10_26;removed;;
8204224747;Package;8204224747;;;;"Запчасти и аксессуары";;;;0;;;;;;new;;;;;;18.10_26;removed;;
8204223790;Package;8204223790;;;;"Запчасти и аксессуары";;;;0;;;;;;new;;;;;;18.10_26;removed;;
8204223611;Package;8204223611;;;;"Запчасти и аксессуары";;;;0;;;;;;new;;;;;;18.10_26;removed;;
8204222797;Package;8204222797;;;;"Запчасти и аксессуары";;;;0;;;;;;new;;;;;;18.10_26;removed;;
8204219485;Package;8204219485;;;;"Запчасти и аксессуары";;;;0;;;;;;new;;;;;;18.10_26;removed;;
8204218992;Package;8204218992;;;;"Запчасти и аксессуары";;;;0;;;;;;new;;;;;;18.10_26;removed;;
8204217162;Package;8204217162;;;;"Запчасти и аксессуары";;;;0;;;;;;new;;;;;;18.10_26;removed;;
8204216769;Package;8204216769;;;;"Запчасти и аксессуары";;;;0;;;;;;new;;;;;;18.10_26;removed;;
8204215063;Package;8204215063;;;;"Запчасти и аксессуары";;;;0;;;;;;new;;;;;;18.10_26;removed;;
8204214790;Package;8204214790;;;;"Запчасти и аксессуары";;;;0;;;;;;new;;;;;;18.10_26;removed;;
8204212440;Package;8204212440;;;;"Запчасти и аксессуары";;;;0;;;;;;new;;;;;;18.10_26;removed;;
8204210291;Package;8204210291;;;;"Запчасти и аксессуары";;;;0;;;;;;new;;;;;;18.10_26;removed;;
8204209975;Package;8204209975;;;;"Запчасти и аксессуары";;;;0;;;;;;new;;;;;;18.10_26;removed;;
8204204451;Package;8204204451;;;;"Запчасти и аксессуары";;;;0;;;;;;new;;;;;;18.10_26;removed;;
8204203807;Package;8204203807;;;;"Запчасти и аксессуары";;;;0;;;;;;new;;;;;;18.10_26;removed;;
8204203488;Package;8204203488;;;;"Запчасти и аксессуары";;;;0;;;;;;new;;;;;;18.10_26;removed;;
8204202649;Package;8204202649;;;;"Запчасти и аксессуары";;;;0;;;;;;new;;;;;;18.10_26;removed;;
8204201622;Package;8204201622;;;;"Запчасти и аксессуары";;;;0;;;;;;new;;;;;;18.10_26;removed;;
8204198523;Package;8204198523;;;;"Запчасти и аксессуары";;;;0;;;;;;new;;;;;;18.10_26;removed;;
8204194348;Package;8204194348;;;;"Запчасти и аксессуары";;;;0;;;;;;new;;;;;;18.10_26;removed;;
8204193674;Package;8204193674;;;;"Запчасти и аксессуары";;;;0;;;;;;new;;;;;;18.10_26;removed;;
8204192319;Package;8204192319;;;;"Запчасти и аксессуары";;;;0;;;;;;new;;;;;;18.10_26;removed;;
8204191548;Package;8204191548;;;;"Запчасти и аксессуары";;;;0;;;;;;new;;;;;;18.10_26;removed;;
8204189320;Package;8204189320;;;;"Запчасти и аксессуары";;;;0;;;;;;new;;;;;;18.10_26;removed;;
8204187914;Package;8204187914;;;;"Запчасти и аксессуары";;;;0;;;;;;new;;;;;;18.10_26;removed;;
8204185089;Package;8204185089;;;;"Запчасти и аксессуары";;;;0;;;;;;new;;;;;;18.10_26;removed;;
8204184282;Package;8204184282;;;;"Запчасти и аксессуары";;;;0;;;;;;new;;;;;;18.10_26;removed;;
8204184239;Package;8204184239;;;;"Запчасти и аксессуары";;;;0;;;;;;new;;;;;;18.10_26;removed;;
8204182792;Package;8204182792;;;;"Запчасти и аксессуары";;;;0;;;;;;new;;;;;;18.10_26;removed;;
8204178646;Package;8204178646;;;;"Запчасти и аксессуары";;;;0;;;;;;new;;;;;;18.10_26;removed;;
8204178477;Package;8204178477;;;;"Запчасти и аксессуары";;;;0;;;;;;new;;;;;;18.10_26;removed;;
8204174737;Package;8204174737;;;;"Запчасти и аксессуары";;;;0;;;;;;new;;;;;;18.10_26;removed;;
8204174699;Package;8204174699;;;;"Запчасти и аксессуары";;;;0;;;;;;new;;;;;;18.10_26;removed;;
8204172687;Package;8204172687;;;;"Запчасти и аксессуары";;;;0;;;;;;new;;;;;;18.10_26;removed;;
8204172172;Package;8204172172;;;;"Запчасти и аксессуары";;;;0;;;;;;new;;;;;;18.10_26;removed;;
8204171853;Package;8204171853;;;;"Запчасти и аксессуары";;;;0;;;;;;new;;;;;;18.10_26;removed;;
8204171197;Package;8204171197;;;;"Запчасти и аксессуары";;;;0;;;;;;new;;;;;;18.10_26;removed;;
8204169252;Package;8204169252;;;;"Запчасти и аксессуары";;;;0;;;;;;new;;;;;;18.10_26;removed;;
8204166962;Package;8204166962;;;;"Запчасти и аксессуары";;;;0;;;;;;new;;;;;;18.10_26;removed;;
8204166774;Package;8204166774;;;;"Запчасти и аксессуары";;;;0;;;;;;new;;;;;;18.10_26;removed;;
8204164363;Package;8204164363;;;;"Запчасти и аксессуары";;;;0;;;;;;new;;;;;;18.10_26;removed;;
8204163869;Package;8204163869;;;;"Запчасти и аксессуары";;;;0;;;;;;new;;;;;;18.10_26;removed;;
8204162158;Package;8204162158;;;;"Запчасти и аксессуары";;;;0;;;;;;new;;;;;;18.10_26;removed;;
8204160955;Package;8204160955;;;;"Запчасти и аксессуары";;;;0;;;;;;new;;;;;;18.10_26;removed;;
8204160948;Package;8204160948;;;;"Запчасти и аксессуары";;;;0;;;;;;new;;;;;;18.10_26;removed;;
8204158509;Package;8204158509;;;;"Запчасти и аксессуары";;;;0;;;;;;new;;;;;;18.10_26;removed;;
8204158486;Package;8204158486;;;;"Запчасти и аксессуары";;;;0;;;;;;new;;;;;;18.10_26;removed;;
8204158115;Package;8204158115;;;;"Запчасти и аксессуары";;;;0;;;;;;new;;;;;;18.10_26;removed;;
8204156720;Package;8204156720;;;;"Запчасти и аксессуары";;;;0;;;;;;new;;;;;;18.10_26;removed;;
8204156321;Package;8204156321;;;;"Запчасти и аксессуары";;;;0;;;;;;new;;;;;;18.10_26;removed;;
8204154535;Package;8204154535;;;;"Запчасти и аксессуары";;;;0;;;;;;new;;;;;;18.10_26;removed;;
8204153353;Package;8204153353;;;;"Запчасти и аксессуары";;;;0;;;;;;new;;;;;;18.10_26;removed;;
8204152396;Package;8204152396;;;;"Запчасти и аксессуары";;;;0;;;;;;new;;;;;;18.10_26;removed;;
8204149542;Package;8204149542;;;;"Запчасти и аксессуары";;;;0;;;;;;new;;;;;;18.10_26;removed;;
8204144857;Package;8204144857;;;;"Запчасти и аксессуары";;;;0;;;;;;new;;;;;;18.10_26;removed;;
8204144772;Package;8204144772;;;;"Запчасти и аксессуары";;;;0;;;;;;new;;;;;;18.10_26;removed;;
8204143692;Package;8204143692;;;;"Запчасти и аксессуары";;;;0;;;;;;new;;;;;;18.10_26;removed;;
8204143676;Package;8204143676;;;;"Запчасти и аксессуары";;;;0;;;;;;new;;;;;;18.10_26;removed;;
8204137443;Package;8204137443;;;;"Запчасти и аксессуары";;;;0;;;;;;new;;;;;;18.10_26;removed;;
8204137193;Package;8204137193;;;;"Запчасти и аксессуары";;;;0;;;;;;new;;;;;;18.10_26;removed;;
8204132653;Package;8204132653;;;;"Запчасти и аксессуары";;;;0;;;;;;new;;;;;;18.10_26;removed;;
8204131932;Package;8204131932;;;;"Запчасти и аксессуары";;;;0;;;;;;new;;;;;;18.10_26;removed;;
8204130668;Package;8204130668;;;;"Запчасти и аксессуары";;;;0;;;;;;new;;;;;;18.10_26;removed;;
8204129507;Package;8204129507;;;;"Запчасти и аксессуары";;;;0;;;;;;new;;;;;;18.10_26;removed;;
8204128966;Package;8204128966;;;;"Запчасти и аксессуары";;;;0;;;;;;new;;;;;;18.10_26;removed;;
8204128909;Package;8204128909;;;;"Запчасти и аксессуары";;;;0;;;;;;new;;;;;;18.10_26;removed;;
8204128860;Package;8204128860;;;;"Запчасти и аксессуары";;;;0;;;;;;new;;;;;;18.10_26;removed;;
8204127414;Package;8204127414;;;;"Запчасти и аксессуары";;;;0;;;;;;new;;;;;;18.10_26;removed;;
8204127359;Package;8204127359;;;;"Запчасти и аксессуары";;;;0;;;;;;new;;;;;;18.10_26;removed;;
8204126245;Package;8204126245;;;;"Запчасти и аксессуары";;;;0;;;;;;new;;;;;;18.10_26;removed;;
8204125679;Package;8204125679;;;;"Запчасти и аксессуары";;;;0;;;;;;new;;;;;;18.10_26;removed;;
8204124600;Package;8204124600;;;;"Запчасти и аксессуары";;;;0;;;;;;new;;;;;;18.10_26;removed;;
8204124372;Package;8204124372;;;;"Запчасти и аксессуары";;;;0;;;;;;new;;;;;;18.10_26;removed;;
8204121622;Package;8204121622;;;;"Запчасти и аксессуары";;;;0;;;;;;new;;;;;;18.10_26;removed;;
8204120638;Package;8204120638;;;;"Запчасти и аксессуары";;;;0;;;;;;new;;;;;;18.10_26;removed;;
8204119987;Package;8204119987;;;;"Запчасти и аксессуары";;;;0;;;;;;new;;;;;;18.10_26;removed;;
8204119608;Package;8204119608;;;;"Запчасти и аксессуары";;;;0;;;;;;new;;;;;;18.10_26;removed;;
8204116842;Package;8204116842;;;;"Запчасти и аксессуары";;;;0;;;;;;new;;;;;;18.10_26;removed;;
8204110340;Package;8204110340;;;;"Запчасти и аксессуары";;;;0;;;;;;new;;;;;;18.10_26;removed;;
8204109168;Package;8204109168;;;;"Запчасти и аксессуары";;;;0;;;;;;new;;;;;;18.10_26;removed;;
8204107362;Package;8204107362;;;;"Запчасти и аксессуары";;;;0;;;;;;new;;;;;;18.10_26;removed;;
8204107026;Package;8204107026;;;;"Запчасти и аксессуары";;;;0;;;;;;new;;;;;;18.10_26;removed;;
8204106871;Package;8204106871;;;;"Запчасти и аксессуары";;;;0;;;;;;new;;;;;;18.10_26;removed;;
8204105427;Package;8204105427;;;;"Запчасти и аксессуары";;;;0;;;;;;new;;;;;;18.10_26;removed;;
8204103960;Package;8204103960;;;;"Запчасти и аксессуары";;;;0;;;;;;new;;;;;;18.10_26;removed;;
8204102315;Package;8204102315;;;;"Запчасти и аксессуары";;;;0;;;;;;new;;;;;;18.10_26;removed;;
8204101652;Package;8204101652;;;;"Запчасти и аксессуары";;;;0;;;;;;new;;;;;;18.10_26;removed;;
8204101434;Package;8204101434;;;;"Запчасти и аксессуары";;;;0;;;;;;new;;;;;;18.10_26;removed;;
8204101331;Package;8204101331;;;;"Запчасти и аксессуары";;;;0;;;;;;new;;;;;;18.10_26;removed;;
8204099210;Package;8204099210;;;;"Запчасти и аксессуары";;;;0;;;;;;new;;;;;;18.10_26;removed;;
8204099202;Package;8204099202;;;;"Запчасти и аксессуары";;;;0;;;;;;new;;;;;;18.10_26;removed;;
8204098234;Package;8204098234;;;;"Запчасти и аксессуары";;;;0;;;;;;new;;;;;;18.10_26;removed;;
8204097799;Package;8204097799;;;;"Запчасти и аксессуары";;;;0;;;;;;new;;;;;;18.10_26;removed;;
8204096093;Package;8204096093;;;;"Запчасти и аксессуары";;;;0;;;;;;new;;;;;;18.10_26;removed;;
8204095551;Package;8204095551;;;;"Запчасти и аксессуары";;;;0;;;;;;new;;;;;;18.10_26;removed;;
8204095380;Package;8204095380;;;;"Запчасти и аксессуары";;;;0;;;;;;new;;;;;;18.10_26;removed;;
8204092963;Package;8204092963;;;;"Запчасти и аксессуары";;;;0;;;;;;new;;;;;;18.10_26;removed;;
8204092882;Package;8204092882;;;;"Запчасти и аксессуары";;;;0;;;;;;new;;;;;;18.10_26;removed;;
8204091327;Package;8204091327;;;;"Запчасти и аксессуары";;;;0;;;;;;new;;;;;;18.10_26;removed;;
8204087903;Package;8204087903;;;;"Запчасти и аксессуары";;;;0;;;;;;new;;;;;;18.10_26;removed;;
8204085948;Package;8204085948;;;;"Запчасти и аксессуары";;;;0;;;;;;new;;;;;;18.10_26;removed;;
8204085768;Package;8204085768;;;;"Запчасти и аксессуары";;;;0;;;;;;new;;;;;;18.10_26;removed;;
8204084128;Package;8204084128;;;;"Запчасти и аксессуары";;;;0;;;;;;new;;;;;;18.10_26;removed;;
8204083355;Package;8204083355;;;;"Запчасти и аксессуары";;;;0;;;;;;new;;;;;;18.10_26;removed;;
8204082431;Package;8204082431;;;;"Запчасти и аксессуары";;;;0;;;;;;new;;;;;;18.10_26;removed;;
8204081759;Package;8204081759;;;;"Запчасти и аксессуары";;;;0;;;;;;new;;;;;;18.10_26;removed;;
8204081592;Package;8204081592;;;;"Запчасти и аксессуары";;;;0;;;;;;new;;;;;;18.10_26;removed;;
8204079714;Package;8204079714;;;;"Запчасти и аксессуары";;;;0;;;;;;new;;;;;;18.10_26;removed;;
8204077898;Package;8204077898;;;;"Запчасти и аксессуары";;;;0;;;;;;new;;;;;;18.10_26;removed;;
8204075934;Package;8204075934;;;;"Запчасти и аксессуары";;;;0;;;;;;new;;;;;;18.10_26;removed;;
8204074829;Package;8204074829;;;;"Запчасти и аксессуары";;;;0;;;;;;new;;;;;;18.10_26;removed;;
8204074205;Package;8204074205;;;;"Запчасти и аксессуары";;;;0;;;;;;new;;;;;;18.10_26;removed;;
8204071266;Package;8204071266;;;;"Запчасти и аксессуары";;;;0;;;;;;new;;;;;;18.10_26;removed;;
8204070749;Package;8204070749;;;;"Запчасти и аксессуары";;;;0;;;;;;new;;;;;;18.10_26;removed;;
8204070407;Package;8204070407;;;;"Запчасти и аксессуары";;;;0;;;;;;new;;;;;;18.10_26;removed;;
8204070163;Package;8204070163;;;;"Запчасти и аксессуары";;;;0;;;;;;new;;;;;;18.10_26;removed;;
8204069407;Package;8204069407;;;;"Запчасти и аксессуары";;;;0;;;;;;new;;;;;;18.10_26;removed;;
8204066563;Package;8204066563;;;;"Запчасти и аксессуары";;;;0;;;;;;new;;;;;;18.10_26;removed;;
8204065189;Package;8204065189;;;;"Запчасти и аксессуары";;;;0;;;;;;new;;;;;;18.10_26;removed;;
8204064882;Package;8204064882;;;;"Запчасти и аксессуары";;;;0;;;;;;new;;;;;;18.10_26;removed;;
8204064637;Package;8204064637;;;;"Запчасти и аксессуары";;;;0;;;;;;new;;;;;;18.10_26;removed;;
8204061143;Package;8204061143;;;;"Запчасти и аксессуары";;;;0;;;;;;new;;;;;;18.10_26;removed;;
8204060710;Package;8204060710;;;;"Запчасти и аксессуары";;;;0;;;;;;new;;;;;;18.10_26;removed;;
8204059548;Package;8204059548;;;;"Запчасти и аксессуары";;;;0;;;;;;new;;;;;;18.10_26;removed;;
8204058773;Package;8204058773;;;;"Запчасти и аксессуары";;;;0;;;;;;new;;;;;;18.10_26;removed;;
8204058467;Package;8204058467;;;;"Запчасти и аксессуары";;;;0;;;;;;new;;;;;;18.10_26;removed;;
8204057897;Package;8204057897;;;;"Запчасти и аксессуары";;;;0;;;;;;new;;;;;;18.10_26;removed;;
8204056620;Package;8204056620;;;;"Запчасти и аксессуары";;;;0;;;;;;new;;;;;;18.10_26;removed;;
8204056379;Package;8204056379;;;;"Запчасти и аксессуары";;;;0;;;;;;new;;;;;;18.10_26;removed;;
8204054715;Package;8204054715;;;;"Запчасти и аксессуары";;;;0;;;;;;new;;;;;;18.10_26;removed;;
8204052878;Package;8204052878;;;;"Запчасти и аксессуары";;;;0;;;;;;new;;;;;;18.10_26;removed;;
8204051910;Package;8204051910;;;;"Запчасти и аксессуары";;;;0;;;;;;new;;;;;;18.10_26;removed;;
8204051895;Package;8204051895;;;;"Запчасти и аксессуары";;;;0;;;;;;new;;;;;;18.10_26;removed;;
8204051370;Package;8204051370;;;;"Запчасти и аксессуары";;;;0;;;;;;new;;;;;;18.10_26;removed;;
8204048129;Package;8204048129;;;;"Запчасти и аксессуары";;;;0;;;;;;new;;;;;;18.10_26;removed;;
8204044950;Package;8204044950;;;;"Запчасти и аксессуары";;;;0;;;;;;new;;;;;;18.10_26;removed;;
8204044948;Package;8204044948;;;;"Запчасти и аксессуары";;;;0;;;;;;new;;;;;;18.10_26;removed;;
8204044674;Package;8204044674;;;;"Запчасти и аксессуары";;;;0;;;;;;new;;;;;;18.10_26;removed;;
8204043951;Package;8204043951;;;;"Запчасти и аксессуары";;;;0;;;;;;new;;;;;;18.10_26;removed;;
8204043610;Package;8204043610;;;;"Запчасти и аксессуары";;;;0;;;;;;new;;;;;;18.10_26;removed;;
8204042440;Package;8204042440;;;;"Запчасти и аксессуары";;;;0;;;;;;new;;;;;;18.10_26;removed;;
8204041988;Package;8204041988;;;;"Запчасти и аксессуары";;;;0;;;;;;new;;;;;;18.10_26;removed;;
8204039651;Package;8204039651;;;;"Запчасти и аксессуары";;;;0;;;;;;new;;;;;;18.10_26;removed;;
8204039148;Package;8204039148;;;;"Запчасти и аксессуары";;;;0;;;;;;new;;;;;;18.10_26;removed;;
8204036241;Package;8204036241;;;;"Запчасти и аксессуары";;;;0;;;;;;new;;;;;;18.10_26;removed;;
8204035642;Package;8204035642;;;;"Запчасти и аксессуары";;;;0;;;;;;new;;;;;;18.10_26;removed;;
8204032641;Package;8204032641;;;;"Запчасти и аксессуары";;;;0;;;;;;new;;;;;;18.10_26;removed;;
8204030494;Package;8204030494;;;;"Запчасти и аксессуары";;;;0;;;;;;new;;;;;;18.10_26;removed;;
8204029673;Package;8204029673;;;;"Запчасти и аксессуары";;;;0;;;;;;new;;;;;;18.10_26;removed;;
8204028255;Package;8204028255;;;;"Запчасти и аксессуары";;;;0;;;;;;new;;;;;;18.10_26;removed;;
8204028081;Package;8204028081;;;;"Запчасти и аксессуары";;;;0;;;;;;new;;;;;;18.10_26;removed;;
8204027955;Package;8204027955;;;;"Запчасти и аксессуары";;;;0;;;;;;new;;;;;;18.10_26;removed;;
8204026442;Package;8204026442;;;;"Запчасти и аксессуары";;;;0;;;;;;new;;;;;;18.10_26;removed;;
8204025600;Package;8204025600;;;;"Запчасти и аксессуары";;;;0;;;;;;new;;;;;;18.10_26;removed;;
8204022159;Package;8204022159;;;;"Запчасти и аксессуары";;;;0;;;;;;new;;;;;;18.10_26;removed;;
8204020817;Package;8204020817;;;;"Запчасти и аксессуары";;;;0;;;;;;new;;;;;;18.10_26;removed;;
8204020656;Package;8204020656;;;;"Запчасти и аксессуары";;;;0;;;;;;new;;;;;;18.10_26;removed;;
8204019239;Package;8204019239;;;;"Запчасти и аксессуары";;;;0;;;;;;new;;;;;;18.10_26;removed;;
8204017834;Package;8204017834;;;;"Запчасти и аксессуары";;;;0;;;;;;new;;;;;;18.10_26;removed;;
8204016835;Package;8204016835;;;;"Запчасти и аксессуары";;;;0;;;;;;new;;;;;;18.10_26;removed;;
8204015945;Package;8204015945;;;;"Запчасти и аксессуары";;;;0;;;;;;new;;;;;;18.10_26;removed;;
8204014324;Package;8204014324;;;;"Запчасти и аксессуары";;;;0;;;;;;new;;;;;;18.10_26;removed;;
8204013791;Package;8204013791;;;;"Запчасти и аксессуары";;;;0;;;;;;new;;;;;;18.10_26;removed;;
8204012781;Package;8204012781;;;;"Запчасти и аксессуары";;;;0;;;;;;new;;;;;;18.10_26;removed;;
8204011997;Package;8204011997;;;;"Запчасти и аксессуары";;;;0;;;;;;new;;;;;;18.10_26;removed;;
8204007924;Package;8204007924;;;;"Запчасти и аксессуары";;;;0;;;;;;new;;;;;;18.10_26;removed;;
8204006786;Package;8204006786;;;;"Запчасти и аксессуары";;;;0;;;;;;new;;;;;;18.10_26;removed;;
8204005654;Package;8204005654;;;;"Запчасти и аксессуары";;;;0;;;;;;new;;;;;;18.10_26;removed;;
8204005278;Package;8204005278;;;;"Запчасти и аксессуары";;;;0;;;;;;new;;;;;;18.10_26;removed;;
8204005212;Package;8204005212;;;;"Запчасти и аксессуары";;;;0;;;;;;new;;;;;;18.10_26;removed;;
8204004432;Package;8204004432;;;;"Запчасти и аксессуары";;;;0;;;;;;new;;;;;;18.10_26;removed;;
8204004421;Package;8204004421;;;;"Запчасти и аксессуары";;;;0;;;;;;new;;;;;;18.10_26;removed;;
8204002575;Package;8204002575;;;;"Запчасти и аксессуары";;;;0;;;;;;new;;;;;;18.10_26;removed;;
8204001887;Package;8204001887;;;;"Запчасти и аксессуары";;;;0;;;;;;new;;;;;;18.10_26;removed;;
8204001190;Package;8204001190;;;;"Запчасти и аксессуары";;;;0;;;;;;new;;;;;;18.10_26;removed;;
8203999904;Package;8203999904;;;;"Запчасти и аксессуары";;;;0;;;;;;new;;;;;;18.10_26;removed;;
8203998407;Package;8203998407;;;;"Запчасти и аксессуары";;;;0;;;;;;new;;;;;;18.10_26;removed;;
8203997041;Package;8203997041;;;;"Запчасти и аксессуары";;;;0;;;;;;new;;;;;;18.10_26;removed;;
8203996725;Package;8203996725;;;;"Запчасти и аксессуары";;;;0;;;;;;new;;;;;;18.10_26;removed;;
8203996225;Package;8203996225;;;;"Запчасти и аксессуары";;;;0;;;;;;new;;;;;;18.10_26;removed;;
8203995211;Package;8203995211;;;;"Запчасти и аксессуары";;;;0;;;;;;new;;;;;;18.10_26;removed;;
8203994466;Package;8203994466;;;;"Запчасти и аксессуары";;;;0;;;;;;new;;;;;;18.10_26;removed;;
8203994268;Package;8203994268;;;;"Запчасти и аксессуары";;;;0;;;;;;new;;;;;;18.10_26;removed;;
8203992288;Package;8203992288;;;;"Запчасти и аксессуары";;;;0;;;;;;new;;;;;;18.10_26;removed;;
8203991080;Package;8203991080;;;;"Запчасти и аксессуары";;;;0;;;;;;new;;;;;;18.10_26;removed;;
8203988665;Package;8203988665;;;;"Запчасти и аксессуары";;;;0;;;;;;new;;;;;;18.10_26;removed;;
8203987518;Package;8203987518;;;;"Запчасти и аксессуары";;;;0;;;;;;new;;;;;;18.10_26;removed;;
8203984925;Package;8203984925;;;;"Запчасти и аксессуары";;;;0;;;;;;new;;;;;;18.10_26;removed;;
8203982536;Package;8203982536;;;;"Запчасти и аксессуары";;;;0;;;;;;new;;;;;;18.10_26;removed;;
8203982343;Package;8203982343;;;;"Запчасти и аксессуары";;;;0;;;;;;new;;;;;;18.10_26;removed;;
8203981936;Package;8203981936;;;;"Запчасти и аксессуары";;;;0;;;;;;new;;;;;;18.10_26;removed;;
8203981322;Package;8203981322;;;;"Запчасти и аксессуары";;;;0;;;;;;new;;;;;;18.10_26;removed;;
8203981305;Package;8203981305;;;;"Запчасти и аксессуары";;;;0;;;;;;new;;;;;;18.10_26;removed;;
8203981052;Package;8203981052;;;;"Запчасти и аксессуары";;;;0;;;;;;new;;;;;;18.10_26;removed;;
8203976660;Package;8203976660;;;;"Запчасти и аксессуары";;;;0;;;;;;new;;;;;;18.10_26;removed;;
8203975992;Package;8203975992;;;;"Запчасти и аксессуары";;;;0;;;;;;new;;;;;;18.10_26;removed;;
8203974942;Package;8203974942;;;;"Запчасти и аксессуары";;;;0;;;;;;new;;;;;;18.10_26;removed;;
8203974076;Package;8203974076;;;;"Запчасти и аксессуары";;;;0;;;;;;new;;;;;;18.10_26;removed;;
8203973956;Package;8203973956;;;;"Запчасти и аксессуары";;;;0;;;;;;new;;;;;;18.10_26;removed;;
8203973676;Package;8203973676;;;;"Запчасти и аксессуары";;;;0;;;;;;new;;;;;;18.10_26;removed;;
8203972652;Package;8203972652;;;;"Запчасти и аксессуары";;;;0;;;;;;new;;;;;;18.10_26;removed;;
8203971718;Package;8203971718;;;;"Запчасти и аксессуары";;;;0;;;;;;new;;;;;;18.10_26;removed;;
8203969804;Package;8203969804;;;;"Запчасти и аксессуары";;;;0;;;;;;new;;;;;;18.10_26;removed;;
8203969508;Package;8203969508;;;;"Запчасти и аксессуары";;;;0;;;;;;new;;;;;;18.10_26;removed;;
8203968159;Package;8203968159;;;;"Запчасти и аксессуары";;;;0;;;;;;new;;;;;;18.10_26;removed;;
8203968128;Package;8203968128;;;;"Запчасти и аксессуары";;;;0;;;;;;new;;;;;;18.10_26;removed;;
8203968018;Package;8203968018;;;;"Запчасти и аксессуары";;;;0;;;;;;new;;;;;;18.10_26;removed;;
8203965448;Package;8203965448;;;;"Запчасти и аксессуары";;;;0;;;;;;new;;;;;;18.10_26;removed;;
8203965188;Package;8203965188;;;;"Запчасти и аксессуары";;;;0;;;;;;new;;;;;;18.10_26;removed;;
8203964696;Package;8203964696;;;;"Запчасти и аксессуары";;;;0;;;;;;new;;;;;;18.10_26;removed;;
8203960700;Package;8203960700;;;;"Запчасти и аксессуары";;;;0;;;;;;new;;;;;;18.10_26;removed;;
8203960660;Package;8203960660;;;;"Запчасти и аксессуары";;;;0;;;;;;new;;;;;;18.10_26;removed;;
8312473129;Package;8312473129;;"Тюменская обл., г.о. Тюмень, д. Ожогина, Садовая ул., 13";;"Запчасти и аксессуары";"Двигатель Volkswagen Golf CHP
Местоположение: Тюменская обл., г.о. Тюмень, д. Ожогина, Садовая ул., 13";;"Двигатель Volkswagen Golf CHP";130500;;;;;;new;;;;;;18.10_26;active;;
8302206148;Package;8302206148;;"Астраханская обл., Астрахань, пл. имени Ленина";;"Запчасти и аксессуары";"Двигатель Toyota Fortuner 2TR
Местоположение: Астраханская обл., Астрахань, пл. имени Ленина";;"Двигатель Toyota Fortuner 2TR";206100;;;;;;new;;;;;;18.10_26;active;;
8273917086;Package;8273917086;;"Краснодарский край, Краснодар, Новороссийская ул., 57/6";;"Запчасти и аксессуары";"Двигатель Senova X25 A151A6
Местоположение: Краснодарский край, Краснодар, Новороссийская ул., 57/6";;"Двигатель Senova X25 A151A6";119000;;;;;;new;;;;;;18.10_26;active;;
8273503670;Package;8273503670;;"Красноярский край, Красноярск, ул. Маерчака, 49А";;"Запчасти и аксессуары";"Двигатель Great Wall Ноver Н5 4G64S4N
Местоположение: Красноярский край, Красноярск, ул. Маерчака, 49А";;"Двигатель Great Wall Ноver Н5 4G64S4N";89100;;;;;;new;;;;;;18.10_26;active;;
8273004173;Package;8273004173;;"Санкт-Петербург, Партизанская ул., 23к2";;"Запчасти и аксессуары";"Двигатель Volkswagen Scirocco CCZ
Местоположение: Санкт-Петербург, Партизанская ул., 23к2";;"Двигатель Volkswagen Scirocco CCZ";168300;;;;;;new;;;;;;18.10_26;active;;
8272954175;Package;8272954175;;"Республика Крым, Симферополь, Киевская ул., 146В";;"Запчасти и аксессуары";"Двигатель Great Wall Ноver Н5 4G64S4N
Местоположение: Республика Крым, Симферополь, Киевская ул., 146В";;"Двигатель Great Wall Ноver Н5 4G64S4N";89100;;;;;;new;;;;;;18.10_26;active;;
8244309847;Package;8244309847;;"Омская обл., Омск, 26-я Северная ул., 13А/1Б";;"Запчасти и аксессуары";"Двигатель Great Wall Ноver Н5 4G64S4N
Местоположение: Омская обл., Омск, 26-я Северная ул., 13А/1Б";;"Двигатель Great Wall Ноver Н5 4G64S4N";89100;;;;;;new;;;;;;18.10_26;active;;
8236704226;Package;8236704226;;"Саратовская обл., Саратов, Ново-Астраханское ш., 52А";;"Запчасти и аксессуары";"Двигатель Kia Optima G4NG
Местоположение: Саратовская обл., Саратов, Ново-Астраханское ш., 52А";;"Двигатель Kia Optima G4NG";206100;;;;;;new;;;;;;18.10_26;active;;
8236231929;Package;8236231929;;"Пермский край, Пермь, Маршрутная ул., 19";;"Запчасти и аксессуары";"Двигатель Chery Tiggo 8 sqrd4T20
Местоположение: Пермский край, Пермь, Маршрутная ул., 19";;"Двигатель Chery Tiggo 8 sqrd4T20";161100;;;;;;new;;;;;;18.10_26;active;;
8236218153;Package;8236218153;;"Красноярский край, Красноярск, ул. Маерчака, 49А";;"Запчасти и аксессуары";"Двигатель Chery Tiggo 8 sqrd4T20
Местоположение: Красноярский край, Красноярск, ул. Маерчака, 49А";;"Двигатель Chery Tiggo 8 sqrd4T20";161100;;;;;;new;;;;;;18.10_26;active;;
8235949098;Package;8235949098;;"Санкт-Петербург, Партизанская ул., 23к2";;"Запчасти и аксессуары";"Двигатель Kia Optima G4NG
Местоположение: Санкт-Петербург, Партизанская ул., 23к2";;"Двигатель Kia Optima G4NG";206100;;;;;;new;;;;;;18.10_26;active;;
8232439827;Package;8232439827;;"Ульяновская обл., Ульяновск, Профсоюзная ул., 64А";;"Запчасти и аксессуары";"Двигатель Great Wall Ноver Н5 4G64S4N
Местоположение: Ульяновская обл., Ульяновск, Профсоюзная ул., 64А";;"Двигатель Great Wall Ноver Н5 4G64S4N";89100;;;;;;new;;;;;;18.10_26;active;;
8204820964;Package;8204820964;;"Омская обл., Омск, 26-я Северная ул., 13А/1Б";;"Запчасти и аксессуары";"Двигатель Toyota Tacoma 2TR
Местоположение: Омская обл., Омск, 26-я Северная ул., 13А/1Б";;"Двигатель Toyota Tacoma 2TR";206100;;;;;;new;;;;;;18.10_26;active;;
8204801569;Package;8204801569;;"Чувашская Республика — Чувашия, г.о. Чебоксары, Ленинский район, пл. Республики";;"Запчасти и аксессуары";"Двигатель Ford Kuga jtma
Местоположение: Чувашская Республика — Чувашия, г.о. Чебоксары, Ленинский район, пл. Республики";;"Двигатель Ford Kuga jtma";215100;;;;;;new;;;;;;18.10_26;active;;
8204800899;Package;8204800899;;"Москва, Сормовский пр., 11с1";;"Запчасти и аксессуары";"Двигатель ford focus 2 1.8 qqdb
Местоположение: Москва, Сормовский пр., 11с1";;"Двигатель ford focus 2 1.8 qqdb";152100;;;;;;new;;;;;;18.10_26;active;;
8204796567;Package;8204796567;;"Санкт-Петербург, Партизанская ул., 23к2";;"Запчасти и аксессуары";"Двигатель Geely MK Cross MR479QA-8A
Местоположение: Санкт-Петербург, Партизанская ул., 23к2";;"Двигатель Geely MK Cross MR479QA-8A";89100;;;;;;new;;;;;;18.10_26;active;;
8204775890;Package;8204775890;;"Волгоградская обл., Волгоград, ул. Пржевальского, 20";;"Запчасти и аксессуары";"Двигатель Ford Kuga jtma
Местоположение: Волгоградская обл., Волгоград, ул. Пржевальского, 20";;"Двигатель Ford Kuga jtma";215100;;;;;;new;;;;;;18.10_26;active;;
8204648047;Package;8204648047;;"Оренбургская обл., Оренбург, пр. Автоматики, 8А";;"Запчасти и аксессуары";"Двигатель Great Wall GW2.8TC
Местоположение: Оренбургская обл., Оренбург, пр. Автоматики, 8А";;"Двигатель Great Wall GW2.8TC";139500;;;;;;new;;;;;;18.10_26;active;;
8204644713;Package;8204644713;;"Тюменская обл., г.о. Тюмень, д. Ожогина, Садовая ул., 13";;"Запчасти и аксессуары";"Двигатель Hyundai Starex G4KG
Местоположение: Тюменская обл., г.о. Тюмень, д. Ожогина, Садовая ул., 13";;"Двигатель Hyundai Starex G4KG";207000;;;;;;new;;;;;;18.10_26;active;;
8204557075;Package;8204557075;;"Оренбургская обл., Оренбург, пр. Автоматики, 8А";;"Запчасти и аксессуары";"Двигатель Geely MK Cross MR479QA-8A
Местоположение: Оренбургская обл., Оренбург, пр. Автоматики, 8А";;"Двигатель Geely MK Cross MR479QA-8A";89100;;;;;;new;;;;;;18.10_26;active;;
8204543939;Package;8204543939;;"Тюменская обл., Ханты-Мансийский АО — Югра, Сургут, ДПК Север, Межозёрная ул., 27";;"Запчасти и аксессуары";"Двигатель Toyota Tacoma 2TR
Местоположение: Тюменская обл., Ханты-Мансийский АО — Югра, Сургут, ДПК Север, Межозёрная ул., 27";;"Двигатель Toyota Tacoma 2TR";206100;;;;;;new;;;;;;18.10_26;active;;
8204467121;Package;8204467121;;"Ульяновская обл., Ульяновск, Профсоюзная ул., 64А";;"Запчасти и аксессуары";"Двигатель Volkswagen Passat CCZ
Местоположение: Ульяновская обл., Ульяновск, Профсоюзная ул., 64А";;"Двигатель Volkswagen Passat CCZ";168300;;;;;;new;;;;;;18.10_26;active;;
8204460934;Package;8204460934;;"Пермский край, Пермь, Маршрутная ул., 19";;"Запчасти и аксессуары";"Двигатель Chevrolet Captiva A24XE
Местоположение: Пермский край, Пермь, Маршрутная ул., 19";;"Двигатель Chevrolet Captiva A24XE";161100;;;;;;new;;;;;;18.10_26;active;;
8204340776;Package;8204340776;;"Тюменская обл., Ханты-Мансийский АО — Югра, Сургут, ДПК Север, Межозёрная ул., 27";;"Запчасти и аксессуары";"Двигатель Volkswagen Tiguan CAV
Местоположение: Тюменская обл., Ханты-Мансийский АО — Югра, Сургут, ДПК Север, Межозёрная ул., 27";;"Двигатель Volkswagen Tiguan CAV";143100;;;;;;new;;;;;;18.10_26;active;;
8204335842;Package;8204335842;;"Пермский край, Пермь, Маршрутная ул., 19";;"Запчасти и аксессуары";"Двигатель Volkswagen Golf CXS
Местоположение: Пермский край, Пермь, Маршрутная ул., 19";;"Двигатель Volkswagen Golf CXS";134100;;;;;;new;;;;;;18.10_26;active;;
8204285610;Package;8204285610;;"Тюменская обл., г.о. Тюмень, д. Ожогина, Садовая ул., 13";;"Запчасти и аксессуары";"Двигатель ford focus 2 1.8 qqdb
Местоположение: Тюменская обл., г.о. Тюмень, д. Ожогина, Садовая ул., 13";;"Двигатель ford focus 2 1.8 qqdb";152100;;;;;;new;;;;;;18.10_26;active;;
8204250705;Package;8204250705;;"Чувашская Республика — Чувашия, г.о. Чебоксары, Ленинский район, пл. Республики";;"Запчасти и аксессуары";"Двигатель Hyundai Santa Fe G4KH
Местоположение: Чувашская Республика — Чувашия, г.о. Чебоксары, Ленинский район, пл. Республики";;"Двигатель Hyundai Santa Fe G4KH";148500;;;;;;new;;;;;;18.10_26;active;;
8204186948;Package;8204186948;;"Санкт-Петербург, Партизанская ул., 23к2";;"Запчасти и аксессуары";"Двигатель Hyundai Sonata G4NG
Местоположение: Санкт-Петербург, Партизанская ул., 23к2";;"Двигатель Hyundai Sonata G4NG";206100;;;;;;new;;;;;;18.10_26;active;;
8204174135;Package;8204174135;;"Воронежская обл., Воронеж, ул. Антонова-Овсеенко, 27";;"Запчасти и аксессуары";"Двигатель Skoda Superb BZB
Местоположение: Воронежская обл., Воронеж, ул. Антонова-Овсеенко, 27";;"Двигатель Skoda Superb BZB";161100;;;;;;new;;;;;;18.10_26;active;;
8204051006;Package;8204051006;;"Тюменская обл., г.о. Тюмень, д. Ожогина, Садовая ул., 13";;"Запчасти и аксессуары";"Двигатель Chery Tiggo Pro sqrd4T44
Местоположение: Тюменская обл., г.о. Тюмень, д. Ожогина, Садовая ул., 13";;"Двигатель Chery Tiggo Pro sqrd4T44";176000;;;;;;new;;;;;;18.10_26;active;;
8203878185;Package;8203878185;;"Тюменская обл., г.о. Тюмень, д. Ожогина, Садовая ул., 13";;"Запчасти и аксессуары";"Двигатель Opel Astra Z16XER
Местоположение: Тюменская обл., г.о. Тюмень, д. Ожогина, Садовая ул., 13";;"Двигатель Opel Astra Z16XER";116100;;;;;;new;;;;;;18.10_26;active;;
8203876839;Package;8203876839;;"Санкт-Петербург, Партизанская ул., 23к2";;"Запчасти и аксессуары";"Двигатель Chery Tiggo Pro sqrd4T40
Местоположение: Санкт-Петербург, Партизанская ул., 23к2";;"Двигатель Chery Tiggo Pro sqrd4T40";176000;;;;;;new;;;;;;18.10_26;active;;
8203875380;Package;8203875380;;"Оренбургская обл., Оренбург, пр. Автоматики, 8А";;"Запчасти и аксессуары";"Двигатель Seat Leon CXS
Местоположение: Оренбургская обл., Оренбург, пр. Автоматики, 8А";;"Двигатель Seat Leon CXS";134100;;;;;;new;;;;;;18.10_26;active;;
8172859728;Package;8172859728;;"Воронежская обл., Воронеж, ул. Антонова-Овсеенко, 27";;"Запчасти и аксессуары";"Двигатель baic U5 A151A1
Местоположение: Воронежская обл., Воронеж, ул. Антонова-Овсеенко, 27";;"Двигатель baic U5 A151A1";107100;;;;;;new;;;;;;18.10_26;active;;
8172836790;Package;8172836790;;"Красноярский край, Красноярск, ул. Маерчака, 49А";;"Запчасти и аксессуары";"Двигатель Chery Tiggo sqrd4T20
Местоположение: Красноярский край, Красноярск, ул. Маерчака, 49А";;"Двигатель Chery Tiggo sqrd4T20";161100;;;;;;new;;;;;;18.10_26;active;;
8172834411;Package;8172834411;;"Республика Татарстан (Татарстан), Казань, ул. Восстания, 100к8400";;"Запчасти и аксессуары";"Двигатель baic U5 A151A1
Местоположение: Республика Татарстан (Татарстан), Казань, ул. Восстания, 100к8400";;"Двигатель baic U5 A151A1";107100;;;;;;new;;;;;;18.10_26;active;;
8172829318;Package;8172829318;;"Республика Крым, Симферополь, Киевская ул., 146В";;"Запчасти и аксессуары";"Двигатель Skoda Octavia CHP
Местоположение: Республика Крым, Симферополь, Киевская ул., 146В";;"Двигатель Skoda Octavia CHP";130500;;;;;;new;;;;;;18.10_26;active;;
8172828651;Package;8172828651;;"Санкт-Петербург, Партизанская ул., 23к2";;"Запчасти и аксессуары";"Двигатель baic U5 A151A1
Местоположение: Санкт-Петербург, Партизанская ул., 23к2";;"Двигатель baic U5 A151A1";107100;;;;;;new;;;;;;18.10_26;active;;
8172653478;Package;8172653478;;"Краснодарский край, Армавир";;"Запчасти и аксессуары";"Двигатель Chery Kimo SQR473F в наличии
Местоположение: Краснодарский край, Армавир";;"Двигатель Chery Kimo SQR473F в наличии";94500;;;;;;new;;;;;;18.10_26;active;;
8172647893;Package;8172647893;;"Краснодарский край, Армавир";;"Запчасти и аксессуары";"Двигатель Lifan X60 LFB479Q в наличии
Местоположение: Краснодарский край, Армавир";;"Двигатель Lifan X60 LFB479Q в наличии";130500;;;;;;new;;;;;;18.10_26;active;;
8172627196;Package;8172627196;;"Краснодарский край, Армавир";;"Запчасти и аксессуары";"Двигатель Нyundаi Сrеta G4NA в наличии
Местоположение: Краснодарский край, Армавир";;"Двигатель Нyundаi Сrеta G4NA в наличии";135000;;;;;;new;;;;;;18.10_26;active;;
8172619716;Package;8172619716;;"Алтайский край, Барнаул, пл. Советов";;"Запчасти и аксессуары";"Двигатель Mitsubishi Lancer 4G18
Местоположение: Алтайский край, Барнаул, пл. Советов";;"Двигатель Mitsubishi Lancer 4G18";85500;;;;;;new;;;;;;18.10_26;active;;
8172568579;Package;8172568579;;"Краснодарский край, Армавир";;"Запчасти и аксессуары";"Двигатель Great Wall 4G64S4N в наличии
Местоположение: Краснодарский край, Армавир";;"Двигатель Great Wall 4G64S4N в наличии";89100;;;;;;new;;;;;;18.10_26;active;;
8172488798;Package;8172488798;;"Алтайский край, Барнаул, пл. Советов";;"Запчасти и аксессуары";"Двигатель Mitsubishi Lancer 4G18 в наличии
Местоположение: Алтайский край, Барнаул, пл. Советов";;"Двигатель Mitsubishi Lancer 4G18 в наличии";85500;;;;;;new;;;;;;18.10_26;active;;
8172310243;Package;8172310243;;"Краснодарский край, Армавир";;"Запчасти и аксессуары";"Двигатель Hyundai ix35 G4KD в наличии
Местоположение: Краснодарский край, Армавир";;"Двигатель Hyundai ix35 G4KD в наличии";135000;;;;;;new;;;;;;18.10_26;active;;
8172288725;Package;8172288725;;"Нижегородская обл., Нижний Новгород, ГСК Лада, 226";;"Запчасти и аксессуары";"Двигатель Chery Tiggo sqrd4T20
Местоположение: Нижегородская обл., Нижний Новгород, ГСК Лада, 226";;"Двигатель Chery Tiggo sqrd4T20";161100;;;;;;new;;;;;;18.10_26;active;;
8172226104;Package;8172226104;;"Чувашская Республика — Чувашия, г.о. Чебоксары, Ленинский район, пл. Республики";;"Запчасти и аксессуары";"Двигатель baic U5 A151A1
Местоположение: Чувашская Республика — Чувашия, г.о. Чебоксары, Ленинский район, пл. Республики";;"Двигатель baic U5 A151A1";107100;;;;;;new;;;;;;18.10_26;active;;
8172124716;Package;8172124716;;"Алтайский край, Барнаул";;"Запчасти и аксессуары";"Двигатель Geely MK MR479QA в наличии
Местоположение: Алтайский край, Барнаул";;"Двигатель Geely MK MR479QA в наличии";98100;;;;;;new;;;;;;18.10_26;active;;
8171976014;Package;8171976014;;"Краснодарский край, Сочи";;"Запчасти и аксессуары";"Двигатель Geely Coolray JLH-3G15TD в наличии
Местоположение: Краснодарский край, Сочи";;"Двигатель Geely Coolray JLH-3G15TD в наличии";136800;;;;;;new;;;;;;18.10_26;active;;
8140870887;Package;8140870887;;"Ростовская обл., Волгодонск";;"Запчасти и аксессуары";"Двигатель Lifan Cebrium LFB479Q в наличии
Местоположение: Ростовская обл., Волгодонск";;"Двигатель Lifan Cebrium LFB479Q в наличии";130500;;;;;;new;;;;;;18.10_26;active;;
8140856338;Package;8140856338;;"Томская обл., Стрежевой";;"Запчасти и аксессуары";"Двигатель Kia Rio G4FG в наличии
Местоположение: Томская обл., Стрежевой";;"Двигатель Kia Rio G4FG в наличии";103500;;;;;;new;;;;;;18.10_26;active;;
8140852959;Package;8140852959;;"Ростовская обл., Шахты";;"Запчасти и аксессуары";"Двигатель Kia Cerato G4FC в наличии
Местоположение: Ростовская обл., Шахты";;"Двигатель Kia Cerato G4FC в наличии";81000;;;;;;new;;;;;;18.10_26;active;;
8140836040;Package;8140836040;;"Ростовская обл., Волгодонск";;"Запчасти и аксессуары";"Двигатель Lifan Breez LF479Q3
Местоположение: Ростовская обл., Волгодонск";;"Двигатель Lifan Breez LF479Q3";94990;;;;;;new;;;;;;18.10_26;active;;
8140817948;Package;8140817948;;"Пензенская обл., Пенза";;"Запчасти и аксессуары";"Двигатель Chery Amulet SQR477F в наличии
Местоположение: Пензенская обл., Пенза";;"Двигатель Chery Amulet SQR477F в наличии";94500;;;;;;new;;;;;;18.10_26;active;;
8140813768;Package;8140813768;;"Ростовская обл., Шахты";;"Запчасти и аксессуары";"Двигатель Geely MK Cross MR479QA в наличии
Местоположение: Ростовская обл., Шахты";;"Двигатель Geely MK Cross MR479QA в наличии";98100;;;;;;new;;;;;;18.10_26;active;;
8140813183;Package;8140813183;;"Иркутская обл., Иркутск";;"Запчасти и аксессуары";"Двигатель Hyundai ix35 G4KD в наличии
Местоположение: Иркутская обл., Иркутск";;"Двигатель Hyundai ix35 G4KD в наличии";135000;;;;;;new;;;;;;18.10_26;active;;
8140808431;Package;8140808431;;"Тюменская обл., Ханты-Мансийский АО — Югра, Сургут, ДПК Север, Межозёрная ул., 27";;"Запчасти и аксессуары";"Двигатель Hyundai Kia G4FC в наличии
Местоположение: Тюменская обл., Ханты-Мансийский АО — Югра, Сургут, ДПК Север, Межозёрная ул., 27";;"Двигатель Hyundai Kia G4FC в наличии";81000;;;;;;new;;;;;;18.10_26;active;;
8140790732;Package;8140790732;;"Ростовская обл., Таганрог";;"Запчасти и аксессуары";"Двигатель Hyundai Creta G4FG в наличии
Местоположение: Ростовская обл., Таганрог";;"Двигатель Hyundai Creta G4FG в наличии";103500;;;;;;new;;;;;;18.10_26;active;;
8140783016;Package;8140783016;;"Ростовская обл., Волгодонск";;"Запчасти и аксессуары";"Двигатель ZAZ Vida SQR477F в наличии
Местоположение: Ростовская обл., Волгодонск";;"Двигатель ZAZ Vida SQR477F в наличии";94500;;;;;;new;;;;;;18.10_26;active;;
8140782264;Package;8140782264;;"Ростовская обл., Шахты";;"Запчасти и аксессуары";"Двигатель Zaz Lanos SQR477F в наличии
Местоположение: Ростовская обл., Шахты";;"Двигатель Zaz Lanos SQR477F в наличии";94500;;;;;;new;;;;;;18.10_26;active;;
8140773351;Package;8140773351;;"Ростовская обл., Шахты";;"Запчасти и аксессуары";"Двигатель Hyundai ix35 G4KD в наличии
Местоположение: Ростовская обл., Шахты";;"Двигатель Hyundai ix35 G4KD в наличии";135000;;;;;;new;;;;;;18.10_26;active;;
8140759821;Package;8140759821;;"Московская обл., Луховицы";;"Запчасти и аксессуары";"Двигатель Kia Rio G4FG в наличии
Местоположение: Московская обл., Луховицы";;"Двигатель Kia Rio G4FG в наличии";103500;;;;;;new;;;;;;18.10_26;active;;
8140718941;Package;8140718941;;"Ростовская обл., Таганрог";;"Запчасти и аксессуары";"Двигатель Hyundai Sonata G4GC
Местоположение: Ростовская обл., Таганрог";;"Двигатель Hyundai Sonata G4GC";115200;;;;;;new;;;;;;18.10_26;active;;
8140714001;Package;8140714001;;"Ростовская обл., Таганрог";;"Запчасти и аксессуары";"Двигатель Hyundai Elantra G4GC в наличии
Местоположение: Ростовская обл., Таганрог";;"Двигатель Hyundai Elantra G4GC в наличии";115200;;;;;;new;;;;;;18.10_26;active;;
8140704958;Package;8140704958;;"Тюменская обл., Ханты-Мансийский АО — Югра, Сургут, ДПК Север, Межозёрная ул., 27";;"Запчасти и аксессуары";"Двигатель Chery Tiggo SQR481FC в наличии
Местоположение: Тюменская обл., Ханты-Мансийский АО — Югра, Сургут, ДПК Север, Межозёрная ул., 27";;"Двигатель Chery Tiggo SQR481FC в наличии";116100;;;;;;new;;;;;;18.10_26;active;;
8140687642;Package;8140687642;;"Ростовская обл., Волгодонск";;"Запчасти и аксессуары";"Двигатель Great Wall Ноver 4G64S4N
Местоположение: Ростовская обл., Волгодонск";;"Двигатель Great Wall Ноver 4G64S4N";89100;;;;;;new;;;;;;18.10_26;active;;
8140685748;Package;8140685748;;"Ростовская обл., Таганрог";;"Запчасти и аксессуары";"Двигатель Lifan Cebrium LFB479Q в наличии
Местоположение: Ростовская обл., Таганрог";;"Двигатель Lifan Cebrium LFB479Q в наличии";130500;;;;;;new;;;;;;18.10_26;active;;
8140652571;Package;8140652571;;"Московская обл., Луховицы";;"Запчасти и аксессуары";"Двигатель Lifan Murman LFB479Q в наличии
Местоположение: Московская обл., Луховицы";;"Двигатель Lifan Murman LFB479Q в наличии";130500;;;;;;new;;;;;;18.10_26;active;;
8140576266;Package;8140576266;;"Ростовская обл., Шахты";;"Запчасти и аксессуары";"Двигатель Hyundai Creta G4FG в наличии
Местоположение: Ростовская обл., Шахты";;"Двигатель Hyundai Creta G4FG в наличии";103500;;;;;;new;;;;;;18.10_26;active;;
8140562832;Package;8140562832;;"Пензенская обл., Пенза, пл. Ленина";;"Запчасти и аксессуары";"Двигатель Mitsubishi Lancer 4G18 в наличии
Местоположение: Пензенская обл., Пенза, пл. Ленина";;"Двигатель Mitsubishi Lancer 4G18 в наличии";85500;;;;;;new;;;;;;18.10_26;active;;
8140557222;Package;8140557222;;"Пензенская обл., Пенза";;"Запчасти и аксессуары";"Двигатель Hyundai Getz G4EE в наличии
Местоположение: Пензенская обл., Пенза";;"Двигатель Hyundai Getz G4EE в наличии";108000;;;;;;new;;;;;;18.10_26;active;;
8140556522;Package;8140556522;;"Московская обл., Луховицы";;"Запчасти и аксессуары";"Двигатель Kia Sportage G4KD в наличии
Местоположение: Московская обл., Луховицы";;"Двигатель Kia Sportage G4KD в наличии";135000;;;;;;new;;;;;;18.10_26;active;;
8140464874;Package;8140464874;;"Ростовская обл., Волгодонск";;"Запчасти и аксессуары";"Двигатель Hyundai ix35 G4KE в наличии
Местоположение: Ростовская обл., Волгодонск";;"Двигатель Hyundai ix35 G4KE в наличии";135000;;;;;;new;;;;;;18.10_26;active;;
8140464183;Package;8140464183;;"Ростовская обл., Волгодонск, квартал В-Б";;"Запчасти и аксессуары";"Двигатель Mitsubishi Lancer 4G18 в наличии
Местоположение: Ростовская обл., Волгодонск, квартал В-Б";;"Двигатель Mitsubishi Lancer 4G18 в наличии";85500;;;;;;new;;;;;;18.10_26;active;;
8140447465;Package;8140447465;;"Ростовская обл., Волгодонск";;"Запчасти и аксессуары";"Двигатель Hyundai Kia G4FC в наличии
Местоположение: Ростовская обл., Волгодонск";;"Двигатель Hyundai Kia G4FC в наличии";81000;;;;;;new;;;;;;18.10_26;active;;
8140433639;Package;8140433639;;"Ростовская обл., Шахты";;"Запчасти и аксессуары";"Двигатель Great Wall 4G64S4N в наличии
Местоположение: Ростовская обл., Шахты";;"Двигатель Great Wall 4G64S4N в наличии";89100;;;;;;new;;;;;;18.10_26;active;;
8140383159;Package;8140383159;;"Тюменская обл., Ханты-Мансийский АО — Югра, Сургут, ДПК Север, Межозёрная ул., 27";;"Запчасти и аксессуары";"Двигатель Hyundai Sonata G4GC в наличии
Местоположение: Тюменская обл., Ханты-Мансийский АО — Югра, Сургут, ДПК Север, Межозёрная ул., 27";;"Двигатель Hyundai Sonata G4GC в наличии";115200;;;;;;new;;;;;;18.10_26;active;;
8140328565;Package;8140328565;;"Ростовская обл., Шахты";;"Запчасти и аксессуары";"Двигатель Kia Rio G4FA в наличии
Местоположение: Ростовская обл., Шахты";;"Двигатель Kia Rio G4FA в наличии";81000;;;;;;new;;;;;;18.10_26;active;;
8140288547;Package;8140288547;;"Ростовская обл., Волгодонск, квартал В-Б";;"Запчасти и аксессуары";"Двигатель Mitsubishi Kuda 4G18 в наличии
Местоположение: Ростовская обл., Волгодонск, квартал В-Б";;"Двигатель Mitsubishi Kuda 4G18 в наличии";85500;;;;;;new;;;;;;18.10_26;active;;
8140269016;Package;8140269016;;"Челябинская обл., Магнитогорский г.о., Магнитогорск";;"Запчасти и аксессуары";"Двигатель Great Wall 4G64S4N в наличии
Местоположение: Челябинская обл., Магнитогорский г.о., Магнитогорск";;"Двигатель Great Wall 4G64S4N в наличии";89100;;;;;;new;;;;;;18.10_26;active;;
8140229986;Package;8140229986;;"Ростовская обл., Волгодонск";;"Запчасти и аксессуары";"Двигатель Kia Ceed G4FA
Местоположение: Ростовская обл., Волгодонск";;"Двигатель Kia Ceed G4FA";81000;;;;;;new;;;;;;18.10_26;active;;
8140217963;Package;8140217963;;"Пензенская обл., Пенза";;"Запчасти и аксессуары";"Двигатель Lifan Breez LF479Q3
Местоположение: Пензенская обл., Пенза";;"Двигатель Lifan Breez LF479Q3";94990;;;;;;new;;;;;;18.10_26;active;;
8140189534;Package;8140189534;;"Ростовская обл., Волгодонск";;"Запчасти и аксессуары";"Двигатель Geely MK MR479QA в наличии
Местоположение: Ростовская обл., Волгодонск";;"Двигатель Geely MK MR479QA в наличии";98100;;;;;;new;;;;;;18.10_26;active;;
8140174039;Package;8140174039;;"Пензенская обл., Пенза";;"Запчасти и аксессуары";"Двигатель Kia Sportage G4KD в наличии
Местоположение: Пензенская обл., Пенза";;"Двигатель Kia Sportage G4KD в наличии";135000;;;;;;new;;;;;;18.10_26;active;;
8140171910;Package;8140171910;;"Ростовская обл., Волгодонск";;"Запчасти и аксессуары";"Двигатель Chery M1 SQR473F в наличии
Местоположение: Ростовская обл., Волгодонск";;"Двигатель Chery M1 SQR473F в наличии";94500;;;;;;new;;;;;;18.10_26;active;;
8140166390;Package;8140166390;;"Ростовская обл., Волгодонск";;"Запчасти и аксессуары";"Двигатель Chery QQ6 SQR473F в наличии
Местоположение: Ростовская обл., Волгодонск";;"Двигатель Chery QQ6 SQR473F в наличии";94500;;;;;;new;;;;;;18.10_26;active;;
8140155372;Package;8140155372;;"Ростовская обл., Волгодонск";;"Запчасти и аксессуары";"Двигатель Chery Amulet SQR481F в наличии
Местоположение: Ростовская обл., Волгодонск";;"Двигатель Chery Amulet SQR481F в наличии";116100;;;;;;new;;;;;;18.10_26;active;;
8140120319;Package;8140120319;;"Московская обл., Луховицы";;"Запчасти и аксессуары";"Двигатель Kia Ceed G4FA в наличии
Местоположение: Московская обл., Луховицы";;"Двигатель Kia Ceed G4FA в наличии";81000;;;;;;new;;;;;;18.10_26;active;;
8140101769;Package;8140101769;;"Московская обл., Луховицы";;"Запчасти и аксессуары";"Двигатель Kia Ceed G4FC в наличии
Местоположение: Московская обл., Луховицы";;"Двигатель Kia Ceed G4FC в наличии";81000;;;;;;new;;;;;;18.10_26;active;;
8140080392;Package;8140080392;;"Челябинская обл., Магнитогорский г.о., Магнитогорск";;"Запчасти и аксессуары";"Двигатель Geely Atlas JLH-3G15TD в наличии
Местоположение: Челябинская обл., Магнитогорский г.о., Магнитогорск";;"Двигатель Geely Atlas JLH-3G15TD в наличии";136800;;;;;;new;;;;;;18.10_26;active;;
8140019641;Package;8140019641;;"Томская обл., Стрежевой";;"Запчасти и аксессуары";"Двигатель Chery A3 SQR481F в наличии
Местоположение: Томская обл., Стрежевой";;"Двигатель Chery A3 SQR481F в наличии";116100;;;;;;new;;;;;;18.10_26;active;;
8139912767;Package;8139912767;;"Ростовская обл., Шахты";;"Запчасти и аксессуары";"Двигатель Lifan Solano LF481Q3
Местоположение: Ростовская обл., Шахты";;"Двигатель Lifan Solano LF481Q3";99000;;;;;;new;;;;;;18.10_26;active;;
8139893490;Package;8139893490;;"Тюменская обл., Ханты-Мансийский АО — Югра, Сургут, ДПК Север, Межозёрная ул., 27";;"Запчасти и аксессуары";"Двигатель Hyundai Solaris G4FC в наличии
Местоположение: Тюменская обл., Ханты-Мансийский АО — Югра, Сургут, ДПК Север, Межозёрная ул., 27";;"Двигатель Hyundai Solaris G4FC в наличии";81000;;;;;;new;;;;;;18.10_26;active;;
8108868133;Package;8108868133;;"Белгородская обл., Белгород";;"Запчасти и аксессуары";"Двигатель Geely Coolray JLH-3G15TD в наличии
Местоположение: Белгородская обл., Белгород";;"Двигатель Geely Coolray JLH-3G15TD в наличии";136800;;;;;;new;;;;;;18.10_26;active;;
8108848224;Package;8108848224;;"Тамбовская обл., Тамбов";;"Запчасти и аксессуары";"Двигатель Kia Magentis G4KE в наличии
Местоположение: Тамбовская обл., Тамбов";;"Двигатель Kia Magentis G4KE в наличии";135000;;;;;;new;;;;;;18.10_26;active;;
8108831456;Package;8108831456;;"Тульская обл., Тула";;"Запчасти и аксессуары";"Двигатель Hyundai Creta G4FG в наличии
Местоположение: Тульская обл., Тула";;"Двигатель Hyundai Creta G4FG в наличии";103500;;;;;;new;;;;;;18.10_26;active;;
8108825582;Package;8108825582;;"Ростовская обл., Новочеркасск";;"Запчасти и аксессуары";"Двигатель Hyundai i20 G4FC в наличии
Местоположение: Ростовская обл., Новочеркасск";;"Двигатель Hyundai i20 G4FC в наличии";81000;;;;;;new;;;;;;18.10_26;active;;
8108809797;Package;8108809797;;"Тульская обл., Тула";;"Запчасти и аксессуары";"Двигатель Hyundai ix35 G4KD в наличии
Местоположение: Тульская обл., Тула";;"Двигатель Hyundai ix35 G4KD в наличии";135000;;;;;;new;;;;;;18.10_26;active;;
8108793884;Package;8108793884;;"Московская обл., г.о. Пушкинский, Пушкино";;"Запчасти и аксессуары";"Двигатель Kia Cerato G4FC в наличии
Местоположение: Московская обл., г.о. Пушкинский, Пушкино";;"Двигатель Kia Cerato G4FC в наличии";81000;;;;;;new;;;;;;18.10_26;active;;
8108788688;Package;8108788688;;"Московская обл., г.о. Пушкинский, Пушкино, Советская пл.";;"Запчасти и аксессуары";"Двигатель Mitsubishi Lancer 4G18 в наличии
Местоположение: Московская обл., г.о. Пушкинский, Пушкино, Советская пл.";;"Двигатель Mitsubishi Lancer 4G18 в наличии";85500;;;;;;new;;;;;;18.10_26;active;;
8108710830;Package;8108710830;;"Ростовская обл., Новочеркасск";;"Запчасти и аксессуары";"Двигатель Нyundаi Sоlаris G4FG в наличии
Местоположение: Ростовская обл., Новочеркасск";;"Двигатель Нyundаi Sоlаris G4FG в наличии";103500;;;;;;new;;;;;;18.10_26;active;;
8108702798;Package;8108702798;;"Тамбовская обл., Тамбов";;"Запчасти и аксессуары";"Двигатель Geely Emgrand JL4G18 в наличии
Местоположение: Тамбовская обл., Тамбов";;"Двигатель Geely Emgrand JL4G18 в наличии";135000;;;;;;new;;;;;;18.10_26;active;;
8108669561;Package;8108669561;;"Тамбовская обл., Тамбов";;"Запчасти и аксессуары";"Двигатель Kia Sorento G4KE в наличии
Местоположение: Тамбовская обл., Тамбов";;"Двигатель Kia Sorento G4KE в наличии";135000;;;;;;new;;;;;;18.10_26;active;;
8108627552;Package;8108627552;;"Московская обл., г.о. Пушкинский, Пушкино";;"Запчасти и аксессуары";"Двигатель Chery Indis SQR473F
Местоположение: Московская обл., г.о. Пушкинский, Пушкино";;"Двигатель Chery Indis SQR473F";94500;;;;;;new;;;;;;18.10_26;active;;
8108605622;Package;8108605622;;"Тульская обл., Тула";;"Запчасти и аксессуары";"Двигатель Kia Ceed G4FC в наличии
Местоположение: Тульская обл., Тула";;"Двигатель Kia Ceed G4FC в наличии";81000;;;;;;new;;;;;;18.10_26;active;;
8108586107;Package;8108586107;;"Калужская обл., Калуга, Московская ул.";;"Запчасти и аксессуары";"Двигатель Mitsubishi Pajero Pinin 4G18 в наличии
Местоположение: Калужская обл., Калуга, Московская ул.";;"Двигатель Mitsubishi Pajero Pinin 4G18 в наличии";85500;;;;;;new;;;;;;18.10_26;active;;
8108567254;Package;8108567254;;"Тверская обл., Тверь";;"Запчасти и аксессуары";"Двигатель Нyundаi ix35 G4NA в наличии
Местоположение: Тверская обл., Тверь";;"Двигатель Нyundаi ix35 G4NA в наличии";135000;;;;;;new;;;;;;18.10_26;active;;
8108563823;Package;8108563823;;"Белгородская обл., Белгород";;"Запчасти и аксессуары";"Двигатель Great Wall Ноver 4G64S4N
Местоположение: Белгородская обл., Белгород";;"Двигатель Great Wall Ноver 4G64S4N";89100;;;;;;new;;;;;;18.10_26;active;;
8108553347;Package;8108553347;;"Ростовская обл., Новочеркасск, Троицкая пл.";;"Запчасти и аксессуары";"Двигатель Mitsubishi Colt 4G18 в наличии
Местоположение: Ростовская обл., Новочеркасск, Троицкая пл.";;"Двигатель Mitsubishi Colt 4G18 в наличии";85500;;;;;;new;;;;;;18.10_26;active;;
8108514643;Package;8108514643;;"Ростовская обл., Новочеркасск";;"Запчасти и аксессуары";"Двигатель Chery Very SQR477F в наличии
Местоположение: Ростовская обл., Новочеркасск";;"Двигатель Chery Very SQR477F в наличии";94500;;;;;;new;;;;;;18.10_26;active;;
8108495261;Package;8108495261;;"Тульская обл., Тула";;"Запчасти и аксессуары";"Двигатель Hyundai Kia G4FC в наличии
Местоположение: Тульская обл., Тула";;"Двигатель Hyundai Kia G4FC в наличии";81000;;;;;;new;;;;;;18.10_26;active;;
8108485981;Package;8108485981;;"Тамбовская обл., Тамбов";;"Запчасти и аксессуары";"Двигатель Hyundai Matrix G4ED в наличии
Местоположение: Тамбовская обл., Тамбов";;"Двигатель Hyundai Matrix G4ED в наличии";108000;;;;;;new;;;;;;18.10_26;active;;
8108469231;Package;8108469231;;"Тамбовская обл., Тамбов";;"Запчасти и аксессуары";"Двигатель Hyundai Elantra G4FC в наличии
Местоположение: Тамбовская обл., Тамбов";;"Двигатель Hyundai Elantra G4FC в наличии";81000;;;;;;new;;;;;;18.10_26;active;;
8108365468;Package;8108365468;;"Ростовская обл., Новочеркасск";;"Запчасти и аксессуары";"Двигатель Hyundai ix35 G4KE в наличии
Местоположение: Ростовская обл., Новочеркасск";;"Двигатель Hyundai ix35 G4KE в наличии";135000;;;;;;new;;;;;;18.10_26;active;;
8108327738;Package;8108327738;;"Тамбовская обл., Тамбов";;"Запчасти и аксессуары";"Двигатель Geely Coolray JLH-3G15TD в наличии
Местоположение: Тамбовская обл., Тамбов";;"Двигатель Geely Coolray JLH-3G15TD в наличии";136800;;;;;;new;;;;;;18.10_26;active;;
8108316898;Package;8108316898;;"Московская обл., г.о. Пушкинский, Пушкино";;"Запчасти и аксессуары";"Двигатель Lifan X60 LFB479Q в наличии
Местоположение: Московская обл., г.о. Пушкинский, Пушкино";;"Двигатель Lifan X60 LFB479Q в наличии";130500;;;;;;new;;;;;;18.10_26;active;;
8108316377;Package;8108316377;;"Тамбовская обл., Тамбов";;"Запчасти и аксессуары";"Двигатель Kia Ceed G4FC в наличии
Местоположение: Тамбовская обл., Тамбов";;"Двигатель Kia Ceed G4FC в наличии";81000;;;;;;new;;;;;;18.10_26;active;;
8108300095;Package;8108300095;;"Белгородская обл., Белгород";;"Запчасти и аксессуары";"Двигатель Hyundai i30 G4GC в наличии
Местоположение: Белгородская обл., Белгород";;"Двигатель Hyundai i30 G4GC в наличии";115200;;;;;;new;;;;;;18.10_26;active;;
8108261034;Package;8108261034;;"Белгородская обл., Белгород";;"Запчасти и аксессуары";"Двигатель Great Wall 4G64S4N
Местоположение: Белгородская обл., Белгород";;"Двигатель Great Wall 4G64S4N";89100;;;;;;new;;;;;;18.10_26;active;;
8108259348;Package;8108259348;;"Республика Татарстан (Татарстан), Набережные Челны";;"Запчасти и аксессуары";"Двигатель Geely Emgrand JL4G15D
Местоположение: Республика Татарстан (Татарстан), Набережные Челны";;"Двигатель Geely Emgrand JL4G15D";135000;;;;;;new;;;;;;18.10_26;active;;
8108228490;Package;8108228490;;"Ростовская обл., Новочеркасск";;"Запчасти и аксессуары";"Двигатель Vortex Estina SQR477F в наличии
Местоположение: Ростовская обл., Новочеркасск";;"Двигатель Vortex Estina SQR477F в наличии";94500;;;;;;new;;;;;;18.10_26;active;;
8108225623;Package;8108225623;;"Тульская обл., Тула";;"Запчасти и аксессуары";"Двигатель Kia Rio G4FC в наличии
Местоположение: Тульская обл., Тула";;"Двигатель Kia Rio G4FC в наличии";81000;;;;;;new;;;;;;18.10_26;active;;
8108210204;Package;8108210204;;"Белгородская обл., Белгород";;"Запчасти и аксессуары";"Двигатель Vortex Estina SQR477F в наличии
Местоположение: Белгородская обл., Белгород";;"Двигатель Vortex Estina SQR477F в наличии";94500;;;;;;new;;;;;;18.10_26;active;;
8108197323;Package;8108197323;;"Тамбовская обл., Тамбов";;"Запчасти и аксессуары";"Двигатель Zaz Lanos SQR477F в наличии
Местоположение: Тамбовская обл., Тамбов";;"Двигатель Zaz Lanos SQR477F в наличии";94500;;;;;;new;;;;;;18.10_26;active;;
8108191510;Package;8108191510;;"Белгородская обл., Белгород";;"Запчасти и аксессуары";"Двигатель Kia Ceed G4GC в наличии
Местоположение: Белгородская обл., Белгород";;"Двигатель Kia Ceed G4GC в наличии";115200;;;;;;new;;;;;;18.10_26;active;;
8108094185;Package;8108094185;;"Белгородская обл., Белгород";;"Запчасти и аксессуары";"Двигатель Hyundai ix35 G4KD в наличии
Местоположение: Белгородская обл., Белгород";;"Двигатель Hyundai ix35 G4KD в наличии";135000;;;;;;new;;;;;;18.10_26;active;;
8108092597;Package;8108092597;;"Белгородская обл., Белгород";;"Запчасти и аксессуары";"Двигатель Geely MK Cross MR479QA в наличии
Местоположение: Белгородская обл., Белгород";;"Двигатель Geely MK Cross MR479QA в наличии";98100;;;;;;new;;;;;;18.10_26;active;;
8108038587;Package;8108038587;;"Тамбовская обл., Тамбов";;"Запчасти и аксессуары";"Двигатель Kia Carens G4FC в наличии
Местоположение: Тамбовская обл., Тамбов";;"Двигатель Kia Carens G4FC в наличии";81000;;;;;;new;;;;;;18.10_26;active;;
8107995660;Package;8107995660;;"Белгородская обл., Белгород";;"Запчасти и аксессуары";"Двигатель Great Wall 4G64S4N в наличии
Местоположение: Белгородская обл., Белгород";;"Двигатель Great Wall 4G64S4N в наличии";89100;;;;;;new;;;;;;18.10_26;active;;
8107964951;Package;8107964951;;"Тамбовская обл., Тамбов";;"Запчасти и аксессуары";"Двигатель кiа Сeratо G4NA
Местоположение: Тамбовская обл., Тамбов";;"Двигатель кiа Сeratо G4NA";135000;;;;;;new;;;;;;18.10_26;active;;
8107958028;Package;8107958028;;"Белгородская обл., Белгород";;"Запчасти и аксессуары";"Двигатель Hyundai Solaris G4FC в наличии
Местоположение: Белгородская обл., Белгород";;"Двигатель Hyundai Solaris G4FC в наличии";81000;;;;;;new;;;;;;18.10_26;active;;
8107952282;Package;8107952282;;"Тамбовская обл., Тамбов";;"Запчасти и аксессуары";"Двигатель Hyundai Kia G4FC в наличии
Местоположение: Тамбовская обл., Тамбов";;"Двигатель Hyundai Kia G4FC в наличии";81000;;;;;;new;;;;;;18.10_26;active;;
8107948197;Package;8107948197;;"Республика Татарстан (Татарстан), Набережные Челны";;"Запчасти и аксессуары";"Двигатель Kia Cerato G4KD в наличии
Местоположение: Республика Татарстан (Татарстан), Набережные Челны";;"Двигатель Kia Cerato G4KD в наличии";135000;;;;;;new;;;;;;18.10_26;active;;
8107917563;Package;8107917563;;"Московская обл., г.о. Пушкинский, Пушкино, Советская пл.";;"Запчасти и аксессуары";"Двигатель Mitsubishi Lancer 4G18
Местоположение: Московская обл., г.о. Пушкинский, Пушкино, Советская пл.";;"Двигатель Mitsubishi Lancer 4G18";85500;;;;;;new;;;;;;18.10_26;active;;
8107902331;Package;8107902331;;"Республика Татарстан (Татарстан), Набережные Челны";;"Запчасти и аксессуары";"Двигатель Geely Coolray JLH-3G15TD в наличии
Местоположение: Республика Татарстан (Татарстан), Набережные Челны";;"Двигатель Geely Coolray JLH-3G15TD в наличии";136800;;;;;;new;;;;;;18.10_26;active;;
8076884291;Package;8076884291;;"Кемеровская обл. — Кузбасс, Кемеровский г.о., Кемерово";;"Запчасти и аксессуары";"Двигатель Chery Bonus SQR477F в наличии
Местоположение: Кемеровская обл. — Кузбасс, Кемеровский г.о., Кемерово";;"Двигатель Chery Bonus SQR477F в наличии";94500;;;;;;new;;;;;;18.10_26;active;;
8076870593;Package;8076870593;;"Красноярский край, Красноярск, ул. Маерчака, 49А";;"Запчасти и аксессуары";"Двигатель Mitsubishi Space star 4G18 в наличии
Местоположение: Красноярский край, Красноярск, ул. Маерчака, 49А";;"Двигатель Mitsubishi Space star 4G18 в наличии";85500;;;;;;new;;;;;;18.10_26;active;;
8076868230;Package;8076868230;;"Омская обл., Омск, 26-я Северная ул., 13Ак4";;"Запчасти и аксессуары";"Двигатель Lifan Solano LF481Q3 в наличии
Местоположение: Омская обл., Омск, 26-я Северная ул., 13Ак4";;"Двигатель Lifan Solano LF481Q3 в наличии";99000;;;;;;new;;;;;;18.10_26;active;;
8076807571;Package;8076807571;;"Омская обл., Омск, 26-я Северная ул., 13Ак4";;"Запчасти и аксессуары";"Двигатель Geely MK MR479QA в наличии
Местоположение: Омская обл., Омск, 26-я Северная ул., 13Ак4";;"Двигатель Geely MK MR479QA в наличии";98100;;;;;;new;;;;;;18.10_26;active;;
8076798569;Package;8076798569;;"Красноярский край, Красноярск, ул. Маерчака, 49А";;"Запчасти и аксессуары";"Двигатель Kia Cerato G4FC в наличии
Местоположение: Красноярский край, Красноярск, ул. Маерчака, 49А";;"Двигатель Kia Cerato G4FC в наличии";81000;;;;;;new;;;;;;18.10_26;active;;
8076764530;Package;8076764530;;"Кировская обл., Киров";;"Запчасти и аксессуары";"Двигатель Geely MK MR479QA в наличии
Местоположение: Кировская обл., Киров";;"Двигатель Geely MK MR479QA в наличии";98100;;;;;;new;;;;;;18.10_26;active;;
8076732764;Package;8076732764;;"Кировская обл., Киров";;"Запчасти и аксессуары";"Двигатель Hyundai Sonata G4GC
Местоположение: Кировская обл., Киров";;"Двигатель Hyundai Sonata G4GC";115200;;;;;;new;;;;;;18.10_26;active;;
8076697804;Package;8076697804;;"Удмуртская Республика, Ижевск, Воткинское ш., 202В";;"Запчасти и аксессуары";"Двигатель Geely MK MR479QA
Местоположение: Удмуртская Республика, Ижевск, Воткинское ш., 202В";;"Двигатель Geely MK MR479QA";98100;;;;;;new;;;;;;18.10_26;active;;
8076616350;Package;8076616350;;"Омская обл., Омск, 26-я Северная ул., 13Ак4";;"Запчасти и аксессуары";"Двигатель Mitsubishi Pajero Pinin 4G18 в наличии
Местоположение: Омская обл., Омск, 26-я Северная ул., 13Ак4";;"Двигатель Mitsubishi Pajero Pinin 4G18 в наличии";85500;;;;;;new;;;;;;18.10_26;active;;
8076580468;Package;8076580468;;"Ульяновская обл., Ульяновск, Профсоюзная ул., 64А";;"Запчасти и аксессуары";"Двигатель Hyundai Solaris G4FA в наличии
Местоположение: Ульяновская обл., Ульяновск, Профсоюзная ул., 64А";;"Двигатель Hyundai Solaris G4FA в наличии";81000;;;;;;new;;;;;;18.10_26;active;;
8076569628;Package;8076569628;;"Кировская обл., Киров";;"Запчасти и аксессуары";"Двигатель Kia Carens G4FC в наличии
Местоположение: Кировская обл., Киров";;"Двигатель Kia Carens G4FC в наличии";81000;;;;;;new;;;;;;18.10_26;active;;
8076560263;Package;8076560263;;"Удмуртская Республика, Ижевск, Воткинское ш., 202В";;"Запчасти и аксессуары";"Двигатель Нyundаi Sоlаris G4FG
Местоположение: Удмуртская Республика, Ижевск, Воткинское ш., 202В";;"Двигатель Нyundаi Sоlаris G4FG";103500;;;;;;new;;;;;;18.10_26;active;;
8076502963;Package;8076502963;;"Омская обл., Омск, 26-я Северная ул., 13Ак4";;"Запчасти и аксессуары";"Двигатель Geely MK MR479QA
Местоположение: Омская обл., Омск, 26-я Северная ул., 13Ак4";;"Двигатель Geely MK MR479QA";98100;;;;;;new;;;;;;18.10_26;active;;
8076392273;Package;8076392273;;"Ульяновская обл., Ульяновск, Профсоюзная ул., 64А";;"Запчасти и аксессуары";"Двигатель Kia Sportage G4GC в наличии
Местоположение: Ульяновская обл., Ульяновск, Профсоюзная ул., 64А";;"Двигатель Kia Sportage G4GC в наличии";115200;;;;;;new;;;;;;18.10_26;active;;
8076358400;Package;8076358400;;"Кировская обл., Киров";;"Запчасти и аксессуары";"Двигатель Vortex Estina SQR477F в наличии
Местоположение: Кировская обл., Киров";;"Двигатель Vortex Estina SQR477F в наличии";94500;;;;;;new;;;;;;18.10_26;active;;
8076350962;Package;8076350962;;"Красноярский край, Красноярск, ул. Маерчака, 49А";;"Запчасти и аксессуары";"Двигатель Geely Coolray JLH-3G15TD в наличии
Местоположение: Красноярский край, Красноярск, ул. Маерчака, 49А";;"Двигатель Geely Coolray JLH-3G15TD в наличии";136800;;;;;;new;;;;;;18.10_26;active;;
8076274301;Package;8076274301;;"Кировская обл., Киров";;"Запчасти и аксессуары";"Двигатель Lifan X60 LFB479Q в наличии
Местоположение: Кировская обл., Киров";;"Двигатель Lifan X60 LFB479Q в наличии";130500;;;;;;new;;;;;;18.10_26;active;;
8076263450;Package;8076263450;;"Омская обл., Омск, 26-я Северная ул., 13Ак4";;"Запчасти и аксессуары";"Двигатель Hyundai Matrix G4ED в наличии
Местоположение: Омская обл., Омск, 26-я Северная ул., 13Ак4";;"Двигатель Hyundai Matrix G4ED в наличии";108000;;;;;;new;;;;;;18.10_26;active;;
8076171718;Package;8076171718;;"Омская обл., Омск, 26-я Северная ул., 13Ак4";;"Запчасти и аксессуары";"Двигатель Hyundai Getz G4EE в наличии
Местоположение: Омская обл., Омск, 26-я Северная ул., 13Ак4";;"Двигатель Hyundai Getz G4EE в наличии";108000;;;;;;new;;;;;;18.10_26;active;;
8076168938;Package;8076168938;;"Оренбургская обл., Оренбург, пр. Автоматики, 8А";;"Запчасти и аксессуары";"Двигатель Kia Sorento G4KE в наличии
Местоположение: Оренбургская обл., Оренбург, пр. Автоматики, 8А";;"Двигатель Kia Sorento G4KE в наличии";135000;;;;;;new;;;;;;18.10_26;active;;
8076102338;Package;8076102338;;"Кировская обл., Киров";;"Запчасти и аксессуары";"Двигатель Kia Sportage G4KD в наличии
Местоположение: Кировская обл., Киров";;"Двигатель Kia Sportage G4KD в наличии";135000;;;;;;new;;;;;;18.10_26;active;;
8076083429;Package;8076083429;;"Кемеровская обл. — Кузбасс, Кемеровский г.о., Кемерово";;"Запчасти и аксессуары";"Двигатель Kia Rio G4FG в наличии
Местоположение: Кемеровская обл. — Кузбасс, Кемеровский г.о., Кемерово";;"Двигатель Kia Rio G4FG в наличии";103500;;;;;;new;;;;;;18.10_26;active;;
8076081319;Package;8076081319;;"Ульяновская обл., Ульяновск, Профсоюзная ул., 64А";;"Запчасти и аксессуары";"Двигатель Hyundai Elantra G4GC в наличии
Местоположение: Ульяновская обл., Ульяновск, Профсоюзная ул., 64А";;"Двигатель Hyundai Elantra G4GC в наличии";115200;;;;;;new;;;;;;18.10_26;active;;
8076081035;Package;8076081035;;"Красноярский край, Красноярск, ул. Маерчака, 49А";;"Запчасти и аксессуары";"Двигатель Great Wall Ноver 4G64S4N
Местоположение: Красноярский край, Красноярск, ул. Маерчака, 49А";;"Двигатель Great Wall Ноver 4G64S4N";89100;;;;;;new;;;;;;18.10_26;active;;
8076027746;Package;8076027746;;"Ульяновская обл., Ульяновск, Профсоюзная ул., 64А";;"Запчасти и аксессуары";"Двигатель Vortex Estina SQR477F в наличии
Местоположение: Ульяновская обл., Ульяновск, Профсоюзная ул., 64А";;"Двигатель Vortex Estina SQR477F в наличии";94500;;;;;;new;;;;;;18.10_26;active;;
8076006033;Package;8076006033;;"Омская обл., Омск, 26-я Северная ул., 13Ак4";;"Запчасти и аксессуары";"Двигатель Kia Sportage G4GC в наличии
Местоположение: Омская обл., Омск, 26-я Северная ул., 13Ак4";;"Двигатель Kia Sportage G4GC в наличии";115200;;;;;;new;;;;;;18.10_26;active;;
8076000764;Package;8076000764;;"Кемеровская обл. — Кузбасс, Кемеровский г.о., Кемерово";;"Запчасти и аксессуары";"Двигатель Hyundai ix35 G4KE в наличии
Местоположение: Кемеровская обл. — Кузбасс, Кемеровский г.о., Кемерово";;"Двигатель Hyundai ix35 G4KE в наличии";135000;;;;;;new;;;;;;18.10_26;active;;
8075972381;Package;8075972381;;"Омская обл., Омск, 26-я Северная ул., 13Ак4";;"Запчасти и аксессуары";"Двигатель Zaz Lanos SQR477F в наличии
Местоположение: Омская обл., Омск, 26-я Северная ул., 13Ак4";;"Двигатель Zaz Lanos SQR477F в наличии";94500;;;;;;new;;;;;;18.10_26;active;;
8044819784;Package;8044819784;;"Пермский край, Пермь, Маршрутная ул., 19";;"Запчасти и аксессуары";"Двигатель кiа Сeratо G4NA
Местоположение: Пермский край, Пермь, Маршрутная ул., 19";;"Двигатель кiа Сeratо G4NA";135000;;;;;;new;;;;;;18.10_26;active;;
8044781270;Package;8044781270;;"Воронежская обл., Воронеж, ул. Антонова-Овсеенко, 27";;"Запчасти и аксессуары";"Двигатель Kia Ceed G4FA
Местоположение: Воронежская обл., Воронеж, ул. Антонова-Овсеенко, 27";;"Двигатель Kia Ceed G4FA";81000;;;;;;new;;;;;;18.10_26;active;;
8044693447;Package;8044693447;;"Республика Башкортостан, Уфа, Новосибирская ул., 2/1Б";;"Запчасти и аксессуары";"Двигатель Mitsubishi Kuda 4G18 в наличии
Местоположение: Республика Башкортостан, Уфа, Новосибирская ул., 2/1Б";;"Двигатель Mitsubishi Kuda 4G18 в наличии";85500;;;;;;new;;;;;;18.10_26;active;;
8044646176;Package;8044646176;;"Тюменская обл., Тюмень";;"Запчасти и аксессуары";"Двигатель Chery Indis SQR473F в наличии
Местоположение: Тюменская обл., Тюмень";;"Двигатель Chery Indis SQR473F в наличии";94500;;;;;;new;;;;;;18.10_26;active;;
8044615392;Package;8044615392;;"Астраханская обл., Астрахань, ул. Рождественского, 15А";;"Запчасти и аксессуары";"Двигатель Mitsubishi Pajero Pinin 4G18 в наличии
Местоположение: Астраханская обл., Астрахань, ул. Рождественского, 15А";;"Двигатель Mitsubishi Pajero Pinin 4G18 в наличии";85500;;;;;;new;;;;;;18.10_26;active;;
8044595076;Package;8044595076;;"Астраханская обл., Астрахань, ул. Рождественского, 15А";;"Запчасти и аксессуары";"Двигатель Geely MK MR479QA
Местоположение: Астраханская обл., Астрахань, ул. Рождественского, 15А";;"Двигатель Geely MK MR479QA";98100;;;;;;new;;;;;;18.10_26;active;;
8044526902;Package;8044526902;;"Чувашская Республика, Чебоксары, Пристанционная ул., 7";;"Запчасти и аксессуары";"Двигатель Kia Cerato G4KD в наличии
Местоположение: Чувашская Республика, Чебоксары, Пристанционная ул., 7";;"Двигатель Kia Cerato G4KD в наличии";135000;;;;;;new;;;;;;18.10_26;active;;
8044481318;Package;8044481318;;"Чувашская Республика, Чебоксары, Пристанционная ул., 7";;"Запчасти и аксессуары";"Двигатель Kia Rio G4FA в наличии
Местоположение: Чувашская Республика, Чебоксары, Пристанционная ул., 7";;"Двигатель Kia Rio G4FA в наличии";81000;;;;;;new;;;;;;18.10_26;active;;
8044401142;Package;8044401142;;"Астраханская обл., Астрахань, ул. Рождественского, 15А";;"Запчасти и аксессуары";"Двигатель Geely MK MR479QA в наличии
Местоположение: Астраханская обл., Астрахань, ул. Рождественского, 15А";;"Двигатель Geely MK MR479QA в наличии";98100;;;;;;new;;;;;;18.10_26;active;;
8044332510;Package;8044332510;;"Республика Башкортостан, Уфа, Новосибирская ул., 2/1Б";;"Запчасти и аксессуары";"Двигатель Geely MK MR479QA в наличии
Местоположение: Республика Башкортостан, Уфа, Новосибирская ул., 2/1Б";;"Двигатель Geely MK MR479QA в наличии";98100;;;;;;new;;;;;;18.10_26;active;;
8044310021;Package;8044310021;;"Ульяновская обл., Ульяновск, Профсоюзная ул., 64А";;"Запчасти и аксессуары";"Двигатель Kia Cerato G4KD в наличии
Местоположение: Ульяновская обл., Ульяновск, Профсоюзная ул., 64А";;"Двигатель Kia Cerato G4KD в наличии";135000;;;;;;new;;;;;;18.10_26;active;;
8044300645;Package;8044300645;;"Тюменская обл., Тюмень";;"Запчасти и аксессуары";"Двигатель кiа Sоul G4NA в наличии
Местоположение: Тюменская обл., Тюмень";;"Двигатель кiа Sоul G4NA в наличии";135000;;;;;;new;;;;;;18.10_26;active;;
8044294149;Package;8044294149;;"Пермский край, Пермь, Маршрутная ул., 19";;"Запчасти и аксессуары";"Двигатель Hyundai Creta G4FG в наличии
Местоположение: Пермский край, Пермь, Маршрутная ул., 19";;"Двигатель Hyundai Creta G4FG в наличии";103500;;;;;;new;;;;;;18.10_26;active;;
8044282210;Package;8044282210;;"Астраханская обл., Астрахань, ул. Рождественского, 15А";;"Запчасти и аксессуары";"Двигатель Hyundai Kia G4FC в наличии
Местоположение: Астраханская обл., Астрахань, ул. Рождественского, 15А";;"Двигатель Hyundai Kia G4FC в наличии";81000;;;;;;new;;;;;;18.10_26;active;;
8044282077;Package;8044282077;;"Ульяновская обл., Ульяновск, Профсоюзная ул., 64А";;"Запчасти и аксессуары";"Двигатель Mitsubishi Pajero Pinin 4G18 в наличии
Местоположение: Ульяновская обл., Ульяновск, Профсоюзная ул., 64А";;"Двигатель Mitsubishi Pajero Pinin 4G18 в наличии";85500;;;;;;new;;;;;;18.10_26;active;;
8044272402;Package;8044272402;;"Республика Башкортостан, Уфа, Новосибирская ул., 2/1Б";;"Запчасти и аксессуары";"Двигатель Mitsubishi Pajero Pinin 4G18 в наличии
Местоположение: Республика Башкортостан, Уфа, Новосибирская ул., 2/1Б";;"Двигатель Mitsubishi Pajero Pinin 4G18 в наличии";85500;;;;;;new;;;;;;18.10_26;active;;
8044269981;Package;8044269981;;"Воронежская обл., Воронеж, ул. Антонова-Овсеенко, 27";;"Запчасти и аксессуары";"Двигатель Hyundai Solaris G4FC в наличии
Местоположение: Воронежская обл., Воронеж, ул. Антонова-Овсеенко, 27";;"Двигатель Hyundai Solaris G4FC в наличии";81000;;;;;;new;;;;;;18.10_26;active;;
8044254414;Package;8044254414;;"Воронежская обл., Воронеж, ул. Антонова-Овсеенко, 27";;"Запчасти и аксессуары";"Двигатель Geely Emgrand JL4G18 в наличии
Местоположение: Воронежская обл., Воронеж, ул. Антонова-Овсеенко, 27";;"Двигатель Geely Emgrand JL4G18 в наличии";135000;;;;;;new;;;;;;18.10_26;active;;
8044232326;Package;8044232326;;"Воронежская обл., Воронеж, ул. Антонова-Овсеенко, 27";;"Запчасти и аксессуары";"Двигатель Нyundai Тuсsоn G4NA в наличии
Местоположение: Воронежская обл., Воронеж, ул. Антонова-Овсеенко, 27";;"Двигатель Нyundai Тuсsоn G4NA в наличии";135000;;;;;;new;;;;;;18.10_26;active;;
8044181346;Package;8044181346;;"Воронежская обл., Воронеж, ул. Антонова-Овсеенко, 27";;"Запчасти и аксессуары";"Двигатель Mitsubishi Kuda 4G18 в наличии
Местоположение: Воронежская обл., Воронеж, ул. Антонова-Овсеенко, 27";;"Двигатель Mitsubishi Kuda 4G18 в наличии";85500;;;;;;new;;;;;;18.10_26;active;;
8044172062;Package;8044172062;;"Воронежская обл., Воронеж, ул. Антонова-Овсеенко, 27";;"Запчасти и аксессуары";"Двигатель Chery Amulet SQR477F в наличии
Местоположение: Воронежская обл., Воронеж, ул. Антонова-Овсеенко, 27";;"Двигатель Chery Amulet SQR477F в наличии";94500;;;;;;new;;;;;;18.10_26;active;;
8044165276;Package;8044165276;;"Воронежская обл., Воронеж, ул. Антонова-Овсеенко, 27";;"Запчасти и аксессуары";"Двигатель Kia ProCeed G4FC в наличии
Местоположение: Воронежская обл., Воронеж, ул. Антонова-Овсеенко, 27";;"Двигатель Kia ProCeed G4FC в наличии";81000;;;;;;new;;;;;;18.10_26;active;;
8044160477;Package;8044160477;;"Республика Башкортостан, Уфа, Новосибирская ул., 2/1Б";;"Запчасти и аксессуары";"Двигатель Kia Soul G4FC в наличии
Местоположение: Республика Башкортостан, Уфа, Новосибирская ул., 2/1Б";;"Двигатель Kia Soul G4FC в наличии";81000;;;;;;new;;;;;;18.10_26;active;;
8044160317;Package;8044160317;;"Пермский край, Пермь, Маршрутная ул., 19";;"Запчасти и аксессуары";"Двигатель Lifan Solano LF481Q3 в наличии
Местоположение: Пермский край, Пермь, Маршрутная ул., 19";;"Двигатель Lifan Solano LF481Q3 в наличии";99000;;;;;;new;;;;;;18.10_26;active;;
8044091785;Package;8044091785;;"Астраханская обл., Астрахань, ул. Рождественского, 15А";;"Запчасти и аксессуары";"Двигатель Hyundai Elantra G4FC в наличии
Местоположение: Астраханская обл., Астрахань, ул. Рождественского, 15А";;"Двигатель Hyundai Elantra G4FC в наличии";81000;;;;;;new;;;;;;18.10_26;active;;
8043912312;Package;8043912312;;"Чувашская Республика, Чебоксары, Пристанционная ул., 7";;"Запчасти и аксессуары";"Двигатель Lifan Cebrium LFB479Q в наличии
Местоположение: Чувашская Республика, Чебоксары, Пристанционная ул., 7";;"Двигатель Lifan Cebrium LFB479Q в наличии";130500;;;;;;new;;;;;;18.10_26;active;;
8012837515;Package;8012837515;;"Ставропольский край, Ставрополь, Селекционная ул., 19/1";;"Запчасти и аксессуары";"Двигатель Kia Sorento G4KE в наличии
Местоположение: Ставропольский край, Ставрополь, Селекционная ул., 19/1";;"Двигатель Kia Sorento G4KE в наличии";135000;;;;;;new;;;;;;18.10_26;active;;
8012781332;Package;8012781332;;"Саратовская обл., Саратов, Ново-Астраханское ш., 52А";;"Запчасти и аксессуары";"Двигатель Hyundai Kia G4FC в наличии
Местоположение: Саратовская обл., Саратов, Ново-Астраханское ш., 52А";;"Двигатель Hyundai Kia G4FC в наличии";81000;;;;;;new;;;;;;18.10_26;active;;
8012735294;Package;8012735294;;"Ставропольский край, Ставрополь, Селекционная ул., 19/1";;"Запчасти и аксессуары";"Двигатель Hyundai Kia G4FC
Местоположение: Ставропольский край, Ставрополь, Селекционная ул., 19/1";;"Двигатель Hyundai Kia G4FC";81000;;;;;;new;;;;;;18.10_26;active;;
8012729545;Package;8012729545;;"Саратовская обл., Саратов, Ново-Астраханское ш., 52А";;"Запчасти и аксессуары";"Двигатель Hyundai Elantra G4FC в наличии
Местоположение: Саратовская обл., Саратов, Ново-Астраханское ш., 52А";;"Двигатель Hyundai Elantra G4FC в наличии";81000;;;;;;new;;;;;;18.10_26;active;;
8012702374;Package;8012702374;;"Саратовская обл., Саратов, Ново-Астраханское ш., 52А";;"Запчасти и аксессуары";"Двигатель Hyundai Sonata G4GC
Местоположение: Саратовская обл., Саратов, Ново-Астраханское ш., 52А";;"Двигатель Hyundai Sonata G4GC";115200;;;;;;new;;;;;;18.10_26;active;;
8012694149;Package;8012694149;;"Нижегородская обл., Нижний Новгород, ГСК Лада, 226";;"Запчасти и аксессуары";"Двигатель Mitsubishi Space star 4G18 в наличии
Местоположение: Нижегородская обл., Нижний Новгород, ГСК Лада, 226";;"Двигатель Mitsubishi Space star 4G18 в наличии";85500;;;;;;new;;;;;;18.10_26;active;;
8012658422;Package;8012658422;;"Ставропольский край, Ставрополь, Селекционная ул., 19/1";;"Запчасти и аксессуары";"Двигатель Hyundai Elantra G4ED в наличии
Местоположение: Ставропольский край, Ставрополь, Селекционная ул., 19/1";;"Двигатель Hyundai Elantra G4ED в наличии";108000;;;;;;new;;;;;;18.10_26;active;;
8012635793;Package;8012635793;;"Нижегородская обл., Нижний Новгород, ГСК Лада, 226";;"Запчасти и аксессуары";"Двигатель Kia Rio G4FA в наличии
Местоположение: Нижегородская обл., Нижний Новгород, ГСК Лада, 226";;"Двигатель Kia Rio G4FA в наличии";81000;;;;;;new;;;;;;18.10_26;active;;
8012584200;Package;8012584200;;"Саратовская обл., Саратов, Ново-Астраханское ш., 52А";;"Запчасти и аксессуары";"Двигатель Mitsubishi Lancer 4G18
Местоположение: Саратовская обл., Саратов, Ново-Астраханское ш., 52А";;"Двигатель Mitsubishi Lancer 4G18";85500;;;;;;new;;;;;;18.10_26;active;;
8012580855;Package;8012580855;;"Ставропольский край, Ставрополь, Селекционная ул., 19/1";;"Запчасти и аксессуары";"Двигатель Lifan Breez LF479Q3 в наличии
Местоположение: Ставропольский край, Ставрополь, Селекционная ул., 19/1";;"Двигатель Lifan Breez LF479Q3 в наличии";94990;;;;;;new;;;;;;18.10_26;active;;
8012519823;Package;8012519823;;"Ставропольский край, Ставрополь, Селекционная ул., 19/1";;"Запчасти и аксессуары";"Двигатель Chery Fora SQR481F в наличии
Местоположение: Ставропольский край, Ставрополь, Селекционная ул., 19/1";;"Двигатель Chery Fora SQR481F в наличии";116100;;;;;;new;;;;;;18.10_26;active;;
8012510505;Package;8012510505;;"Астраханская обл., Астрахань, ул. Рождественского, 15А";;"Запчасти и аксессуары";"Двигатель Lifan Solano LF481Q3 в наличии
Местоположение: Астраханская обл., Астрахань, ул. Рождественского, 15А";;"Двигатель Lifan Solano LF481Q3 в наличии";99000;;;;;;new;;;;;;18.10_26;active;;
8012469464;Package;8012469464;;"Ставропольский край, Ставрополь, Селекционная ул., 19/1";;"Запчасти и аксессуары";"Двигатель Kia Cerato G4FC в наличии
Местоположение: Ставропольский край, Ставрополь, Селекционная ул., 19/1";;"Двигатель Kia Cerato G4FC в наличии";81000;;;;;;new;;;;;;18.10_26;active;;
8012422038;Package;8012422038;;"Нижегородская обл., Нижний Новгород, ГСК Лада, 226";;"Запчасти и аксессуары";"Двигатель Great Wall 4G64S4N в наличии
Местоположение: Нижегородская обл., Нижний Новгород, ГСК Лада, 226";;"Двигатель Great Wall 4G64S4N в наличии";89100;;;;;;new;;;;;;18.10_26;active;;
8012361363;Package;8012361363;;"Нижегородская обл., Нижний Новгород, ГСК Лада, 226";;"Запчасти и аксессуары";"Двигатель Chery Fora SQR481F в наличии
Местоположение: Нижегородская обл., Нижний Новгород, ГСК Лада, 226";;"Двигатель Chery Fora SQR481F в наличии";116100;;;;;;new;;;;;;18.10_26;active;;
8012344704;Package;8012344704;;"Ставропольский край, Ставрополь, Селекционная ул., 19/1";;"Запчасти и аксессуары";"Двигатель Hyundai Matrix G4ED в наличии
Местоположение: Ставропольский край, Ставрополь, Селекционная ул., 19/1";;"Двигатель Hyundai Matrix G4ED в наличии";108000;;;;;;new;;;;;;18.10_26;active;;
8012329551;Package;8012329551;;"Ставропольский край, Ставрополь, Селекционная ул., 19/1";;"Запчасти и аксессуары";"Двигатель Hyundai Elantra G4FC в наличии
Местоположение: Ставропольский край, Ставрополь, Селекционная ул., 19/1";;"Двигатель Hyundai Elantra G4FC в наличии";81000;;;;;;new;;;;;;18.10_26;active;;
8012325405;Package;8012325405;;"Нижегородская обл., Нижний Новгород, ГСК Лада, 226";;"Запчасти и аксессуары";"Двигатель Geely Emgrand EC7 JL4G15D в наличии
Местоположение: Нижегородская обл., Нижний Новгород, ГСК Лада, 226";;"Двигатель Geely Emgrand EC7 JL4G15D в наличии";135000;;;;;;new;;;;;;18.10_26;active;;
8012224498;Package;8012224498;;"Нижегородская обл., Нижний Новгород, ГСК Лада, 226";;"Запчасти и аксессуары";"Двигатель Chery Tiggo SQR481F
Местоположение: Нижегородская обл., Нижний Новгород, ГСК Лада, 226";;"Двигатель Chery Tiggo SQR481F";116100;;;;;;new;;;;;;18.10_26;active;;
8012174031;Package;8012174031;;"Саратовская обл., Саратов, Ново-Астраханское ш., 52А";;"Запчасти и аксессуары";"Двигатель Geely MK Cross MR479QA в наличии
Местоположение: Саратовская обл., Саратов, Ново-Астраханское ш., 52А";;"Двигатель Geely MK Cross MR479QA в наличии";98100;;;;;;new;;;;;;18.10_26;active;;
8012161084;Package;8012161084;;"Астраханская обл., Астрахань, ул. Рождественского, 15А";;"Запчасти и аксессуары";"Двигатель Geely Atlas JLH-3G15TD в наличии
Местоположение: Астраханская обл., Астрахань, ул. Рождественского, 15А";;"Двигатель Geely Atlas JLH-3G15TD в наличии";136800;;;;;;new;;;;;;18.10_26;active;;
8012078330;Package;8012078330;;"Нижегородская обл., Нижний Новгород, ГСК Лада, 226";;"Запчасти и аксессуары";"Двигатель Chery Arrizo SQR481FC в наличии
Местоположение: Нижегородская обл., Нижний Новгород, ГСК Лада, 226";;"Двигатель Chery Arrizo SQR481FC в наличии";116100;;;;;;new;;;;;;18.10_26;active;;
8011964881;Package;8011964881;;"Астраханская обл., Астрахань, ул. Рождественского, 15А";;"Запчасти и аксессуары";"Двигатель Lifan Solano LF481Q3
Местоположение: Астраханская обл., Астрахань, ул. Рождественского, 15А";;"Двигатель Lifan Solano LF481Q3";99000;;;;;;new;;;;;;18.10_26;active;;
8011955757;Package;8011955757;;"Ставропольский край, Ставрополь, Селекционная ул., 19/1";;"Запчасти и аксессуары";"Двигатель Kia Sportage G4KD в наличии
Местоположение: Ставропольский край, Ставрополь, Селекционная ул., 19/1";;"Двигатель Kia Sportage G4KD в наличии";135000;;;;;;new;;;;;;18.10_26;active;;
8011938199;Package;8011938199;;"Саратовская обл., Саратов, Ново-Астраханское ш., 52А";;"Запчасти и аксессуары";"Двигатель Kia Sorento G4KE в наличии
Местоположение: Саратовская обл., Саратов, Ново-Астраханское ш., 52А";;"Двигатель Kia Sorento G4KE в наличии";135000;;;;;;new;;;;;;18.10_26;active;;
7980825097;Package;7980825097;;"Челябинская обл., Челябинский г.о., Челябинск, Краснопольский пр-т, 1/2";;"Запчасти и аксессуары";"Двигатель Lifan Smily LF479Q3
Местоположение: Челябинская обл., Челябинский г.о., Челябинск, Краснопольский пр-т, 1/2";;"Двигатель Lifan Smily LF479Q3";94990;;;;;;new;;;;;;18.10_26;active;;
7980800197;Package;7980800197;;"Волгоградская обл., Волгоград, ул. Пржевальского, 20";;"Запчасти и аксессуары";"Двигатель Geely MK MR479QA в наличии
Местоположение: Волгоградская обл., Волгоград, ул. Пржевальского, 20";;"Двигатель Geely MK MR479QA в наличии";98100;;;;;;new;;;;;;18.10_26;active;;
7980745406;Package;7980745406;;"Ставропольский край, Ставрополь, Селекционная ул., 19/1";;"Запчасти и аксессуары";"Двигатель Chery Very SQR477F в наличии
Местоположение: Ставропольский край, Ставрополь, Селекционная ул., 19/1";;"Двигатель Chery Very SQR477F в наличии";94500;;;;;;new;;;;;;18.10_26;active;;
7980601921;Package;7980601921;;"Волгоградская обл., Волгоград, ул. Пржевальского, 20";;"Запчасти и аксессуары";"Двигатель Geely Coolray JLH-3G15TD
Местоположение: Волгоградская обл., Волгоград, ул. Пржевальского, 20";;"Двигатель Geely Coolray JLH-3G15TD";136800;;;;;;new;;;;;;18.10_26;active;;
7980585410;Package;7980585410;;"Челябинская обл., Челябинский г.о., Челябинск, Краснопольский пр-т, 1/2";;"Запчасти и аксессуары";"Двигатель Hyundai Matrix G4ED в наличии
Местоположение: Челябинская обл., Челябинский г.о., Челябинск, Краснопольский пр-т, 1/2";;"Двигатель Hyundai Matrix G4ED в наличии";108000;;;;;;new;;;;;;18.10_26;active;;
7980520174;Package;7980520174;;"Ставропольский край, Ставрополь, Селекционная ул., 19/1";;"Запчасти и аксессуары";"Двигатель Lifan Breez LF481Q3 в наличии
Местоположение: Ставропольский край, Ставрополь, Селекционная ул., 19/1";;"Двигатель Lifan Breez LF481Q3 в наличии";99000;;;;;;new;;;;;;18.10_26;active;;
7980486269;Package;7980486269;;"Челябинская обл., Челябинский г.о., Челябинск, Краснопольский пр-т, 1/2";;"Запчасти и аксессуары";"Двигатель Chery Tiggo SQR481FC в наличии
Местоположение: Челябинская обл., Челябинский г.о., Челябинск, Краснопольский пр-т, 1/2";;"Двигатель Chery Tiggo SQR481FC в наличии";116100;;;;;;new;;;;;;18.10_26;active;;
7980327053;Package;7980327053;;"Волгоградская обл., Волгоград, ул. Пржевальского, 20";;"Запчасти и аксессуары";"Двигатель Hyundai Elantra G4GC в наличии
Местоположение: Волгоградская обл., Волгоград, ул. Пржевальского, 20";;"Двигатель Hyundai Elantra G4GC в наличии";115200;;;;;;new;;;;;;18.10_26;active;;
7980306299;Package;7980306299;;"Республика Крым, Симферополь, ул. Героев Сталинграда, 10";;"Запчасти и аксессуары";"Двигатель Zaz Lanos SQR477F в наличии
Местоположение: Республика Крым, Симферополь, ул. Героев Сталинграда, 10";;"Двигатель Zaz Lanos SQR477F в наличии";94500;;;;;;new;;;;;;18.10_26;active;;
7980194219;Package;7980194219;;"Республика Крым, Симферополь, ул. Героев Сталинграда, 10";;"Запчасти и аксессуары";"Двигатель Kia Cerato G4GC в наличии
Местоположение: Республика Крым, Симферополь, ул. Героев Сталинграда, 10";;"Двигатель Kia Cerato G4GC в наличии";115200;;;;;;new;;;;;;18.10_26;active;;
7980114136;Package;7980114136;;"Волгоградская обл., Волгоград, ул. Пржевальского, 20";;"Запчасти и аксессуары";"Двигатель Great Wall 4G64S4N в наличии
Местоположение: Волгоградская обл., Волгоград, ул. Пржевальского, 20";;"Двигатель Great Wall 4G64S4N в наличии";89100;;;;;;new;;;;;;18.10_26;active;;
7980081969;Package;7980081969;;"Волгоградская обл., Волгоград, ул. Пржевальского, 20";;"Запчасти и аксессуары";"Двигатель Kia Rio G4EE
Местоположение: Волгоградская обл., Волгоград, ул. Пржевальского, 20";;"Двигатель Kia Rio G4EE";108000;;;;;;new;;;;;;18.10_26;active;;
7979963762;Package;7979963762;;"Ставропольский край, Ставрополь, Селекционная ул., 19/1";;"Запчасти и аксессуары";"Двигатель Lifan Smily LF479Q3
Местоположение: Ставропольский край, Ставрополь, Селекционная ул., 19/1";;"Двигатель Lifan Smily LF479Q3";94990;;;;;;new;;;;;;18.10_26;active;;
7979960843;Package;7979960843;;"Республика Крым, Симферополь, ул. Героев Сталинграда, 10";;"Запчасти и аксессуары";"Двигатель Vortex Estina SQR481F в наличии
Местоположение: Республика Крым, Симферополь, ул. Героев Сталинграда, 10";;"Двигатель Vortex Estina SQR481F в наличии";116100;;;;;;new;;;;;;18.10_26;active;;
7948894410;Package;7948894410;;"Рязанская обл., Рязань, Соборная ул., 15А";;"Запчасти и аксессуары";"Двигатель Mitsubishi Lancer 4G18
Местоположение: Рязанская обл., Рязань, Соборная ул., 15А";;"Двигатель Mitsubishi Lancer 4G18";85500;;;;;;new;;;;;;18.10_26;active;;
7948790093;Package;7948790093;;"Санкт-Петербург, Партизанская ул., 23к2";;"Запчасти и аксессуары";"Двигатель кiа Sроrtage G4NA в наличии
Местоположение: Санкт-Петербург, Партизанская ул., 23к2";;"Двигатель кiа Sроrtage G4NA в наличии";135000;;;;;;new;;;;;;18.10_26;active;;
7948728806;Package;7948728806;;"Санкт-Петербург, Партизанская ул., 23к2";;"Запчасти и аксессуары";"Двигатель Geely Atlas JLH-3G15TD в наличии
Местоположение: Санкт-Петербург, Партизанская ул., 23к2";;"Двигатель Geely Atlas JLH-3G15TD в наличии";136800;;;;;;new;;;;;;18.10_26;active;;
7948727306;Package;7948727306;;"Санкт-Петербург, Партизанская ул., 23к2";;"Запчасти и аксессуары";"Двигатель Geely MK Cross MR479QA в наличии
Местоположение: Санкт-Петербург, Партизанская ул., 23к2";;"Двигатель Geely MK Cross MR479QA в наличии";98100;;;;;;new;;;;;;18.10_26;active;;
7948669945;Package;7948669945;;"Санкт-Петербург, Партизанская ул., 23к2";;"Запчасти и аксессуары";"Двигатель Chery Indis SQR473F в наличии
Местоположение: Санкт-Петербург, Партизанская ул., 23к2";;"Двигатель Chery Indis SQR473F в наличии";94500;;;;;;new;;;;;;18.10_26;active;;
7948569548;Package;7948569548;;"Санкт-Петербург, Партизанская ул., 23к2";;"Запчасти и аксессуары";"Двигатель Chery Amulet SQR477F в наличии
Местоположение: Санкт-Петербург, Партизанская ул., 23к2";;"Двигатель Chery Amulet SQR477F в наличии";94500;;;;;;new;;;;;;18.10_26;active;;
7948523421;Package;7948523421;;"Рязанская обл., Рязань, Соборная ул., 15А";;"Запчасти и аксессуары";"Двигатель Geely MK Cross MR479QA в наличии
Местоположение: Рязанская обл., Рязань, Соборная ул., 15А";;"Двигатель Geely MK Cross MR479QA в наличии";98100;;;;;;new;;;;;;18.10_26;active;;
7948470437;Package;7948470437;;"Санкт-Петербург, Партизанская ул., 23к2";;"Запчасти и аксессуары";"Двигатель Chery Kimo SQR473F в наличии
Местоположение: Санкт-Петербург, Партизанская ул., 23к2";;"Двигатель Chery Kimo SQR473F в наличии";94500;;;;;;new;;;;;;18.10_26;active;;
7948271330;Package;7948271330;;"Санкт-Петербург, Партизанская ул., 23к2";;"Запчасти и аксессуары";"Двигатель Chery Amulet SQR481F в наличии
Местоположение: Санкт-Петербург, Партизанская ул., 23к2";;"Двигатель Chery Amulet SQR481F в наличии";116100;;;;;;new;;;;;;18.10_26;active;;
7948270936;Package;7948270936;;"Санкт-Петербург, Партизанская ул., 23к2";;"Запчасти и аксессуары";"Двигатель Hyundai Sonata G4GC в наличии
Местоположение: Санкт-Петербург, Партизанская ул., 23к2";;"Двигатель Hyundai Sonata G4GC в наличии";115200;;;;;;new;;;;;;18.10_26;active;;
7948251018;Package;7948251018;;"Санкт-Петербург, Партизанская ул., 23к2";;"Запчасти и аксессуары";"Двигатель Kia Sportage G4KD в наличии
Местоположение: Санкт-Петербург, Партизанская ул., 23к2";;"Двигатель Kia Sportage G4KD в наличии";135000;;;;;;new;;;;;;18.10_26;active;;
7948152741;Package;7948152741;;"Санкт-Петербург, Партизанская ул., 23к2";;"Запчасти и аксессуары";"Двигатель Great Wall 4G64S4N
Местоположение: Санкт-Петербург, Партизанская ул., 23к2";;"Двигатель Great Wall 4G64S4N";89100;;;;;;new;;;;;;18.10_26;active;;
7948143544;Package;7948143544;;"Санкт-Петербург, Партизанская ул., 23к2";;"Запчасти и аксессуары";"Двигатель Kia Soul G4GC в наличии
Местоположение: Санкт-Петербург, Партизанская ул., 23к2";;"Двигатель Kia Soul G4GC в наличии";115200;;;;;;new;;;;;;18.10_26;active;;
7948133243;Package;7948133243;;"Рязанская обл., Рязань, Соборная ул., 15А";;"Запчасти и аксессуары";"Двигатель Great Wall 4G64S4N в наличии
Местоположение: Рязанская обл., Рязань, Соборная ул., 15А";;"Двигатель Great Wall 4G64S4N в наличии";89100;;;;;;new;;;;;;18.10_26;active;;
7948032355;Package;7948032355;;"Санкт-Петербург, Партизанская ул., 23к2";;"Запчасти и аксессуары";"Двигатель Kia Sorento G4KE в наличии
Местоположение: Санкт-Петербург, Партизанская ул., 23к2";;"Двигатель Kia Sorento G4KE в наличии";135000;;;;;;new;;;;;;18.10_26;active;;
7884912901;Package;7884912901;;"Свердловская обл., Берёзовский муниципальный округ, Берёзовский, Кольцевая ул., 11";;"Запчасти и аксессуары";"Двигатель Hyundai Elantra G4ED в наличии
Местоположение: Свердловская обл., Берёзовский муниципальный округ, Берёзовский, Кольцевая ул., 11";;"Двигатель Hyundai Elantra G4ED в наличии";108000;;;;;;new;;;;;;18.10_26;active;;
7884852426;Package;7884852426;;"Свердловская обл., Берёзовский муниципальный округ, Берёзовский, Кольцевая ул., 11";;"Запчасти и аксессуары";"Двигатель Hyundai Elantra G4FC в наличии
Местоположение: Свердловская обл., Берёзовский муниципальный округ, Берёзовский, Кольцевая ул., 11";;"Двигатель Hyundai Elantra G4FC в наличии";81000;;;;;;new;;;;;;18.10_26;active;;
7884763677;Package;7884763677;;"Краснодарский край, Краснодар, Новороссийская ул., 57/5";;"Запчасти и аксессуары";"Двигатель Mitsubishi Kuda 4G18 в наличии
Местоположение: Краснодарский край, Краснодар, Новороссийская ул., 57/5";;"Двигатель Mitsubishi Kuda 4G18 в наличии";85500;;;;;;new;;;;;;18.10_26;active;;
7884676466;Package;7884676466;;"Республика Татарстан (Татарстан), Казань, ул. Восстания, 100к8400";;"Запчасти и аксессуары";"Двигатель Hyundai Creta G4FG в наличии
Местоположение: Республика Татарстан (Татарстан), Казань, ул. Восстания, 100к8400";;"Двигатель Hyundai Creta G4FG в наличии";103500;;;;;;new;;;;;;18.10_26;active;;
7884532359;Package;7884532359;;"Ростовская обл., Ростов-на-Дону, ул. Нансена, 103Ис129";;"Запчасти и аксессуары";"Двигатель Нyundаi Сrеta G4NA в наличии
Местоположение: Ростовская обл., Ростов-на-Дону, ул. Нансена, 103Ис129";;"Двигатель Нyundаi Сrеta G4NA в наличии";135000;;;;;;new;;;;;;18.10_26;active;;
7884518150;Package;7884518150;;"Ростовская обл., Ростов-на-Дону, ул. Нансена, 103Ис129";;"Запчасти и аксессуары";"Двигатель Lifan Cebrium LFB479Q в наличии
Местоположение: Ростовская обл., Ростов-на-Дону, ул. Нансена, 103Ис129";;"Двигатель Lifan Cebrium LFB479Q в наличии";130500;;;;;;new;;;;;;18.10_26;active;;
7884431158;Package;7884431158;;"Краснодарский край, Краснодар, Новороссийская ул., 57/5";;"Запчасти и аксессуары";"Двигатель Mitsubishi Pajero Pinin 4G18 в наличии
Местоположение: Краснодарский край, Краснодар, Новороссийская ул., 57/5";;"Двигатель Mitsubishi Pajero Pinin 4G18 в наличии";85500;;;;;;new;;;;;;18.10_26;active;;
7884340859;Package;7884340859;;"Ростовская обл., Ростов-на-Дону, ул. Нансена, 103Ис129";;"Запчасти и аксессуары";"Двигатель Vortex Estina SQR481F в наличии
Местоположение: Ростовская обл., Ростов-на-Дону, ул. Нансена, 103Ис129";;"Двигатель Vortex Estina SQR481F в наличии";116100;;;;;;new;;;;;;18.10_26;active;;
7884298203;Package;7884298203;;"Ростовская обл., Ростов-на-Дону, ул. Нансена, 103Ис129";;"Запчасти и аксессуары";"Двигатель Lifan Murman LFB479Q в наличии
Местоположение: Ростовская обл., Ростов-на-Дону, ул. Нансена, 103Ис129";;"Двигатель Lifan Murman LFB479Q в наличии";130500;;;;;;new;;;;;;18.10_26;active;;
7884242687;Package;7884242687;;"Краснодарский край, Краснодар, Новороссийская ул., 57/5";;"Запчасти и аксессуары";"Двигатель Нyundаi ix35 G4NA в наличии
Местоположение: Краснодарский край, Краснодар, Новороссийская ул., 57/5";;"Двигатель Нyundаi ix35 G4NA в наличии";135000;;;;;;new;;;;;;18.10_26;active;;
7884212249;Package;7884212249;;"Краснодарский край, Краснодар, Новороссийская ул., 57/5";;"Запчасти и аксессуары";"Двигатель кiа К5 G4NA в наличии
Местоположение: Краснодарский край, Краснодар, Новороссийская ул., 57/5";;"Двигатель кiа К5 G4NA в наличии";135000;;;;;;new;;;;;;18.10_26;active;;
7884173916;Package;7884173916;;"Краснодарский край, Краснодар, Новороссийская ул., 57/5";;"Запчасти и аксессуары";"Двигатель Hyundai Elantra G4ED в наличии
Местоположение: Краснодарский край, Краснодар, Новороссийская ул., 57/5";;"Двигатель Hyundai Elantra G4ED в наличии";108000;;;;;;new;;;;;;18.10_26;active;;
7884111420;Package;7884111420;;"Свердловская обл., Берёзовский муниципальный округ, Берёзовский, Кольцевая ул., 11";;"Запчасти и аксессуары";"Двигатель Mitsubishi Pajero Pinin 4G18 в наличии
Местоположение: Свердловская обл., Берёзовский муниципальный округ, Берёзовский, Кольцевая ул., 11";;"Двигатель Mitsubishi Pajero Pinin 4G18 в наличии";85500;;;;;;new;;;;;;18.10_26;active;;
7884067906;Package;7884067906;;"Ростовская обл., Ростов-на-Дону, ул. Нансена, 103Ис129";;"Запчасти и аксессуары";"Двигатель Hyundai Creta G4FG в наличии
Местоположение: Ростовская обл., Ростов-на-Дону, ул. Нансена, 103Ис129";;"Двигатель Hyundai Creta G4FG в наличии";103500;;;;;;new;;;;;;18.10_26;active;;
7883998831;Package;7883998831;;"Ростовская обл., Ростов-на-Дону, ул. Нансена, 103Ис129";;"Запчасти и аксессуары";"Двигатель Hyundai Santa Fe G4KE в наличии
Местоположение: Ростовская обл., Ростов-на-Дону, ул. Нансена, 103Ис129";;"Двигатель Hyundai Santa Fe G4KE в наличии";135000;;;;;;new;;;;;;18.10_26;active;;
7883956711;Package;7883956711;;"Краснодарский край, Краснодар, Новороссийская ул., 57/5";;"Запчасти и аксессуары";"Двигатель Chery Tiggo SQR481FC в наличии
Местоположение: Краснодарский край, Краснодар, Новороссийская ул., 57/5";;"Двигатель Chery Tiggo SQR481FC в наличии";116100;;;;;;new;;;;;;18.10_26;active;;
7852606404;Package;7852606404;;"Краснодарский край, Краснодар, Новороссийская ул., 57/5";;"Запчасти и аксессуары";"Двигатель Lifan Solano LF481Q3 в наличии
Местоположение: Краснодарский край, Краснодар, Новороссийская ул., 57/5";;"Двигатель Lifan Solano LF481Q3 в наличии";99000;;;;;;new;;;;;;18.10_26;active;;
7852484414;Package;7852484414;;"Москва, Сормовский пр., 11с1";;"Запчасти и аксессуары";"Двигатель Lifan Breez LF479Q3 в наличии
Местоположение: Москва, Сормовский пр., 11с1";;"Двигатель Lifan Breez LF479Q3 в наличии";94990;;;;;;new;;;;;;18.10_26;active;;
7852252059;Package;7852252059;;"Ростовская обл., Ростов-на-Дону, ул. Нансена, 103Ис129";;"Запчасти и аксессуары";"Двигатель Kia Sportage G4KD в наличии
Местоположение: Ростовская обл., Ростов-на-Дону, ул. Нансена, 103Ис129";;"Двигатель Kia Sportage G4KD в наличии";135000;;;;;;new;;;;;;18.10_26;active;;
7852118646;Package;7852118646;;"Москва, Сормовский пр., 11с1";;"Запчасти и аксессуары";"Двигатель кiа Сeratо G4NA
Местоположение: Москва, Сормовский пр., 11с1";;"Двигатель кiа Сeratо G4NA";135000;;;;;;new;;;;;;18.10_26;active;;
7851994622;Package;7851994622;;"Республика Татарстан (Татарстан), Казань, ул. Восстания, 100к8400";;"Запчасти и аксессуары";"Двигатель Chery Indis SQR473F
Местоположение: Республика Татарстан (Татарстан), Казань, ул. Восстания, 100к8400";;"Двигатель Chery Indis SQR473F";94500;;;;;;new;;;;;;18.10_26;active;;
8385857131;Package;8385857131;;"Самарская обл., Самара";;"Запчасти и аксессуары";"Двигатель Great Wall Hover 4G63S4M
Местоположение: Самарская обл., Самара";;"Двигатель Great Wall Hover 4G63S4M";130500;;;;;;new;;;;;;18.10_26;active;;
8344967501;Package;8344967501;;"Самарская обл., Самара";;"Запчасти и аксессуары";"Двигатель Geely Monjaro JLH-4G20TDB
Местоположение: Самарская обл., Самара";;"Двигатель Geely Monjaro JLH-4G20TDB";207000;;;;;;new;;;;;;18.10_26;active;;
8460899357;Package;8460899357;;"Республика Крым, Симферополь, Киевская ул., 146В";;"Запчасти и аксессуары";"Двигатель Great Wall Wingle GW4D20D
Местоположение: Республика Крым, Симферополь, Киевская ул., 146В";;"Двигатель Great Wall Wingle GW4D20D";196200;;;;;;new;;;;;;18.10_26;active;;
8424879306;Package;8424879306;;"Свердловская обл., Екатеринбург, Ветеринарная ул., 9";;"Запчасти и аксессуары";"Двигатель Mitsubishi L200 4D56U
Местоположение: Свердловская обл., Екатеринбург, Ветеринарная ул., 9";;"Двигатель Mitsubishi L200 4D56U";234000;;;;;;new;;;;;;18.10_26;active;;
8421802367;Package;8421802367;;"Тюменская обл., г.о. Тюмень, д. Ожогина, Садовая ул., 13";;"Запчасти и аксессуары";"Двигатель Great Wall Wingle GW4D20D
Местоположение: Тюменская обл., г.о. Тюмень, д. Ожогина, Садовая ул., 13";;"Двигатель Great Wall Wingle GW4D20D";196200;;;;;;new;;;;;;18.10_26;active;;
8421013039;Package;8421013039;;"Рязанская обл., Рязань, Почтовая ул.";;"Запчасти и аксессуары";"Двигатель Mitsubishi L200 4D56U
Местоположение: Рязанская обл., Рязань, Почтовая ул.";;"Двигатель Mitsubishi L200 4D56U";234000;;;;;;new;;;;;;18.10_26;active;;
8416492767;Package;8416492767;;"Республика Башкортостан, Уфа, Новосибирская ул., 2/1";;"Запчасти и аксессуары";"Двигатель Mitsubishi L200 4D56U
Местоположение: Республика Башкортостан, Уфа, Новосибирская ул., 2/1";;"Двигатель Mitsubishi L200 4D56U";234000;;;;;;new;;;;;;18.10_26;active;;
8416027649;Package;8416027649;;"Санкт-Петербург, Партизанская ул., 23к2";;"Запчасти и аксессуары";"Двигатель Mitsubishi L200 4D56U
Местоположение: Санкт-Петербург, Партизанская ул., 23к2";;"Двигатель Mitsubishi L200 4D56U";234000;;;;;;new;;;;;;18.10_26;active;;
8416000864;Package;8416000864;;"Новосибирская обл., Новосибирск, Красный пр-т";;"Запчасти и аксессуары";"Двигатель Great Wall GW491QE
Местоположение: Новосибирская обл., Новосибирск, Красный пр-т";;"Двигатель Great Wall GW491QE";94500;;;;;;new;;;;;;18.10_26;active;;
8394476229;Package;8394476229;;"Рязанская обл., Рязань, Почтовая ул.";;"Запчасти и аксессуары";"Двигатель Great Wall Wingle GW4D20D
Местоположение: Рязанская обл., Рязань, Почтовая ул.";;"Двигатель Great Wall Wingle GW4D20D";196200;;;;;;new;;;;;;18.10_26;active;;
8387677798;Package;8387677798;;"Кемеровская обл., Кемеровский г.о., Кемерово, Советский пр-т";;"Запчасти и аксессуары";"Двигатель Great Wall GW491QE
Местоположение: Кемеровская обл., Кемеровский г.о., Кемерово, Советский пр-т";;"Двигатель Great Wall GW491QE";94500;;;;;;new;;;;;;18.10_26;active;;
8387326027;Package;8387326027;;"Республика Татарстан (Татарстан), Казань, ул. Восстания, 100к8400";;"Запчасти и аксессуары";"Двигатель Mitsubishi L200 4D56U
Местоположение: Республика Татарстан (Татарстан), Казань, ул. Восстания, 100к8400";;"Двигатель Mitsubishi L200 4D56U";234000;;;;;;new;;;;;;18.10_26;active;;
8386362701;Package;8386362701;;"Кировская обл., Киров, Театральная пл.";;"Запчасти и аксессуары";"Двигатель Mitsubishi L200 4D56U
Местоположение: Кировская обл., Киров, Театральная пл.";;"Двигатель Mitsubishi L200 4D56U";234000;;;;;;new;;;;;;18.10_26;active;;
8386273156;Package;8386273156;;"Тюменская обл., Ханты-Мансийский АО — Югра, Сургут, ДПК Север, Межозёрная ул., 27";;"Запчасти и аксессуары";"Двигатель Mitsubishi L200 4D56U
Местоположение: Тюменская обл., Ханты-Мансийский АО — Югра, Сургут, ДПК Север, Межозёрная ул., 27";;"Двигатель Mitsubishi L200 4D56U";234000;;;;;;new;;;;;;18.10_26;active;;
8375124577;Package;8375124577;;"Волгоградская обл., Волгоград, ул. Пржевальского, 20";;"Запчасти и аксессуары";"Двигатель Mitsubishi L200 4D56U
Местоположение: Волгоградская обл., Волгоград, ул. Пржевальского, 20";;"Двигатель Mitsubishi L200 4D56U";234000;;;;;;new;;;;;;18.10_26;active;;
8374296349;Package;8374296349;;"Кировская обл., Киров, Театральная пл.";;"Запчасти и аксессуары";"Двигатель Great Wall GW491QE
Местоположение: Кировская обл., Киров, Театральная пл.";;"Двигатель Great Wall GW491QE";94500;;;;;;new;;;;;;18.10_26;active;;
8367651219;Package;8367651219;;"Нижегородская обл., Нижний Новгород, ГСК Лада, 226";;"Запчасти и аксессуары";"Двигатель Mitsubishi L200 4D56U
Местоположение: Нижегородская обл., Нижний Новгород, ГСК Лада, 226";;"Двигатель Mitsubishi L200 4D56U";234000;;;;;;new;;;;;;18.10_26;active;;
8367189010;Package;8367189010;;"Краснодарский край, Краснодар, Новороссийская ул., 57/6";;"Запчасти и аксессуары";"Двигатель Mitsubishi L200 4D56U
Местоположение: Краснодарский край, Краснодар, Новороссийская ул., 57/6";;"Двигатель Mitsubishi L200 4D56U";234000;;;;;;new;;;;;;18.10_26;active;;
8349478439;Package;8349478439;;"Челябинская обл., Сосновский муниципальный округ, пос. Красное Поле, Северный тракт, 18/4";;"Запчасти и аксессуары";"Двигатель Mitsubishi L200 4D56U
Местоположение: Челябинская обл., Сосновский муниципальный округ, пос. Красное Поле, Северный тракт, 18/4";;"Двигатель Mitsubishi L200 4D56U";234000;;;;;;new;;;;;;18.10_26;active;;
8344605008;Package;8344605008;;"Кировская обл., Киров, Театральная пл.";;"Запчасти и аксессуары";"Двигатель Great Wall Wingle GW4D20D
Местоположение: Кировская обл., Киров, Театральная пл.";;"Двигатель Great Wall Wingle GW4D20D";196200;;;;;;new;;;;;;18.10_26;active;;
8344485211;Package;8344485211;;"Воронежская обл., Воронеж, ул. Антонова-Овсеенко, 27";;"Запчасти и аксессуары";"Двигатель Great Wall GW491QE
Местоположение: Воронежская обл., Воронеж, ул. Антонова-Овсеенко, 27";;"Двигатель Great Wall GW491QE";94500;;;;;;new;;;;;;18.10_26;active;;
8341750517;Package;8341750517;;"Саратовская обл., Саратов, Ново-Астраханское ш., 52А";;"Запчасти и аксессуары";"Двигатель Mitsubishi L200 4D56U
Местоположение: Саратовская обл., Саратов, Ново-Астраханское ш., 52А";;"Двигатель Mitsubishi L200 4D56U";234000;;;;;;new;;;;;;18.10_26;active;;
8327565450;Package;8327565450;;"Удмуртская Республика, Ижевск, Воткинское ш., 202В";;"Запчасти и аксессуары";"Двигатель Mitsubishi L200 4D56U
Местоположение: Удмуртская Республика, Ижевск, Воткинское ш., 202В";;"Двигатель Mitsubishi L200 4D56U";234000;;;;;;new;;;;;;18.10_26;active;;
8324208568;Package;8324208568;;"Саратовская обл., Саратов, Ново-Астраханское ш., 52А";;"Запчасти и аксессуары";"Двигатель Great Wall Wingle GW4D20D
Местоположение: Саратовская обл., Саратов, Ново-Астраханское ш., 52А";;"Двигатель Great Wall Wingle GW4D20D";196200;;;;;;new;;;;;;18.10_26;active;;
8324135990;Package;8324135990;;"Астраханская обл., Астрахань, пл. имени Ленина";;"Запчасти и аксессуары";"Двигатель Great Wall GW491QE
Местоположение: Астраханская обл., Астрахань, пл. имени Ленина";;"Двигатель Great Wall GW491QE";94500;;;;;;new;;;;;;18.10_26;active;;
8314713901;Package;8314713901;;"Москва, Сормовский пр., 11с1";;"Запчасти и аксессуары";"Двигатель Mitsubishi L200 4D56U
Местоположение: Москва, Сормовский пр., 11с1";;"Двигатель Mitsubishi L200 4D56U";234000;;;;;;new;;;;;;18.10_26;active;;
8305784617;Package;8305784617;;"Чувашская Республика — Чувашия, г.о. Чебоксары, Ленинский район, пл. Республики";;"Запчасти и аксессуары";"Двигатель Mitsubishi L200 4D56U
Местоположение: Чувашская Республика — Чувашия, г.о. Чебоксары, Ленинский район, пл. Республики";;"Двигатель Mitsubishi L200 4D56U";234000;;;;;;new;;;;;;18.10_26;active;;
8304296008;Package;8304296008;;"Ростовская обл., Ростов-на-Дону, ул. Нансена, 103Ис129";;"Запчасти и аксессуары";"Двигатель Great Wall Wingle GW4D20D
Местоположение: Ростовская обл., Ростов-на-Дону, ул. Нансена, 103Ис129";;"Двигатель Great Wall Wingle GW4D20D";196200;;;;;;new;;;;;;18.10_26;active;;
8302462251;Package;8302462251;;"Свердловская обл., Екатеринбург, Ветеринарная ул., 9";;"Запчасти и аксессуары";"Двигатель Great Wall Wingle GW4D20D
Местоположение: Свердловская обл., Екатеринбург, Ветеринарная ул., 9";;"Двигатель Great Wall Wingle GW4D20D";196200;;;;;;new;;;;;;18.10_26;active;;
8276569091;Package;8276569091;;"Ростовская обл., Ростов-на-Дону, ул. Нансена, 103Ис129";;"Запчасти и аксессуары";"Двигатель Mitsubishi L200 4D56U
Местоположение: Ростовская обл., Ростов-на-Дону, ул. Нансена, 103Ис129";;"Двигатель Mitsubishi L200 4D56U";234000;;;;;;new;;;;;;18.10_26;active;;
8274486409;Package;8274486409;;"Ульяновская обл., Ульяновск, Профсоюзная ул., 64А";;"Запчасти и аксессуары";"Двигатель Great Wall Wingle GW4D20D
Местоположение: Ульяновская обл., Ульяновск, Профсоюзная ул., 64А";;"Двигатель Great Wall Wingle GW4D20D";196200;;;;;;new;;;;;;18.10_26;active;;
8268359962;Package;8268359962;;"Пермский край, Пермь, Маршрутная ул., 19";;"Запчасти и аксессуары";"Двигатель Great Wall GW491QE
Местоположение: Пермский край, Пермь, Маршрутная ул., 19";;"Двигатель Great Wall GW491QE";94500;;;;;;new;;;;;;18.10_26;active;;
8251188631;Package;8251188631;;"Волгоградская обл., Волгоград, ул. Пржевальского, 20";;"Запчасти и аксессуары";"Двигатель Great Wall Wingle GW4D20D
Местоположение: Волгоградская обл., Волгоград, ул. Пржевальского, 20";;"Двигатель Great Wall Wingle GW4D20D";196200;;;;;;new;;;;;;18.10_26;active;;
8416710649;Package;8416710649;;"Чувашская Республика — Чувашия, г.о. Чебоксары, Ленинский район, пл. Республики";;"Запчасти и аксессуары";"Двигатель Mitsubishi Lancer 4A92
Местоположение: Чувашская Республика — Чувашия, г.о. Чебоксары, Ленинский район, пл. Республики";;"Двигатель Mitsubishi Lancer 4A92";96300;;;;;;new;;;;;;18.10_26;active;;
8387209695;Package;8387209695;;"Республика Татарстан (Татарстан), Казань, ул. Восстания, 100к8400";;"Запчасти и аксессуары";"Двигатель JAC A5 HFC4GB2.4E
Местоположение: Республика Татарстан (Татарстан), Казань, ул. Восстания, 100к8400";;"Двигатель JAC A5 HFC4GB2.4E";139500;;;;;;new;;;;;;18.10_26;active;;
8373846117;Package;8373846117;;"Волгоградская обл., Волгоград, ул. Пржевальского, 20";;"Запчасти и аксессуары";"Двигатель JAC A5 HFC4GB2.4E
Местоположение: Волгоградская обл., Волгоград, ул. Пржевальского, 20";;"Двигатель JAC A5 HFC4GB2.4E";139500;;;;;;new;;;;;;18.10_26;active;;
8268515435;Package;8268515435;;"Пензенская обл., Пенза, пл. Ленина";;"Запчасти и аксессуары";"Двигатель JAC A5 HFC4GB2.4E
Местоположение: Пензенская обл., Пенза, пл. Ленина";;"Двигатель JAC A5 HFC4GB2.4E";139500;;;;;;new;;;;;;18.10_26;active;;
8448613026;Package;8448613026;;"Свердловская обл., Екатеринбург, Ветеринарная ул., 9";;"Запчасти и аксессуары";"Двигатель Haval Jolion GW4G15K
Местоположение: Свердловская обл., Екатеринбург, Ветеринарная ул., 9";;"Двигатель Haval Jolion GW4G15K";133200;;;;;;new;;;;;;18.10_26;active;;
8394861087;Package;8394861087;;"Тюменская обл., Ханты-Мансийский АО — Югра, Сургут, ДПК Север, Межозёрная ул., 27";;"Запчасти и аксессуары";"Двигатель Haval Jolion GW4G15K
Местоположение: Тюменская обл., Ханты-Мансийский АО — Югра, Сургут, ДПК Север, Межозёрная ул., 27";;"Двигатель Haval Jolion GW4G15K";133200;;;;;;new;;;;;;18.10_26;active;;
8394254554;Package;8394254554;;"Рязанская обл., Рязань, Почтовая ул.";;"Запчасти и аксессуары";"Двигатель Haval Jolion GW4G15K
Местоположение: Рязанская обл., Рязань, Почтовая ул.";;"Двигатель Haval Jolion GW4G15K";133200;;;;;;new;;;;;;18.10_26;active;;
8373948896;Package;8373948896;;"Удмуртская Республика, Ижевск, Воткинское ш., 202В";;"Запчасти и аксессуары";"Двигатель Haval Jolion GW4G15K
Местоположение: Удмуртская Республика, Ижевск, Воткинское ш., 202В";;"Двигатель Haval Jolion GW4G15K";133200;;;;;;new;;;;;;18.10_26;active;;
8367387986;Package;8367387986;;"Санкт-Петербург, Партизанская ул., 23к2";;"Запчасти и аксессуары";"Двигатель Haval Jolion GW4G15K
Местоположение: Санкт-Петербург, Партизанская ул., 23к2";;"Двигатель Haval Jolion GW4G15K";133200;;;;;;new;;;;;;18.10_26;active;;
8349364948;Package;8349364948;;"Москва, Сормовский пр., 11с1";;"Запчасти и аксессуары";"Двигатель Haval Jolion GW4G15K
Местоположение: Москва, Сормовский пр., 11с1";;"Двигатель Haval Jolion GW4G15K";133200;;;;;;new;;;;;;18.10_26;active;;
8324137036;Package;8324137036;;"Кировская обл., Киров, Театральная пл.";;"Запчасти и аксессуары";"Двигатель Great Wall Hover 4G63S4M
Местоположение: Кировская обл., Киров, Театральная пл.";;"Двигатель Great Wall Hover 4G63S4M";130500;;;;;;new;;;;;;18.10_26;active;;
8274775239;Package;8274775239;;"Воронежская обл., Воронеж, ул. Антонова-Овсеенко, 27";;"Запчасти и аксессуары";"Двигатель Great Wall Hover 4G63S4M
Местоположение: Воронежская обл., Воронеж, ул. Антонова-Овсеенко, 27";;"Двигатель Great Wall Hover 4G63S4M";130500;;;;;;new;;;;;;18.10_26;active;;
8273923674;Package;8273923674;;"Республика Крым, Симферополь, Киевская ул., 146В";;"Запчасти и аксессуары";"Двигатель Haval Jolion GW4G15K
Местоположение: Республика Крым, Симферополь, Киевская ул., 146В";;"Двигатель Haval Jolion GW4G15K";133200;;;;;;new;;;;;;18.10_26;active;;
8268502251;Package;8268502251;;"Волгоградская обл., Волгоград, ул. Пржевальского, 20";;"Запчасти и аксессуары";"Двигатель Great Wall Hover 4G63S4M
Местоположение: Волгоградская обл., Волгоград, ул. Пржевальского, 20";;"Двигатель Great Wall Hover 4G63S4M";130500;;;;;;new;;;;;;18.10_26;active;;
8421052272;Package;8421052272;;"Краснодарский край, Краснодар, Новороссийская ул., 57/6";;"Запчасти и аксессуары";"Двигатель Great Wall Hover 4G63S4M
Местоположение: Краснодарский край, Краснодар, Новороссийская ул., 57/6";;"Двигатель Great Wall Hover 4G63S4M";130500;;;;;;new;;;;;;18.10_26;active;;
8252106952;Package;8252106952;;"Красноярский край, Красноярск, ул. Маерчака, 49А";;"Запчасти и аксессуары";"Двигатель Great Wall Hover 4G63S4M
Местоположение: Красноярский край, Красноярск, ул. Маерчака, 49А";;"Двигатель Great Wall Hover 4G63S4M";130500;;;;;;new;;;;;;18.10_26;active;;
